000001FC553D
0000023BC823
FFFFFF6E38D7
FFFFFF1A751B
FFFFFD27C2DA
FFFFFCE31050
FFFFFD6659F9
FFFFFDBD8077
FFFFFE9CE0EE
FFFFFF5FF563
FFFFFF64F195
FFFFFF2EF58B
FFFFFEC5827D
FFFFFE024215
FFFFFCB443D9
FFFFFB8247CF
FFFFFB5ED8C2
FFFFFBAD8528
FFFFFBABE861
FFFFFCE96656
FFFFFDA410C0
FFFFFBEEBB65
FFFFFC10ECE6
FFFFFE198DEB
FFFFFDBB2D2D
FFFFFD0C91E5
FFFFFD5BD305
FFFFFB9121F1
FFFFFA871D8C
FFFFF71E2DC5
FFFFFA0CCA28
FFFFFE4D0EA9
000005136995
000006E7765B
000002FAEFF6
0000035EA4F0
0000011FD13D
00000026D65D
000000441B69
00000058E77D
00000168ACDE
000002EEDA64
00000408AD6C
000004F73F01
000004D57630
000003C0CB86
0000028729D2
000001BDD255
0000016B72B8
00000115B5B7
000000BDE1B6
000001F69C50
0000027CFACB
000000484588
FFFFFFF11723
000001DC7901
000002B6A047
0000045F3946
000004897A1D
FFFFFFC7B0EC
FFFFFDCAF19F
FFFFF99F8DF1
FFFFFCBC28B9
000000A6C1ED
00000248A7F5
000004F04C4A
000001B800AD
000001D1DB8D
FFFFFF9C77B5
FFFFFEBD8AF2
FFFFFE64ECF9
FFFFFE0C63F3
FFFFFE5E7518
FFFFFF2325AC
00000023FC29
000001AA43FB
000001A72390
000000AC1DD3
000000E8E635
000001C27FE6
0000018977D3
0000002CF078
FFFFFF124B3E
FFFFFFEAFDFA
00000035B57E
FFFFFF332F6F
FFFFFF5FD057
FFFFFF6D763C
000000053D65
000003FF9824
00000428B7B5
FFFFFE97F444
FFFFFE9D6B60
FFFFFA0D7BB3
FFFFFC2E75C6
FFFFFFB16FE7
000001C2F591
00000425C4B1
0000012F1107
00000079222C
00000028EF11
000000D1DBE7
000001330799
0000010F2646
000000671357
FFFFFF601EA0
FFFFFEE81467
FFFFFFDF8A43
FFFFFF5CFF63
FFFFFE2D1DF6
FFFFFF591603
000001D97C12
00000273126B
0000014764F7
000000A3A2CF
000000F188E8
0000002D78D3
0000005A23BA
00000110354D
FFFFFF0E8595
FFFFFEB90EBE
000003377AF2
000002CBA000
FFFFFED4F828
0000006DF7E8
FFFFFA2540B7
FFFFF9FC7226
FFFFFDFC3B48
000000E0A680
00000504E2C9
0000022DFB37
00000211467E
000002E29A4F
000003D3DCEE
00000385B3C0
00000292FB82
000000ECDB63
FFFFFEDAAED0
FFFFFDD4645D
FFFFFEC618D3
FFFFFE63977D
FFFFFD5AB3B7
FFFFFF802650
000002A2EA76
000002B29C67
0000012A6F13
000001376366
00000166EFCD
000000BBA38D
000001AC1731
000001822402
FFFFFDC61DE6
FFFFFD711AE7
000001FBD688
0000015F0916
FFFFFFB1CCD6
000003E21DEE
FFFFFB925261
FFFFFAC0BE85
FFFFFE20B0B9
0000015230AA
000004DB5BEB
000001A5286C
000002A401DB
00000456E099
00000555B86D
0000048ED83F
000003660471
0000023DFEDE
000000F63E29
000000813961
000001232BF7
000000639BA2
FFFFFF0839F3
000000C3E8EE
000002FF0C76
000001B16475
00000026F9BE
0000011B706C
000001EC196D
000001D9AE80
0000026579AA
00000207447A
FFFFFF986D3A
FFFFFF467FE3
000001425E44
FFFFFFC3AB55
FFFFFF760CCD
00000446A513
FFFFFB523D6F
FFFFFCE95E2C
0000007C8059
000001B29B93
00000451CAA9
0000008F3EEF
000001590C3E
000002A1B9B6
00000393337E
00000307CE38
000002C47FC4
000002EDCE6B
00000303D7B7
0000032746AF
0000034A5CCE
000002444AED
000000D17A3A
000001303BB0
000001C6CA73
FFFFFFAD1458
FFFFFE88745F
0000003E1954
0000016EF5BF
0000017B97D4
000001D00548
0000025E9423
000002946A59
000002329E0B
00000095AB12
FFFFFEC32926
000000BDE611
0000046B76AD
FFFFFA951B2A
FFFFFEE8DCB3
0000022E137B
000001EA3F89
00000440C2CB
000000F7A9EA
00000124DA98
0000012E02ED
000001CE005C
00000106A4E1
00000099F322
000000F5BBBE
0000011512B5
0000016E79A0
000001DD5C99
00000247CAF2
0000027659DD
0000024EC384
0000014EA026
FFFFFEA156C6
FFFFFD802BEA
FFFFFF1F9C17
FFFFFFA21399
FFFFFE9B8964
FFFFFE313F29
FFFFFFB8E801
000002884148
0000033FD081
00000070DDAD
FFFFFF729122
000002BEB148
00000492A78E
FFFFF8E2AB7B
FFFFFE44045F
00000144B94F
000001E86A3F
0000039FA092
00000100794F
0000012B18BF
000000B6B9B1
00000144C5B9
000000F1C58D
0000006146E5
0000004BB46A
FFFFFFB0D182
FFFFFF38EF21
FFFFFF228147
0000006B82B5
0000022C4443
000002EE43CD
000001FE2CA1
FFFFFFF474FA
FFFFFE7ED91B
FFFFFEE8AEFD
FFFFFF003564
FFFFFD74B8AD
FFFFFBF862DC
FFFFFD88960C
0000017E8E5D
000002CEC798
0000008651D3
000001016EFD
0000033BC5CF
000002F61BF5
FFFFF7CFE79B
FFFFFDCBBA0E
FFFFFFEE7806
000001BA5DB8
0000029A1D61
FFFFFFDFA99C
00000043EE50
000000120F84
000000AF379E
000001BCC882
000002B84E0B
000003100618
000001CE9381
FFFFFFB0D58F
FFFFFD33514E
FFFFFCBDA7CC
FFFFFE43E4B5
FFFFFFE8DB5D
00000161B24D
000002502B02
0000014F1EE2
000000842FF7
000000ED8A6A
FFFFFFA30D9F
FFFFFD2E0BDF
FFFFFD804700
FFFFFFF0AF87
000000421043
FFFFFFA5AED6
000001E5C996
00000307F9DB
000001AA058F
FFFFF9819CAF
FFFFFFCA445D
FFFFFFB0B65F
0000014D4A16
0000028167CE
FFFFFFAB52ED
000000259C08
0000003DF870
000000C98CF6
0000023AC965
0000041923B4
000004CF6B47
000003AD5C9A
000001210C38
FFFFFD1BD246
FFFFFAA52D79
FFFFFB87AF58
FFFFFDBFFABD
000000CBC411
000003FD9852
000003CB0438
000002E696DA
00000333AF16
000001A09480
FFFFFEB4601A
FFFFFDDAA00B
FFFFFDE4D5DE
FFFFFD54459C
FFFFFEAFC3B0
0000016E1D30
00000249BA3A
0000028B6F29
FFFFFC8BB8F7
0000020AD090
FFFFFFDB4560
00000128141D
00000392549F
000000BF9C0C
0000006E3727
FFFFFFFEA80B
000000651850
00000145756E
0000025783AB
000003629E49
0000046A2612
00000449B4BD
0000010A832D
FFFFFD9C1008
FFFFFC7AD428
FFFFFD03F690
FFFFFF15FCF2
000001F30F25
000003323E7A
000003DA112F
000003DB619D
00000205A197
00000045760B
FFFFFF8FB0C1
FFFFFE1CECB0
FFFFFD42AAE6
FFFFFED6EF32
FFFFFFC735B4
000000337110
0000031E1DDE
FFFFFDA83637
000002D80762
0000005D4814
000001CD539E
0000051B281A
000001E9CA7E
000000D5B69C
FFFFFF56C67E
FFFFFEEB93B2
FFFFFF199C29
FFFFFFAAD7C7
0000010BB772
0000044DC604
000006BF536D
000005B86B4C
00000304AF47
FFFFFF54203C
FFFFFC258B7D
FFFFFC010F87
FFFFFD4CD095
FFFFFFB6D210
000002A46126
000002E91B16
000001B1EA8A
0000021D1FB9
000001D39E4F
FFFFFEF6EF53
FFFFFDCDA6C2
FFFFFEC263ED
FFFFFE3A0419
FFFFFE88EEA0
000001C7BB00
FFFFFD117839
000002A31DC4
000000968861
00000236AABE
0000061D5D8D
00000286EF8D
000001F04AEB
000000B02BC5
FFFFFF5F0C00
FFFFFE7EBA1A
FFFFFE91F424
FFFFFF1E3DE8
0000013B568A
000003AC7527
000005FDA700
0000075EB3D6
0000040E04CA
FFFFFF5141D8
FFFFFCA9ECA9
FFFFFB22F3A9
FFFFFD51AC98
00000122C39F
000001931828
000001721409
000003251CFC
000002783F6A
FFFFFEC5F70F
FFFFFD4A225F
FFFFFDD2D7E7
FFFFFD56A4CE
FFFFFDF3480C
FFFFFF78C2DB
FFFFFC0BAEE4
0000015868E6
FFFFFF5D7635
000001F6B9E0
0000062EB88F
0000027E72F6
00000295843F
000002060D61
000000BF33AF
FFFFFF5EF24C
FFFFFEF62112
FFFFFE9F1ADF
FFFFFE2F6D6B
FFFFFEE7DB1E
000003C4F8C9
00000833BF0E
000006A5D4A1
0000038A530E
FFFFFFC1488A
FFFFFC642EE6
FFFFFE3F9DC7
000000D52D3E
000000C4C776
000001AF42B2
000003209C16
00000191373C
FFFFFE913C02
FFFFFDC0F05F
FFFFFD914AE2
FFFFFD3F413F
FFFFFE31C515
FFFFFE7A977A
FFFFFB298BB3
FFFFFFE6E93C
FFFFFE49727F
000001B3CB96
000005AAEB8B
0000021215F0
000002787955
000001C34788
000000A05405
00000055C661
000000DF2044
000000554F57
FFFFFDBB0219
FFFFFCD21B91
000000ECC33B
00000436A646
00000499058E
0000051812A2
0000021ED15B
FFFFFF882182
000001028B64
00000100B93E
0000005EDB77
000001D69010
000002519A49
000000A6C4BE
FFFFFFC4D54E
FFFFFFFC714C
FFFFFF15BF7A
FFFFFEC1F6CD
FFFFFFF6FD28
FFFFFFADD58B
FFFFFA56681E
FFFFFE9698D8
FFFFFE45F927
00000193E91F
000004D3A350
0000016CC884
000002C90D0D
0000023DF93D
00000057596C
0000009CAB7A
000002D0B720
000001E8495D
FFFFFD8EB34D
FFFFFC8762B4
FFFFFED88FF8
FFFFFF82D21C
000002A7997D
0000060433A2
0000032ECF2A
000001BCF76E
0000027E924B
0000003166F0
FFFFFF9876AD
0000014469BE
000001A835A4
0000019D25B8
0000026B212A
000002387219
00000018502F
FFFFFFAAD773
00000138954A
000000A6BD39
FFFFF92A2B62
FFFFFD982C67
FFFFFEF1D570
0000015CFC46
000003D71AE5
000000C82892
000003494BE1
0000036149BC
00000097AAF8
0000004742EC
000002BDE48F
00000193508B
FFFFFE45CB53
FFFFFEECBECE
FFFFFEB9E88A
FFFFFCB6DBE2
000001295C00
0000047EDF5F
000000EFCB8C
000000F814A0
0000025B2CDE
00000045D0B4
0000001D907D
000000EF9E1D
00000189CBAA
000002CEE8F3
00000364407F
000001B31A8C
FFFFFEA4F918
FFFFFE79F87A
000000FC350B
0000012918BF
FFFFF942B866
FFFFFEAAFCF4
0000008D020F
0000015688FB
000003125CC0
0000005A6FDB
0000035AA238
000003C10AED
000001086F3B
00000080F50E
000001A13C88
000000796EE8
000000976EA8
0000023B9150
FFFFFE80A54D
FFFFFB564F5F
FFFFFFCAE91D
000000EF38DD
FFFFFDFD1941
00000039B935
0000025C0FA1
000001719F46
000001A3354F
0000015241B5
0000015310FD
000002474DFE
0000021E29A8
FFFFFFFA8F37
FFFFFCFBC796
FFFFFD53BBB5
0000008486FF
000001C16A8B
FFFFFA4E48D9
0000008A1F53
000001D3A97C
000001655069
00000295571E
FFFFFFD03F8D
0000026E2C94
000003045C36
0000023D8228
00000207434F
00000040BF56
FFFFFEAFC7F1
00000210CB1B
00000389CC10
FFFFFE2CC2EF
FFFFFCFF33D5
000000D9BE9E
FFFFFF3A6D0A
FFFFFD5EA832
0000003C0F51
000000E61C1E
FFFFFFB52CB5
0000007123DB
000000E11832
000000B8588A
000001376FEB
000001FA8A40
000000F52BFA
FFFFFE2CC91B
FFFFFDDB74DA
FFFFFFB48476
000000634394
FFFFF9E742C5
000001150C2E
000001C4F480
00000163F23C
000002660EF6
FFFFFF507F90
000000BCA7FE
0000019BFB9B
000003BD4F28
000003E38060
FFFFFF1D5CA3
FFFFFDA9104E
000002DBDB24
000003226072
FFFFFE53BE6C
FFFFFFEEEB1F
000002930070
FFFFFF68567D
FFFFFE758070
000000646530
FFFFFF074CBB
FFFFFD0846A1
FFFFFE1D0BAF
000000110B08
0000003D5215
00000074C8D4
000002724C03
00000315B520
000001032922
0000000B5981
FFFFFFB46FC8
FFFFFE81DA64
FFFFF8D40B7C
00000028FF31
0000005BEAA7
0000014B1FC7
000002A0DBC1
FFFFFF73544D
FFFFFF6F1D42
FFFFFFE56CDC
000003FF61FE
000004CCF9F3
FFFFFFACC2F8
FFFFFEE21F36
00000295EB44
000000D65E2B
FFFFFE591221
00000183D14B
00000239EA53
FFFFFFD01DD0
0000010C1B23
00000238C50F
FFFFFF7EF4A3
FFFFFD843A40
FFFFFEC0F5A3
0000000B4FF6
FFFFFF6E7217
FFFFFF028765
000000918C92
000001D82DFD
0000021DB776
000002816EC2
00000178F701
FFFFFF100B92
FFFFF9A67C6C
FFFFFF4E7A60
FFFFFEDE2482
000000DEA13A
0000031B4F44
00000065CF31
FFFFFF24148D
FFFFFEE91D20
000003586DA8
00000489A286
000000E90405
0000008EAE65
00000103BC08
FFFFFE5F2234
FFFFFF4EE1EC
00000253DC61
0000004FF658
FFFFFF4F0CB5
00000388CC4D
00000467CF7C
000000768358
FFFFFF66C909
00000134ACA7
000000446F3B
FFFFFE29C051
FFFFFDFAFC2E
FFFFFED59C9B
FFFFFF65F022
0000015F2C60
000002EAE663
0000012F1B33
FFFFFF1E0EB0
FFFFFADE3091
FFFFFF8706BC
FFFFFEB57F67
000000675E52
000003E46CA9
000001527BF8
FFFFFFD6124E
FFFFFF34CE5C
0000026304E9
0000033EBB5F
00000246293B
0000026367C7
FFFFFFDAE21C
FFFFFDB06926
000001334C31
000002A73A3A
FFFFFE3B759D
FFFFFE4370F4
0000040AD89D
000004475BC7
000000143511
000000B10103
000002D3C79F
000000CBD84F
FFFFFED150E4
FFFFFFE8DA48
0000005E55D4
FFFFFF78839D
000000DFB34F
0000012CD965
FFFFFE7A060D
FFFFFDC33426
FFFFFB291442
0000001DA51D
FFFFFF78B40C
000000ED9B52
00000551AD1E
00000188DEA1
0000002448F0
FFFFFF3308E8
00000093E2CC
0000013A27EF
0000037B7C4B
0000044E33BB
FFFFFF7CEEDA
FFFFFE191303
0000029EAE9B
000001FAC9B1
FFFFFCBA3C0E
FFFFFE51E2CC
0000040FA7A9
000002DE0E0F
FFFFFF2506F8
0000013946F7
000002E6D166
000000CBD6CE
000000AACD93
00000290868B
0000018F5C0E
FFFFFF842A9C
00000008CDA7
FFFFFF1906CD
FFFFFD3CB536
FFFFFEC5A96D
FFFFFC1C80C5
0000006B1634
FFFFFFF6A413
00000254428E
000006BE4C4B
000000E4D8CB
0000002D4667
FFFFFF4191CA
FFFFFF3D729F
FFFFFF9FD95D
000003AA9303
000004F65084
00000025644D
FFFFFFCFC59B
00000366FB20
00000115575E
FFFFFD0FDA82
FFFFFFED1DCA
000003EF5DCF
000001D2EBC6
FFFFFFCB45EA
00000225D126
000002239245
FFFFFFD4C6AD
000001151E6A
000002F39E2A
0000013E02B0
FFFFFF7FF60B
FFFFFF9F7650
FFFFFE49CCB2
FFFFFE254CA7
00000116DFE0
FFFFFCB6B7A8
FFFFFFFD5E3B
FFFFFFF4608A
00000306B6C6
000006905BFF
FFFFFF78E590
000000055B73
FFFFFF970D3B
FFFFFEAD82F7
FFFFFEE283C7
00000347EDB6
0000047DEF3E
00000139AB5F
000001EF851C
0000037ABA39
000000A77C25
FFFFFF07A0E4
0000018F44A9
000002915977
000000D91E0A
0000016FCC74
0000033A6ABC
00000166AC4C
FFFFFF7CF2E8
000000A2BD0C
00000101469C
000000272601
000000449415
00000032B52C
FFFFFFC7F11A
00000087F356
000001DE98D6
FFFFFBC70214
FFFFFF2870FB
FFFFFFC8A01A
0000035C254A
000005DBAC82
FFFFFEA79C9D
FFFFFFE3EB3A
FFFFFFB416E3
FFFFFE49EDC0
FFFFFE789452
000001E4BA93
00000286BDE5
00000187DCDF
000002EF2F67
000002C5948D
0000009B0610
000000FD8769
0000026BC182
00000119B0A7
0000000C3707
0000024A7452
000003B101EA
000001D49D0B
000000F187B2
000000CBC344
FFFFFED5C1BC
FFFFFEC1C07D
FFFFFFD6CFEF
FFFFFFC6241F
000001281D00
0000026734C7
00000161F340
FFFFFAF202BB
FFFFFEE152DA
FFFFFFB25CB8
0000044A19D2
0000060B5EC4
FFFFFF810D8C
0000013AFD98
0000008BE010
FFFFFEE11796
FFFFFED0431D
00000046A274
0000006B7451
000001F1D5EA
00000397DD6F
000001E69C24
000000C7BAED
0000024DD690
0000025A0977
0000005B6D27
0000001E9E99
0000024E1FC0
00000316F718
000002559189
0000022FB652
000001351455
FFFFFF6424AF
000000143647
000000634DF1
FFFFFF8D71F0
000001424F9C
000002632E75
00000158F732
FFFFFBA4F4B4
FFFFFFAC8E0B
FFFFFF58CC44
0000035C2649
000005774236
0000013C0770
000002966202
0000011C26B4
FFFFFFB7ADC2
FFFFFF786BB1
FFFFFEF4F2D7
FFFFFE4E2280
000000C5F91E
00000231D5BD
00000018D28E
FFFFFFEE7EC8
000001881AAB
000000A3413D
FFFFFEFEB7D3
FFFFFF670CC8
000000A1DC3E
000000B6680B
000000C9C2E4
0000009F5030
FFFFFFA25640
FFFFFF966475
00000122BCF2
00000161AF8C
00000025D4F8
0000002B5113
0000004A1EA5
000000E7E193
FFFFFD4C5DD2
000002183B8A
FFFFFF79BCA8
000005B7FEC8
000007B6FD83
0000060249FB
000007406870
0000060922AB
0000056EB54E
00000529D407
00000396E50C
0000027EAE2F
0000046AECC2
000005124988
0000038AD2F9
000003BD49D2
0000049FC086
000003FD4BC3
0000033AF714
00000355AF8F
0000036D9656
00000371CEB9
0000043810C9
00000438CC37
00000410DB91
000004FD75CB
0000057C5A0E
0000057D2BDC
0000050C6220
0000045438FF
0000042ABDD0
0000042A751F
00000237686E
000005ED1D5D
000000C5A1B4
000002B4BEDB
000003A08CA0
00000279883C
00000270BBBD
000001538D7B
0000011D687C
000000C8DAFD
FFFFFF53D1E8
FFFFFEE2A2E5
FFFFFFED7491
FFFFFFEEDA50
FFFFFF687658
FFFFFFCB4993
FFFFFFD36AA1
FFFFFFAF99C9
FFFFFFB3684C
FFFFFFB53FF0
FFFFFF604EE7
FFFFFF75B1B6
00000054DBBE
00000063FF08
000000F4A8DF
00000222F3B4
00000154C89C
000000B286F7
000000FA131D
0000005CA08D
00000019D25B
000000CB7068
FFFFFFBD727A
000001EE67A8
FFFFFD264BCE
FFFFFBB19053
FFFFFFABE942
000003F90347
000004587E4F
0000051AE5D1
000004D5F5D2
000003EAC477
00000366A713
0000030F1CF8
000003686154
000003B66654
00000402EA26
0000044F4CA2
0000044A21A9
000003CD17CE
000003650CE6
0000037577DD
0000036B5DEF
00000302AAF5
000002BEFEEF
000002844153
000001A4C096
000000B831E1
000001633FE6
0000026E8A30
000002273CAD
000001D322C1
0000015F2750
000000850E8D
00000069E349
0000005FA28D
0000026A9872
FFFFFBA9E013
FFFFFEC620DF
000002FEE388
000000C1DFE4
FFFFFFC4EFF9
FFFFFE539FBB
FFFFFCFCA396
FFFFFCF38892
FFFFFD627FF7
FFFFFE6F971E
FFFFFF6962A6
00000081FD1A
00000169F243
000000BBF565
FFFFFF70427C
FFFFFF35514D
FFFFFFD3487F
FFFFFF7F144A
FFFFFEB9470B
FFFFFEE2FE9F
FFFFFF3CDF38
FFFFFEC38163
FFFFFE899DAE
FFFFFF586BFF
0000000242B8
000001820DE8
000003464EB8
00000106EA8D
FFFFFDA82076
FFFFFE7151C9
FFFFFFFD2BBE
000001F6500B
FFFFF9EEC7DD
FFFFFCFB7BDF
FFFFFFDB97A9
FFFFFD5D240A
FFFFFBD0B9A0
FFFFFA857393
FFFFFA21C562
FFFFFAC574F1
FFFFFB5C233F
FFFFFBDAAC37
FFFFFC4DB392
FFFFFD1C08DD
FFFFFDE226E8
FFFFFCA37733
FFFFFAA6E65F
FFFFFB72E5DD
FFFFFD7981F3
FFFFFDAD5524
FFFFFCFEFC16
FFFFFCACB39E
FFFFFC603D74
FFFFFC346364
FFFFFCD30310
FFFFFDCDE69E
FFFFFDF9A61D
FFFFFFEC0668
00000260917A
FFFFFEFBF2C9
FFFFFA41BB99
FFFFFCD66CC6
FFFFFF23233B
000000DDF0CC
FFFFFA0E6D88
FFFFFEF7CBFB
000002449598
0000002AB334
FFFFFE80CD8C
FFFFFEB72CB4
FFFFFFA72DDA
0000006C22F2
000000A7D14A
00000039007F
FFFFFFD0A83F
FFFFFFBB9002
FFFFFFDDA3D5
FFFFFE9C8CD1
FFFFFD34EE50
FFFFFF2BC0FF
000001C396DE
000001CE693E
0000013365E2
0000007ABB31
FFFFFFE70358
0000003471EE
0000009C1D27
000000BB4B63
000000C8FD25
000001FFBB74
000002CF30F9
FFFFFF68F0E6
FFFFFCA7F54B
FFFFFE9E77AE
FFFFFE0B1C08
FFFFFF99A685
FFFFF9B67708
FFFFFF1CCF41
000002ACDC31
00000053DB39
FFFFFF81BBBF
000001318664
000002FC8858
000002F7C3C5
000002687302
000001AF29CF
0000011FCE48
000000CE19CD
0000008746C3
FFFFFF7DF9B2
FFFFFEE8CE39
0000016638F8
000003DDA62C
0000031B9026
000001B3067A
00000159B5D1
000001AF1B8B
0000025D8F1C
00000207FB92
0000016D2506
0000022300FD
000002830F44
000001372FB3
FFFFFEEE9AB7
FFFFFEADE864
FFFFFF53AAFB
FFFFFCE3F9EC
000000001A29
FFFFFA3198FC
FFFFFF3550E9
000002688906
000000402E27
FFFFFFDBC14D
00000170F38A
000002CFA396
0000020B4826
000000F3952C
000000BCC452
0000010B49E6
000001737BD5
0000016D9D02
000000FD66D5
000000C5919D
000002D6B911
000004A03E53
000002B48C84
000000478D89
000001115852
000002EA93BE
000002D14A81
0000013118E5
00000116508D
000002F1331C
00000256EB3A
FFFFFF98B9F4
FFFFFECBF679
FFFFFFCF2A79
FFFFFFE502CC
FFFFFD1FE8B2
000000CF2B14
FFFFFACC76C7
FFFFFF51A82D
0000025409FE
000000D8767D
000000C908D2
000000FEDAAA
000001418067
0000001722A5
FFFFFEA40935
FFFFFEE8409C
0000002241E3
00000113000A
000001B3A466
000002001FDF
0000028514BA
000003A45E56
000003FD26B5
0000014EDF03
FFFFFEEF308C
000000BAB25D
000003224619
00000181B060
FFFFFEE2A5AE
000000B83FB0
000004130F2A
000002AF1F4E
FFFFFF981BF5
FFFFFF529BDF
00000036DC80
00000051F0A0
FFFFFD61D126
0000006367E6
FFFFFB6CCFEE
FFFFFFC2871C
000002D3ACD2
00000173803E
000001547D45
000000AC73BF
00000009B053
FFFFFEB22670
FFFFFD59751C
FFFFFDF3D85B
FFFFFF584A79
00000029EB29
000000E9E833
000001DF55B8
000002F5E031
000002AA3CD5
0000012A895F
FFFFFEAE600C
FFFFFCCCB34D
FFFFFDFF892F
FFFFFFBEBC02
FFFFFE3077BD
FFFFFC46BFF5
FFFFFF15EAC8
0000028A3FBA
000001692D31
FFFFFFDE3EFD
FFFFFFB5DE41
FFFFFFE4DF66
FFFFFF4995FB
FFFFFC11A167
FFFFFEA696D7
FFFFFB384F54
FFFFFFA2380A
000002994CB8
000000DBEE62
000000BD3718
000000B26664
00000041BEA6
FFFFFF7442A4
FFFFFF26B400
FFFFFFA919C4
FFFFFFD1CDE4
FFFFFFAE3226
FFFFFFEB7422
000000F95210
00000211D886
00000146252A
FFFFFFF4A727
FFFFFEF17C4E
FFFFFDD2910A
FFFFFDB500BE
FFFFFE9CD58B
FFFFFE2F9FFD
FFFFFD473232
FFFFFEB92CF6
0000002A44E9
000000139BB9
000000D55F23
000000C084F7
0000002D560E
FFFFFEC06E23
FFFFFADD906D
FFFFFE4E81B5
FFFFF9DDD2C4
FFFFFE46520C
00000140CA27
FFFFFFB43DF6
FFFFFFC543B9
00000044F700
0000006F0916
000000DF534C
000001946535
0000015784DD
0000003A4688
FFFFFFA46545
FFFFFF88DB2D
FFFFFF8C344A
FFFFFFBE290B
000000272BF8
0000011FDDBE
00000171FD07
0000010B453B
0000012CFE62
000001E199E5
000001C5EEAF
00000172248E
000001A78719
0000010E657B
0000014E04D9
000002BA0EB8
000001FCE9EF
000000F5BEB1
0000000B7A6A
FFFFFC3E932F
0000006FB9B0
FFFFF91ACC72
FFFFFDB36044
00000119F22B
FFFFFFEEF582
FFFFFFB6A6C1
FFFFFF97D3B6
FFFFFFD4987F
00000127080C
0000020B51EC
00000151B36F
000000D45168
000000D9790F
0000006F0DD8
FFFFFF2643EC
FFFFFDF7615A
FFFFFFE6B4E5
000002898EC0
0000023DCDE0
0000017CEA58
000002AF362D
0000035D8418
000002D941A0
000002EDDCA5
0000032F4C1E
00000259E7DB
000002605594
000002D4DA9D
00000145E6DB
00000077827D
000000C35868
FFFFFE668444
000001DC5BCB
FFFFF90DBF0D
FFFFFE3D739E
0000023D0FAE
000000D7F03A
FFFFFFEF0C96
FFFFFFA810CC
00000048F9FC
000000F62E5A
000000B55512
0000009046ED
00000134F066
000000EFCBF5
000000923F31
FFFFFFD63F55
FFFFFEA08C72
0000006E9982
0000028AE399
000000F92EA6
FFFFFF361684
0000001A6555
000000A5FF18
FFFFFFCA4069
FFFFFFC8BF19
000000BB7490
0000018A5B56
000001FB65C2
0000021EA3BA
0000010CB5F3
0000008A3888
000000E33AB1
FFFFFF006EA8
000001269889
FFFFF8D518E5
FFFFFEC712D7
000003635156
00000147C1A5
FFFFFFF16AEB
00000079DB4F
00000182F95D
00000062B34F
FFFFFEB970D4
FFFFFFA6CCD2
0000007EF8F9
FFFFFFD041B5
0000008EFAB8
0000016F8DD5
000001064BD6
000000F29727
000000F3AEAC
FFFFFFC0AA20
FFFFFEA7F45E
FFFFFEC6E9E7
FFFFFECE5CF6
FFFFFE4ED7BF
FFFFFE354D5D
FFFFFF0B4D1A
0000008906FF
000001277809
000001AEF1AA
000001B0BC8D
000001426C31
0000013148CE
FFFFFE513344
000000199E88
FFFFF88FC8E3
FFFFFECD2435
000003CA4CCF
00000127331F
FFFFFF7CB2FC
0000001620E4
000001356F78
00000037B745
FFFFFF719128
000000AA1388
0000008759DD
0000002454CE
000001278F85
0000018DE60D
0000017B76D2
0000002B2DFE
FFFFFEC7EB32
FFFFFF929392
0000011F8948
000001271885
000000572499
00000075ADBE
00000067978B
FFFFFF83EA0D
FFFFFF170105
FFFFFF05AA5B
FFFFFFA0E8EC
000000238AFF
000000A226EE
000001314984
FFFFFD338929
FFFFFF9462A8
FFFFF8BB5B61
FFFFFEBE1677
00000375A670
000000AFD8EB
FFFFFF129D95
FFFFFEEDBCF8
FFFFFF62A40B
000000A85A41
000002C305DB
00000245729A
FFFFFFBD7C3C
0000002F91CF
00000123514F
0000007A6A4F
000000743A17
FFFFFF418686
FFFFFE1C5FD1
00000030BEDC
000002D0819A
000002AD1234
000001B7DDA7
000001F3745B
00000174F31C
FFFFFFA7743F
FFFFFE6718C3
FFFFFEBA158D
FFFFFF488712
FFFFFFC4A640
0000014648DA
000001EDF205
FFFFFC5BCC93
FFFFFF28BAF5
FFFFF9C2805A
FFFFFF3F253D
0000030E8B10
000000B674E7
0000003707EC
FFFFFF082ECF
FFFFFD6F6DD0
0000001CE362
000004773EC7
000002465630
FFFFFE583A18
0000004F15A9
0000029AA018
000001FCFFF6
000001306DCD
0000006977C2
00000037B9ED
0000019076FE
0000029DF612
0000025491A9
000001C92081
000000E4FB34
FFFFFF7D4AB7
FFFFFF641AC8
0000003CCFF3
000001697485
000001F3559D
000002AA0BF9
000004768C13
000003545B99
FFFFFC0E0973
FFFFFEFA7BFB
FFFFFA7AC756
FFFFFF66C7ED
0000029A8497
00000107C5AD
000001901377
FFFFFFAA0F1D
FFFFFCB7E007
FFFFFF435FB1
0000037F5A47
000001A066F2
FFFFFF24FE15
00000139A361
0000031EC900
000002BB79CD
000001A7E1D9
0000011CDDA9
000001365F3D
0000018A5935
0000022A4CE8
00000257385A
00000194EB60
FFFFFF6DD8E4
FFFFFDC77F27
FFFFFF848327
000001B15482
000002087063
000002410A0B
000003BB0167
000005F32D2C
0000035E3495
FFFFFB9012A5
FFFFFF047CB9
FFFFFA2B7291
FFFFFF13FC02
000002656439
0000012D78F8
000001702DCC
00000004BC1A
FFFFFE6C1CB0
FFFFFFCCDED6
000001162485
0000006B13C0
000001027C67
0000016623D0
0000008BD405
0000012DA975
000001E68071
000000D09298
FFFFFF376A24
0000000991CC
000002AC4655
0000031E54A8
000001D94B25
0000008417F6
FFFFFFA21BF4
000000444078
000000D07839
FFFFFF97C37B
FFFFFF079642
0000007D5B2C
000003219AE9
000000F1019D
FFFFFA5C3801
FFFFFEB8EF10
FFFFF9AD51B9
FFFFFEF3C316
00000277FFF4
0000011B5C31
0000009D9F98
00000070C737
000000F5D4A4
000000769AE8
FFFFFE693116
FFFFFF42FDB6
000002929FC8
000001A2A27E
FFFFFF037A87
000000D5ABFC
000003502B2B
000000DBC32C
FFFFFCF504FE
FFFFFF0668E4
0000034713C8
000002C0BE0F
0000011BC78E
000001D41F64
000002217C3F
0000010F1AD4
000000101B65
FFFFFEED2AA1
FFFFFDEAAD73
FFFFFEAD329F
000000FF66AB
FFFFFF815D36
FFFFFADB9F9B
FFFFFF0C0D0B
FFFFF9CED003
FFFFFF19630E
000002B63566
00000117E195
00000025D9FD
00000084E1A2
000001CFF9F4
0000004FB9A4
FFFFFD8B3F42
FFFFFF9F7E8D
000003506526
00000187BC0E
FFFFFEBA0864
000000E6C507
000003D502D1
0000012ACF8C
FFFFFD203D17
FFFFFF4288CC
0000025A0A5D
000000602BCE
FFFFFEAF8D09
FFFFFFFAE1C6
000000DD150A
00000061D029
00000021A4CA
000000395C6A
00000040DADA
0000014EE07E
000002A7E6C9
000000EC8B70
FFFFFD057A18
0000000ADD2E
FFFFFA181615
FFFFFEF858C8
0000029ED522
000000F25279
00000019C38B
0000009ECD20
000001A8AAE4
000000569428
FFFFFE93EE46
00000081B94D
0000028A0C0A
0000006EFE90
FFFFFE78CCE9
00000088F9B3
0000030A4C8C
000001A8D20E
FFFFFFC8DC3F
000000A201D4
000000DAD7CE
FFFFFF3FFC34
FFFFFECB5A15
FFFFFEDD4BA3
FFFFFE61838C
FFFFFF364634
000000515B36
000001094E62
000002632C71
000004029EFC
0000045A8AF6
0000020A259A
FFFFFD8EAC7D
FFFFFFECC11F
FFFFF908C6CA
FFFFFD95D9D0
0000013C31EF
00000003C9A9
0000001074A4
000000A1067C
000000B3A6D5
FFFFFFF06483
FFFFFFE70867
000000E30255
000000A7B7E3
FFFFFFAB18A2
FFFFFFE0A0EF
000000FB862B
0000010B6969
000000E4AECB
000002072473
00000164F107
FFFFFEED871D
FFFFFF77F782
000001C9A72A
0000005E8A89
FFFFFD9759DA
FFFFFEAAD508
0000007B8D5D
000001463DD6
0000029187A7
0000036D9108
0000039F9B4B
0000017B10BF
FFFFFC83D8BF
FFFFFF3F4775
FFFFF77B3781
FFFFFCBD6D2A
000000EADEAB
0000002F1B10
000000BF85CD
000000E68969
FFFFFFFCDAA1
FFFFFFD6E50F
0000010AC9D4
000000ADA2EA
FFFFFEDB006B
FFFFFFBA29B1
0000022E1EAD
0000017859F5
FFFFFEC3B297
FFFFFF968CEB
000002C71A29
0000011B79CC
FFFFFD50136B
FFFFFF89B130
000003970FB9
000001E33D7D
FFFFFE9F768C
FFFFFF48A360
000000CB1D44
000001B19AC3
00000235E463
000001667AAF
00000158FECD
0000002C7B12
FFFFFBAA0022
FFFFFF6E71D7
FFFFF5DBB63A
FFFFFD0A783E
00000293D544
000001920702
000001B0C197
0000019C30FC
000000A10577
000000989CC4
00000185C6A6
0000002659E4
FFFFFDC56E27
FFFFFF9B15DD
000002AA307E
000000BAB12C
FFFFFDB3978F
FFFFFF3BD533
000001D4C8C8
FFFFFF9CB302
FFFFFC7E543D
FFFFFE9785C0
000001972B04
000000E68AF6
000000140A5C
000001142390
000001ED859C
000002DA605B
000002B6732E
000000871EE1
FFFFFF6C955B
FFFFFF38C27E
FFFFFBCB1F0E
FFFFFFDC157F
FFFFF545E03A
FFFFFDE0E904
000004442642
0000020AAD38
0000016B8A54
000001615C35
000000E56680
0000010042D5
0000012BE9BB
FFFFFF958222
FFFFFE196D2C
FFFFFFC0775A
000001DECB21
000000235149
FFFFFE851A9D
000000195FED
000001022FF6
FFFFFF149153
FFFFFD5CF403
FFFFFE052DEF
FFFFFED3F902
FFFFFF3BA751
000000A862F3
0000022E555E
0000031C41CA
000002FFF7A0
000001B6C0C9
FFFFFFC7783F
FFFFFF25A63A
FFFFFFAF79AF
FFFFFD081718
00000012D40B
FFFFF6E4793E
FFFFFF360A4C
0000052EC329
000001C947CF
000000A8F6F6
000000B13A48
000000F76FEE
0000015816BA
000000D27B86
FFFFFFB6870C
FFFFFF918B4A
000000726931
000000C24FDF
FFFFFFEAD1F4
0000003D6F05
0000015DD068
000001087910
FFFFFFE50EB7
FFFFFF8B0FD5
FFFFFFE58D3B
000000231164
000000D30795
000001AD3CA3
0000026BADB1
000003549C77
000001CC52D1
FFFFFF7AE9D7
FFFFFFAD1408
0000013F1048
0000016E31C8
FFFFFE13A622
00000016BDCF
FFFFF92A6726
FFFFFFC8B555
000004747531
000000C5DE31
000000049D78
0000002CA76B
000000FB591E
0000016F26C5
0000005A983B
FFFFFFEBB6F2
000000C3901F
000000C4AF61
FFFFFFCACCA5
000000090FD8
000001634657
000001A61757
000000A753A1
00000017FD9B
000000488977
0000015DE6A8
0000027ABC88
0000029632E1
000001B8A63D
0000016C4640
000001AD56EE
00000020595C
FFFFFE866294
0000009BE6EC
0000036CB7DF
0000022029B2
FFFFFD3E7500
FFFFFF83BC23
FFFFFAA5A603
FFFFFF740107
000002B529DF
FFFFFF99EF20
FFFFFF6AEB20
FFFFFFACBDF5
0000008CFB6D
000000EEF2D6
0000004F51E2
000000614EDA
00000130581A
000001371D45
000000B4110E
0000013E2ED1
00000229C718
00000237B41E
000001D3453E
0000011F7DF4
00000042DDD9
000001A0920B
000003945209
000002B732F3
000000F179DC
0000005AFC0D
FFFFFFD198CF
FFFFFF557A52
FFFFFF4D1BD3
000000E4E535
000002F3DAE8
0000011BBC6A
FFFFFBCE15E6
FFFFFF034B00
FFFFF49F794E
FFFFF84E337B
FFFFF94F32E3
FFFFF5F117BF
FFFFF5A996C8
FFFFF5B659DF
FFFFF6513BAD
FFFFF6A10906
FFFFF6A6B116
FFFFF6C37DEB
FFFFF705452A
FFFFF7DA7695
FFFFF8BA253B
FFFFF8E33A01
FFFFF8BEC599
FFFFF943CDE9
FFFFFA227DEE
FFFFF9400073
FFFFF79A5628
FFFFF8DF7C0E
FFFFFA9DA927
FFFFF8FDF7FC
FFFFF7827CEE
FFFFF7302B04
FFFFF6947380
FFFFF6ECB6CD
FFFFF767DBEC
FFFFF710B2C1
FFFFF9206B4A
FFFFF8A939AD
FFFFF705F68B
FFFFFB72F566
0000005E9651
00000559C657
00000838F98E
000006F617D3
0000071C71C7
0000074CA37E
000007981D2D
000007751BE0
00000788D14B
0000071F54EC
0000060726CC
0000066DE94C
00000772F741
000006921814
000005573B50
000005BD4518
000006ABA7D6
000005CEF824
0000046C56E3
0000055B6151
000006A97FC5
000005F70038
000005916CDE
000005E08C17
000005E1EF73
000006B26106
000007BAA1DA
000006EA0059
000005D31C48
00000471B4C0
000002C26689
0000035CD311
FFFFFF808CDB
0000030A2517
0000058350CF
000004620414
000004C2881C
000004EFC89D
00000526F1E8
0000053BB1CE
000005CA05A7
0000057F2A51
0000043247A4
00000472D13F
000005654BCC
000004AB09AF
00000359DDC0
0000036CA2AD
000004540A34
00000424F0D0
0000039D8CB5
000003DCBF8A
000003F2FF4B
000003AC9EF3
000003AEE07C
0000041F1D40
000004592E0C
000004A4E23F
000005559DB3
000004F2D74A
000004064E77
0000043EFB09
0000045DD41F
0000037F698B
FFFFFFAEEC47
000000E5ECDA
00000202B64E
000000C176BE
00000067F00D
000000301B79
FFFFFFFF39D1
000000113988
000000A0B6F4
00000093C61C
FFFFFFE3D99E
0000001E4D34
00000095EEC7
0000006F2FA4
FFFFFFEE8597
FFFFFFE3005C
000000344346
000000516305
000000913130
00000086F829
00000034D67A
0000006DC3EF
000000742096
000000912DC0
000000E24CBB
0000006D0932
0000001CD184
000000579FB1
000000598D82
0000003BCEBB
000000A1024B
FFFFFF93E21B
FFFFF9A692F7
FFFFF9EB041E
FFFFF9F967B9
FFFFF9749484
FFFFFA229553
FFFFFA7BCB91
FFFFFA8327D5
FFFFFA1E31C5
FFFFF992FE9D
FFFFF95B6D10
FFFFF8DDE824
FFFFF867071D
FFFFF89A1E6E
FFFFF8CDFA4F
FFFFF8FC3AC9
FFFFF94E3EDB
FFFFF9E5BB9E
FFFFFA1576D9
FFFFF9B2603D
FFFFFA188FCE
FFFFFABB6DD6
FFFFF9DFEC97
FFFFF9A61695
FFFFFAB5FBEA
FFFFFA43DB81
FFFFF968634C
FFFFFAD85B55
FFFFFB16FE24
FFFFFAFEF637
FFFFFCC70239
FFFFFE4A6B25
FFFFFF2669A2
FFFFFD70EBA5
FFFFFE9D2609
FFFFFED1244A
FFFFFE62FD3A
FFFFFDB858FC
FFFFFD7D55D6
FFFFFD8449F9
FFFFFD7310FD
FFFFFD49004B
FFFFFD83646B
FFFFFD4DCC0D
FFFFFD38A61A
FFFFFDFD9495
FFFFFE360975
FFFFFDD66535
FFFFFDEBFCE1
FFFFFE8D3169
FFFFFE1FCFB9
FFFFFCBD0623
FFFFFD24B726
FFFFFE336DE7
FFFFFD80ED3F
FFFFFDD090EA
FFFFFEF574DE
FFFFFD20E5E6
FFFFFC477633
FFFFFF1A0E44
FFFFFECCAF07
FFFFFE258BA7
FFFFFEF7CB67
0000009DDB92
00000093FE4B
FFFFFD7F7E37
FFFFFCDB6EB1
FFFFFDEE00C5
FFFFFE0B691D
FFFFFDF3F7FA
FFFFFE249FBF
FFFFFDE7DC38
FFFFFD97FBE5
FFFFFD9A97F3
FFFFFDA11293
FFFFFCEBFC81
FFFFFCA2EBB7
FFFFFCE9401A
FFFFFC9FF977
FFFFFBC1C019
FFFFFBE49659
FFFFFD610330
FFFFFD916E5A
FFFFFD07A890
FFFFFD741B5B
FFFFFC461E4B
FFFFFA99098A
FFFFFC56181D
FFFFFE355CD8
FFFFFC7E338F
FFFFFC46B697
FFFFFD5A7E6B
FFFFFAF83810
FFFFFB47E50B
FFFFFCEE94DA
FFFFFF8FC411
FFFFFFBBF516
FFFFFA04CAA6
FFFFF6F73E23
FFFFF6A82D23
FFFFF5F8B20C
FFFFF60889C2
FFFFF712C3B6
FFFFF6F8FE76
FFFFF659557D
FFFFF68CD869
FFFFF6697145
FFFFF5382A96
FFFFF4700F32
FFFFF3BC2671
FFFFF2CD47D7
FFFFF1D47CAD
FFFFF20F76F4
FFFFF3D92FF4
FFFFF4BCA47A
FFFFF56DCD1C
FFFFF67B0D1A
FFFFF4A520F5
FFFFF2C5FE69
FFFFF4F55E55
FFFFF6898ACF
FFFFF589ED96
FFFFF65D12A3
FFFFF5DE0AD7
FFFFF2DB6774
FFFFF4B08BEE
FFFFF5305E8E
FFFFF9214249
FFFFFC6C42CD
000000FC9A20
000000192D94
FFFFFF78E464
FFFFFDBAB3B3
FFFFFD14A330
FFFFFDFF0FFE
FFFFFEA28968
FFFFFE90BD33
FFFFFF36CDF6
FFFFFFDD42CB
000000278458
000000C8780B
00000077E031
FFFFFFC26587
FFFFFF007A7B
FFFFFE8E9ADD
FFFFFE8A920D
FFFFFDC0112C
FFFFFDC3F196
FFFFFF2BD77D
FFFFFECA1749
FFFFFE826B53
FFFFFFE718BF
FFFFFF266E88
FFFFFE62E214
00000069F873
FFFFFEFBD1F3
FFFFFCAA9FCA
FFFFFF3493E6
FFFFFAD23201
FFFFFCB952B4
FFFFFF9ADB8D
0000011BA3B1
0000008171BF
000000046A6B
FFFFFEFC8CB0
FFFFFE3377CE
FFFFFE85AA34
FFFFFF7F77BC
FFFFFFDE722B
FFFFFFE8E1AD
FFFFFFEB8F64
0000006A0CF6
00000143C580
000000D3B3CD
0000004CA71B
0000007CFE89
0000002F2C03
FFFFFF2B83E6
FFFFFDF2E906
FFFFFDDE0705
FFFFFF38D3E1
FFFFFF599D53
FFFFFF453042
FFFFFFCE7F40
FFFFFEB3DA77
FFFFFEF99F20
0000008167AC
FFFFFD348543
FFFFFB8A4771
000000291C4C
FFFFF9B42DFF
FFFFFBE3095D
FFFFFE3DB734
00000180F661
000000ECFB0F
000000C8F2FC
000000CC1C40
00000005A418
FFFFFE71F3FE
FFFFFD5FCC29
FFFFFD363247
FFFFFD57B9AA
FFFFFDA726A0
FFFFFEBC901F
00000019F074
FFFFFFC73CFA
FFFFFF66831A
000000AD90C5
00000109BCDF
FFFFFFE01D89
FFFFFF05CE97
FFFFFF13CCC6
FFFFFFCB3738
FFFFFF8F6DDA
FFFFFEDBBAEE
FFFFFE60485D
FFFFFEBB9361
000001E74EDD
0000033B788C
FFFFFE520B21
FFFFFBEA9B54
FFFFFFB4582B
FFFFF7F9FBAC
FFFFFD2FE7B0
FFFFFED299CE
000001D99251
00000162D717
0000011A0D0D
0000010C8F7C
000000B78E35
FFFFFEE86A79
FFFFFC2882DC
FFFFFA9FE9BA
FFFFFADD32AA
FFFFFBB2ABF8
FFFFFD2ED60B
FFFFFF335C6C
FFFFFF167668
FFFFFEAB53DD
00000034B4DE
00000069A174
FFFFFF95351D
FFFFFFB261C0
FFFFFF77E5DD
FFFFFF24A31A
FFFFFF04FAEB
FFFFFE825B4D
FFFFFD37088A
FFFFFDB4E684
000002276F23
000004667B05
0000007DE4A7
FFFFFE2396A6
FFFFFF9CEB3A
FFFFF6174B84
FFFFFE0AE15F
000000AD15A9
000001CE100E
000001BE61DF
000001E402E9
000001D21F73
0000029676C5
00000376D666
000002E1894B
0000017095AB
0000009BCBA4
FFFFFFC80229
FFFFFFD03D9B
000000D90E21
0000005F20E8
0000002E4887
000001A4CEA1
0000019C3086
0000018BB391
000002DB60A1
0000033157E0
00000262E848
000001FD40BF
000001B98CD2
0000007ED52F
FFFFFF7F6381
00000066D03A
000002105FFC
0000023DBFAD
000002812E7A
000002934B9A
FFFFF68C9D05
FFFFFE090E6A
00000007F8DE
000001A09048
00000180C636
000002557698
0000025F235C
000002F970E2
000004B52764
00000640A8DA
0000069FA31D
00000564479D
000002F26284
000002300016
00000231FCAC
0000010E5B0E
000000D5C26C
000001F4F576
00000254F4C1
00000257775C
000003055D9D
0000044D05CA
000004CE0BB5
000003CFAC27
000002EE1B69
00000321A716
000002738949
000000722833
00000086E033
000002D80026
00000477AE20
000004CC5D9E
FFFFF7C3DC7D
FFFFFEAA1D34
FFFFFE00FAB1
000001CCA9D4
0000011DCC8F
000001E8856A
000001F81566
000001EFB0E6
000001D0DDE7
0000021E8062
000003A5AD8B
0000043DF7D8
000002EFEBD0
0000032E5260
00000351476E
0000023B6FCA
000001A728F4
000001775347
0000019F19C8
0000011D76FC
FFFFFF47A6B4
FFFFFF7BACED
000001761145
000001B69A43
000000E67B86
00000249832D
000003784D9E
0000021B60EB
0000017857FD
000001A3068A
00000131E781
00000337752C
FFFFF88419A0
0000018010E0
FFFFFF846F19
00000197E2B8
000000E06C22
000001654110
000001481D7D
000001E71711
000001C459CE
00000096871E
00000112AB40
000002BBA345
00000386CEF7
000003CC744E
000002D81A2A
0000029120B4
0000029DFB27
000001BECEC9
0000020CFB5B
000001D550CC
FFFFFF9F06BF
FFFFFEBFD413
FFFFFFF765F5
0000009A89F1
00000080BDF0
000002009034
00000363AD78
00000326884F
000002E340F2
0000016244DE
FFFFFF9EABB0
0000022D1D2F
FFFFF8E77F01
00000364223A
000001F866EB
000000E55C4F
000000BE89AB
0000016581BD
000000EAA866
000001F8C624
0000036DEB91
000002E7EFD2
00000119DE5A
FFFFFFE79D69
000000D2EFE0
0000015CFB9E
FFFFFFBE07E5
000000A12B61
0000020A0262
0000025237E4
00000356D262
00000251FF61
000000FEFA80
000001426C3C
0000005632D5
FFFFFE4BD7F6
FFFFFDFDF20D
FFFFFFE3DB20
000000C78E48
0000017987D4
000003796188
00000365E29D
0000028A08A7
000003B08E0D
FFFFF84D2B97
000001262481
000000318DAD
000000CBD6D7
000000E53D64
000001CC17A3
0000011B7870
00000187A432
00000341B069
0000040BE017
000002589620
FFFFFF1728D6
FFFFFE4B2B91
FFFFFF0152F3
FFFFFF0C5DBF
0000005E3F4A
000000C96D40
0000024B0943
000003EDC7F3
00000183CB75
000000B19E2A
000001D5A95F
FFFFFFDEEED2
FFFFFC88DC4F
FFFFFBDFAC9E
FFFFFD982E15
FFFFFDF9C653
FFFFFF8A851C
00000322FF5B
0000040826D2
000003FB0063
000004850AE3
FFFFF86A3723
FFFFFF4E136B
FFFFFDA9CB5A
000000EB78C3
000000679141
000000C199F6
FFFFFFDACC6B
0000001B73CE
0000017E8CCC
000003046231
000004A454E7
000004E9AC64
000002F8B7CF
FFFFFFCAB30A
FFFFFF87EA1F
0000006DA96E
FFFFFE27B166
FFFFFF74EFEB
0000023F3E90
00000168E33D
00000262279D
000003830143
000001D36D00
00000073491B
0000003133AD
FFFFFFAFD546
FFFFFE8F4847
FFFFFFCC5C68
0000028876AD
0000030ECF7A
0000036FFB9E
000004E0E917
FFFFFB3581D8
0000016C0A56
FFFFFF18819A
000001629C4A
0000004CDBF9
FFFFFFFEBD73
FFFFFF111BA2
FFFFFF7AC7FF
0000002E5EFC
0000012A0FE9
0000049CD04F
000008798C07
000007381FA4
000001D654F8
0000006B69FE
00000001AFC7
FFFFFCD6D285
FFFFFDFAAABD
0000006D0812
0000014425ED
000003E0005B
000004FE24FC
00000443E2CE
000004489FBB
000003A47B3A
00000185FFE8
FFFFFFE62F55
000000615A28
0000017FC5C7
000001D8C724
000002F5FAC8
000004F2F9F5
FFFFFD02339C
000002AFFE03
0000012F3B96
0000029BD2D5
000001E54F3D
000001378C3A
0000007A2E45
000000D908AC
00000019D0B7
FFFFFF434015
0000019B66F1
0000052EFE96
000005DFF92D
00000556B8B9
0000058EEBF4
0000022234F1
FFFFFE9EB4DF
FFFFFFAFF477
FFFFFFE3D51A
0000007EA427
0000034CC8BB
000003BA1CDF
0000036F1033
0000035C03E4
0000018094B3
FFFFFF34DD08
FFFFFEBDD8A7
FFFFFFA930F2
FFFFFFEC6949
FFFFFFBC85A0
0000014EB27D
000003B7D0F6
FFFFFBEA0A43
000000CFD1E3
000000D8A938
0000032A3595
000002FBE5ED
000002311EB4
000001C409EA
000001FA3694
0000005814B1
FFFFFF16D7CF
00000035499E
00000173532E
000002EE4976
0000072E510F
000008F46767
0000042CBBE3
0000017D5CB1
000001B05B67
FFFFFF6747F9
0000002E5B5F
0000032D9CDB
000002634EEE
000001908F58
000001AF11CA
0000007D6B8F
FFFFFEA52E33
FFFFFE026578
FFFFFF75E6B7
0000001FEA87
FFFFFF6EA284
00000091C42F
000002E6A274
FFFFFABEFF4C
FFFFFFC828E7
0000001BC200
000002B08A34
0000029846D9
0000027E1F04
000002AF6145
00000239B76A
000000627127
000000FCDFB8
000001DAFD40
FFFFFF69C6B9
FFFFFF8311DD
000004F38E09
0000071A4FB6
000005506216
0000068AC44D
00000532C7F2
FFFFFFDD91DE
FFFFFFB3582B
00000263BAA1
0000029D57F8
00000266A2D5
0000029CEFC3
00000368F473
000003173F68
000000DD0FE6
FFFFFFFFF282
FFFFFFE940C9
FFFFFFDDBD92
0000009F6E91
000001D2BF89
FFFFF92592B2
FFFFFFE224AD
00000024BCE7
0000023B07CF
000001DAB5C1
000002B4882A
000003B41B7E
00000249C7BB
000000289B6A
00000262F869
0000032E524E
FFFFFEDD6F94
FFFFFE2A2854
0000026C0DBA
0000038914A9
000004DF0118
000009275AA2
000006E81EDE
000000D0DCE0
FFFFFFDB7D64
0000010B81DC
00000278FF9B
00000403A483
000003BF2FDF
0000044F40E1
0000051680A3
0000035E0F55
0000005C1527
FFFFFDEED794
FFFFFECEE7AA
0000006E9704
000000D1C2A4
FFFFF7B544BC
00000008FCB7
00000011C00C
0000023C8B10
000001BA39E1
000002D33E1F
000004285465
0000023F5B0E
000000261A33
000002824304
000002D6055B
0000001E192C
0000009A342B
0000012037AA
FFFFFEE194AA
00000135108D
0000065648E0
00000522CA2A
000002B045F4
000003B6BBAD
000002EB69AC
000001FB3272
0000039103D8
0000038FC038
000002035441
00000165A9EA
00000272794E
000001F8387E
FFFFFF655A00
0000003A3A77
0000023042F4
0000024EEAF2
FFFFF8D9E734
0000009B9FA9
FFFFFF83DEA6
0000020A9A50
000001BC90C0
000002D8CE3C
000003FE4D68
00000264318A
0000010E14EE
00000251E236
00000185DD5A
0000016AB5AD
00000325BCCC
0000006B9F79
FFFFFCAE40BB
FFFFFFAA22F1
0000039CCB71
000002BD533C
0000036D25BC
0000062F93DD
0000041B8D0E
0000011DBD72
0000028CAA07
000003901E99
000001510EDD
FFFFFF3B240A
000001034FF9
000002E2EEEB
00000226E036
000002EC82D7
000003D98142
000003903313
FFFFFA8C546B
0000013ABCC0
FFFFFF58350A
000000F25E62
0000010BABD6
000002B2287C
0000036C0EFC
00000299C429
0000029D1C4D
0000024ED8B0
FFFFFFE322A0
00000167D910
000003EA3FFE
000000693E91
FFFFFE30DF2F
00000198A045
000001F879F9
FFFFFEB38DE6
FFFFFFBE3B24
000002B4D8B2
000000D99C0D
FFFFFF4DF23C
0000026098A5
00000438E705
0000031AFED3
00000207F924
000001E6D3C3
000000BB627B
FFFFFFD80415
000001BB54BD
0000023666E8
0000017E1532
FFFFFA232B38
00000140ED9A
FFFFFFA00F1D
FFFFFFE4AFFF
0000007DD6C4
00000265BFF5
0000026D028D
000002A416E2
0000040E8AFA
0000027AA6C5
FFFFFF5F2FDE
0000018FEEE2
000003832553
000000662DC6
FFFFFFEE71A1
000002BC700D
000000EECB9A
FFFFFCFCE9DE
FFFFFDEAE972
0000000B0700
FFFFFEA1C2E9
FFFFFEEBBCCE
000002612AD7
000003957037
000003DFA90B
000004CA241A
000003A99A08
FFFFFFECE3D9
FFFFFDE72233
FFFFFFD90024
0000004D48CA
FFFFFFDED871
FFFFF9830E8D
0000009E5D24
FFFFFF1B17B0
FFFFFF992535
0000002FF899
000001D75FBC
0000014F0DD9
0000023F35C0
00000474950F
00000282A961
FFFFFFFD58B2
000001FAD1D2
00000235BCA4
000000186DFB
00000159A700
0000030B583B
000001260E30
FFFFFFE3ED64
00000155C426
000000BB7CC8
FFFFFE66F3EA
FFFFFF71E567
000000EDB4BD
FFFFFF6568C8
000000578F9A
0000037BBFE5
000004086075
0000029E9467
00000193D4A2
000000FF3C36
0000005876EA
0000012C9D83
FFFFFACCF2E3
000000E6CF5A
FFFFFF609BC0
0000008B6B01
0000003968E9
0000018699E7
00000111A450
0000023F9925
00000439E196
0000026188A8
0000011A1852
000002261F16
000000D2A193
0000005BD430
000002630FA9
0000024F5E1D
000000EB385A
0000026E5E76
0000040AFFE9
0000012CC345
FFFFFE76C1C9
00000040F800
0000009A38EE
FFFFFD93908F
FFFFFE412C97
000001AC5345
000002FA1E4E
000003ED7A70
0000043524DC
000001C4D550
0000008732BF
0000022FFFF1
FFFFFB78BC27
00000115A6EC
00000070FC0C
00000200FC3B
0000007731BF
00000065B078
0000009496D5
000002584BAE
000003CB15F3
000002AA8AA8
000002BF5965
0000026B1829
FFFFFFF2210E
000000DF0DD2
000002848FD9
000000C7FBEB
FFFFFFFEBB37
000002F85CEB
0000044FC0E1
000001178C07
FFFFFFD1A470
00000247B4EA
000002D16C11
00000190CFF0
000001C5BA69
000001B4F45D
000000CFBF04
000001CC0F6A
000002C20597
000001B4CED0
000001C00D76
000002E4E771
FFFFFAC43516
FFFFFF96A27F
FFFFFFC72698
000002FD69E3
000000C3F30D
FFFFFF8D9A41
FFFFFFD5287B
00000199596E
000002D0739C
000002CDB195
00000411FE0A
000002A2620B
FFFFFFB92A1F
000001878C1B
000002E6C492
000000791135
FFFFFFF0349E
00000326D5E6
00000484DFF8
00000236822E
000001F7A536
0000039FB5B5
000003F78B7B
0000049CD51D
000004AC6B02
000001ED5A5F
FFFFFF855A81
000000199967
0000014DF951
000001D668F2
000002923B86
00000338060D
FFFFFAC390D4
FFFFFEFFFE2B
FFFFFED07069
000004876A4D
000001CD3C11
0000014CAB17
000002348C8D
0000026B4E05
000002CC9D44
000003E9266A
000005B46791
000003A0A362
0000011CD1AD
000002A1BB31
0000034D5D33
000001C37954
00000180112A
000003429EF1
00000479A1DC
000003BC74CC
000003D93087
00000405D698
00000394938F
0000049CB132
00000522745E
000003B723D9
000002C2358B
0000028709C9
00000252C3DB
0000024685FE
000001DAA5A6
000001F938C7
FFFFF96B6244
0000001F381D
00000053D7D8
0000041DF223
0000008E5FA3
000001D0A7EE
000002DCE62B
00000246CA52
0000022BDDFA
000003D7F3D8
000005CD8BD6
000004235FD6
000002867124
0000031047FB
000002B4A3F2
00000274E2A5
000002DA7903
000002EC5419
0000036C487F
000004170449
000004A06ECA
000003A2F4D1
000002567BB2
000002FDA724
000003BB4B72
00000422A3F4
000004C56A95
000003BFFF14
0000024948D8
0000020C2AFC
00000135A003
0000016A1D14
FFFFF8B560C2
000000B714AB
0000001B8D37
000004E06823
000000846A79
00000137549B
0000028BB74B
00000166D49E
00000157724E
0000032A4AB2
000004F308BD
000004AD6DF2
000004CCAC0D
000004C95F4A
00000390CD11
0000039B0324
0000044E493C
00000467DC33
000004BC7672
000005320209
000005E47086
000005A20654
0000043666AF
0000033EC9D8
000002F4DA66
0000038F136B
0000041CC13C
00000336AC3F
000001F37510
000001E680AE
000001F5EF3F
00000329EBD8
FFFFFA516E87
000002B117E6
0000001CB409
000004CD5F37
000000E871D9
000000309306
000000ACE2F7
FFFFFFB800A2
FFFFFF972C7D
000000E95E79
00000245BEBA
00000302DDCF
00000426B54F
00000413C102
000002C6CC43
0000028A94FB
00000300CCDF
000003A7442E
000004385DC0
000004082DA7
0000045D98DE
000005344F37
000004DD1F22
000003178B1B
000001F8DEB5
000002590AE4
000002539D8A
000001945B78
000000DAD31E
00000089AF04
000000D33793
0000021FB7EF
FFFFFA7132F5
0000017B4D15
FFFFFFA244BC
FFFFFF548565
0000011F50CC
0000001E4B01
00000011A70C
FFFFFDDA3639
FFFFFC7A2806
FFFFFBA2EE11
FFFFFBC7ADBA
FFFFFCCEE1E1
FFFFFDE8AC19
FFFFFF27A05B
00000031C9F6
000000C83214
000000C1C3DE
00000088B3CC
00000027B319
FFFFFF30D3A7
FFFFFE3B4FA7
FFFFFD8808FD
FFFFFD04781E
FFFFFD69AB49
FFFFFE9C0D63
FFFFFF747259
FFFFFEC88FF1
FFFFFDA8006C
FFFFFE31BF2E
FFFFFF5B14B3
FFFFFF93BE2C
FFFFFF156E5A
FFFFFDF5E641
FFFFFBC2A49C
FFFFF977B5BC
FFFFF91C21E4
FFFFF96DFA75
FFFFF7F19F80
FFFFF917F8E5
FFFFF7851C6B
FFFFF6E8AA4B
FFFFF6170B79
FFFFF5A669F1
FFFFF5F7D7D1
FFFFF64091F9
FFFFF6C92E1A
FFFFF6DEE40E
FFFFF6DB9026
FFFFF73E06A9
FFFFF81E36B6
FFFFF89A6E2F
FFFFF8649F95
FFFFF8B184B6
FFFFF8A7C61B
FFFFF7942678
FFFFF6F87B71
FFFFF7B2E030
FFFFF8FC3DAC
FFFFF98FFCA4
FFFFF9221F61
FFFFF826CED8
FFFFF7DFB58F
FFFFF982DBED
FFFFFC084001
FFFFFC341255
FFFFF99A6184
FFFFF829ED0C
FFFFFEA32FE7
FFFFFF879BC7
FFFFFE8891BA
FFFFFF5F7FC4
FFFFFEEF8769
FFFFFF72549E
FFFFFF9BE7D0
FFFFFFAAFD01
0000001EC63A
0000005ACD6F
0000004569E2
FFFFFFF7E89C
FFFFFFD9340C
000000DCEFCC
0000021B6523
0000022C368E
000001C88370
000002150FD6
000001ECAECD
00000102A7DA
0000003B1AAC
0000008CB1E6
000001C9396D
00000285C091
00000158F99D
FFFFFE8022AC
FFFFFD9646EF
0000014E87ED
000004959247
000002713A38
FFFFFE3261E2
FFFFFBB173DE
FFFFFFAE4FF3
0000009CD3CD
FFFFFF4E746F
FFFFFFB4383C
000000E5D521
0000022026D9
00000328A529
0000039BE197
00000387533F
0000031DA3BC
000001FD35E7
000000DA9048
000000733278
000001B1B740
0000035CFE77
000002F3E611
0000020F7B48
0000022B3DC3
00000249717E
0000025EC396
0000029092CF
0000024EB1BB
0000020A5A7A
000002423254
000000F6FDB3
FFFFFD621664
FFFFFC558DB3
000000B47E40
000004D477EB
000003176916
00000014218B
FFFFFDB5BB09
FFFFFF5DE8B5
FFFFFF40330B
FFFFFE788BF8
FFFFFF863057
000000BB7AD3
000001872923
000002030ED4
0000028CCE5E
000002E65889
000003091003
0000025A54F2
0000014AE2CD
000000DFDD06
000001E0C299
00000385429E
00000300954D
00000174AD41
0000010F5485
000001CB1576
000002D245FB
000002EB2FF6
000001D6396B
000001EE0E05
000003084432
000002374DD3
FFFFFF4A4CC7
FFFFFD4C6896
FFFFFE7C1804
00000232DB91
000004517726
000004331DBC
0000008EECA4
FFFFFF165AF2
FFFFFF06C2C4
FFFFFE02D617
FFFFFE4ECA15
FFFFFE60D67C
FFFFFE0CF899
FFFFFDFC2CE4
FFFFFED1DF4B
0000002189AE
000001A3034D
00000251291A
000002472470
00000233121B
00000296F216
00000332DFDA
000001F0A39A
FFFFFFE70FEF
FFFFFF4DA5BD
FFFFFFD8F0CD
000000BAD48A
000000D31C0F
00000067BC80
0000018E6BC9
000003410590
000002B08754
000001515EE1
0000000AA8DB
FFFFFE946BF6
000000116209
000003AF4120
000005A7CF59
00000337B1BE
FFFFFECFBF4B
FFFFFFD7BF42
FFFFFFA4620E
FFFFFF90638B
FFFFFF49D15B
FFFFFFAC6329
00000004D291
000000A0A79D
0000017AAFC7
000002348007
000002D9E91A
000003A88F4A
00000453C427
000004AF440F
00000490AABF
000003163691
000001326EB9
000000D28352
00000116798C
000000C0D777
000000B0A3E3
0000015D6B7C
0000025E9FED
0000020E6F28
00000156B2EA
000002AA5570
00000313B45B
000000FCFA24
000001553E66
00000320AA23
000003C325CC
000002F7BE26
FFFFFE82EAB4
0000002915CF
0000009B4717
000000ADD587
000000A835BE
000001DE1887
000002DAA4BC
00000388C6C8
000003B927C8
000002FE09F7
000002855E64
0000031F1634
000003E1A94A
0000042EA206
0000046ABD37
000004350ED0
00000368F4B7
0000034FAC34
0000034A2ED7
0000025E8C32
000002033549
000002D75A2B
000003081AEC
000000C879EB
FFFFFF8AD83F
00000269B025
000004ABC869
000003709864
000003C6BD1D
000003361672
00000180896A
000000DD5429
FFFFFE71709C
FFFFFFC009E3
FFFFFFE116B0
FFFFFFC19996
FFFFFFAF8121
0000005B7D72
000001582460
000002F6BCD6
00000468E319
0000046E9139
0000040E0F41
000003D5BFBB
000002FF976F
000001A4EFD4
0000017BFDFD
000002FDC5BB
0000039D22E7
000003437F24
000003491BF9
0000036934F7
0000035649BB
00000396DA6A
0000031852A3
000000A6EF13
FFFFFF117E6B
000000D4FF61
000002FBE429
000003494B85
00000474D4AC
0000042403A5
000003051F2A
000001FDBB7C
FFFFFE68BC0C
FFFFFF8844F3
FFFFFF89E3A3
FFFFFF449689
FFFFFF482FE5
FFFFFFB56592
00000063FF1D
0000022580BF
000004BA2CE2
000006974CC1
0000072E44BD
0000063EC258
000003BA92F4
000000AF54C2
FFFFFF846C7F
000001450E16
000002FDF3B0
00000378A7BE
000004BC6CE1
000005E074D8
0000059223DC
00000536AEFA
0000046A711D
0000024B759D
0000002D78A5
FFFFFF596091
FFFFFFB13ABF
0000012F3968
00000493D864
00000620A5EE
000005D6CF76
000004EA3E84
FFFFFEA10AF5
FFFFFFDECB26
00000034B259
FFFFFFCDF377
FFFFFF932BC9
000000417C6A
0000008F1FEC
0000007A01E9
00000226C8F3
0000053C44D5
00000717A697
000007121FE4
000005572064
00000295A776
0000004FF7C9
FFFFFFA9690C
00000058D49F
0000023A688A
000004EBD104
000005E8B97A
000004CAB8A6
000003FA023D
0000040C3128
0000039C66B6
0000017CEA37
FFFFFEF9BFF6
FFFFFE5DB830
000000105150
0000044CBCF4
0000056D30D3
0000042B3865
0000042C5FA3
FFFFFF7DE153
000000BDFCBC
000001235AC2
000000F14A9A
0000005A9EEA
000000801B0E
0000000780F1
FFFFFEBBFAED
FFFFFEFD73B3
0000017AD851
000004725971
0000071F9C22
0000087B1F4D
00000751BD02
000003AA528B
FFFFFF6506E6
FFFFFD513116
FFFFFE742FD5
0000015EB562
000002EEA147
000002B78F2A
00000233A60B
000002B71EDA
000003CA7CA5
000002B34A21
0000000C2369
FFFFFEF6102A
FFFFFFDE1503
00000272DFF8
000001F44F6C
00000091979F
0000020CB5CE
FFFFFFAF6BDF
00000095E9F3
00000072D957
0000011A6006
0000016AA840
00000146A3A5
0000007D2AE7
000000752D3A
0000009468D5
00000031E48F
00000187CD6B
00000527B8AD
0000088E6B54
000009878DD8
000006A2894E
00000214430F
FFFFFEBEEB04
FFFFFE6420A8
0000001A2732
00000286A54B
000004F7ED77
0000054111D7
000004542C2A
0000043F4A60
0000036DB9F0
000001968398
FFFFFFC9D67B
FFFFFFA5FFDE
000001A81E41
000000EABC25
000000487886
00000253EEFF
FFFFFF68C30D
FFFFFFCE576E
FFFFFF49342B
00000084F65C
000001A84A73
0000022CCF5A
00000204B340
0000033325A5
00000368EE9B
0000010B7A18
FFFFFFCCD9E5
000000F95D5F
000003AA0143
000006D11FFF
000007F7FB88
000006B4B9D2
000003ECF824
000001CAC7EE
0000010AEE29
0000030E826D
000006FB1655
000007BA5835
000005C430D3
0000047F85C6
000003988B7B
0000028C5A15
000000E1A51B
00000059FCDE
0000025BA7E0
000001A12C29
000000D5BFF2
000002541962
FFFFFFF5BA1F
0000002BAFAD
FFFFFFC04BB0
000000C26499
000001221853
000001D0F616
000002E39393
000003C04CA8
000002DD6D6E
000001EFCE9B
000001E22F74
0000009338E7
000000229315
000002F2CBB4
0000071DAC07
000009986DAA
000007AD73C0
000003669351
000000A6D1A0
00000193458D
0000041E40E0
000004842EBB
0000041839A7
0000046AB5C2
000004260EEB
00000359454C
000002585B03
0000016BE5F4
00000229383C
000000C82665
FFFFFFC0C055
0000008B5BD2
0000005B138A
000000BFB4E8
00000048ACBC
000000C2DCA7
00000085AAA4
0000019002D2
0000033DB450
000003130848
0000015B9AB9
000002C98CCA
000005388CF2
00000316BEB3
FFFFFFA13838
FFFFFF8107B0
00000340223B
000007E95949
000008A98420
0000050BFCD8
000001103DD4
FFFFFFF784EA
00000052550C
000000E817B7
000003288275
0000051D774C
00000552746A
000004C5CED6
0000040D1EA8
0000025DF12C
0000017531EF
0000001C42C9
FFFFFFA12F9D
FFFFFF98C785
FFFFFFB9C7BE
000000CCAEC2
0000004990B3
FFFFFFE87994
0000003EA3D5
000002B7193C
00000409DEB7
000002244CDB
000000A82994
000003591776
000005934F65
000003CD43D1
000001124AAF
FFFFFF73F3C0
0000002EC357
00000360D4D0
000006DB0FF1
000006FF69E5
00000379725E
0000008C003B
0000003E0B79
000002220012
000004C8808C
000005529CFE
000004D6BB17
000004C0E223
000003EDE7A1
000001A49309
000000342B72
FFFFFFF20E00
000000C36E76
0000003AC420
FFFFFF09A20D
0000008960FE
0000004F5E2F
FFFFFF7CC41B
FFFFFFFE333E
00000317ADB8
00000493B9F9
00000253C6AB
000000E7E63F
000002A9432E
0000039E51E0
000003CD27B7
00000433DB21
0000021BCAF3
FFFFFEC434EF
FFFFFEE20757
0000031B9C7B
000005FBE39F
000004821D0F
000002653C51
00000265412F
000004030E57
0000052060D6
0000041CA767
000003309AC0
00000341E55B
0000021F810F
FFFFFFEBBE05
FFFFFEE4453E
FFFFFFBAA2F6
0000019BD4C6
000001521E6D
FFFFFF225FE5
000000498251
0000002D1196
FFFFFF58C829
FFFFFFC7160A
000001F32AD0
000003D38974
000003EC9990
000002B94386
00000162082D
00000112A7E6
00000396E1DE
000005C6EE01
0000032EFEE3
FFFFFED34371
FFFFFECD8310
000002BFDE8D
00000451D41F
000002B01015
000001F46B6B
0000022B5BC5
00000294FD62
00000337E893
000004046760
000004CF7C62
000005134EC6
000003A8AB9A
000000F36B0D
FFFFFF90F97D
FFFFFFEADB4B
00000152A73A
0000019AD032
FFFFFF72A462
0000003E7B79
FFFFFFF6A48F
FFFFFF521E81
FFFFFF94DADA
0000008CEBA0
0000026F28F3
00000528F3CD
0000055AE833
0000019AC4F9
FFFFFF2DC752
000002274CEB
000005187069
000003D1E8C1
0000017FBB37
0000024B97B8
00000475FD2C
000003585BAF
000000B84389
000000097B7E
0000005346AF
000000B297C4
0000024BD530
000004CA61A5
00000712BB08
000008241BA1
0000073D05BC
0000040A6D24
00000141334A
FFFFFF8E78C5
FFFFFF6EFE23
00000088F181
FFFFFF1EAE57
FFFFFFFF60F9
FFFFFFE699E9
FFFFFFDF3EE2
FFFFFF90C2CB
FFFFFF5E02D0
00000136667C
000005555633
000006B353D5
0000029BBAB4
FFFFFF2365EA
0000010158D4
0000038E6596
000003478DCF
000002866130
000002B9BE2A
000002B6C263
000002053A98
000001BCAA75
000001940FCF
00000077D2A7
000000BAAF37
00000327CCA0
000004526DAF
000004B5725B
000005D2D4E7
000006925F41
00000504C524
0000025D95F0
FFFFFEFF1A78
FFFFFDB6DE36
FFFFFF8E42B3
FFFFFEBFA7E1
000000064D72
000000342373
000000C78431
0000004C4742
FFFFFF274147
00000061351A
00000446BFED
000006294E63
000003C33452
00000108FD91
000000FC4489
0000015013BE
0000015B92B4
000001D91055
0000017A085E
000000BE81D6
0000024608B2
0000051A6AD7
000005112E54
00000223D323
000001DEC45B
0000045D346F
000004270817
00000219D12C
0000018D3AF6
000002AD36F8
0000036DC0CA
000002D16FF9
FFFFFF8A8EB6
FFFFFD958B28
FFFFFF2E1FC2
FFFFFF20B7DF
000000B80D26
000000A8CC12
000001318BE7
00000126A6F2
0000000C7C9C
0000001B7567
0000022A2ABF
0000048965EE
00000526ACA2
000003CEDD52
0000013A5786
FFFFFFC11A73
0000016F66F5
0000034B3677
000001895E3E
FFFFFFF36795
000002F1EC21
000005F8FC83
0000046D3502
000001C8817C
000002A3D612
000004F927B3
00000569A5BA
00000478B0F5
0000024CA810
000000C83B46
0000016B2D90
00000290BE37
000000CF4986
FFFFFEFA8B05
FFFFFF35D3E5
000000A53CA5
000001D97C04
00000137D823
00000142A3AF
000001643111
000000D372A5
0000000AC85B
0000003C45A0
0000026E779C
000005A49F67
000005F8BF87
000002196DB6
FFFFFF653585
00000212D423
00000492F01D
000001DCA244
FFFFFF6DED04
000001F4D6AB
0000046EDE26
000002C96DFC
000001866BE6
000003439FFC
0000051D9CB3
00000689EBC5
000007564697
0000045227AB
0000000A4D40
FFFFFF537DB0
00000150550D
0000014FF13B
00000067BA38
00000003B139
00000256EBA6
0000026F21AE
00000115B4E8
00000134354E
000000F841C3
000000F96B38
0000002FA826
FFFFFF0C65D3
000000B81CAE
0000050E2FCA
000006D00228
00000332979A
FFFFFFE8C44F
000001EFABCB
000003FB159E
00000235EEB9
0000008F5D12
00000203D31D
00000440B181
000004D335B5
0000046750DF
00000432C3F0
0000048F0388
000005B68B49
0000060626A5
00000350DB6B
FFFFFFE75524
FFFFFF3B55EE
000000DBBE2E
0000008052BD
0000001C881D
000000365D27
000002F521CE
0000025A42DE
000000A0BD7B
0000009ED865
FFFFFFB8C1BC
00000079D47C
0000004ECE4F
FFFFFEFC46B0
FFFFFFC58DBC
00000399D5D8
0000062C7CCD
0000045AEA96
000001D78359
0000025081AA
000002F78DA8
0000027F931C
0000028566C7
000003080B24
0000046D095D
0000068FD693
000006E28557
0000049D882A
000002AAE82D
00000275CA2A
0000024EEA73
000001E6D3FD
000001AB294A
00000166E42C
0000013EBDF3
FFFFFF91B3C1
FFFFFF1795E3
FFFFFFA77CA0
0000028A9BD8
000002DD1EEE
000001841EC9
0000012276C5
FFFFFF4AC7B8
00000020DA6F
0000008BD14D
FFFFFF9D1DE6
FFFFFF9A8B8C
0000018FE083
0000045B20D3
0000056741E5
000004032400
00000244591D
000001A668EB
0000029853F5
00000323CFD6
0000027E6B30
00000374124B
00000607B7FF
000006DE69E2
000004CE912C
000002545B92
000000BFFC97
00000056462D
0000017A225F
00000259B0D9
000001410E22
000000870D2B
FFFFFFA74600
FFFFFF6B10C5
FFFFFFC76298
000000FFCE78
000002B010BB
000002A00D21
00000229FC75
FFFFFFE06597
000000325F47
00000097141F
00000036DA13
FFFFFFDE9E73
0000000EC2AC
0000021BFC50
000004C24387
000004BC40BB
000001F8D08D
0000009B9B85
0000020106D8
0000025E3848
000001216828
00000219C215
000004530605
000004CE6406
00000427B273
0000035DB465
000001C67104
0000005E2D1B
000000B0066E
000000F6C97C
FFFFFF8FC603
FFFFFFC84F36
00000050D6F4
0000003472A5
00000013A00C
0000000B93F1
000002643F38
000003ED8D63
000002E552DD
000000BB9896
000000CA7919
000000E690E9
000000EBAFF3
00000067803D
FFFFFFB5CE8B
000000E220EB
0000036A8F0C
000004248B85
00000245431A
000000B8ED80
00000171328C
000001ED2502
0000018AE126
0000021285C8
0000028AAB21
00000283985E
000002B6913E
000002AFF991
0000021214F6
0000010F093E
000000674030
0000002AE7AA
FFFFFFA0BBB2
0000010C51B4
000001B15738
00000106CE37
FFFFFFA11E81
FFFFFF6F04F6
000001406240
000003A15852
000002E5E5EA
000001BFC9F0
000001F80E24
000001C6724B
00000206B27C
000001B40B4B
000000B77CAF
000001033344
00000264625F
000002E74731
00000228DF44
000001721905
000001B95CB5
000001D581BD
0000021DA1AA
0000029D548C
0000022E9922
000001DD6B5A
00000241B386
0000020ABAB4
000001EFC2CD
00000206396E
000001661931
000000DF7DA2
00000101CFE1
000001B6543C
000002318F8A
00000079BEA9
FFFFFFCEA1AF
FFFFFEADA6B1
00000030878B
000002FFA67F
000002878F6C
000001B85F90
000001737688
000000F5EB5A
0000013783C2
0000012AB83C
0000007D4D01
0000001F43CE
00000078308C
00000124CCCC
0000012FE799
000000A2F1D3
0000008A08F5
000000A0DE24
000000D8EBF9
0000012CBC90
000000FA18F6
000000AC99F5
0000009C85A9
000000AA5629
0000010AEDC7
000001593C5F
000000E0CAAA
0000005BAFB9
0000008BD570
000001466351
FFFFFF5B8382
FFFFFD43B23C
FFFFFF2FE89D
FFFFF915AD41
FFFFF9A3F21D
FFFFFB37CEC5
FFFFFBB7DB07
FFFFFB97DC22
FFFFFB811D2C
FFFFFB74F6ED
FFFFFBEF4283
FFFFFC45F624
FFFFFC2F9F44
FFFFFC20628A
FFFFFC22BC0F
FFFFFCCE1645
FFFFFD3A350E
FFFFFCB4B806
FFFFFC4DBF3C
FFFFFCBA2486
FFFFFCF82A42
FFFFFCAC55B7
FFFFFC83FE7A
FFFFFC668F74
FFFFFBC2418C
FFFFFB6D098F
FFFFFB67BCE7
FFFFFB798054
FFFFFB80057D
FFFFFBA399B9
FFFFFBE68858
FFFFFCD35569
FFFFFAE908AC
FFFFF95F6C04
FFFFFD67D2F0
000000DC725F
00000180A916
00000052B054
000002960F94
0000009D3D0C
000000734D75
00000067F104
FFFFFFB683AE
FFFFFF844E74
FFFFFFD8EB37
00000063B35D
000000EB33D4
000000BBDCBD
00000073F85F
00000072BECD
00000064F490
00000011D2B5
FFFFFFFC185F
000000151440
000000975C73
00000098E924
FFFFFF68EE9E
FFFFFEBC6349
FFFFFF564CE2
00000075101C
0000019715BC
000000BBEF7A
FFFFFF0050CC
00000114D1D7
000000B6BB70
000000E483CB
000001E25010
000002C698DF
00000344948F
FFFFFFBD9D61
000001F78A99
FFFFFFB2480C
FFFFFFAA3524
0000009EE5D0
000000D8BB6E
00000126958D
0000017312A7
000001A42677
000001D94B46
000001405BB2
0000007863E7
000000177F6F
000000111D9C
FFFFFFF8B8D4
0000002A8AD5
000000332952
000000DF4252
000001B73550
0000008C74DA
FFFFFF3F6BE7
FFFFFFA61F17
000000AF67AC
0000022A42DC
000001B10D7D
FFFFFF21892F
0000000FFB8D
FFFFFF8CE1D1
000000CC1940
000002B5A7FF
0000066C03FB
00000677AC18
FFFFFF32C6E4
FFFFFEAAF02E
FFFFFC22B2E0
FFFFFC74EC8C
FFFFFEA6C596
000000EB4899
000002920B1B
000002F1DB26
000002381A77
0000017AF410
000000194963
FFFFFE5D08EF
FFFFFD462BC9
FFFFFCC9817C
FFFFFC96C781
FFFFFD16D6FE
FFFFFDA711A8
FFFFFEDA2601
0000008EEB66
000000A81198
FFFFFF85D17B
FFFFFEF2E022
FFFFFF1AED31
0000002209DC
000000218CAA
FFFFFDD52F10
FFFFFC6E3B48
FFFFF9D1A01A
FFFFFBB998F8
FFFFFEF5E171
000005653404
00000512BA29
FFFFFDC121EF
FFFFFD526C6C
FFFFFC8FF523
FFFFFDD79487
0000003BE701
00000227E7DD
000003101050
000002F6B755
0000022A38A6
0000019B8A35
00000087DA60
FFFFFF07FFB5
FFFFFE94A3C2
FFFFFEF60835
FFFFFEC55877
FFFFFEA74EC2
FFFFFF211709
0000002AEA00
0000015B32EC
000001D682E4
0000012F8CD5
FFFFFFDD8538
FFFFFFA8CB45
000001505718
0000016ACB29
FFFFFE8297F0
FFFFFC660648
FFFFF9500B0C
FFFFFB2D0AED
FFFFFF89A216
000001D0BFBF
0000039CC67E
FFFFFF5E4552
FFFFFFAC4836
FFFFFFB017CA
0000005D020B
000001486125
000001837850
000000AAA092
000000745D39
000000981A98
0000012FEE2D
00000175B50A
00000118CB68
000001E16342
0000028AF747
0000013CC492
FFFFFFE08ACC
FFFFFFEB2F87
000000074DB3
00000066D898
000001809A72
00000194D3B5
00000046E0F5
FFFFFF8980BF
000000941541
0000011CCBD6
FFFFFF94FA09
FFFFFF768018
FFFFFB192721
FFFFF92E507E
FFFFFE200910
00000228287E
0000044E9599
00000108BC5B
000002D97580
00000380B46C
000003921D7E
00000307CE94
000001FA040A
FFFFFFE11BCD
FFFFFED78B19
FFFFFF0DC8E2
0000003EAFC4
000001BC3459
0000026541EF
00000340822A
000003A71370
000001EAEC42
0000006BC89F
00000068AD0B
000000613570
000000BC0040
000000E188D8
000000099513
FFFFFEEA184B
FFFFFE5936F7
FFFFFF7689F0
000001230E76
00000151172F
00000251803C
FFFFFCDC4459
FFFFF75AEE96
FFFFFAC6B730
000002F85900
000005812EC1
00000291CF12
0000051C1253
0000065A0F36
000005CC425D
000003697621
0000015E2310
FFFFFF4C4967
FFFFFD77793F
FFFFFD17A62D
FFFFFE5ACA87
00000074B20D
000001DD8918
00000231E9EA
000001EEE84D
000000D1B4CA
FFFFFFFF36F0
000000397DDE
000000558DE6
000000D5401A
FFFFFFAFA535
FFFFFCCD8FB1
FFFFFBCEA870
FFFFFC853D9F
FFFFFE209F91
000000B74997
0000032B9B59
00000589FF3A
FFFFFFB5F9EF
FFFFF7B261E0
FFFFF88061A3
00000341C9FC
000005962656
00000240807C
000003D3ECEC
000004A1E931
0000042B4949
000001D23A95
0000005E9E36
00000009F79A
FFFFFF97E2F9
FFFFFFC96CBD
000000076813
000000AB1049
000000BB4F83
FFFFFF7E2AA5
FFFFFE8ABA56
FFFFFDD97B16
FFFFFE6C5595
00000033BDE8
000000B123A3
000000C43634
FFFFFFDC7E40
FFFFFD6EEE46
FFFFFCA1EC78
FFFFFD4B3835
FFFFFDF6B0BB
0000005C7131
0000038DD3EE
000005C84DBD
0000009A5747
FFFFF9501E83
FFFFF97A5721
000002EDD162
0000045F7707
0000004D91C2
000000580FA3
FFFFFFCC5359
FFFFFFDFA19D
FFFFFFD2984A
000000980F8A
000002276608
000003767FE3
00000451DBDA
0000031C153E
000000F6013F
FFFFFE702373
FFFFFBC5037A
FFFFFAC94869
FFFFFA979103
FFFFFC090651
FFFFFFC3EE13
000001175EF9
0000007D4111
000000CD9186
000001302244
000000985B34
FFFFFF4F9B2D
FFFFFE60C35A
00000016813B
000001E70C79
000002F3E54B
000000795FB5
FFFFFBD29F44
FFFFFBAD588A
00000289EF1E
0000036AFB0C
FFFFFF729044
FFFFFF9322EE
FFFFFEA66AFE
FFFFFE98DA95
FFFFFFB092C5
00000140E4B6
000002A9CA3D
0000034DE30C
0000031960EE
0000020CF503
000000DF61FC
FFFFFE6078A2
FFFFFBBACE7A
FFFFFB40A7B6
FFFFFB8A56A1
FFFFFC43D06C
FFFFFF3A1B18
00000117D8B9
00000036EDF7
FFFFFFF3265B
0000018A201F
0000024BAC8C
000000BEF27B
FFFFFFB09BF5
0000012B457F
000000F246B0
0000003D5290
FFFFFFB3B466
FFFFFBF8CDF3
FFFFFB1649AB
0000020D63DD
0000032A790E
FFFFFFC09298
000000AEBF8C
0000009BC37F
000000E18A38
00000122F52F
000001307CED
000001644FCC
00000075E067
FFFFFE44711D
FFFFFE73691B
000000DAF26A
000000FD58C4
FFFFFF7A1056
FFFFFF816EDB
00000020E02B
FFFFFF314E5F
FFFFFF0199BC
0000003816C8
000000108B6F
FFFFFEFE1805
FFFFFFBC4017
0000018AC6E9
000001D145D5
0000022A2B88
0000036DE9FF
0000019B4110
FFFFFF54B118
FFFFFE1FFCF8
FFFFF9EC53A6
FFFFF9E595AF
000001CB6A08
0000037E12D6
0000000589F7
000000FA8AE0
0000017C3E45
000002DB5D86
00000341BE63
00000241A748
00000169A72C
FFFFFFEE2469
FFFFFCE2CDAE
FFFFFBD3E130
FFFFFDEAA508
00000059A6BA
0000018A74C1
0000028AFC03
000003F765F6
000002D46052
FFFFFFE322D4
FFFFFF2BA6A4
FFFFFFDD08DF
FFFFFF722CDE
FFFFFEAD6F28
FFFFFEF43A6D
FFFFFFFAF456
000001D1A19D
000003274376
000001FD6957
0000009A6D4E
FFFFFE7CD96F
FFFFF9A5EE19
FFFFFA47D8AD
000002247258
0000043CE040
0000005237EF
0000010DB687
00000128AD4C
000002F436EC
000004C57A7C
000004A146D3
000002D60F60
0000010FFB91
FFFFFEB4F0CC
FFFFFB749842
FFFFF9CEA95B
FFFFFCC9A587
0000011C366A
0000039765AC
000005C954D6
0000057C430E
000001C4478F
FFFFFF2489B1
FFFFFF6A1F16
FFFFFF8B95D7
FFFFFD8CCAEE
FFFFFBB1FDBD
FFFFFC297D7E
FFFFFE3BCAD2
0000007498DA
0000024F7203
0000033C2B42
000000F2964A
FFFFFA86D6BB
FFFFF9C63E8D
000003082D48
0000051F8096
000000BDFB5B
0000016BBDDC
00000034E39C
0000006B6A90
000002C8BDB4
00000460FA3C
00000317C5BE
000001F2743D
000001D6E9E5
FFFFFF9C1527
FFFFFBE2379F
FFFFFB68B752
FFFFFE03E9C4
000000EBEEB5
00000390F7ED
0000046748FD
000002D3363B
0000007C3276
FFFFFF1D57F1
FFFFFEC6B6C0
FFFFFD8BDDD5
FFFFFBC45D25
FFFFFB7165C5
FFFFFCD4A6D4
FFFFFF6B2574
0000024B1166
000003AC7877
000001CEC85F
FFFFFADF1705
FFFFF90415CE
000003FE7761
000005E23085
000001146C70
000001860E67
FFFFFED4227C
FFFFFCFF6348
FFFFFEB650E2
000001861135
00000265D824
0000035C3280
0000059824BE
000005D86758
000001FB72BF
FFFFFC86739B
FFFFF97BC0FF
FFFFFABF951E
FFFFFE33CFDF
0000018F88B9
000003C7A3CE
000002CF69C2
FFFFFFB550BF
FFFFFE6203CE
FFFFFEB12881
FFFFFE2CD39B
FFFFFD1C05D1
FFFFFD51414B
FFFFFF6EFC92
00000125C388
000001D74BF1
000000920086
FFFFFB356203
FFFFFA5DA54A
00000401B930
000005EB8ABC
000000B5BDD0
0000014A4281
FFFFFF80161C
FFFFFDAF27C8
FFFFFDA65F06
FFFFFF39A007
0000017B09F9
0000034A4A71
000004B4B662
00000617D10D
0000056A2098
000000AA20E4
FFFFFA92282B
FFFFF88269D0
FFFFFBA2359D
0000004B393A
0000035CCFBB
000003A23BDC
000001705692
FFFFFF5CA36C
FFFFFEC9BF33
FFFFFED584AC
FFFFFE3893A4
FFFFFD7949DC
FFFFFE65D5E7
FFFFFFB74E2D
000000ADF207
FFFFFF2A6609
FFFFFB275E23
FFFFFBD90941
00000356D660
0000055040EC
000000007208
00000168ED44
00000224E00C
00000110DD85
FFFFFED8E800
FFFFFE3EB162
FFFFFFD79749
00000062D434
FFFFFFD187FC
0000021129EC
0000064BB6BD
000006C5164B
00000135261F
FFFFFB8DCEE4
FFFFFBF3F04D
FFFFFEB878B7
0000000679A3
000001FFC3A3
0000034E89C6
00000184BA2A
FFFFFEDA6B44
FFFFFEB175C7
FFFFFF7D3352
FFFFFE2AAE1A
FFFFFD3D78C9
FFFFFE3425EE
FFFFFFEFCD08
FFFFFE382F8A
FFFFFAE8CB4F
FFFFFC65F1FC
000002BFF1F2
000004A4AE17
FFFFFFE81E15
000001B0C9E8
0000032E5180
00000243D733
FFFFFFD8AA3E
FFFFFEECA79F
FFFFFF1DA502
FFFFFE5F7ED4
FFFFFDA06330
FFFFFF496AF3
0000039F86E6
00000765DEA2
0000057D458B
FFFFFFBBE90E
FFFFFD6A8245
FFFFFD74338A
FFFFFD5871DF
FFFFFF830B7D
00000231C34A
00000249FF13
000000C0C62C
00000052A8B4
000000CA5200
FFFFFF8BA468
FFFFFDCF8090
FFFFFD9173EB
FFFFFEEBA266
FFFFFD726C5F
FFFFFAA19C21
FFFFFC1962C9
00000245DF82
00000402722E
00000055C0ED
000001E89AA3
000002760CCE
000001DB6659
000000F8EF38
00000048E03A
FFFFFF3129C3
FFFFFEBA763C
FFFFFE7F2039
FFFFFCF628EC
FFFFFD743FA3
000002A5C8BA
0000065080DE
00000413F735
0000000F0F63
FFFFFD45F4C1
FFFFFC5F93AD
FFFFFD7F4528
FFFFFF2B5075
000001618BE4
0000036978BD
0000030CC3C9
0000010C7C5C
FFFFFFA85BF3
FFFFFEEF1E2F
FFFFFDFBC4A5
FFFFFE29D7DE
FFFFFCD900CF
FFFFFA4BB872
FFFFFB4A678F
00000205A665
0000038792C3
0000009B9688
00000249AF61
000002472B3A
000001EAF90C
0000017B7228
0000003F16AD
FFFFFEFC2B26
FFFFFFF5630B
000000397D58
FFFFFC868162
FFFFFA229EAE
FFFFFE1808E0
00000404D17A
00000518E56D
000000FF3A3D
FFFFFD3B2F90
FFFFFD6A17C7
FFFFFF144A52
FFFFFFB8954F
000001044892
0000038729B2
000003530E20
FFFFFF96C134
FFFFFD60A06B
FFFFFDB7A097
FFFFFE9AB0D7
FFFFFFC5A7E6
FFFFFEA7AAED
FFFFFBBD8A98
FFFFFBDC8147
000002125B14
0000035323B4
0000009B4EB2
00000264B41A
00000284C917
00000267FF3A
0000013779C1
FFFFFF77223B
FFFFFF27738F
000000EFBAA3
000001A929E6
FFFFFECB2E16
FFFFFB0DE5BB
FFFFFAC9EC55
FFFFFEE08972
00000258CE6E
000000C6BE1C
FFFFFE8E6916
00000000E915
0000022B6D48
00000247088F
0000016143B9
0000015C053D
000000C91758
FFFFFE44E8D6
FFFFFC1CE42E
FFFFFC3A22A6
FFFFFF1094BB
0000027501F2
000001E47A5C
FFFFFDEF9FEE
FFFFFD0434BE
0000021A67E3
00000370050F
00000024D919
000001B5151E
000002668F65
000003586BA0
000001B4CDF6
FFFFFF341A11
FFFFFF2B5D91
000000BDE160
0000016F5C55
00000095AD30
FFFFFDE14454
FFFFFB40F740
FFFFFCC3B148
000000626BF3
000000E289F7
FFFFFF7FFBAB
FFFFFF247104
000000814F94
000002833434
00000283AB6A
000000FB7224
0000004100C9
00000065A962
FFFFFF6AEC5A
FFFFFD52A5D3
FFFFFDBB55D6
000000AC3EF7
0000010F59B6
FFFFFD80BA8B
FFFFFCCC53C7
000002203BB7
000003AB84E8
FFFFFF7D995F
000000D08D33
0000024B5585
0000042658B1
000002568F56
FFFFFFC55F39
FFFFFF526799
FFFFFF3E330E
FFFFFF9A7ACD
0000017E9B47
000001EB65A4
FFFFFF5D67F2
FFFFFDCD9F00
FFFFFF55ED7B
00000073C60D
FFFFFEDD0849
FFFFFC1CFC43
FFFFFCE0B8A1
000001CC30B0
000004082869
000002782EEE
000002714930
00000448577B
000003A2B56C
FFFFFEFEA624
FFFFFB0F0720
FFFFFBD2AA3E
FFFFFD09D49F
FFFFFB588D9B
FFFFFC73CF21
000002656285
0000046FA8A1
00000004887F
000000F89FB7
000001789A55
00000346DBE5
0000027D8512
000000F0E044
FFFFFFD338D7
FFFFFE06B216
FFFFFE0F4B5E
000001803097
000003A881F8
000001519D24
FFFFFE7D2D11
FFFFFF4527ED
000000F95862
FFFFFFDD71B2
FFFFFD480A49
FFFFFD8C55FB
000001669F44
000003540EE3
0000025CFDFA
000002525E7B
000002DD5EEE
0000023430AC
FFFFFEDADE1A
FFFFFB0A4A91
FFFFFB1848AE
FFFFFC07BE35
FFFFFB05F864
FFFFFCEFB861
000003366A5C
000005CC2992
00000143AF09
000001A00260
0000000D90EE
00000133D4B6
000002279631
0000023EFB0C
000000A184D3
FFFFFDFDF2AF
FFFFFDB4B17F
00000028A713
000001EB5391
0000010DDA5C
FFFFFFC940D2
000000B0DE2B
000002219FE1
0000023D494D
0000019B58B6
0000006AF5B0
000000460E62
000000F0A67C
000001140C56
FFFFFF9E2A0C
FFFFFD3AA10B
FFFFFD427DFA
FFFFFE0E8431
FFFFFDA5C82B
FFFFFEA83793
FFFFFE1D0C53
FFFFFBC84191
FFFFFD312C8A
000004352035
000006B47B2B
000000E3F0B2
000001920B30
FFFFFF05E51E
FFFFFF51B246
0000014A2134
000002E9CE60
000001A95DE3
FFFFFECE906E
FFFFFE58B92E
FFFFFFA2111E
00000032AA58
000000899675
0000014B141C
000001B25B40
000001B92AAC
0000027FAD16
0000039DC17A
000001FF4988
FFFFFFB9AB55
00000059DBE3
0000013A7B4A
FFFFFEA5F156
FFFFFAE66DD1
FFFFFAB69BB9
FFFFFCBD7513
FFFFFEB6EEB2
000001A1C386
0000003CB8D6
FFFFFC46BB4A
FFFFFD47ADA0
000004CC0A13
000006A7CD84
FFFFFF01FA75
000000313B2C
FFFFFEA19A35
FFFFFE459235
000000604C8B
000002FA03D0
000002746E7C
0000005A452D
FFFFFFEB40A0
FFFFFFE86E98
FFFFFEEF16B3
FFFFFFE53A3C
000002631AB6
0000022DBBF6
0000008C1D0D
00000144A762
00000376979A
000002DC6D4C
000000C4FAEB
0000010F25F8
00000144806F
FFFFFEE43B9D
FFFFFBC1507E
FFFFFA6796A4
FFFFFB4FD9BE
FFFFFE85AC9C
0000034D4C24
00000203D8DE
FFFFFC9B0FF2
FFFFFCD13D97
00000451329B
0000059112ED
FFFFFCF83921
FFFFFE5A23B4
FFFFFEC7DA9E
FFFFFEB1752F
0000005A8505
000002E59A86
0000033F6431
0000024B43E2
000001850FB1
00000016D9FC
FFFFFE846E15
FFFFFFC1CD31
00000260FB12
000002189E7A
000000A88445
00000176B2A2
00000309A4F9
000002610463
00000069C9A4
FFFFFF94E125
FFFFFEC240D3
FFFFFE0449C1
FFFFFD256889
FFFFFC4237E7
FFFFFD56EDAA
00000007203E
000003619078
000001E79503
FFFFFC36D1E8
FFFFFBB4FBF4
000001D9F17F
000003F83EC5
FFFFFC8BD333
FFFFFDBE02BC
FFFFFFC5862C
0000004A5FBD
000001402601
000002D6417C
000003DF0BB3
00000426BC13
000002E901E5
000000D171F0
FFFFFFB9178A
0000003DCB7C
0000011519EF
00000182471F
000002580DAC
000002B5DA68
000001CD0F03
0000008DD37F
FFFFFECFDED0
FFFFFC974719
FFFFFB6DD2CD
FFFFFD55B8EA
FFFFFFB8AC5A
000000B73764
000001FEFD35
000001CE7EF6
000001746BAD
00000126172F
FFFFFC620A3D
FFFFFB3A61DA
000001EA5AFE
0000036ABEFC
FFFFFD5FAFF5
FFFFFE1862B4
00000062973A
000000BA5B1C
000000D95126
0000015E1DAB
000002BC9ADC
000004142C99
000002FC4757
000000BD4026
000000335B70
0000002BB7F8
FFFFFF802A3A
00000027CE5B
00000252A924
00000274A99D
0000008FBBA1
FFFFFF85E0B9
FFFFFE26916C
FFFFFC0614BF
FFFFFBAF74A2
FFFFFE571309
0000016FCE9C
000002A2B96F
000002FA21B2
000001ACF3A1
FFFFFFC9510E
FFFFFF91E1A4
FFFFFCCD771A
FFFFFB5E0A76
0000045E369E
000005EFF427
000001150154
0000008A9006
00000247DB1F
000001FF26A3
00000197EC77
000001690F54
000002C98160
0000046FB47F
000003AD5EF3
0000020A5C2F
000001E2C48E
0000015D3B18
FFFFFFF9FDCA
0000005BAA0A
00000265F015
000002A0CB73
0000015D9543
0000011810E0
0000008110B4
FFFFFFF6D877
000000C8CAE7
000001E68F1B
000002D3F56E
000003378ACC
000003233E43
000002D1102B
000000C2BFEE
000000C7FD32
FFFFFD187695
FFFFFBE01767
000005DA7A76
0000077A47FF
00000422C4DA
000001AF511D
00000342E458
0000029FF06C
0000020DA91F
00000185D5E6
00000275B389
0000037F1639
0000034316B6
000002D7F170
000002933F03
00000194B60A
000000A39134
00000134D459
0000029173BB
000002944EAF
000001E93F3F
000002244B69
00000241DBA8
0000030175E2
000004761048
00000438D773
00000390FB8B
000003611712
000002B9D3DC
000002CD1EFC
0000021D8166
0000021FEC0E
FFFFFDEEC678
FFFFFB7C9535
0000043C614D
000003EEED98
00000057F552
FFFFFFEB772C
FFFFFDF6A458
FFFFFC792A8D
FFFFFCD96135
FFFFFE0BBD68
FFFFFF0AF124
FFFFFF9B0A2D
FFFFFF57DA08
FFFFFFBAF609
0000004E9003
000000236BDD
FFFFFEF30CAC
FFFFFE367868
FFFFFE5C1C86
FFFFFD53BEC5
FFFFFB37FB52
FFFFFAAE01D3
FFFFFC8F3740
FFFFFF1D7181
FFFFFFD7A157
FFFFFD5F1302
FFFFFA43470A
FFFFFB80C5D9
00000005C42A
0000009A08B9
FFFFFBCE0315
FFFFF8BEC443
FFFFFA93A580
FFFFFB87CC72
0000035C49D0
0000038288D3
FFFFFF5F62FA
FFFFFF71E84B
FFFFFD3CB7B1
FFFFFA9D336B
FFFFF953DFB8
FFFFF903B790
FFFFF92AAC25
FFFFF9E4F558
FFFFFA6E0605
FFFFFB7774B2
FFFFFD16B2C2
FFFFFDE4979E
FFFFFD35D72A
FFFFFCA09EDB
FFFFFD1DF103
FFFFFD1F419F
FFFFFB7A563C
FFFFF9B24100
FFFFFA25C415
FFFFFC9DCB8D
FFFFFE9D1805
FFFFFDC2B337
FFFFFAD1B740
FFFFFB46A55A
000000271865
000002F3CDD6
FFFFFECAD4B8
FFFFF99377EB
FFFFF871C4E3
FFFFFA452EC7
000003C29A8A
0000046E59C4
00000035F7D7
0000018A89E6
00000066FBEA
FFFFFE5412EA
FFFFFD02A9D8
FFFFFB79923D
FFFFF9BE3E6B
FFFFF9325600
FFFFF97DE781
FFFFFA644035
FFFFFC75D20A
FFFFFE415BE5
FFFFFE43760C
FFFFFD750480
FFFFFDBC2648
FFFFFF03D95D
FFFFFE972CB1
FFFFFC955B88
FFFFFBC9DCFE
FFFFFCD830C7
FFFFFE83E4B1
FFFFFEAF8186
FFFFFBBA8B7D
FFFFFA9714E7
FFFFFF1EA329
000004BCD72A
00000394566C
FFFFFCC8DD65
FFFFF649CCF3
FFFFF795B078
000003E7AAB9
000004EEB081
000000666F2B
000002D08C55
000003F94F33
000003E4B41D
0000042E5847
000003F634A8
0000023A7596
00000007EA87
FFFFFE5741B8
FFFFFD3A2AD4
FFFFFD9A66CF
FFFFFF3E9BFB
000000279743
FFFFFFADD85B
FFFFFFE54619
0000021789EC
0000033F1485
00000249084F
0000017BAD0D
000001300D5C
00000179D19D
0000018166D8
FFFFFEE1763C
FFFFFB5EF01A
FFFFFC9BD2C5
000003430640
0000072DCFA8
000003074DAE
FFFFF9826218
FFFFF60C9C41
000003F65626
0000056AA1A3
FFFFFF605246
0000017DB71D
00000343E83B
000003B9581C
000004334F24
0000057A2FD6
000005EF548F
00000480DF58
00000277B83A
000000178795
FFFFFE862486
FFFFFF253D5D
00000045CC64
FFFFFFE636C7
FFFFFF8C396E
000001592782
00000323AAB1
00000346CE5C
0000036FE566
000003022369
00000256D5EF
000002F063F8
0000023ED585
FFFFFD61E34F
FFFFFA12D4D1
FFFFFEC88C15
000006A5DBC7
000007F3FE7D
0000001F74BD
FFFFF8032C29
000004670652
0000064AB55B
FFFFFF6575B7
FFFFFFD85C47
0000013C7D8A
0000016C224F
000000F9659A
000001B0F972
00000308D717
000003D1C30C
000003D33117
000002C07661
0000011853EE
0000008921C6
000001256647
0000002FA2B9
FFFFFE2E4E22
FFFFFE7FA432
0000001344AC
0000009185EC
000000F5E253
00000170B702
0000014E3EFD
000002672FB8
0000039AE511
00000091F712
FFFFFB786AF1
FFFFFB0AAE06
000001A4392B
000006D198AD
000003F70AE4
FFFFFC9477ED
00000477CC07
000006EEBD6E
000000181D2E
FFFFFFA92B63
000000B00948
0000010FF0D9
00000080E617
FFFFFFCF83A4
FFFFFFDDA11A
000000C86018
000002000679
000002C6B55F
000001F352AA
00000139F4C6
00000203A2E4
000001274D8E
FFFFFDF0AAD3
FFFFFCB13D91
FFFFFE4B5653
FFFFFE98F1EA
FFFFFDE3758D
FFFFFE708827
FFFFFF60993C
0000005CDDEC
0000020611B6
0000031B4170
00000059269D
FFFFFB8AEAB5
FFFFFCDA0420
00000258EE7B
0000029C03EA
FFFFFEF4EF16
000003E5741C
000006C98E0D
00000070A058
FFFFFFED4B5E
000000D19ABB
0000015CE5CA
000000F554AA
000000051FBD
FFFFFF2ECE16
FFFFFE11D4B6
FFFFFD604688
FFFFFE4094A0
FFFFFEE19D13
FFFFFF974DC0
000001A5A643
0000023412FF
FFFFFF780D2F
FFFFFCB8A039
FFFFFD13486A
FFFFFD062961
FFFFFB3CF5AF
FFFFFA76E100
FFFFFB3CDD91
FFFFFBE75139
FFFFFD472B12
0000019897D5
00000390390C
FFFFFFCA7A63
FFFFFD815825
00000022425F
FFFFFF480900
FFFFFD7487DB
000002BFF2CD
000005B58233
FFFFFFC0D270
FFFFFF652B69
0000005B85FA
0000014E5148
0000013E6CFB
000001AD8E53
00000259F1A5
0000002019F8
FFFFFC49E5D5
FFFFFAAD3AB8
FFFFFB6C832B
FFFFFCF82AFE
FFFFFFA57C24
00000276E659
00000267F8DC
00000003740E
FFFFFEF89AF7
FFFFFE8487BC
FFFFFD16F86D
FFFFFBCB740A
FFFFFB7E290B
FFFFFA89B4E5
FFFFF9EBDC94
FFFFFE06CF3A
000003044325
0000037D6EE4
000001D89822
000001764266
FFFFFFC50B45
FFFFFE0290AF
000002073A2F
0000048EC42B
FFFFFEAACAB5
FFFFFE2B407C
FFFFFE4DE9A7
FFFFFFAA84C6
000000ABAE75
000002835EEC
00000540F687
000005838609
0000022B0544
FFFFFD504021
FFFFFA432F36
FFFFF9502AB4
FFFFFAA22A51
FFFFFE9F946D
00000209D144
00000345545B
000003BA1C4F
00000314024E
000001C26709
00000162C9D1
0000014C4EDD
FFFFFE9CCC09
FFFFFB0B0F0B
FFFFFBD0FFAF
00000026E4F1
0000037F02A8
00000485153D
00000392F4E4
000003698372
000001F8FACE
000002DD8B97
000005120B28
FFFFFF420A39
FFFFFED6A2A9
FFFFFD834355
FFFFFDCD999E
FFFFFEF23C0A
00000051F3CE
000002B49E75
0000067A06A6
000007EEF021
000004005159
FFFFFE0DF042
FFFFF93A8FB7
FFFFF793533F
FFFFFA1AD55F
FFFFFE06AC87
000001E6B241
0000046DC02A
000003AE4247
0000019CB1FF
000001C0198F
0000031038A0
0000017F2137
FFFFFD207602
FFFFFAD29DBE
FFFFFD353E5B
000000F4C26F
00000323E5CF
00000326475D
0000041485D8
000003B13417
0000040879C7
0000064285AD
000000D17656
0000014716CB
FFFFFF84022C
FFFFFDFCEAB6
FFFFFDC24BCD
FFFFFDAFAB6C
FFFFFE538172
0000020F87B7
000006AF196A
000008BBA0E4
0000061AFE11
FFFFFFBF3F9B
FFFFFA9F2BA2
FFFFF8FCC756
FFFFFA03B6AD
FFFFFD900B0A
0000016E2799
000002021375
FFFFFF660A12
FFFFFE00D549
FFFFFF4B6371
0000002D987F
FFFFFD92E6C9
FFFFFA8089AE
FFFFFB8065B7
FFFFFE740ED4
000000465526
00000142F29E
000001CAEB12
000002CBD832
00000410626B
0000065F43C9
000001172A77
0000025F50A9
0000016A36AF
FFFFFFA8A2BE
FFFFFE7F9BBC
FFFFFD9899EC
FFFFFD424AF9
FFFFFDFC825E
000000E42BBC
000006FE7C8C
00000A6B1032
0000071B5240
0000009C17B8
FFFFFAB00103
FFFFF846E0B8
FFFFFADB5920
00000046EF72
000003780A8E
0000018AECF1
FFFFFE32AF42
FFFFFDECE28F
FFFFFF3122CF
FFFFFDABA065
FFFFFAB5D767
FFFFFA8C9A89
FFFFFCBB440F
FFFFFEE4E56A
000000486786
FFFFFFFEBC55
0000021171D8
000003F7E120
0000060E7843
00000030E05D
000001E36715
000002575DB6
0000016C7DE0
FFFFFFCDD8B9
FFFFFEB6D95D
FFFFFEB25B8A
FFFFFD6852BA
FFFFFC9E164C
0000009B6DC5
000006E4563E
00000A576395
000007C6A7D1
00000077E30B
FFFFFA980E20
FFFFF9A9CE09
FFFFFDECD31F
00000392CE83
00000506B8B8
0000028F96C7
000001341C93
0000013C34BD
FFFFFF82D60C
FFFFFBECB453
FFFFF98BC9E0
FFFFFA6B3F53
FFFFFD4B0E29
FFFFFED10393
FFFFFE2AC0A2
000000A2253A
0000048BF96E
00000665A763
FFFFFF4D2ED4
000000F00955
00000321D784
0000028521EB
FFFFFFD63C18
FFFFFF037653
00000070AC28
FFFFFFA2A2F8
FFFFFC62EAE9
FFFFFB330BDF
FFFFFFD9ED49
000008299031
00000BABB470
0000077AA19F
0000005A3462
FFFFFA4D8F7D
FFFFFA1AE950
FFFFFFAFC186
0000047C975A
000004BA53D0
00000352E381
000003119810
0000028402E7
FFFFFF960ADA
FFFFFB3FAAB9
FFFFF9FF5692
FFFFFCD1DFBF
FFFFFE88DDDD
FFFFFD403CE7
FFFFFEDB0A22
000004FA8163
00000729887F
FFFFFF64D4EB
00000048693B
00000336FCCA
000003341883
0000003EAE21
FFFFFEC5618D
000000386A7B
000001A79B6D
FFFFFFB12BCA
FFFFFABB2034
FFFFFA10498A
000000C8C83B
000007F06AA4
00000A721B65
000006FF3F19
FFFFFFC7D229
FFFFFBD1EFD2
FFFFFD6BA124
000000EE5119
000002CF35EF
0000024FDD69
000002132637
000002EB6C83
000002E2B7A0
0000000FF549
FFFFFDB71CC5
FFFFFF49703F
000000F3C576
FFFFFF0A13D3
FFFFFE5303F6
0000046943E4
0000075F8645
FFFFFFFF884C
FFFFFFF9193A
0000024DC4AB
000003EAB422
0000026E02CB
FFFFFED99885
FFFFFD720E3C
0000011CD336
000003B537F7
FFFFFEB80442
FFFFF884FB8B
FFFFF94A2AD4
00000048BE99
000007A15731
00000865F136
000003D1ECCF
FFFFFFFEE215
FFFFFE9C4022
FFFFFF4D411C
00000149AA7A
000001EB0643
000000B7F5FD
FFFFFFE73DC0
000000CE3C3C
000000ABD5B3
FFFFFEFCBBD3
FFFFFFA1A713
000001BDC5E7
0000012F645F
FFFFFEE777DC
000003709ABF
000006B8ECEB
FFFFFFCA48E4
FFFFFF93D84B
0000012247C6
000003FC7548
000004BE5199
0000007852EA
FFFFFBABD29D
FFFFFE1E8371
0000040A80FD
0000036BC2F1
FFFFFC560606
FFFFF723A20F
FFFFFA0E3784
00000114B7E0
00000382B59C
00000192A408
FFFFFFAB7A41
FFFFFF6AC74A
00000090F448
00000219EFF7
000003289707
000002090100
FFFFFF61AF3C
FFFFFD8FBBB0
FFFFFC6823E8
FFFFFB3893AF
FFFFFBFAC78B
FFFFFF152812
0000018E38F4
0000001D34A2
00000314DAC9
00000636F917
FFFFFF7BA5EA
FFFFFEFC7A6C
FFFFFFA682C1
000002DC5FE2
000005D95ACC
0000035D300B
FFFFFCB0375F
FFFFFB001102
000000E676AC
000005AF4E90
000001BC0843
FFFFFA042E99
FFFFF8F887FB
FFFFFD8DD706
000000559300
FFFFFF3BD657
FFFFFCDB9195
FFFFFD22043B
FFFFFFC02C70
0000017749BF
000002AD63EB
0000039C9C15
000002C00496
FFFFFFC68097
FFFFFC516571
FFFFF9F5C493
FFFFF9CF8F70
FFFFFCFD4393
0000018F08D2
000001B0423A
00000336DF9C
00000632B94F
FFFFFF99A93B
FFFFFE94CC93
FFFFFE6AFCCC
0000010F09AA
000004E4582B
00000536781F
FFFFFFC60E71
FFFFFA7487B5
FFFFFCCE1404
000003CD16C0
000004B33B89
FFFFFEE6DD07
FFFFFB64D3DC
FFFFFD9651C6
00000159D39D
000000A2F430
FFFFFBB0FBBF
FFFFF979669D
FFFFFBF92F8A
FFFFFE2B0F5A
FFFFFF2E5D69
00000133BCFD
00000354BE31
000003D5F722
000001D9567C
FFFFFDF2F524
FFFFFAF3E3E1
FFFFFC6A5BF6
00000122F481
0000030A1662
0000031D7593
000005DFAEBA
FFFFFF766BB8
FFFFFEAFFB1B
FFFFFDF3D0A8
FFFFFF395E42
000002959B94
000005B01400
0000036DAA5D
FFFFFC63662D
FFFFF9D7031E
FFFFFFA2662B
000004EF9544
00000266F6F9
FFFFFC73FBCE
FFFFFC96EFEE
000002B9B5CA
000004235D6E
FFFFFDDAB0DC
FFFFF98332EF
FFFFFB91CFE0
FFFFFD8B2A89
FFFFFD15DEBA
FFFFFD59ABF2
FFFFFF7BB8E6
000003726D3A
00000535CBD0
00000204EC2C
FFFFFCBC1800
FFFFFB5ECB1F
FFFFFEFF7E74
000003009B6C
000002E7D556
0000053B996B
FFFFFEF64869
FFFFFEDFC2C0
FFFFFD9E662F
FFFFFD9A7E67
000000077155
000004BE29B9
000005E5A3D6
FFFFFFFFC0B5
FFFFF9FFC02E
FFFFFBF0010A
0000027DF7D4
000003B37B74
FFFFFDAB747D
FFFFFB2DA6F4
000001A5C3AC
000006471008
000001E80470
FFFFFCD5B295
FFFFFDD5138B
000000375B19
FFFFFF86BC35
FFFFFD016027
FFFFFBE1C105
FFFFFED0E654
000002B8CEAB
00000378734B
FFFFFFC13F88
FFFFFC3F5D6A
FFFFFD4324E6
00000152634E
00000345A5E1
0000053C3A99
FFFFFF2C0591
000000216030
FFFFFE58D9B9
FFFFFD1134D3
FFFFFE381971
000002F35117
000006C23C78
000003F9FB21
FFFFFCA2B252
FFFFF9DE7EDC
FFFFFF4E8AAB
0000041D6CA1
0000004FD79D
FFFFFAFF722E
FFFFFE6DBD2E
00000519C774
0000047B58D1
FFFFFEFC39A0
FFFFFD6A9272
0000010895F1
0000037804FC
000000B8B683
FFFFFC5D6D98
FFFFFB6FBBFD
FFFFFE70412C
00000264708C
00000257FB0A
FFFFFEB8E3FF
FFFFFDA4D6EB
0000001B2F28
0000042156B0
0000059A2E08
FFFFFF157816
0000018B946B
0000007ED7A6
FFFFFE90B696
FFFFFE39A805
000001790797
000005F2499D
00000686A81D
000000C2C7CC
FFFFFAC4B183
FFFFFC9BC0A7
000002A8992F
000002787789
FFFFFCB55E6B
FFFFFC2491C1
000002031A11
000004E39375
000000A614FE
FFFFFC44A424
FFFFFEA8C32B
000003C894EE
000004933AC9
0000012DD54A
FFFFFD5FA6C7
FFFFFD096BE9
FFFFFFEECA34
00000192C72E
FFFFFFA61ACF
FFFFFE90CA62
FFFFFFF38DED
0000057257E0
00000647F8B8
FFFFFDC185EC
000000987AB3
0000018000AA
000000064507
FFFFFED0655D
FFFFFFE059FF
000003AFE16C
000007663096
0000052980F6
FFFFFDE992DC
FFFFFB2E56ED
000000338499
0000041EE22E
0000007EB7E4
FFFFFCB19A74
00000001AE64
0000055F377D
0000042C5BFE
FFFFFE2E1FA2
FFFFFC44B85E
000000328D57
00000491C1D4
000004B4D27E
0000010DD0BB
FFFFFE4DC421
FFFFFEC71103
000000691718
0000003442F3
FFFFFF16807C
FFFFFF7925C6
0000071893C7
000008587204
FFFFFE03C9D0
FFFFFECE5112
00000092E380
0000004024FF
FFFFFF05D974
FFFFFE77BA5D
0000011316F8
000006524433
000007C3711C
00000241E3FD
FFFFFCDC06BC
FFFFFE9E0666
000003C845CB
000003BAD990
FFFFFFB413A8
000000097165
0000056883F6
00000761388D
00000299CD1A
FFFFFD9234F8
FFFFFE15A8E6
0000020A547A
000003E43CAF
0000029D0F2B
00000044CCFA
FFFFFF4C633A
00000053876F
000001580C0A
0000000DE820
FFFFFF592CDE
0000076547F4
00000A41E60A
FFFFFF6045F3
FFFFFDDB2BA2
FFFFFF6E6AB4
0000001C259E
FFFFFF654DF1
FFFFFDAD208C
FFFFFE93E2AD
00000374B536
00000768E0DE
000005A2F09D
0000002531C9
FFFFFDFDE2FE
00000184DE7A
00000478924D
0000024287EC
0000001D49A1
0000032B53B5
000007193C12
0000056ED908
00000092D4C5
FFFFFECE6FFC
00000007553A
0000017B2331
0000024FB462
00000159E922
FFFFFF9D77E3
FFFFFF92DB9B
0000010E83B5
000000B56F57
FFFFFFE3110D
0000061EE111
00000AAAEA54
0000009D4458
FFFFFDDFE258
FFFFFEB9EE6A
FFFFFFB7ABFC
FFFFFF4C5762
FFFFFD5FF451
FFFFFCF9CF77
0000000BA5C7
0000045FB864
000005F1F142
000002AC7637
FFFFFF0C6A96
00000055C8B4
000003ABB1FC
000003300796
00000089331A
00000146DAE9
000004CB52C3
0000051C88BA
0000027DC788
00000096D1D9
FFFFFF71BB58
FFFFFF55253E
000000972D78
000000F273C9
FFFFFFAFB8BE
FFFFFEF7DA88
FFFFFF9F7BFE
0000000219D9
FFFFFFDE9429
00000648ED47
00000C8621CC
000002EFAB40
FFFFFF62A058
FFFFFF5FC826
FFFFFFC8B592
FFFFFFA807D2
FFFFFE5596BB
FFFFFD54F18B
FFFFFDEAFEDF
000000EAEACE
00000447D8E4
000003786D88
0000001A4404
FFFFFFB2818F
000001E4F967
00000264C2A9
000000EE7A08
0000010FDA40
000002B28AFA
0000031D640C
0000032DCB7A
000002DEF761
000001093E33
FFFFFF743BAA
FFFFFFBC1264
00000084FB02
000000537DCF
FFFFFF4E44DE
FFFFFE259CA2
FFFFFFF236B8
FFFFFF6562E8
000007E573E9
0000112B1232
00000C7BEF55
000009DE5D72
00000AE5B872
00000B0B176C
00000B1A20DD
00000A673CEE
0000092F0E95
000007D229B7
000008CB8D73
00000B9993E0
00000BA822EC
000009117402
000007B44326
000008664945
000008EA673B
00000859ABB4
0000087E3A7C
000008D0518D
000008C68FE5
000009E2BD30
00000B21F72D
00000AD3A0F1
000009C53BC7
00000978D0DA
00000A0C859C
00000A2A8FF6
000009233638
00000786F9F2
00000911B5BF
0000077C4E53
000002479E3C
00000BAF4026
00000B05D51E
000009B301BE
00000A883CCA
00000A7073B5
00000A8153DC
00000A6AD81B
00000997D0EB
000007F48CD1
000007E3A201
00000974E1B1
00000A018B2E
000008F89D2C
000007B4DAE6
00000742A048
00000744B6B6
0000073692F0
000007CE5BB0
000007F04F25
00000749E26C
0000075F69DA
0000085BC629
0000095C4B9A
000009A32CDA
0000093ABC3A
0000093EBCB5
00000945E58C
000008E5961A
000007F8C3D5
00000A0FF19F
00000B89E0F5
FFFFFB9E5743
000000D9572C
FFFFFEBF1637
FFFFFDD7CC42
FFFFFDE96072
FFFFFD90886E
FFFFFDBB5D62
FFFFFE26152E
FFFFFDF3F680
FFFFFD266D1B
FFFFFD3F035E
FFFFFE0BA6D9
FFFFFEA50B9D
FFFFFED8A0D7
FFFFFE7AF21C
FFFFFDE0DD8D
FFFFFDABEF35
FFFFFE0134A7
FFFFFEC0F992
FFFFFEF61693
FFFFFE4D88D9
FFFFFDB6D98A
FFFFFDEC61E6
FFFFFE9D9B24
FFFFFEB1243E
FFFFFE051CAF
FFFFFDD710DC
FFFFFE26DA41
FFFFFD85B750
FFFFFE4139BA
FFFFFFC1ADEC
0000041F31D0
00000207D039
000003F17729
00000303AA3C
0000031D82C4
000004836DA8
000004195411
0000039DC507
000002CA5D61
000001ED1325
000001CD21CD
0000028986A9
00000376AA5B
000003F73AAE
0000038CA29F
0000034A3531
000003F7064C
000003F8AEAC
0000038088C2
000003E3507B
000004BBD147
0000052F2BE2
000003FFABC3
000001F5078C
000001EC9CA9
00000440F4DE
000006F05C72
00000790E215
00000427E6E5
000000CBE3FC
000003C40F40
0000036425EC
0000048FD535
000002885833
0000048DCE39
000004054DD9
00000439CF85
00000454DC00
0000034AEE86
00000275813C
0000022D3ED5
0000020BC00E
000002093459
00000243D584
000002F62619
00000385732B
000002A2A642
000001CBC100
0000029A789D
00000392159B
000003B5DE13
000003767AF6
0000037F2D20
000003DCB6D7
000003C47B28
000003416924
000002D62FF3
000003276D8B
000005CFFA30
0000081E91AB
000004E0D3AE
0000008F47BC
0000032B49A7
000002DA4743
0000040FB1EB
000002D8F3D4
0000056B3E47
000003C5CE2F
0000027C9EB4
0000025EB980
0000022B0339
000002D2C271
000003EB8A62
000005040AA6
00000554E011
000004CD9C53
00000499AD86
0000047ECA7F
000003280719
000001CCF561
000002AC62EC
000004214BC6
000004064758
000003502407
0000033F8F4E
0000045EF073
000005FBF00F
00000660AD01
0000047DE54A
000002254B32
000003D59B80
000007D63F7E
000006C8028F
000001B6334C
000001ECADED
000000B3B312
0000037FDEFE
000002454A81
00000421B01D
0000024C6FF9
000000AC3A4C
0000009F1CB1
000001B55C54
0000030268B8
000003F7F04E
00000540EFF4
0000062D1D26
000005E2B566
00000546BAA0
000004D3AF60
00000353FE37
00000191D3A4
000001F03972
0000031A7EC9
0000032ADA61
000002F2531A
000002E32F35
0000032618C4
000004BFC5A3
00000657CE04
000005285B2C
000001E43F33
00000166F913
000004C4CEB6
00000658455A
000002346FD7
FFFFFF7B3EE4
FFFFFC1AD626
0000023C12F1
000001C17636
00000314CC30
0000022E2E94
000002585879
0000022E28D7
0000027BE667
0000023D2D06
000001B75B7E
000001D35CC9
00000278D70E
000002DB3275
000002F80630
00000342B499
00000342C169
000002D9367E
0000030DF727
0000032640D4
000002970621
00000289B3AE
00000269841C
00000113935B
0000009F5D2F
00000267FDE8
0000041C0CFC
000003592843
0000013893D3
000000EAA74A
000002AF9840
0000026F7D4C
000000BD4695
FFFFFB725950
00000051C9E3
00000258D58C
0000031F6E09
0000022900EB
0000038E477F
000003751B70
0000025FC04D
0000016199A0
000000B17C62
0000000CF672
FFFFFF9FEA70
FFFFFF521318
FFFFFF5C053B
00000065DD84
00000223DFCA
0000034F5283
00000384762C
00000301BAE8
000001B42726
000001026A6D
000000F3A58D
FFFFFF5AA886
FFFFFD4F444F
FFFFFE40F1ED
000001EB7AB7
000003841A2B
000000529A81
FFFFFD3FAAA4
FFFFFF035882
000001E99BCB
0000034C4A5D
FFFFFD510F8C
FFFFFDCCE220
0000028ECD22
0000037D48DE
00000207508F
00000311A22F
0000034F7BDE
0000031E3264
000002C2CF01
000001D17136
000000483A63
FFFFFEF12AF5
FFFFFDCD4E2A
FFFFFD5BF31A
FFFFFE594080
000000E1863E
000002D07182
0000029940BC
000001C87C29
0000012C3816
0000002E5A5E
FFFFFF9F58BE
FFFFFF27759D
FFFFFDBE9123
FFFFFCC9FD54
FFFFFEDFE909
000001653B4C
FFFFFFA52C03
FFFFFCE38F8E
FFFFFF081693
000002BA8F84
000004C467FC
FFFFFE6AA43C
FFFFFD560670
000002770CDD
000003DF4E0A
000001DA7F40
000001BC2A71
0000020D5BB6
0000032635C3
00000352A94F
000001D40A4F
00000002A826
FFFFFF001208
FFFFFE404B68
FFFFFDD71235
FFFFFDBFFBD7
FFFFFF5541E7
00000103B7AC
00000053DEBD
FFFFFFEFDE90
000000B5CE2B
0000000B8063
FFFFFED68DC4
FFFFFF354CBC
FFFFFF7E41FF
FFFFFDC24D34
FFFFFD2930F7
FFFFFF677803
000000ABD54D
FFFFFFC62CA8
FFFFFFF0014B
000000A1D2B3
000002833E19
FFFFFF7B4D72
000000B3D8FF
0000026491C1
00000399B6B0
0000016B2A1E
000000FE4C4E
000000A05AD8
000000A9C35F
000000A7E049
000000CDE468
000001327537
0000011EFF43
0000011064DE
000000D5320F
FFFFFF33C2A7
FFFFFE5D94B7
FFFFFEE6A764
FFFFFEAFDF60
FFFFFE86EB1B
FFFFFEBFD41C
FFFFFF02F287
FFFFFF963DCD
000000BEB154
000001657AFD
00000085EF58
FFFFFFDBB6C7
00000117F4B5
000002E321DE
0000028CA385
FFFFFFCA8345
FFFFFD2AF5C7
000000174F16
00000164A79E
000003D51DDD
000002111251
0000032F68E3
0000019A7EC6
00000169472D
0000002EEBFD
FFFFFEDA4700
FFFFFEED8E3A
0000012B1CC3
00000317DCD5
000002A6F8CE
00000215ABA5
0000023323B2
000000CBBDB8
FFFFFEE3EA72
FFFFFE9626D5
FFFFFF73D933
FFFFFF52677A
FFFFFD970A71
FFFFFDD46052
0000009EC686
0000023C275C
000002278B6E
0000021A2A56
0000022A567E
000002254BFC
0000032F5034
000003F7CA09
00000144766A
FFFFFDCA4BDD
000000497BEE
000000FD43FC
00000240D5B0
0000014127E2
0000035C5FF4
000002C0F6DC
00000251AB5B
0000011CC8C8
000000C3AEC6
000000DFF55C
00000149E493
000001B2E348
0000017112BE
000000C5901F
0000004B6512
00000053E526
000000484904
FFFFFFEE9596
000000E6994B
000001FE917C
000000AB561C
FFFFFFC99C8F
0000003D662E
0000000A5E2C
FFFFFFDAD7D2
0000007CD7D5
00000069175E
FFFFFF6875C4
000000C48FD4
000003D86F56
000003969DE0
000000B634F9
000000922D76
FFFFFE6E5DCD
FFFFFF25AE36
000000E40727
000003D0A6CD
0000037284D4
000002911494
000001F6F0D3
0000032365A0
00000295E771
FFFFFFFAB63F
FFFFFF68CC5F
00000163E354
000001DDCD4A
FFFFFFBC2018
FFFFFF19AEA7
0000003A295A
0000000AAC56
000000B6A396
0000033C6B9F
00000425B20B
000002BC38E8
FFFFFFF4B985
FFFFFE4A871B
FFFFFF17BDE4
FFFFFFFCF591
FFFFFF1101DE
FFFFFD7F7D12
FFFFFE616DC1
000001500748
0000029F2F41
0000017B5351
00000089C333
FFFFFE3124F5
FFFFFF206ACA
000000FC8D8D
000003A16E0A
000003190109
0000026F6C7B
000001B3C6E0
000002326179
000001FA196C
000000D314BA
0000008B0129
000001A9125A
00000246BADD
000000FDCA11
FFFFFFAF0930
FFFFFEDCF15E
FFFFFE052D5B
FFFFFEE364FE
000001520F85
0000036D05E1
0000032EBD37
000000DAD486
0000005EA247
000001AFACDC
000001848E4F
FFFFFFFD67DD
FFFFFEAD3D36
FFFFFE5B9CBE
FFFFFEB6B1AD
FFFFFFC53A66
000000E07079
000001AB4A52
0000006A7696
000000F10E7C
00000118CFCB
000003558619
00000315E0C5
000002FC12F8
000001643F32
00000056767B
0000011169C2
000002CBEEAD
000001F8EF4C
FFFFFF2F9C7F
FFFFFF522331
0000023624F9
000002CFBAE9
FFFFFFA92148
FFFFFD2AA99B
FFFFFD1A4394
FFFFFE1B3C19
000000DEF380
000003476FEC
000002BDE21C
00000213A0B7
000001FD8AB8
0000011ADDDB
0000003761D2
FFFFFFEAC8C9
FFFFFF89FD6E
FFFFFEDF6F7B
FFFFFFAC84A6
00000140493F
00000277D08A
000000C9A10F
00000167427B
0000019183F8
00000378B950
000003470E30
00000397E694
000001B9627A
FFFFFFC30240
FFFFFFDE1B79
000001EF7C16
0000019957A0
FFFFFE9D59CB
FFFFFEA66C16
000002738291
000003DD8036
0000012794A2
FFFFFED507AF
FFFFFD35ACD1
FFFFFBC7ED05
FFFFFE5540F6
0000031FD422
0000048A7673
000002A4AEF5
FFFFFFA706E7
FFFFFE15021F
FFFFFEAFF8C5
FFFFFF341A6C
FFFFFEFEC4F1
FFFFFF602D2B
000001777E1E
000003406E03
000003193C64
FFFFFFC84A34
0000016ADBFB
0000021D618D
0000034E199E
000002578262
000003447BF5
0000029E07D6
0000004F45B7
FFFFFE4D473F
FFFFFFE933DF
0000025B9DC6
00000160BC48
FFFFFF468F0C
FFFFFF909D5F
00000108E3C1
000001EB9686
00000208280C
FFFFFF4B37E7
FFFFFB5ACC6C
FFFFFBC13ED0
FFFFFFD61368
000003686130
000003E02497
0000001AEA64
FFFFFD17676E
FFFFFDF7E9A2
FFFFFEB8B5BC
FFFFFDEF032C
FFFFFE370E61
0000014FB823
000003F8FA00
000003640BE1
FFFFFF6221FA
000001EBBF71
00000226ADE0
00000318A3C0
00000126AFD9
0000022E3062
00000341DCC6
000001DF763D
FFFFFE56AE93
FFFFFEAB3789
0000023D600E
000002C942D6
FFFFFF6583DA
FFFFFD26C477
FFFFFF45C7A6
0000036F0A2E
000004CA12B1
000000EA4748
FFFFFC4A76B5
FFFFFB3D7A23
FFFFFBD6C61B
FFFFFE983C03
000002EFBDA3
0000031CFE6F
000000468A6E
FFFFFF2D3CDC
FFFFFF31B5B2
FFFFFE74E870
FFFFFD6092CC
FFFFFEC4DC3F
000000F01C27
00000179551D
FFFFFE5AF95B
0000011FA933
000001F5AB31
0000035D0C1B
0000010CAECB
0000012A41A0
0000029160B2
000003152B05
0000002C4A71
FFFFFDD0FC54
FFFFFF1A9C80
00000239438C
000002664C7D
FFFFFEEF6A57
FFFFFDEA5FEB
000001E1E6F6
0000046AC5A1
0000017BBF05
FFFFFEA0043A
FFFFFE0B7BD0
FFFFFBB164CD
FFFFFAA965D3
FFFFFEC2AD5D
000002CD214B
000002500C4E
FFFFFFAA77E7
FFFFFEF0DE90
FFFFFFAB49E0
FFFFFEC372AA
FFFFFE057925
FFFFFEA91A29
0000002AD9C8
FFFFFDFB1FB7
FFFFFFD4EC89
00000202544A
0000038D2BDD
0000019BA9E7
0000012E4586
0000016946E6
000002B7BB78
00000235EB98
FFFFFED0247D
FFFFFC6E2402
0000005A943F
000004E63620
000001AAC698
FFFFFC4B4CCA
FFFFFD961B80
000001FF80B8
0000034CD594
000002ED8631
000001DB2D03
FFFFFE99E3E5
FFFFFBEAD5DD
FFFFFC962BB6
FFFFFEA23A4A
FFFFFF911885
FFFFFF233B8B
FFFFFF1F5873
FFFFFFF93582
FFFFFFFBDCCA
FFFFFFAF9396
FFFFFFE19A9D
000001668E88
FFFFFFDB1AC2
0000009AA120
000001D8BCD3
0000032989C8
000001BCB6F7
0000017A186B
000000A630CA
000001DB0477
000003A5FD7B
0000012435BE
FFFFFC4761F6
FFFFFDDBDFC4
00000346922F
000002DFA49A
FFFFFE31E511
FFFFFCE18FBC
FFFFFFE5202C
00000383FC93
000004913687
0000027FD865
000000777F92
000000130F1F
FFFFFEA47D9C
FFFFFC73EFFE
FFFFFD3B900F
FFFFFFCCECCC
00000049423D
FFFFFF39D48D
FFFFFF37AC46
00000064F14E
00000108A96F
000002A6C132
000001ECA4A6
00000216D9A9
000001463C51
000002B37996
0000016F5C0E
00000149C2B0
0000001EEB5A
0000012B6962
00000403D57E
000002F480FA
FFFFFE2B6F22
FFFFFD03A2AF
00000031CFAC
000002D73261
0000022543AE
FFFFFEFFE8FD
FFFFFDBF8937
00000074889B
0000027BE642
000000CEA9CB
000000355DA3
00000241BA2E
000001BB31FF
FFFFFF143CAF
FFFFFF54F5D7
000000E66266
0000002DEB09
FFFFFF2ACA78
FFFFFFBF8C68
0000007047D0
000000369BDD
000001D45C0A
000001CE4EC1
0000026E726A
000000AF92D4
000002C14573
000001853E88
00000145AC77
000000550E3C
00000107A08B
0000038AE6A3
000004053188
0000013A97FF
FFFFFDDCCAEB
FFFFFD5D9B86
0000017EE7A4
0000045D1548
00000096DFC1
FFFFFC7E5A64
FFFFFEDF208D
000002633F95
000000AB3D71
FFFFFEE3AF01
0000012C16CF
000002EEBB7F
00000209526E
0000011A2478
00000081F4C2
0000006699B2
0000020C53DD
00000306489E
0000010913ED
FFFFFE76879E
FFFFFF8696C6
FFFFFFE4CFAB
00000217E51F
FFFFFFA4C5C7
000002D7B6A2
000001D2E85A
000001999FFA
00000190497A
000001D91B93
000002D5EA31
000003FD9055
000003F85EE7
000000089F10
FFFFFBAC1AB2
FFFFFEDABEA0
00000455351E
0000025CF46A
FFFFFDC61FEF
FFFFFF4155E6
00000327B384
000001D0C34C
FFFFFE0C5475
FFFFFE2CACEE
000000929EEF
000001597D5C
00000088FAB0
000000641A84
0000024A7AF1
000004F80590
000004FC9BFA
0000016B18FE
FFFFFDDE4AAE
FFFFFE2078F2
FFFFFDBA553D
000000A6696D
FFFFFF0CF864
0000031394D1
000002AF479B
0000024AAC54
00000239CF5F
000002148708
000001E0E616
000003464C44
00000544073C
00000234FAE4
FFFFFC2BDAA7
FFFFFD172999
000002AA2255
0000036DB023
0000001FE5E5
FFFFFF48E39F
000001C45A21
000002910C60
00000001D909
FFFFFD56FD22
FFFFFD6D27AB
0000001BDB8E
000002132AF9
000002290AA9
00000214B0B7
000002AD82BC
000003281F34
000001E97DEA
FFFFFFB03D60
FFFFFF01A53C
FFFFFCB37B91
FFFFFEE21490
FFFFFFFE03B2
00000356DE10
0000032ABD99
0000032AA0E1
00000244D991
00000148CA80
00000081A3BE
0000019123B5
000004302FCA
0000030068FF
FFFFFE3353A3
FFFFFCED609B
FFFFFFD19122
00000254E693
000002069927
FFFFFFE147B2
FFFFFF950164
000001C75299
000002F24D0D
000000584DE3
FFFFFD9F3623
FFFFFFF4FEC0
000003CB8957
00000371C67C
0000002DF9E2
FFFFFE5A628E
FFFFFFAE39CD
000001D4A322
000001945E13
000000581D9C
FFFFFD2DFD78
FFFFFF1900E0
000001A6BC4B
00000325BE51
0000023D1AE1
0000035369C2
000002B406BE
000000FC0384
FFFFFF3E1234
FFFFFFA31995
000001FB6A41
000002C0D513
000000ABB7EB
FFFFFDC3B279
FFFFFD22D229
000000AFD528
000003C4FA25
0000017436B3
FFFFFE4E4DEC
00000002BDB1
000003E0F2F7
0000034E1FA4
FFFFFF5BB212
FFFFFF1EA250
0000020B5F5D
000002DF51A4
000000D197D8
FFFFFDC74FA6
FFFFFCF50BC5
FFFFFFA6C71A
000001307EF6
000000B3CD61
FFFFFE0BD0C0
000000705EC5
000002D0C2CA
0000034A6FB9
0000010FABB2
0000025F11FC
0000020EF05F
000000D5C46C
FFFFFF700FF7
FFFFFF2FDF83
0000004AF994
000001D7544A
00000281E82F
FFFFFFCE7281
FFFFFC661618
FFFFFEB358D0
000003A0823B
000002D05EBC
FFFFFEA2CB5F
FFFFFEBDF659
00000282859A
0000036BFD2E
0000007EA3FC
FFFFFEAA64FF
FFFFFF76FB1C
00000118CDDA
000001E0ECEB
FFFFFF935E7B
FFFFFC54BF90
FFFFFD0A6D89
FFFFFFB10D8D
00000132E14B
FFFFFF0A9CB8
000000DCE337
00000378F097
000003DEA9CA
00000087DD88
000000DDFE49
0000007990CD
000000B67FE2
000000576A52
FFFFFFC3571F
FFFFFF6018FC
000000A55489
00000331772E
00000205E256
FFFFFD888237
FFFFFD262AA9
0000011DD7E4
00000280C75F
0000002B0B59
FFFFFE94FEB4
FFFFFFD5E1D0
000001B865DD
000001928E57
FFFFFF85C013
FFFFFDC2BCE6
FFFFFE2DCC47
0000001C8B84
0000006F37A5
FFFFFE1C310C
FFFFFD0CEDD4
FFFFFEC0B0CA
00000171CD78
FFFFFFA3936C
000000AFC8EE
0000054E62DC
000005A9E33F
000003529600
0000039EA436
00000292B8A2
000003E5C67B
00000431915E
00000380F260
000002A1AF86
0000037EBC4B
000005CA544E
000005800CB4
000002340D56
00000047F492
0000012EA822
000002E303F1
00000336D974
000001995329
0000003CB1C3
0000019F82E7
0000039D2105
0000024A33D3
FFFFFF228E25
FFFFFE7F43C8
000000A61DD5
000002E7190E
00000326CB4E
000002308C28
00000291916A
0000041D42AA
00000369FBD6
000003133EBF
000002A1D452
000002776F35
000000EC3FF9
000001510F26
FFFFFFF81342
0000019CE297
000002C4149D
000002B9809F
000002125A14
00000250DE1A
0000037434B2
000003B0B519
000002BAA851
000000F57D78
FFFFFF2C0828
FFFFFF8749EF
0000016793A1
00000157E091
FFFFFF1818E1
FFFFFEA45147
00000071D422
000000809204
FFFFFE912DD0
FFFFFDB5ABE1
FFFFFE53C370
000000142F93
0000021D3064
00000285AA4D
0000026E8470
0000043D8EB5
00000539A5C7
0000034DD8A5
000005830C81
00000516F05F
0000042F732A
000004233F48
000000A4D37E
0000011DDC58
00000221C2A2
0000024FAC8A
000001D454D4
0000017657AB
00000180B14B
0000024FAF8E
000003547AF0
000002194377
FFFFFF3C86D4
FFFFFEE85D5C
00000115E2FD
000001D47673
0000004289D2
FFFFFF455C55
0000004D57E8
000001681FDD
0000016122D5
000000847F96
FFFFFF7631E8
FFFFFFF1B17E
000001EB9560
000002C147B2
0000021D7B46
000001ABBB25
000002D388C8
000000DF1A92
00000353A282
000003348265
000002F8EF2A
00000159146A
FFFFFC3BCA92
FFFFFB77A2E0
FFFFFB7FA588
FFFFFBAE2DF4
FFFFFB903A65
FFFFFB119FE5
FFFFFAB68961
FFFFFB93E7AE
FFFFFD38E015
FFFFFCF8F909
FFFFFB0D5C21
FFFFFAA0BC49
FFFFFBDCA98F
FFFFFC954351
FFFFFC7F4602
FFFFFC6FF2AD
FFFFFC94D7A4
FFFFFCD66EEE
FFFFFD0CE983
FFFFFCD3A291
FFFFFC3DD12E
FFFFFC306FD2
FFFFFCA25756
FFFFFCA0F836
FFFFFBB75F85
FFFFFAC70474
FFFFFCBDAAC3
FFFFFDF52E9A
000002860766
0000015690E7
0000018D42FF
000000DB69EB
00000004C61F
000000A2DA2E
000000FBF0B5
000000E16D04
000000A7A17C
000000891198
000001068975
000001D74B76
000002257760
000002295984
00000281E548
0000029EB27F
00000140E20E
FFFFFF527C06
FFFFFF5552FD
0000016F46BB
0000034F973E
0000032A92AC
000000AA54EC
FFFFFE36E353
FFFFFF607311
000002E1831E
000003CB35A3
000001B24C1C
000001B1725C
000001E85C5A
00000093DEB0
FFFFFDBE3312
000000FC37EF
000000EABB58
00000240E5BE
0000015BB317
FFFFFFAB73F7
FFFFFF3EB138
FFFFFF874C38
000000005D1C
000000310D5F
FFFFFFCAEDCA
FFFFFFD93E0E
000000FC45F0
000001C7EA55
000001D0BA0A
00000208435C
0000031FB646
000002FE3BC7
000000253D79
FFFFFDFA7A57
FFFFFEF065BD
000001A76BB3
00000454E215
0000036F1401
FFFFFE85E0CF
FFFFFCB6DB7A
000001172496
000004ADB74C
000003756050
000001F6AABE
000002CBF79D
0000033E7EE5
FFFFFECA9B40
FFFFFEE44467
FFFFFDDDD0EB
0000011D6BBF
0000010B52D7
FFFFFFC5BE26
FFFFFE55C969
FFFFFDA4AAF5
FFFFFDFDB374
FFFFFE7F1172
FFFFFE28F168
FFFFFDC95788
FFFFFEB0CDB0
FFFFFFAA4BB8
FFFFFF7521B6
FFFFFEEB63D5
0000005866BD
00000266CA66
0000014F4F26
FFFFFE787C6D
FFFFFD16E088
FFFFFDCCD3E8
0000016C559E
0000037CD53A
FFFFFF2E5D5A
FFFFFB5BEF62
FFFFFEB560F4
000003389D5C
0000034DD3C3
000000FEC457
000001ED3BE1
0000048E83D2
FFFFFFFCD3BE
FFFFFF6294F7
FFFFFD6A2B3E
000000329D6A
00000113861C
0000013BF6B3
00000060EA14
FFFFFF4344CC
FFFFFEA08CA0
FFFFFE6EB1BB
FFFFFE1266C2
FFFFFD959390
FFFFFE329558
FFFFFF6E8045
FFFFFF96FDF6
FFFFFE800A99
FFFFFEAE92C0
000000F4B485
000001FF5A0B
000000D159C5
FFFFFE75F5A5
FFFFFD18DE08
FFFFFF9BC96E
00000268D0BC
FFFFFFB42EFC
FFFFFBAD0411
FFFFFD000C45
000001DE727C
000004E71D2C
000002BCAAF1
0000009DC50C
00000335ADFB
FFFFFF223C05
00000019BDF4
FFFFFC65E27C
FFFFFE85C3B9
FFFFFF3A4CF7
00000022E726
0000017965CB
000001F72439
000001B9F23D
000000E4DAEC
FFFFFFC6DCCE
FFFFFE98EDCB
FFFFFE0C20C1
FFFFFF023870
00000002058E
FFFFFF5AAC9F
FFFFFE897247
FFFFFFB7972E
0000017B14FE
0000018F1DCF
FFFFFFD8B93A
FFFFFE901E40
0000006BE1B4
000002F86DDE
00000136AE69
FFFFFC626A80
FFFFF9ECB94F
FFFFFDFD2764
000005C4B4FD
00000731128F
000002BA8087
000002FBF675
FFFFFDEFBB27
000000758C32
FFFFFBCA5072
FFFFFD0953A5
FFFFFD369FC7
FFFFFD449A52
FFFFFEB54196
000000E53AE9
000002C6A2A5
00000313101A
00000233A354
000000A14887
FFFFFEA394B3
FFFFFE3DE62A
FFFFFFB1D1BD
FFFFFFC06901
FFFFFE60CF96
FFFFFE7320C4
FFFFFFD0D723
000000AAF9B9
0000002BC83D
FFFFFF804F9C
000000BDF4B4
0000030837E5
000003A336D7
0000000603E8
FFFFF8E9AAD7
FFFFF7D980C8
000001B75E01
00000941D8FB
000007C7E696
000005D5F129
FFFFFC6EBC6A
00000165FED9
FFFFFC1BF842
FFFFFD2440B0
FFFFFDC73570
FFFFFCD54489
FFFFFBF1BD83
FFFFFCA88C7A
FFFFFED39560
000000B0B1C2
000001AA462E
000001B37FA9
FFFFFFB77544
FFFFFE796A74
00000016BE60
000000B884A0
FFFFFEF3E216
FFFFFDE7A28A
FFFFFE2E1C0F
FFFFFEBEBE9F
FFFFFF1E17FE
FFFFFEDB292C
FFFFFED42EEE
00000051E68F
000003DB4386
000004A8CF58
FFFFFCB75952
FFFFF56AD68E
FFFFFB027EE2
000004C2D3C4
000009E60B21
00000ADC3BEC
FFFFFDBE0A33
00000264199D
FFFFFD4204F3
FFFFFD9E76A8
FFFFFEB3F57F
FFFFFED5BEBB
FFFFFD21FBC8
FFFFFB834266
FFFFFB7A3107
FFFFFCD957D1
FFFFFF047F23
0000011B098A
0000008700BB
FFFFFF6A4D3F
0000011A7DEE
000001D78A06
FFFFFF92AC84
FFFFFE34CF65
FFFFFE6BBB07
FFFFFE326878
FFFFFE14036D
FFFFFE81544B
FFFFFE108963
FFFFFD7DD2F7
000000B6E8C9
000005863D4A
0000025B27AC
FFFFFA1CF68C
FFFFF8E62C67
FFFFFD33E743
00000593B19E
00000D2551EC
000000C608AB
00000247321F
FFFFFE2609AC
FFFFFE02E497
FFFFFE60D609
FFFFFFB7438F
FFFFFF7FF56F
FFFFFE2B2948
FFFFFCDD1337
FFFFFC49BC95
FFFFFD069B06
FFFFFED80138
FFFFFF211184
FFFFFEEC2C59
0000012B3330
00000268A2E9
FFFFFFD7E32B
FFFFFEAAB4B1
0000002C0077
FFFFFFD82D25
FFFFFE655DB4
FFFFFEA658E9
FFFFFEE8EE13
FFFFFCE67CA0
FFFFFC72AB93
000000B0F8A8
000003475AAC
0000007AA226
FFFFFDBD4071
FFFFFB9C56B1
000000D20ABF
00000AE8EDE8
000000996FE6
00000110FEC8
FFFFFDE15E9C
FFFFFE99DE9B
FFFFFE3C49FC
FFFFFEB60003
FFFFFF097CBE
FFFFFFD10BB4
0000008957DF
FFFFFF8D8AB9
FFFFFDC1A42D
FFFFFD3FE65B
FFFFFD23B6AA
FFFFFD1BB3D1
FFFFFF7FED36
000002070D28
000000B748BC
FFFFFF3BD2B9
000000B48B05
0000018CA5BD
0000001754DB
FFFFFF731E09
0000004FE4ED
FFFFFEF929FF
FFFFFB28ADCB
FFFFFB1BB8EA
FFFFFF224656
000001BB9D56
000002250191
FFFFFFA30F0C
000001779645
0000091C192C
FFFFFE257E23
00000072E52B
FFFFFD212E3F
FFFFFED75271
FFFFFE98B152
FFFFFD98CFCF
FFFFFC4A1882
FFFFFD85627D
0000011C3638
000002D0E10A
0000019F72F2
FFFFFFF97FE9
FFFFFE98D766
FFFFFCFCA7B2
FFFFFCB57F16
FFFFFED68FCF
FFFFFFBCAAA0
FFFFFF0B357D
FFFFFFDED38B
000001548683
000001364783
000000F51AF7
000002D32DD5
0000032FA3CB
FFFFFE67127D
FFFFFA60E714
FFFFFB92C680
FFFFFE56ED28
0000006AF408
000000D779FE
0000047A0CCC
00000B8EFB03
FFFFFEC3684C
0000010688F2
FFFFFD5DEAB1
FFFFFEE5741B
FFFFFED899FA
FFFFFE27AF39
FFFFFBD7345A
FFFFFA51E717
FFFFFCA9C28E
000000FD3B60
00000423590E
00000456028C
0000027D35BE
FFFFFFA62689
FFFFFC6BC8D4
FFFFFB6604F4
FFFFFCA670C7
FFFFFE03B6A2
FFFFFF5B98C9
FFFFFFBAF700
FFFFFF45DF07
0000002B5E72
000003B25697
000005E23BE9
0000027BD59B
FFFFFDB083AB
FFFFFBE31524
FFFFFBF69EB9
FFFFFD2E01FA
FFFFFDB1947B
00000418C937
00000DE9336F
000001487FE3
00000129AEA6
FFFFFE168410
FFFFFFACCF8B
FFFFFFA25A1A
0000000F85DB
FFFFFEFF801F
FFFFFB4D13E2
FFFFF88E5422
FFFFFA79AB1F
0000000FADA2
000003F12CD5
000004C90944
0000040BBA2E
000000D36420
FFFFFD37BAB2
FFFFFBAEC3D0
FFFFFCB3F53E
FFFFFF0AE9F4
FFFFFF26B48A
FFFFFD1F448B
FFFFFD08449C
000000A7AF49
0000043055B9
000003B068F4
000000D21B9E
FFFFFE4163F7
FFFFFCDDBD20
FFFFFD26498C
FFFFFB771F95
0000012B4319
00000C37BC5B
0000015D4720
000000324661
FFFFFD7BFA43
0000003548F3
00000071685D
0000009D74E6
0000014EB43F
FFFFFFE86BA6
FFFFFB172F09
FFFFF72F0DCE
FFFFF8CE7945
FFFFFE25ACD1
0000039382AE
00000663201F
0000055C5702
000001E2DF4F
FFFFFD27B57A
FFFFFB1929A2
FFFFFE21EAD0
0000008CBD37
FFFFFEC5216A
FFFFFC98E3EF
FFFFFDF88D1F
00000117F264
00000270CA6C
0000019848A0
FFFFFF7A5F96
FFFFFE37B3D9
FFFFFEA992C0
FFFFFCC241F0
000000191994
00000994F984
00000016A2D7
FFFFFF8E3578
FFFFFBDA6864
FFFFFF10D016
00000049DF6E
FFFFFFE182AF
0000007380BE
00000249D44D
0000012CBB01
FFFFFBE4A839
FFFFF6F8ACBC
FFFFF7CBF1A5
FFFFFDEAFCEF
000003803095
0000063470FA
00000584B05C
FFFFFFCF79BA
FFFFFAD544A8
FFFFFC2B42B3
FFFFFFF68C04
000000E29010
FFFFFF5ECEEE
FFFFFF423E79
000000DF2EDF
0000020CE2B7
000001C6DF22
FFFFFFA42CBE
FFFFFE28D5FE
FFFFFF02C3B5
FFFFFE967C4D
000000DFB344
000008614D8F
FFFFFFA5194C
0000007D5191
FFFFFAF9D66B
FFFFFCFDC604
FFFFFF6A1850
000000110697
FFFFFEEFE9DC
FFFFFFEF3583
00000336F9E9
0000033C1F1F
FFFFFCBF1F02
FFFFF66F9839
FFFFF7345E40
FFFFFCEFE7EF
000003D678F5
000007568F0D
000003CD319D
FFFFFD8D59AB
FFFFFA90EB95
FFFFFC0FC5BF
FFFFFF5FAD81
00000072CFCF
000000572310
00000168FCBC
000002FCA057
0000033DD32B
000000A89BF9
FFFFFE4BEEB5
FFFFFED13F24
FFFFFF1A164A
0000012411E6
000007783A8A
FFFFFF76D860
00000209A864
FFFFFB7A6FA5
FFFFFBC0383B
FFFFFE5FDEF1
000000C32F25
FFFFFF0B024F
FFFFFCF7DBF8
00000025CBAA
000005515B28
000003F54504
FFFFFC3A66E8
FFFFF6254C2B
FFFFF6D64157
FFFFFD841561
0000047053C0
0000065A50DC
000002F30754
FFFFFD1515CA
FFFFFA8E12E0
FFFFFD086690
FFFFFEA46A56
FFFFFE1643CE
FFFFFEC7C47A
000001A73261
000004068B05
0000029370B6
FFFFFFE94DFF
FFFFFFF17692
0000003A1B81
0000020C5CE1
000006FDA7A8
FFFFFED18A61
000002C1DD9F
FFFFFCAA7F79
FFFFFBDC4277
FFFFFD18D1C8
00000067157C
000000B90ED3
FFFFFD8B9A42
FFFFFC247775
000000B614C2
0000066C0DD7
000004A899FE
FFFFFBD57A14
FFFFF5B43AF8
FFFFF784C8C6
FFFFFDC22412
0000040F0CC5
0000060AF27B
000001DDADDF
FFFFFD3B7415
FFFFFCB9246C
FFFFFDB4BF48
FFFFFD5C46FF
FFFFFC84EB5D
FFFFFE1ECA26
000001A7F0DF
000002A20914
000000E5FF03
00000044E731
00000122618C
000003FE529D
000008146439
FFFFFE682A2B
00000240B18D
FFFFFD521E9F
FFFFFC8BBD96
FFFFFBF200DD
FFFFFE9B1CFF
0000023A67CA
00000124C5E5
FFFFFB4B0000
FFFFFA9809B0
000002D33A92
00000863746F
0000033C0129
FFFFFB0EC31D
FFFFF7CEB058
FFFFF998A7ED
FFFFFEBE2529
000002C0ED82
0000021D3283
FFFFFF546F59
FFFFFD8230D2
FFFFFE398DBB
FFFFFFCFAAA3
FFFFFF0A4E36
FFFFFDF96F42
FFFFFF3E5B95
000000A67954
FFFFFFB62BAD
FFFFFE1AE315
FFFFFEED092B
0000045A47C7
000009CA2AE6
FFFFFF03B827
000001AC5C34
FFFFFD6D82D3
FFFFFD79BF71
FFFFFB73B9C1
FFFFFC08322D
0000018D82F7
000004815762
FFFFFE246AF0
FFFFF8433DC6
FFFFFD2E4CD7
000005BC6EBB
000006C256A4
00000150DC57
FFFFFBF70E2F
FFFFFABB010F
FFFFFD2AEB7E
FFFFFEBA1475
FFFFFE99C664
FFFFFEF203B7
FFFFFE2E80CE
FFFFFD77F56C
FFFFFFB47F4C
000001E69BF8
000001C766FA
000000BD3622
000000471CEC
FFFFFF41D333
FFFFFC805061
FFFFFBBDFAA7
000002EF8561
00000ACC6CAD
FFFFFFE0D30B
000001D77AD2
FFFFFDE07227
FFFFFEA45102
FFFFFBEDF094
FFFFFA13A1C5
FFFFFEEDDB8E
000004C1D24F
000001CC7FCD
FFFFFAC9AA7E
FFFFFA4A4DF3
00000051349F
00000510E0F1
0000039513D5
FFFFFE8F7F75
FFFFFD4786DB
00000065FB75
000000B321D0
FFFFFE106BFB
FFFFFE05B8A7
FFFFFE4AE038
FFFFFC2B0766
FFFFFC0345DD
FFFFFF251881
0000022DFA70
000002EC3A0E
000002C971FD
000001D2B66E
FFFFFE071A0E
FFFFFACB7812
000001C0B590
00000AE3A268
00000046FB08
000002127BC9
FFFFFE56D9D8
FFFFFF997BD5
FFFFFCF9D946
FFFFFA195D0B
FFFFFC70F3E8
00000227D49E
000003CBC254
FFFFFF8CD520
FFFFFAA65A6B
FFFFFBC0D05C
000001D7D304
000003D47571
FFFFFEB094DF
FFFFFC54CF9E
000001CF734F
000004EF04D8
000000EBC42E
FFFFFDD7E199
FFFFFE82AE9D
FFFFFDFE7A45
FFFFFBAC336D
FFFFFAB03EAE
FFFFFD0269A1
000001279642
000004C9C5FA
000005535722
000000AAD8CE
FFFFFB5C16E1
000000735BFB
000009CC3D0A
0000007233F6
000001C9F23D
FFFFFE46EFF4
000000102D35
FFFFFE220F15
FFFFFB5E40DE
FFFFFB1793D3
FFFFFE9BB529
0000039737DD
000003A6AA5E
FFFFFD066B1E
FFFFF9B2F070
FFFFFF85D85E
00000425D4E8
FFFFFEF5CCCD
FFFFF9B26D84
FFFFFEAA7E65
000004F0E230
000002EC798D
FFFFFEA72E1E
FFFFFEE6B58D
0000017049B3
000000C72ABA
FFFFFC59E8BB
FFFFF990CC83
FFFFFC2FB96D
00000251A6D3
000005CF1AD4
000002CF266B
FFFFFD3A2B7F
FFFFFFAEC97B
000007E8863F
FFFFFFFB1378
00000137153C
FFFFFE1396FF
000000B8D0B3
FFFFFF852775
FFFFFCF35564
FFFFFA9FED03
FFFFFB699CEE
000001A2C9E7
000005A4D126
00000008433B
FFFFF9F141F3
FFFFFD956995
000003D0CCAA
000000F990CE
FFFFF9DA0898
FFFFFAADDDDD
00000123830E
0000033FC60C
000000096444
FFFFFDB8D968
000000751E44
00000458697D
000002CFBF8B
FFFFFCF9BC0D
FFFFF9F15E9D
FFFFFD638B38
0000028273DD
00000322CBA4
FFFFFFEA2A6F
000000E1F64C
000006F4E430
FFFFFF227CCB
00000078AF2D
FFFFFD6E6349
0000010F4562
000001335729
FFFFFF141AF9
FFFFFB7C4F44
FFFFF9B28ABD
FFFFFED283DE
000004F29B09
000002868870
FFFFFC37449B
FFFFFC604AB6
000001C3D5EB
000002C5B60E
FFFFFD50175A
FFFFF9A7D4C6
FFFFFD3163E8
00000294E050
000001E1AB93
FFFFFC5AF87F
FFFFFB60A543
0000014E6469
0000059CC6AC
000003428B81
FFFFFE323E8D
FFFFFC8EA908
FFFFFECA43BA
000000A78475
0000003D7C55
0000025BC089
0000079254D9
FFFFFF4E1195
0000009FC5C3
FFFFFC2358D2
FFFFFFCA0F71
000001BE8C1F
000000F50C8B
FFFFFD3D6873
FFFFF9D07395
FFFFFC43E652
0000021C3BF5
000003CD7726
FFFFFFDA4543
FFFFFC23CED2
FFFFFE387C56
000002A50C80
0000019667AA
FFFFFB804D11
FFFFFA520E4B
000000CE0F29
00000406803F
FFFFFE58B508
FFFFF938589B
FFFFFBF0ECA0
000001EDA81A
00000526FE5B
0000039B006D
FFFFFF7FC047
FFFFFDBC0A7B
FFFFFE7CC736
FFFFFEE80B93
00000258B008
000008091956
FFFFFFD6631E
0000029AAAFF
FFFFFC2A2917
FFFFFE329DE6
0000009EFF4E
0000016D2C71
FFFFFED4791D
FFFFFB0F9C47
FFFFFA939C2D
FFFFFE443A84
000003480A8E
000003392FB8
FFFFFD656741
FFFFFB4F5A01
000000929AF9
000003AE5C2C
FFFFFE0F9919
FFFFF94985C2
FFFFFE359C26
000004466836
0000021CA130
FFFFFCB4AA69
FFFFFB2ED326
FFFFFD7C666E
000001CA8365
000003D691BC
00000109CD38
FFFFFE81E2A4
FFFFFEEA48C8
FFFFFF199298
00000251BCA8
000007953AC8
FFFFFF636BC9
0000048CAA9D
FFFFFDCDD889
FFFFFDDFE44C
FFFFFF1D2B4F
000000F63B81
0000001ED253
FFFFFD388745
FFFFFA61E57A
FFFFFAD49E5F
000000CA785F
000004AA4385
0000000617CB
FFFFFB1CEC55
FFFFFE0CFADA
000002987E53
FFFFFFDEFB9A
FFFFFA96A28B
FFFFFC3134C1
0000015E09E2
000003077EAC
000001261439
FFFFFE660E16
FFFFFCA16593
FFFFFE165CC7
00000105E535
000000E94B34
FFFFFF39F7FF
FFFFFF56E933
FFFFFFC16986
000002C5D785
000007747F25
FFFFFED70F89
0000038CC753
FFFFFE46DBC8
FFFFFE4496D9
FFFFFE7EF5FE
000000444225
000000E51F22
FFFFFF75BF43
FFFFFBD8DD78
FFFFF96A41EB
FFFFFD727FC5
000002F7A064
000001A130C4
FFFFFD2ABF67
FFFFFD324BFD
000000641E3A
0000002F4202
FFFFFCDAC84F
FFFFFC016F8F
FFFFFE06733B
000000BC63D4
00000242A0ED
0000012B7ECA
FFFFFE45A5C9
FFFFFCC1D799
FFFFFEAF9131
000000A59EC4
FFFFFFDEAC84
FFFFFED3A710
FFFFFE91311F
000001C18EA5
000007F16580
FFFFFFCE5B6F
000002EEA1B1
FFFFFF161847
FFFFFF8050F5
FFFFFEF58254
FFFFFFBA76F6
000000C02E02
000000B4261D
FFFFFDE33B8E
FFFFFA975274
FFFFFBAEC60B
FFFFFF935DF4
000000EFB2D0
FFFFFF61DDEF
FFFFFE273655
FFFFFEB97853
FFFFFF2C73ED
FFFFFE7B316F
FFFFFDB34BD0
FFFFFD116683
FFFFFE0E0EAB
00000077B77C
000001CC5ACE
000000D9BB7B
FFFFFE467DD0
FFFFFDBDCCF5
FFFFFFC602C9
00000057FB70
FFFFFF0B7B16
FFFFFD149105
00000083F994
000006F719D1
FFFFFF3219CF
000001124D36
FFFFFE69CBBB
FFFFFFA66478
FFFFFF342A64
FFFFFF37DB7F
0000001EC392
000000DD9322
FFFFFF7883F7
FFFFFD18B35D
FFFFFC7C2E29
FFFFFDC19C76
FFFFFF551ECF
0000000774B5
FFFFFF24E228
FFFFFE10B650
FFFFFDD42AEA
FFFFFE9A158E
FFFFFF4A5B7B
FFFFFDF5C4E7
FFFFFC841FDD
FFFFFD6FA42A
FFFFFFAE392D
0000012AE054
00000004A8F0
FFFFFE1E99E7
FFFFFEA57A98
FFFFFFCD9717
FFFFFF1C3C90
FFFFFD6C3C36
000001FEDFE1
000008AB6865
FFFFFF525D39
FFFFFDCCA576
FFFFFD0E296C
FFFFFF9543B4
FFFFFF640F70
FFFFFFAFA03E
0000005CCF65
0000015FCD5D
0000010C292C
FFFFFFDE025A
FFFFFF105C3F
FFFFFEC8613D
FFFFFF7574AD
00000080674B
0000008ECC30
FFFFFFA375E9
FFFFFE89E00F
FFFFFE8ADEA2
00000005FD45
0000002DAE7B
FFFFFE439C15
FFFFFD23DAD5
FFFFFDCA6C27
FFFFFF87F439
0000009C4437
FFFFFFFADDBF
FFFFFFA3CE6E
00000000D0D9
FFFFFF71486C
FFFFFD1EE631
0000029D97C5
00000B62D0B3
00000415D348
00000250A050
0000039FDA1A
000002A3377B
000002113B31
0000008B78CF
FFFFFF23D9F3
FFFFFE445806
FFFFFDFD38EA
FFFFFE9D1C98
FFFFFF8E1C85
000000B3C862
00000181A935
00000130C795
000000A039AD
0000007758AE
00000059761E
FFFFFFEEEE0E
FFFFFF96B1D7
FFFFFFD0745F
0000003D4831
0000000C3A8C
FFFFFF9CD3A4
FFFFFF2D43A2
FFFFFF4082AE
000000EC6722
000002A53033
000001FA88F9
000000624496
000000B4B39C
00000191B197
000004654763
000004F4908D
0000016B434A
00000130B798
000000FEAC3C
0000001ED42B
FFFFFEECD83C
FFFFFE5E1D7B
FFFFFE5448E7
FFFFFED6C06D
FFFFFFC13015
000000734634
000000F7D5D5
000000E8DD93
FFFFFF9B2FBD
FFFFFEBFE9F0
FFFFFF5222C0
0000004DD0FC
000000F554A5
0000012BC033
000000F2AF6C
00000040B735
FFFFFEDF39B6
FFFFFF15EB72
000000F1FE9D
00000200118F
000002CAA82B
0000029A4185
FFFFFF65FFC2
FFFFFE69515D
0000018852D7
000003C51820
0000052BA649
000005537C2C
00000118F20E
0000007C5730
FFFFFEFF4453
FFFFFCF063FB
FFFFFCB45543
FFFFFD7030EF
FFFFFF9854A4
000001650563
0000019EB80D
000001430B26
000000D41F45
FFFFFFCE84E4
FFFFFE2DE3F9
FFFFFDDA9596
FFFFFFD63076
00000141EE35
0000016F1A79
0000013538C9
00000055A7A9
FFFFFF795364
FFFFFFD5226A
0000019080AD
0000034B511D
00000371F41C
0000027DDA3B
0000005C3F6C
FFFFFD475492
FFFFFECC201B
00000433692D
00000597A5BA
00000433B3FA
0000041541C3
0000013E6722
0000004E6BFE
FFFFFDBE1DD0
FFFFFCD66888
FFFFFEF47C62
000000BAE818
000002399AFC
000002C4B451
000001FE6326
0000010343E3
0000006B7486
FFFFFF8417CC
FFFFFEAD177B
FFFFFF6CE27F
0000023F5B10
00000378800D
000002162E29
000000F263D9
00000076E56D
000000AF9C2F
00000257AEF2
0000039F7EE7
0000035DD502
00000261A395
0000014E61D1
FFFFFFBDEEE9
FFFFFE43A6BE
FFFFFFDFE388
000003AD2429
000004C96B11
00000562877C
0000063230E7
00000163AA20
000000B11251
FFFFFEA7097B
FFFFFF4F0A74
0000028826F3
0000038993AD
000001BBCAD7
000000217329
FFFFFFFA68B1
00000032223E
00000053E8A4
00000039C9FC
0000003BA2AB
000001A9BBE7
000004707B37
000004B0DFF8
000001CFB8C1
00000034592F
000000DF5E75
000001B41CA7
0000027A0D79
00000260EB21
000001AA0C74
000001D53924
000001F9B622
000000596764
FFFFFE88DB55
FFFFFEC1AC7A
000000CB88B1
0000023F150C
000007351823
000009DC25F5
0000014D9FC6
000001094152
00000084DE67
000001147456
0000023F8DAA
0000019760F1
FFFFFF1A5E24
FFFFFDE68959
FFFFFEFE6C3E
0000002E4AA2
000000C49113
0000013F2C12
000001E6EE29
0000035541B4
000004DEF454
000003CA459A
000000331E5E
FFFFFEF4E929
000000E78880
000001A65780
0000005F81E0
FFFFFFD70465
000001399F60
000002ADE489
0000023AA6F4
FFFFFFDEAF1F
FFFFFE2F1EC8
FFFFFE97E6B3
000000FEA972
000002F460A0
00000814CAB1
00000A2C95F5
0000010474F3
000000F84B40
000001757620
000001984B10
000000CA663E
FFFFFFA6024B
FFFFFF0E9A90
FFFFFF258669
FFFFFFAEEAA9
0000001306CE
0000004E6DF2
00000126EBD1
000002E50CB0
00000474654F
000004216573
000001F1BE8A
FFFFFEEC31C2
FFFFFE975310
000001640CC5
000001E3B332
FFFFFF0FBDE2
FFFFFE6B687C
00000186F92C
000002D9F897
0000000B6D2A
FFFFFE19D413
FFFFFFC0CA57
000001C152DB
000002D2DCFD
0000042CF79B
00000655C472
000006ADD0B1
00000123208F
000000D2B866
000000A9D608
000000720A53
00000018C136
FFFFFF90E568
FFFFFFA9293E
FFFFFFE8A428
00000023C386
0000004F3F99
0000004985BD
000000DB2F80
000002C8B77B
0000037877ED
0000018E6F80
FFFFFFDD9CD7
FFFFFF62B04D
FFFFFFD5B56F
000000B7B5DD
000000BB7DFD
FFFFFFBD8B89
FFFFFFDB6DE9
00000199BEF1
000001AE949F
FFFFFF0D9DB0
FFFFFF044930
0000027E4A83
000003C22888
00000169CEC5
0000024FCB4F
0000051849EA
0000069CD934
0000013AF8A4
000000C14C25
FFFFFFF74E43
FFFFFF406207
FFFFFF455109
FFFFFEF86F95
FFFFFE89DC96
FFFFFF33DEEB
000001257533
0000025FE84D
00000210181A
00000195DA9F
000001A70E19
000000A5FD44
FFFFFE6A3626
FFFFFE0DD909
FFFFFFFEFBE2
000000D02285
FFFFFF66D9A1
FFFFFF2C967C
00000136CA47
000002AD890D
00000249A648
000001229521
00000094B734
0000016F8255
0000021D50D5
000000C02A8D
FFFFFF1A8EE4
0000018039D1
000006EC39B3
00000A556F20
0000006580DD
00000047F5E3
00000039F1D6
FFFFFF98BF44
FFFFFEDA6CCC
FFFFFEBACF13
FFFFFF6330B4
00000074E729
000001AF5EB8
0000027480DE
0000028C4317
000001C0C25E
000000072EF0
FFFFFEBBA379
FFFFFEEC8FD1
FFFFFF9566FF
0000004B9C69
000000D1A1B9
000000AD7C61
000000FA3F9E
0000021B9036
000002E5E557
000002ABB590
000001D89B00
0000019A4E4B
00000148E63B
FFFFFF7FABD4
FFFFFE198610
000000CBB2AA
000004A273FD
0000086B30EC
00000A5AAA6A
FFFFFFDB05E9
0000004F2620
000000A42FBE
0000008CBE45
FFFFFFDF8D0D
00000026652B
0000017F75A7
0000017E1AA0
FFFFFF7304F3
FFFFFF11C696
00000117C3AB
000001E11C9D
000000252EF0
FFFFFFB163E2
000001B42385
00000276ADAA
000000AE04FD
00000052BED7
0000024C7CBB
000002C98A35
000000E9A5A4
000000487083
000001B8C3E1
00000275CF07
0000020034D7
000000E21A61
FFFFFF6902BD
FFFFFFADC2E5
0000033F8388
0000062CF76A
000006A8D403
000006ACD434
000000C5C1D5
000001706DAD
000000AC2CF2
000000C693AD
000001806EE7
0000016DB4D9
00000080423A
FFFFFF6E6DA1
FFFFFE5847CC
FFFFFE8B82D2
0000001CC50A
000001AA6D75
0000029C05CD
000003189E19
000002CD4581
000001DD7ECD
FFFFFFF429A8
FFFFFF784786
00000109E246
0000013B5678
FFFFFFA26ADF
FFFFFFD0EB09
000001C48F98
000002BC79B5
00000233B8BA
0000016F0105
000000C3AF3B
0000014FDC01
0000025434A0
00000417191B
0000047BBB66
00000540AF87
000001A50E70
000001EE80C3
00000033A4DA
00000001DA94
0000016CDCE9
00000154DE93
FFFFFF51A92F
FFFFFECE431D
000000DF1EC6
0000016591B7
FFFFFF18E833
FFFFFF491324
000003345BA9
000004E94A46
00000233FD11
FFFFFFB07641
FFFFFF085480
FFFFFF6C9E76
FFFFFFBA0729
FFFFFFC0D2CC
000000FDCA5F
00000282F8DA
000002C6EAC2
00000258ADC5
000001919701
000000E77522
000000CCEDBF
0000014C1E2E
0000016D89E7
0000031FBFF5
00000456A78F
0000061CB060
000001B691E2
000001A4B9DB
000000057398
FFFFFF6FFA9C
FFFFFFEB17EE
0000006DF664
000000F815EE
00000172C0BF
0000021B82BC
000001440623
FFFFFEE722FC
FFFFFED04E59
00000180DEE0
000002A10DA4
00000142948E
0000002EA2AC
000000B36DB0
0000014F2D30
000000A4795C
0000009F8CFD
000002CCE9D5
00000351EC5F
0000012B4283
0000001EDB7D
000000CF9A1A
000001114D64
0000013FDDE5
000001E42847
000002839A37
000003BF73D7
0000048E7CF9
000005ED7E52
000001ED51A9
000001A66C54
0000002CA1BD
FFFFFF8EB92A
FFFFFF4BBC32
FFFFFFA365C8
000001F653C2
000003138E53
0000010F409F
FFFFFF93565C
0000011F4B4F
000001E62917
FFFFFFD3B575
FFFFFEADDABF
00000036B498
0000020DA739
000003B36C39
000003E3B169
000002133F64
00000152634A
000001AADF51
00000016E451
FFFFFDDEC864
FFFFFE49FD2A
0000012C89F3
000002CFDCC0
00000318BF4A
00000348EAB1
00000330E3F2
0000033E9EB2
00000421BD53
000005374330
000001E19581
0000016B6D8D
0000001BA166
FFFFFF9A46CC
FFFFFF7082E0
FFFFFF9BBE1B
0000018862DC
00000284510B
00000090CAFD
FFFFFFFAC085
00000300A347
00000330BCB4
FFFFFED29E6B
FFFFFD8A3B85
000000A43739
00000310C507
000004336C13
000003C5DBE0
000001E28F9A
0000007162CD
FFFFFE8ACBCF
FFFFFD39677D
FFFFFEAA995E
000000FF995B
00000298F742
0000038F813A
0000042985B7
000003CF300B
000001DCDFEB
0000014BD24C
000004139E4C
000005FD66E4
000001626629
000000A88EF6
000000012E84
FFFFFF9C48F4
FFFFFF835A3E
00000015F773
000001CD1103
000001CE74E1
FFFFFFF89FCF
0000008B3410
00000308CA90
00000299040E
0000006D7BA7
00000088AA83
0000015A3B1C
000001771B4D
0000018BAB51
0000012D6EED
000000D4D75B
00000031F167
FFFFFDFD8398
FFFFFE5DA623
0000028B6A9D
0000049405C8
0000029C0623
000001988366
000002F86550
000002AAF066
FFFFFFE44C6E
FFFFFFD674D4
0000050567A5
000007DC5F99
000001342599
00000095372C
000000011478
FFFFFF907840
FFFFFFD9F856
000000AC0750
0000018EDD94
000000C48A2F
FFFFFF9561AA
000000DEE056
000002624156
0000025E3DC9
000002F63F2D
000002776AB1
FFFFFF0E276D
FFFFFDF84746
0000007CF2E3
0000015E7F23
0000008729C2
0000002A4E8E
0000001BEE03
000000EBAF3C
00000253ED09
00000249F334
000000BE987C
00000062427E
000001B986A2
00000164B675
FFFFFFD1DE4E
00000116C5E6
0000065F2951
000008BA5B5B
00000170F10E
0000013E71EC
0000000E8C92
FFFFFF4460EF
0000001F624A
000001039636
0000006805DD
FFFFFF70CB83
000000B9009A
000002569246
0000014EDCB4
000000C9FA28
0000028819A4
000001A1BA89
FFFFFDCBF1F0
FFFFFE43D1D2
000003103A67
000003FDBC48
000000431A2E
FFFFFE5391A9
000000217AB5
000000DEBAB4
FFFFFEDB6DD0
FFFFFE142CD3
000000922A95
000002A117A1
0000028AF1A0
000001318D24
000000F8A815
0000032C15F4
000006AF9699
000007E60B72
0000012F4986
0000011AD18E
0000000E7E99
FFFFFF4F8582
FFFFFFBF3BF8
0000007C9B7E
FFFFFFFAE4E4
FFFFFFD69ADA
0000025152F2
000002ED30F3
FFFFFF94E06B
FFFFFEDF9C0E
000001A39E8C
000001DAFF2A
00000017D4C2
000000E8BC65
0000034A5CE9
000002C2FC81
FFFFFF3DE0E6
FFFFFD5534E6
FFFFFE90ADDA
FFFFFF5EF7EE
FFFFFE99F4D6
FFFFFF1A3352
00000217C565
000004690BB1
00000435D70D
000002D95BE4
000001D94C7E
000003300683
0000053F173B
00000645F5F5
0000006D0CC4
000000344C98
000000123E0C
FFFFFFC6BB2E
FFFFFFB41D37
FFFFFFE36E0E
0000001C7A42
00000116F5EB
000002CC6F8D
000001B42AB7
FFFFFEC4F6D3
FFFFFF77E6DB
000002663C80
00000243A199
000000B22325
000000A294A4
0000005A0B1C
FFFFFF5A685C
FFFFFF092E2C
FFFFFF806E67
FFFFFF951207
FFFFFFB13365
000000E91ECF
000001EB4954
000001FB10FA
000002DEE50D
000004BCA832
000004C4C4FA
0000022DB590
0000021EC68B
000003A545B1
0000052AC2F0
FFFFFFB05E1A
FFFFFFDD4794
000000B268DB
000000DC5BD2
0000008272A2
00000021EC1B
0000004539BC
00000165000A
000001FA70C4
000000A1A3DC
FFFFFFEA2EBA
0000013A78CA
000001E7EE38
000000A9A588
00000003E9E1
00000017688A
FFFFFEEF75D9
FFFFFEA3F624
000000DBBEC4
000002436D49
000000F42EE1
00000026A3F1
0000018E8485
000002928921
000002510DC9
000002D32025
000004030433
0000037F0703
00000102F8F1
00000163902C
000003A799A1
000005A0B4BD
FFFFFF71C8F6
000000673F12
000001B801BA
000002134BD9
0000016A3AD6
0000007D81A0
00000060AD4D
0000012B569A
000000E2D4D8
FFFFFFF637A5
00000133A1A7
00000245AC95
000000724D41
FFFFFF587860
000000F5E062
000001546EB6
FFFFFEE80C9D
FFFFFEE7A541
0000021A9445
0000025D0578
FFFFFF55F0B8
FFFFFEFB245E
000001DB56CF
000003F779D1
000005584306
0000054C3235
0000023D6DAB
FFFFFF608687
FFFFFF81B532
00000196003E
000004CDB894
000006ED3426
0000013B6EAB
000002ACF33B
0000025C6E61
0000021DB00F
000001A764E2
000000A6DBBB
000000286A58
0000007301E1
0000001092D1
FFFFFFE62EDF
000001EE46CF
0000027C0C7E
FFFFFFB7F7D0
FFFFFF482624
00000217A9D8
0000022CDC96
FFFFFF0C92A5
FFFFFEBFBD45
00000153B02A
0000013A9D8F
FFFFFF07FAD2
0000004E667E
00000452860A
0000062DEC74
0000060A47B1
000003F832CD
FFFFFF30D3DF
FFFFFD1FEF8A
0000008FE4E0
0000037FEB2E
0000059210CD
000006C3B91B
000003B99309
000004F3C660
000001F6FD79
000000E37E3A
0000016466AB
000000D529F7
FFFFFFF293D7
FFFFFF96E899
FFFFFF84B43E
00000081021A
0000027FA9E4
00000201357D
FFFFFF56DC0F
FFFFFFC13549
00000243F6E6
000001921BDB
FFFFFEF9EBB3
FFFFFF30ED92
000000FF80FB
000001811AB0
0000023ECF0E
0000041DEA83
000005B010F7
000005377798
000002A6E950
FFFFFFC455B1
FFFFFE269E84
FFFFFF6E7D98
000002EBA483
000004B54D07
000004F6FB49
00000524A365
00000453EC69
00000456BA49
000000B703FB
FFFFFFD8EEF1
000000EBED5A
000000E5A045
00000030F076
FFFFFF92B26E
FFFFFF9AF626
000000CB4622
000002312B15
0000017442A9
0000003B538F
00000132B7CD
000002413772
000000DFC57E
FFFFFF6001A9
00000068325F
0000022C8D1F
0000031B8C39
000004AD4BC6
000005084D60
0000033C6E82
0000016EC5EB
FFFFFF98DC9B
FFFFFEC3F4CF
000000EB1CB1
0000031636F7
000002C0E4CE
000002C4D46F
000003D31EF6
000004C505E4
00000350000A
0000021A6489
0000001A34E0
FFFFFFF53169
000000CE88B1
000000E46E58
000000B5B0EA
0000001D0AFB
FFFFFFDA0647
000000D2F995
0000017475CD
0000012B3EDE
000001DA479D
000002CE9568
000001EB653C
000000A79E45
000000A4D1DE
000001929D31
000002E70EB7
000003FCA61F
0000047E9DEE
0000033C3738
000000E755FA
FFFFFFB0928F
FFFFFF40A476
000000074CFD
00000300F7A4
000003C86150
000000D7D3AE
0000007E1CB3
000003CFCA0E
00000610D5AE
000001CF29BA
00000080BB5C
0000005CD94C
0000006FD26E
000000E77A92
00000102170D
00000134EEAF
000000A4CBCA
FFFFFFEA6B7E
000000C26D17
00000190B248
000001A0C3D2
0000026503C5
000002D39E13
000001736911
000000BFAB85
0000014D9735
000001BDAEC0
000002556B35
0000030C9425
000002B5B0D9
0000016813ED
00000035E44E
00000007886C
00000060F24D
000001151E82
00000225637D
000001ABA538
FFFFFFE6D155
000000AAD244
000004A3A47D
000006D61BF9
000001F173A7
00000257131F
0000024D75D1
000001FDF3EF
000002B99428
0000030D96B5
0000034D0EE8
000002C8DCA6
0000022870C8
000002A0BCD0
0000037BA949
000003F31339
000003BCE084
0000031D7FD6
000002831DA4
00000288FD5D
000002A7EDBC
000002BC4FB0
0000036A048F
0000036AA565
000001BEFB97
000000AEEB38
00000113C600
000001EFFB9D
0000031FF55F
000003BC3C03
0000025E72BE
000000F74332
0000024B34F9
00000577FE22
00000787D8FF
000007DFAD27
000000E8A6A4
00000194D764
0000012E7094
00000110E8B2
0000019E9021
000001EF5018
000001F6565F
000001BCE1F6
000001D4B7F2
000001CD365F
000001C8D5D8
00000216614D
000001FAF711
0000014506C0
0000012AED7D
00000194B68C
000001A85D20
0000017A661A
000001E5DDFE
00000196787D
00000007D9A9
FFFFFF9D14E8
000000CB3B79
00000161C834
000001EF2FFC
0000023D57EA
000000DDD662
FFFFFFFB4743
000002F443CF
000005679F4C
0000050236A0
00000485DBFE
0000050F4DD6
000004EB4D8F
0000053D2BF4
000004C7C127
000004929C61
00000483B06D
00000445E142
00000423705D
000004547616
0000040446F8
0000038CEB41
0000039A9EAC
000003CB53C5
0000036F21E5
0000032A96A3
0000034837D4
000003D3CC0E
000003EB2074
0000035399ED
000002C59969
0000030678C6
000003DB31A7
000004B5CBE3
000004A2A484
000003EEEB6B
0000037E820D
000003804F73
000003D7F95B
0000047F2832
000005353566
000000C45720
FFFFFF9BE890
000001203E18
0000001F0FDD
000000DB2320
000000201D6B
0000003AD1C6
00000051EFBB
00000061A6D1
0000008ED148
000000A7ED16
0000008043E8
0000007D1278
000000A88DF2
000000B6256F
000000AAC139
00000095B0FE
0000007A5AF3
000000C95D4F
0000010DC6EA
000000A59287
00000053B26B
000000E5C4A1
000001405DA0
000000B9C91C
00000050F6B2
0000002BB21A
0000001A9FE8
000000999336
000000FF3FC1
FFFFFFA6223B
000000A0FD08
FFFFFEF28FCB
FFFFFF3FAC84
FFFFFC12C75B
FFFFFF44539F
FFFFFEC0C3EA
FFFFFFF4AF74
000001947ECA
0000015611C1
000000A44287
000000035B2F
FFFFFF971B65
FFFFFFA882D5
FFFFFFBCB1CB
FFFFFFE42764
0000002AFE5C
000000B1D631
00000188BBCF
000001F8BE5C
000001EDF374
00000220615C
0000020D2B6F
000001096B85
FFFFFF93E3BF
FFFFFF16F1FF
00000058C4EB
000001AE761C
000001589D61
FFFFFFF96ABC
FFFFFEE5C855
FFFFFF9D131C
000001DF5FB9
000002F46953
000002E3A7AF
000000F433F7
FFFFFB4D96FB
000000D948E3
00000213D869
000002E7D6C1
000005117A84
000004A63B03
00000367BB95
000002B7E053
0000021E1B95
000002395E5B
000002B34196
0000032A0FB5
000003B2C207
000004EDFA75
00000670ACAE
00000730DEB1
000006EE217C
00000692C9D9
0000064675D2
000004C45ED8
000002DA7469
0000031756C1
000004EA8BD1
0000068A4F4A
0000062CEE8F
0000035707ED
00000133A575
00000382D660
000007CC2A1C
000008918319
000007D7F1F0
0000042DD68F
FFFFFB279B49
000000CF98B2
0000030545B3
000002AA80B4
000004F1CE3C
000004A2661F
00000329E0CD
000002A7677B
00000269F47C
000002A0BE8D
0000035F5820
000003CA4582
0000043F97C2
0000057F7035
000007447471
0000081CC34E
0000078804A0
000006EB3B0E
000006F28A40
000005EF3624
000004A0BA01
0000054B6926
000006D697ED
0000082D49D3
0000082ECDE9
0000053D5EB3
0000027FC59E
0000051B8B54
000009A5CFFD
00000AFB1025
00000A92B0A6
0000073B57B4
FFFFF9557AA5
FFFFFCF61D79
FFFFFEEA3EAC
FFFFFE8D8856
0000014446FD
000001BD37A8
0000006BCE70
FFFFFFC77B2D
000000239D05
000000C10A93
00000128FDB3
000000D94E6E
00000054E515
000000E361BE
000002B0395D
000003A4AD23
0000031F7242
00000305B466
0000045DB59B
00000501BB1C
000003DACC8F
000002ECC6FA
00000315DFBA
000004F9BE20
000006E87EDB
0000053A5B7F
000001216D33
000000E87075
0000049004BA
0000087B607B
00000B876755
00000957736D
FFFFF88C72D6
FFFFFB88EE70
FFFFFE5EFFBD
FFFFFE9D3816
000000A9BC37
000001C214BA
000000ECFA3C
000000C6258C
0000025EA104
000003DC835B
0000046764F2
0000039ABC54
0000021E6037
000001BAF82D
000002F8C1BC
000003C08FE2
000003136A50
0000032AD8B2
000005CD18B3
0000072B7BAD
000005000242
000002CE3854
0000032B277C
000005C198F2
000008D592B7
000007B05544
000001C6F9C5
FFFFFE7CCA0F
000000F7405E
00000694F972
00000CD2BE80
00000A9AB5B8
FFFFF8462185
FFFFFBC31B91
FFFFFF52F3D5
FFFFFF0E7764
00000012AAD9
0000017F0AB1
0000028F3473
000003D9F3AC
000005C0D254
000006DC6BAB
00000764C3F8
000006B8986D
00000531B39E
000004820FA8
00000507B21C
0000055E3D49
000004F2DFAC
000004BF357C
0000064A7723
000006FF2323
0000054D21A6
00000441D33A
000005435323
000006C1B0BF
0000081FD35C
000006D936A7
0000029F16EB
FFFFFF5C1A5C
FFFFFFE22705
000004394C85
00000D140F58
00000BFA492A
FFFFF7F02B2B
FFFFFBBEC534
00000023C0B0
FFFFFF5FD62A
FFFFFF746455
000000D0DBEE
000002AE9A6F
0000044C696E
00000564A595
000005CC8DBA
0000060EBAB5
0000061AF91F
000005B6E68C
000005A6C19A
000005CBAB73
0000062D60DD
000006667340
000005B560F1
000004F861A2
000004A36614
000003DBE0B0
000003F2BF65
000004B96A6F
000004E7ACC2
0000050BDE53
0000044DA72E
000002A58394
00000090FD1A
FFFFFF33FB0F
000001CB6D9F
00000BD3F3EC
00000BF98E2E
FFFFF7CCA5CA
FFFFFB6E3CA6
0000002FDB32
FFFFFF9EBAE3
FFFFFF4477F0
FFFFFF6A4F3D
FFFFFFB80748
FFFFFFCF95E2
000000829E24
000001A2868E
0000027D3B32
000003A3260F
000004B19BB3
000004BB9405
000004926E70
000005376928
000006140AC3
00000489052E
000001ED7709
000000F80A42
000001458568
000001AC6065
000001B7948B
0000019C860F
00000219AE6C
0000030608AE
00000349D333
00000135301E
FFFFFD815A89
FFFFFF5CCB84
00000A3BF929
00000C719310
FFFFF7C17ABC
FFFFFB3288B8
00000052D2D5
00000016639C
FFFFFF5C9A4D
FFFFFE8D1744
FFFFFDADED5F
FFFFFCA035D8
FFFFFD041DFB
FFFFFEF4E4C9
000000E7C2FD
000002A52B71
000003BD3E7D
0000032F4251
00000285D266
00000317EA8A
0000040C160D
000002744871
FFFFFFAAF664
FFFFFF57621F
000000240AB7
00000043816B
00000012C8F1
0000003AA776
000000E63C1A
0000021C8C94
000002EBB17F
000000F0BAD6
FFFFFCAB638F
FFFFFE6A1AF5
00000995CB76
00000CF8F264
FFFFF73E587E
FFFFFAF35FDF
0000007EEF24
0000004E995F
FFFFFF1DF7CD
FFFFFE93A4D9
FFFFFEB1CBB9
FFFFFE073669
FFFFFD7890D3
FFFFFEACAA9F
0000011CC540
000002D1DAE3
000003257B27
0000028E660B
0000018FFA72
000001338511
000001D26421
0000018E0B6E
000001074958
000001B5A341
000001A1884B
0000010BA4BA
000001946F97
000002673C87
000001C838B7
000000CDD73B
00000120BA6B
00000148CF45
FFFFFFD17182
0000001909FC
0000083E4CA7
00000A7E91C3
FFFFF6E669C0
FFFFFAC0BFAB
0000000E97D9
00000002C577
FFFFFECB21C4
FFFFFEC0DF74
FFFFFFB50417
FFFFFF9251E3
FFFFFEAA6C5D
FFFFFF30ECBF
0000016E92F1
0000036220AF
0000045C3804
0000045B64EB
000002AAE677
0000009ACE71
000000443319
000000C2FF33
000001FF37C1
000003A52B37
000003D62356
0000037A6F08
000004C52888
00000609B6EC
0000049FCF76
000001D3D45B
000000F74579
0000020FEED3
000002ACE5D3
000001776B1A
0000062FFE6E
000007257AD7
FFFFF75B0CFD
FFFFFB0767D5
FFFFFF4ECA46
FFFFFFA6C11F
FFFFFFAB3244
FFFFFF6D6B86
FFFFFF4E0C35
FFFFFF98FD3B
FFFFFFCE0346
000000A11D56
00000200E7B3
000003D1A276
00000657E7D5
000007257E82
00000474E207
00000186F066
0000007EFC0B
00000077C0A0
000000DDB233
000002B9454A
00000541899D
000006BF1DD9
000006F38D0F
000007A0AB32
000007DA0A1D
0000053A3D49
000001E9079E
0000009C4B3D
000000F1835E
000000EDB9FE
000005F1EB2C
0000074ECBA1
FFFFF7DFC395
FFFFFB7E9FDB
FFFFFEFADEA9
FFFFFF8F0722
0000010AE7E9
0000010463CF
0000000DE64C
00000007115E
0000009D5783
0000010AAE03
0000013DAF07
00000281FC90
0000055C1749
0000070D48FF
0000062C95A1
000004BDE4F5
00000388B97E
000001F6BA97
FFFFFFC2219D
0000005CD6C2
00000490D774
000007219B39
000005E4C1F5
0000060BA7EA
000008A80162
000007B6D88C
000002751489
FFFFFEE57E30
FFFFFEDCE589
0000004F944B
000005B4C06A
000007B8E970
FFFFF7DC19A5
FFFFFBEC1248
FFFFFFBB4407
00000012467A
000001B77B97
000002840664
0000024FA6CE
0000016349FC
FFFFFFC85A00
FFFFFEAF258F
FFFFFF45A43F
000000E81120
00000264AF13
000004A8EB48
0000080DC96B
00000988A46C
000007671A1F
0000034F5508
FFFFFF1A6B38
FFFFFE9726F6
000002261F51
000003BF7AEE
000002A54EAF
000003D0A278
0000077FC301
000007FEC2C0
00000382045B
FFFFFFB42F87
FFFFFF275936
FFFFFFCC93B2
00000386B01D
000005313861
FFFFF7A8810D
FFFFFBE90CD1
0000006FD8BF
0000003C5B05
0000011C871A
000002932D51
000004066345
00000308ED21
FFFFFF76B6A4
FFFFFD78E52A
FFFFFF37A2EE
000000CEBE04
0000001DE56B
00000158BE49
000006E5310C
00000AAAABA5
00000919847D
000004E472C6
000000C94B13
FFFFFF820460
000000AC0173
000000EA33C3
0000013404BE
0000038989A9
0000069E307E
0000077A9A07
0000053B224F
000002426D46
00000063393F
FFFFFF6EB173
000002942A54
00000355CE15
FFFFF76A0DA0
FFFFFB768844
0000004B8282
FFFFFF63EE29
FFFFFF9D19DC
000001991B39
000003E2278F
000003D27DD1
0000014C7694
00000010D5D3
0000010EC59E
000000746FCE
FFFFFE2F50AC
FFFFFE8DCC7B
000002B2CA7E
000006CB158A
000008F6A03F
000007DC9C2C
000003E88F34
000001045B5E
000000891F37
0000013AAAB3
000002BC7ACC
00000477BB95
000005E901FD
000006F53101
00000721D355
0000053A65AB
000001CEB2C7
000000454B02
00000438F633
0000047CDF79
FFFFF75C2FD2
FFFFFB3F67AB
0000001641E0
FFFFFEBC14DE
FFFFFE72EAC3
000000405EAB
0000027F1BB0
0000038AA443
000003620B48
0000030CFB8E
0000025633DC
00000074AFBA
FFFFFED72475
FFFFFEA7C715
FFFFFF02EB36
0000016F4A7D
000006AE4DF0
000008F87DEA
0000054FD37D
0000017BC899
0000010B10AC
000002571EF6
00000300ECC7
00000357F9BA
0000042D6B98
00000630B82F
0000082E4A81
00000741AD25
000003685FD7
000001A88A27
0000065AC105
000006AC9BD6
FFFFF747EF2B
FFFFFB2DC814
0000007B1193
FFFFFEF21C88
FFFFFD8FFE9E
FFFFFE9B3408
000001559CA2
0000035A0363
000003BF5819
00000354634F
000002BFA33C
000002ADC16D
0000026862C7
FFFFFF88BAFD
FFFFFB90107C
FFFFFCD60E8D
000003A22EB1
000007DC9D63
0000056F2E01
000001B4E2A1
000000EBDA77
000000FA08C2
FFFFFFFA8A56
000000402D1B
0000028DE385
000005F5D740
0000086D5F46
000007AA7CD4
0000046A682F
000002784241
000006F47E2F
00000741E253
FFFFF71BDFF9
FFFFFB0289D7
000000B6D2AA
FFFFFF5DC658
FFFFFD219920
FFFFFD477BA7
0000003FB6D4
00000317F835
00000395BA09
000002B374B4
00000287DE20
00000422B7EE
000004E9EBF4
000000E77557
FFFFFB252DAB
FFFFFB6FA185
000001792E72
0000059C0E88
00000484B1AF
0000016C557D
FFFFFFA26BDC
FFFFFE8B5F9D
FFFFFDEB2672
FFFFFF1A8191
00000218B121
000005939070
000007DFFE93
000006FC54A0
000003F94EF9
00000187C8CF
00000551BF9A
00000614761C
FFFFF6CFEDDE
FFFFFA876BC9
0000008BB270
0000000F5A4F
FFFFFD6C1E7B
FFFFFC75C3FF
FFFFFEA57F86
0000027B4855
000004962D9A
000002FDA603
000000BE5AE5
0000028EFE09
000006358237
000004F6D2D1
FFFFFF41BB2E
FFFFFC5739F5
FFFFFE458D64
000001519813
000002E64289
000001C4CFC3
FFFFFEF811F6
FFFFFDC81D79
FFFFFF170539
000000C87BE8
000001CD382D
0000036A321A
00000632DD81
000006AF8232
0000039C67B2
00000012B5A4
0000036450B0
00000539401C
FFFFF6986B8D
FFFFFA7252EC
00000085A31F
000000B5F935
FFFFFE3004DF
FFFFFC6905FC
FFFFFD525353
00000112E11E
000004FF1C0F
000003E6A44A
FFFFFFBA53CE
000000989A75
0000060F23E2
000007C06583
00000334DAB7
FFFFFDE87C83
FFFFFC2A756E
FFFFFEAA3D07
0000036F9BC4
000003F0649B
FFFFFF904564
FFFFFDAB8CD5
0000000B14AB
000001E76BD9
0000013D3190
00000185A187
000004D13753
0000070A07DF
00000532E97C
000001962448
0000039AE255
000005523967
FFFFF6C033BB
FFFFFB39A6BB
00000080D769
000000E2419C
FFFFFF7E56A7
FFFFFD4BE2FA
FFFFFC54579D
FFFFFED910BC
00000423D4C0
000005A01508
000001BBA493
FFFFFFBA5151
000002E81449
0000062F5E1B
0000058DA9BA
0000018F91E0
FFFFFDFE9AA7
FFFFFFD024CF
000005582C24
000005AAC55B
00000074E4C2
FFFFFDE51E0F
FFFFFF7C8E09
000001774B48
000001D49E25
000002CD5C8E
00000516CAB7
00000710ABE9
0000079D1745
0000056B1276
000004B57587
0000048F8A2B
FFFFF703062C
FFFFFC176C24
00000036EA1D
0000007EE268
000000BDCD99
FFFFFEFB9367
FFFFFC47F3D6
FFFFFD1A1272
000002B6D793
0000067C99A9
0000043C6456
000000750AA0
FFFFFFF72831
00000325BBCC
000006766840
00000493AE6F
FFFFFFDB48A6
0000007E1624
00000570B426
0000060F69D5
00000214FAB4
FFFFFFF6E164
000000448E32
000001DDB07A
000003FF50A5
0000054FC0B8
000005364B97
000005B0D321
000007E1A043
00000729B2AF
000004F7E5F7
000003174850
FFFFF749D780
FFFFFCAE1BB0
000000264187
000000695478
000002040C9A
0000010D25B1
FFFFFDEACB8B
FFFFFCC94940
000000509321
000004FAAB09
00000611669B
000002D5C65B
FFFFFF3BE75A
000000B828B2
000005A6E668
0000051C1364
FFFFFF7E27E5
FFFFFED86534
0000043A8548
00000703F178
000004FF66BF
0000034B6F78
0000031EB2EE
00000406AE6F
00000592F37B
0000052D3963
000003C1732D
00000428D12B
0000065FC757
0000058B35D2
000004223ACA
000002353E02
FFFFF741C681
FFFFFCC84A53
000000ABA1C3
00000122E202
00000330E23A
000002F4BDDB
0000002CC37D
FFFFFDBDAA58
FFFFFE41C855
00000227D932
00000656E91B
0000055420A2
00000050BCAF
FFFFFFC2AF6A
000004765951
000004AB60C8
FFFFFF2573BE
FFFFFD97A03B
000002CF122C
000007402699
000006866908
0000050657E6
00000501B3D2
000005891601
000005C9248B
0000048301FA
000003ABDF0C
0000046894CB
000004C66B2E
000002EA53B4
000003090C88
0000020ECF14
FFFFF6EA62A2
FFFFFCB7AF0A
000001FA889E
000002612CCB
000003B624AC
000003798091
000001C953B3
FFFFFF0C18CF
FFFFFCEFA2D2
FFFFFF1BADD6
000004EAC232
000006AC04E3
000002994CCA
0000006BF645
00000352B25A
00000471189A
000000C57B74
FFFFFE6AB4F1
000001205AD6
0000055A879C
000006444FED
000004CDDD8E
000003FD6FD5
000004DD1E2D
0000062FAAFF
00000618DBB8
000005209AE4
000003BC76B5
000002068DF6
000000E0DBBC
00000369036C
00000398DAAF
FFFFF68CA9C5
FFFFFC5B9574
00000373CF9E
00000368EB89
0000037B7B1E
00000325F6BA
0000023A105F
FFFFFFBBED25
FFFFFC48D58F
FFFFFCAEA6A1
0000028E41BF
00000655C0A7
0000043BA9F0
00000191AF2A
0000029F9298
00000433D230
000002C1E686
00000044468A
0000004B8F6E
0000037C8DDE
0000060BA8FC
00000502477D
000003286B58
000003D08C35
000006223EFC
000006B6AEA5
000004637A57
00000141A984
FFFFFF95A241
0000005122F2
000004BEEE88
0000058E1951
FFFFF61F1D9D
FFFFFBC0D32B
000003FB113F
0000030FAC6B
0000023B3B0F
000001F1E413
000001D7275F
00000024776A
FFFFFCB5662F
FFFFFC084578
000000011329
0000042DE92C
000004C94451
000002FE82D0
000002263810
00000362018C
000003BCD5B6
000001D9A7C2
FFFFFFFF0013
000001D04722
0000058D25E8
000005E9FB7B
00000397A165
00000261ED09
000003244565
00000374F6BF
00000203AEE5
0000008B50AB
0000001E3452
000000EB11CD
000004F1F1F2
0000055C6E53
FFFFF59EC44E
FFFFF9D2CEDE
000003B69386
000002006A5A
000000DC438D
0000011EFFD9
000001DB2181
000000FB65E8
FFFFFE5DBD64
FFFFFCEDF265
FFFFFE5B7266
000001CAAE17
000004AED26F
000004298992
000001B027AE
000001E32FC1
000003C812BA
000003095790
FFFFFF897ABB
FFFFFFD8F7F9
00000436BAB1
000005A054DD
0000030F0C1E
000000BF7BDE
FFFFFFE98DB7
000000115E3C
000000C301E4
0000014A6A0F
000001181648
000001CAEA54
0000049F4346
0000040B494B
FFFFF485DEFB
FFFFF69C4A2A
000001830A99
0000021350E0
00000061065C
000000C36FBB
000001B0E108
000001B9EE37
000000355C52
FFFFFE2F42D7
FFFFFD17A2F3
FFFFFEFD0CB2
000002F19295
000003CD0A20
000000DD00AE
FFFFFFF42FC8
0000021CFA88
000001E53B21
FFFFFE7088ED
FFFFFDC68BEF
00000137777D
000002F89A3C
0000015C658C
FFFFFF7C1510
FFFFFEB79C8E
FFFFFEF3532A
000000357C83
0000015439A2
000001FF84CB
FFFFFFDC0870
00000260EA63
00000383EB7F
FFFFF68A0D94
FFFFF701809C
0000038007BE
0000057ECCA9
00000338B630
000003656892
0000045C4421
000004F345FC
0000045EF9E3
00000225F11D
FFFFFF631871
FFFFFFD0F8C3
000003AA7945
0000051CC8AD
00000256BCA5
000000880A3D
000001E7BF8D
00000246732A
000000045450
FFFFFEDF5FFD
000000956ECE
000001CCB339
000001A1E1AC
0000016231F6
0000015CB002
000001A7EC97
000002BDDD06
0000039939C7
0000032D5D08
000000A28CC5
00000271FE16
000003E46FDB
FFFFF5AD437A
FFFFF4D9959F
FFFFFEFD0791
00000164B155
000000A888A6
000001203B01
0000023DAA7F
0000032F6699
0000035926A6
000001F374DC
FFFFFF746409
FFFFFEC5F96F
000000DDFB37
000001E5BCF9
0000006FDA4F
FFFFFF47227E
FFFFFFCB6447
FFFFFFBF2F89
FFFFFE7249A2
FFFFFDC38B5D
FFFFFE3C3508
FFFFFE6F9C18
FFFFFEAD7FB8
FFFFFF5209D5
FFFFFFE70B9E
000000749987
000000E79693
0000012B91C7
000001E7C41F
000000FF1DA8
000000E29553
0000030C04F1
000003B13AC8
000005963D97
0000066C9A5F
0000074D54D2
000008722889
0000084D71AE
0000084D61A0
000008490073
000008291B62
00000861DB4F
000008D2FAB9
0000097D15FE
00000A29776B
00000AA6409C
00000AFCA425
00000AEA0AB8
00000A7D1E5E
00000A1B374B
000009A82116
0000095C6AEE
000008EEA7D2
0000088CA9EE
000008CFFA52
00000944D6BB
00000909FC2B
000008A6D7F7
000007F9532E
0000079B373C
000007B4330F
000006DC7A8F
0000066F01E8
0000069F2A7C
0000038434EB
000005E0C75D
00000612171D
000005B21AA2
000005FEE5EA
000004B9CC92
0000042B9417
0000040C7D0B
000003FF71EE
0000049A6277
000005BA1293
000006E7524D
000007D49BE8
0000084C59C1
000008D15B81
000008E43AC5
00000870CB14
0000081E093B
000007A79579
00000779580A
0000081112DE
0000083080EE
000007CAAA2D
00000817498C
000008C37942
000009536172
000009321733
00000882F114
0000084C4E28
000007043674
0000065E3A40
000007CD0749
0000047D84C8
0000062F1D5B
000006D365F2
000006E3B279
00000780937A
000006BA07FF
0000061C43AE
0000061B7200
000006BDF314
000007D913F9
0000091DEBFB
00000A0C0FFC
00000AA77726
00000A8A9A6E
00000AF5FA60
00000B46C614
00000B6C1FD3
00000BAA38EC
00000B721CE6
00000B410FB8
00000B522278
00000AFD1F40
00000B3DBE15
00000C2C5E45
00000CE04A78
00000D372AA6
00000CA46950
00000ADB266D
00000A02B584
000008382201
00000876D046
00000AB19FEE
000002F11742
000004A163AD
000004FC43B8
00000541BA1F
0000079000D0
0000088C3374
0000096A0553
00000A340F1E
00000B027BA9
00000B7317B6
00000BAE3742
00000B8D49D2
00000AED70F2
00000A43DA26
00000AEDB940
00000C18C886
00000CABD4C8
00000CE67D45
00000D1497FF
00000D77F798
00000DBC8B2C
00000D35C735
00000CA5BB0B
00000C8B5BF9
00000CA8C6CD
00000CEC3EA1
00000CB4AB94
00000B0C3B11
00000A6BED56
000008B66C10
000008EA7593
00000B5A0E4A
0000053F694A
000007F02A83
000007C1D13A
000007FBC548
00000A325AA9
00000BA4D875
00000D7FD758
00000EF49667
00000FC675A8
00000FF89CE3
00000FD48D1D
00000F94A28F
00000EFFE3C0
00000E69AFE0
00000EEF78AC
00000FB5D170
00000F9AEA43
00000F434265
00000F838F6C
00000FF5B5E1
0000103B2E0C
00000FD1C3E9
00000F67CFCC
00000EFE7962
00000DAAD82C
00000CF25EB4
00000DB7C7C4
00000D75BDB6
00000D486A01
00000A174655
0000082B36A3
00000A7ACDF8
0000055EA4AF
000007D0D1E3
000007A91E45
000007FDADFA
00000A3A7CBF
00000B3536DC
00000C9852A7
00000DA87772
00000E894BE0
00000EEFDA71
00000F31B683
00000FA5FAEE
00000FAC683E
00000F870C70
0000102A8FDF
0000108B3F0B
00000F5DD98D
00000E0D198E
00000DF9DCB4
00000E465B47
00000E39C720
00000DF5A511
00000E8726DC
00000E77ACBC
00000C904FDC
00000BB4342F
00000C13D8C5
00000BCBBCA8
00000D53702E
00000B693A4C
000008E9DB0F
00000B6D4755
0000056F6D58
0000079FD285
00000736CA45
0000073B4E00
00000973F16D
00000A067EAE
00000A650B37
00000ACB105E
00000C4F4866
00000DC35584
00000E90346F
00000F46D7FF
00000F5D9E4F
00000F4E7072
00000FB5301D
00000FABBA76
00000E488822
00000CA99D79
00000C1507B7
00000C415B9E
00000C05B0E8
00000BC106F9
00000CC1220A
00000D3E8F45
00000C0DFE51
00000B72D098
00000AD1E18A
00000A54A4DE
00000CF0C3FB
00000BC378FE
000009AA68D5
00000D6CE45E
000005404357
0000077E6630
000006EABCD6
000006B696B0
0000093AF313
000009DB61BC
0000095BD83C
000008F0653A
000009F220C2
00000B2EA865
00000C2C1B43
00000D488B61
00000E534345
00000EB7FF80
00000EDB43B9
00000E81FA9B
00000CCFC27A
00000B1E56FD
00000A9C61BC
00000A954D11
000009F914D4
0000099816B7
00000A824C27
00000B18F176
00000AEF4CB9
00000B614198
00000B30B711
00000B2564E0
00000D634BEB
00000B05C39D
000008E757EA
00000DA1DE30
000004F5EB91
00000725A161
000006A2EAB6
000006D0FD4D
000009604358
00000A342F27
00000A4AC681
00000A2582AD
000009D9F13F
000009E83B8B
00000A985654
00000C069586
00000D8CE7E2
00000E22E93D
00000E652DE9
00000DD76CF4
00000BBE81BF
00000A5AB768
00000AD59D57
00000B7340BA
00000A99F6B7
000009EA0B2E
00000AD0BE35
00000B526EB7
00000AED0BA2
00000B57EE35
00000C1EE400
00000C8DFA60
00000E2C5CC0
00000ACAC80F
00000867027B
00000C95D6DC
0000049E5B34
000006A13C2C
00000633958C
000006976990
000008BB1283
000009ACF782
00000B2CA913
00000C9B1497
00000CDB4AC8
00000CB5DBB5
00000C8C3258
00000CD15BE6
00000D3D2E18
00000D1768CD
00000D5755FF
00000D7AB968
00000C0C9912
00000B7A3A22
00000D3D6984
00000F119DEA
00000EC74A45
00000E05044A
00000E530507
00000E784DA3
00000D2CE06A
00000C6ECE07
00000CED3186
00000D3B7A80
00000EBFF78C
00000BF09149
000009ADC395
00000D3A30F9
000004912E6B
000006B3DCA8
000006269D6F
0000066C68AA
00000874F759
000009A0C95A
00000B0528C1
00000CB22367
00000E9BE61A
00000F8E7160
00000E75371E
00000D9EFDAD
00000D67B554
00000D121028
00000D3DA038
00000DCC7B07
00000D1A7493
00000CC7D629
00000E31E288
00000FDB9C97
0000107446AD
0000105FDAF1
0000102A17E7
00000F934223
00000DF604F4
00000D0E2035
00000D016289
00000CB9165D
00000E6A5197
00000C9F260D
00000A943401
00000EC696BE
000005344CF9
000007F6E0B4
00000755A67A
000007364A1F
0000095A7759
00000A8B81FB
00000AD13BB7
00000B53EE72
00000DCBA193
00000FB2AF46
00000F81137B
00000F0E02F1
00000E813E0F
00000E368A90
00000E4797CC
00000E9186BA
00000E5AB205
00000E045734
00000DCE1E4C
00000DC076A3
00000E377E25
00000E8E31AF
00000E6570B8
00000DCEAEAD
00000CB081B7
00000C864FC1
00000C7623FE
00000BDF2388
00000D7ED8C3
00000B5C45AF
000009544CEE
00000E4C484E
000005DA7133
000008EEF7A8
00000872FC91
00000833D085
00000A2184BE
00000AD3C1CF
00000AD44DEE
00000AFBAA71
00000C56029B
00000DE0212B
00000FAF92D3
0000109264FA
00000FAF48BC
00000EF3B8B1
00000EA469B3
00000EE0AAE8
00000F32B738
00000EA9ED7E
00000DC907B9
00000D3BFD16
00000CF27FDD
00000CB6C47D
00000D263A02
00000D72FAEA
00000D007EED
00000CBE3D00
00000C972937
00000BF588AF
00000CB7516B
0000098419EE
0000075B54B2
00000BE9B224
000005F09C6F
00000903F195
000008C0DED9
000008C94123
00000A973D23
00000A9CABB5
00000B149E5F
00000BDF0101
00000BA0B8E2
00000BAAE554
00000E4F42EE
00001068A972
0000105D779E
00000F990AF1
00000EB84101
00000EC4E6FD
00000EF23704
00000E5F93FE
00000E5522C8
00000ED8B158
00000EAC5890
00000E16B9D4
00000EB7B47D
00000F213ACF
00000E291BF6
00000CFF198C
00000C38C3BB
00000B861AB2
00000C47EBF6
000008CF71D4
000006A34858
00000A61510C
000005CDF27C
000008B5B978
000008A9D062
000008CA6B97
00000AAA8F37
00000AC7794C
00000BD0C611
00000D072BD8
00000C768895
00000BD473BE
00000D0AF1DA
00000E56D74D
00000F61B5CB
00000F7A8C37
00000E6C0B12
00000E1A5F73
00000E8972AF
00000F4AAD35
0000104CB0B6
000010E267C3
0000107022A2
00000FAF429A
00000F9D69B0
00000EFE960D
00000D88750B
00000C798ECB
00000C0E75A5
00000C03319F
00000D6929D2
000009DC14BA
000007BF3BE5
00000AF8C934
000005D64D69
000008A91A15
000008AC9608
000008939294
00000A5EC27D
00000AD8945F
00000C457603
00000D5E879A
00000D2F781D
00000D013C27
00000C85D945
00000C029665
00000D398EE9
00000E3F26DE
00000DF4DECC
00000DD05C4B
00000E8E57A2
0000103C4403
0000116E3D5F
0000111D5C00
00000FE47F84
00000EC0A531
00000E1BCE57
00000DA36057
00000D240A02
00000D6AE513
00000E3AA825
00000EE98A56
00000FD66FA5
00000B685359
000008F6A86F
00000BC15A5F
000006175773
000008B9E05D
000008820A61
0000086FE8AC
00000A613780
00000A8C5122
00000B63ECBE
00000CA3E1E8
00000D44DFFC
00000D3595D1
00000C6EDEA0
00000C358FCB
00000CF5DD35
00000D44BAD5
00000D23498B
00000D12D9FD
00000D7ED4A5
00000E9C9E19
00000EEFD627
00000E967CAA
00000E3CAC1A
00000D9EA47B
00000D1E07E9
00000D5541F3
00000E2060E2
00000EF02728
00000F65929F
00000F63EF70
00000F7F2984
00000ADEF445
00000866B2E1
00000B33D0D4
000005B7520B
00000853F130
000008062C34
000008185746
00000A483735
00000A7B09B7
00000AE6C240
00000C1D294B
00000D18F743
00000D2D2326
00000CE9A6D4
00000D39217F
00000D17B619
00000C5E5EF3
00000BB751AF
00000ACED741
00000ADFF9E1
00000BBD5E89
00000BB2305F
00000BD5CCD5
00000D2EA9FA
00000DF54A49
00000DC05152
00000D9D75B9
00000DEB6B7C
00000DE31371
00000D705F53
00000CD26A13
00000C98A916
000008CBBA2C
0000070C8083
00000A841F55
000005314E94
000007C715C6
00000787570B
000007DB2396
00000A3474B7
00000AB84F6A
00000B2DF334
00000BC04063
00000C756A4B
00000CF59C82
00000D1B0106
00000D033880
00000CA9F8FD
00000CA1DE42
00000BBA20B9
000009BF7466
00000967659E
00000A57F542
00000AAB7B54
00000B55E73D
00000CD9A34B
00000D9821D4
00000DD3B466
00000D8F81BD
00000C8B1000
00000B8A14E3
00000BB5E383
00000C3087DE
00000C1380B0
000008ABB775
000007375A73
00000B1A6384
0000052EF302
000007A0E4A7
0000071F7E96
000007B2D493
00000A649972
00000ADD0E4B
00000AF4D212
00000B427EE7
00000BE01894
00000CB88163
00000D4FB15B
00000D03823D
00000CC7D0BE
00000D5D20C4
00000CFA4CFB
00000B829142
00000AEC82AF
00000ADBF635
00000A97E8CD
00000B0C0B1C
00000B732613
00000B5FC95F
00000C7CDE13
00000D9A55AE
00000CEA910D
00000C066934
00000C73CA22
00000D6DFDC0
00000D9EC0E8
00000A2A248C
0000089F231A
00000C8E45E3
000005464B91
00000788398E
000006CBC195
0000074DF8CC
00000A24D807
00000ABD8A18
00000AEF8299
00000B40671C
00000BD0B7FF
00000CA9D440
00000D741465
00000D14B377
00000C58F43A
00000CE73BFE
00000DA6378C
00000D979132
00000D43E59F
00000C3DA688
00000AB2D221
00000A33C905
00000A4DD27C
00000ABD7BFF
00000C7DE636
00000E3E2165
00000F3D160E
00000F326F7C
00000E51E555
00000DC7A28D
00000DBB8553
00000A565186
000009011055
00000CA70421
00000547213F
00000794C688
00000671C18E
000006C3705D
000009B16AE4
00000AC37BDB
00000B70D118
00000BBBEDAF
00000BCFE3CE
00000C6EEE0C
00000D3F71B8
00000CEABBC0
00000C2EEC29
00000C988D0C
00000D841115
00000DEA1321
00000E40C70A
00000DC0CF38
00000C1FB7E0
00000B99EF5E
00000C62BFB5
00000D7DCDF2
00000E2F8EED
00000E7B277B
00000FD2A816
00001086394B
00000F447EA3
00000DB3BE56
00000D1EDCDB
00000969C3B6
00000822AF26
00000B7B4FFC
0000055C4514
000007E55F4D
000006C3236E
000007428C24
00000A3289E3
00000B48F47E
00000C1C6394
00000C599BC8
00000C04B7A7
00000C247B52
00000CF02F92
00000D4F80AC
00000CE7EB5F
00000C88DF69
00000C51A582
00000CDC134F
00000E439424
00000E6E9C84
00000DA27662
00000E2E1B32
00000F5C2D4A
00000FD4DCEA
00000F631A20
00000EEAAE21
00000F34F80C
00000F2D30D7
00000EBDA17C
00000DC0A512
00000CD08A9B
00000876EB99
0000074AF203
00000AC9D729
0000056E3865
0000089C44CC
000007F8D823
000008C64560
00000B52A431
00000C101661
00000D299C5F
00000D42744B
00000C7528C7
00000C236E59
00000CA73E39
00000D274A20
00000D4578CC
00000CD2CB7B
00000C0569B5
00000C49B7C8
00000DB0672C
00000E236B60
00000DDE2E78
00000EC62E48
00000FD06E52
00000FE128C9
00001023ADF7
000010B1812E
0000102E2727
00000EB8CEB8
00000E057498
00000D0D6F4D
00000BB63B6B
000007705ADE
0000068DDA75
00000A5BD61F
000005DFE21D
0000098C9131
0000095BC3C9
000009B6C174
00000BB772C9
00000C23AE94
00000D17C13D
00000D29F12C
00000C9962A5
00000C3FAA7B
00000C40525B
00000CC53D9E
00000D9A5033
00000DB3DE68
00000D160FC1
00000D19A85F
00000DA98D09
00000DBDF3C6
00000DDD87A2
00000E7EDFD8
00000EEADA69
00000F806E49
00001151FB87
0000126BD7F6
00001143FAA0
00000F2D6962
00000D7AF579
00000B914901
00000A5F39DA
0000072AF4D7
00000664D796
00000A3E980A
000006EA137F
00000A5FB6C8
00000A1CAAA0
000009C71C49
00000B3CAE04
00000B107555
00000BB5D037
00000BF240B2
00000C45681A
00000C6A43AD
00000C3C5691
00000CC5F7B0
00000DC8269B
00000E0C9C05
00000DEEFE26
00000E5C8959
00000E3CBCBF
00000DDB4984
00000E95901E
00000F73F3DE
00000F0E8C2A
00000F64A72F
000011887403
000012134C8F
0000104B8603
00000E1C4D89
00000C0754E1
00000A4977B6
00000A220E5E
000007A1F941
000006E358FB
00000A89CBB7
000007A9EC0E
00000A676DF4
000009F51CAC
000008C98B26
00000A75F409
00000A647CE1
00000A9A6040
00000AF7E006
00000BB0C27E
00000C18C4AF
00000C31F0DC
00000CA9B412
00000D0A7E6B
00000D7273A9
00000E46DF85
00000F01F4E5
00000E6145D2
00000DED8817
00000F58EB71
00001070C14D
00000F51B949
00000EC12E38
00000FA97E02
00000F4A9D18
00000D8F2B45
00000BCD6DB2
00000A714BEC
000009F1FE2B
00000A77EB2A
0000079F431D
0000068CFFCF
000009D1356C
000007C1CB91
000009FE3E25
0000091E5EFC
00000785D433
0000099A7381
000009C24737
000009B37D00
00000A047EEE
00000AE70E41
00000B4C6FCD
00000B976F40
00000C2F1425
00000C25EAF0
00000C75CD3F
00000DA1F0AF
00000E79327F
00000D8EF332
00000D01745A
00000EA4EE22
00000F8D3DF6
00000E4F5091
00000D5D6EE2
00000D171C80
00000C0D2CE5
00000AB239FA
000009B34254
0000091F0D34
000009589514
00000A3952AD
0000072FD519
000005D1308E
000008EEC0B4
000007DC056B
0000094B4B7C
0000084C87EE
00000703BE5C
000009350E44
00000938636E
0000090FEA09
0000098E3CB9
00000A749A6D
00000AA245C3
00000B220204
00000BB6C54F
00000B43B691
00000B11DB63
00000BF0C761
00000CA12D7F
00000BEB1C50
00000B4B2199
00000C6F136D
00000D311139
00000C81E534
00000BBE2E19
00000B54F3C8
00000A72AC45
00000922F4D6
0000085B5418
000008276185
0000086848C1
00000875B921
0000069FBBD0
00000532F73C
0000083E8E49
0000081CA954
00000A89A52B
00000AD0A10E
00000AF4BDCB
00000D85C428
00000DB601E9
00000DA49BFE
00000E012D78
00000E6B0061
00000E4078F5
00000E78A710
00000E7571F9
00000DA44C02
00000CF5E781
00000CFB925A
00000D2887BE
00000CC86C25
00000C41A6FE
00000CE8DFE8
00000D74EC12
00000D1262E6
00000C50E8AB
00000C4F5E8E
00000C7A4EC4
00000C23074A
00000BCC4C76
00000BC27C85
00000BDCAEA8
00000D33724C
00000B62DBA6
000009747DE0
00000C0B0CF8
000008F01FAB
00000B02EF0A
00000B0F6536
00000ADF92D9
00000D603277
00000DBE960B
00000DC6E6C8
00000E16E894
00000E351181
00000DE99002
00000DF58DAA
00000DB2B4C0
00000CA76CCC
00000BACF753
00000B75B620
00000B90BB41
00000B415504
00000B0C6A05
00000BAF8FC3
00000BF77D50
00000B6AE509
00000ACF2775
00000AE5D0D3
00000B6AADC3
00000BA966A8
00000BD242A5
00000C370050
00000C519D80
00000C834986
00000C1A2124
000009892451
00000B02921E
000004EB2E86
00000573D6C1
000004199DD9
0000027C6147
0000036B7DB3
0000036AB8BA
00000374B3D6
000003C0582A
000003D9E774
000003DEF719
0000042181CD
00000437029F
0000037AB722
0000028C2B4C
0000027CC2B6
000003149909
000003234115
000002D1A4A4
0000034784F8
000003C07659
0000033EDF20
0000029798F0
00000272B83C
0000029C4D53
000002C6CD16
00000302DB95
000003332785
0000032687FA
0000044BBBCD
0000030C1927
0000012BCCC5
000003DA9BA8
FFFFFEA10E89
00000153A981
00000059410E
000000CB6175
0000018AB6F3
000001BD4392
000001405081
000000F7960E
000000F7D0D8
00000145DDD1
0000019D33AA
000001460F22
0000007735C6
000000711E87
000001177A2E
0000014A140E
000000CBF8C8
0000017C335B
000003313FCD
000002BB3478
000000E3D097
FFFFFFD99E3B
FFFFFFD75488
000001DE7BD8
00000478C7FD
0000030CC18E
FFFFFF3D01AC
FFFFFEFEABC6
000002005078
0000038914AD
0000020067EC
00000004505C
FFFFF99D4AED
FFFFFA621680
FFFFF9612EA3
FFFFFA5A14B6
FFFFFD42805C
FFFFFF1D889C
FFFFFF36F28E
FFFFFE897CAA
FFFFFD786164
FFFFFCD45D32
FFFFFC7F0801
FFFFFB107DCD
FFFFF94ACAA6
FFFFF93055F6
FFFFFA74E2D9
FFFFFB288E97
FFFFFACFF28E
FFFFFCBF6B67
000000304AFC
00000006A5E5
FFFFFCFE7778
FFFFFA64D290
FFFFF941AB07
FFFFFCD14FD8
00000223D214
FFFFFFDDD76D
FFFFF8B142C3
FFFFF7EAF1EB
FFFFFCCA8D70
000000BB1D7B
FFFFFE732292
FFFFFD97FB6B
FFFFFAA710B6
FFFFFC64B2E1
FFFFFB5861C9
FFFFFD62527A
0000009D447E
000003620CBD
0000045B00E0
000003BE0C73
0000023C8D3E
000000FF892E
000000403C72
FFFFFED84165
FFFFFD513455
FFFFFD9BC7FA
FFFFFED43394
FFFFFF74AEE0
FFFFFEC59A24
FFFFFFB799DA
0000026E242A
000002F2809D
00000171C1B1
FFFFFED25AEA
FFFFFC1CDE49
FFFFFED66143
0000040A5BBE
000001F052BB
FFFFFB70A313
FFFFFA787195
FFFFFD99AF36
000001EED676
0000000E2651
FFFFFF1FB29D
FFFFF9A11BBA
FFFFFE1AFF48
FFFFFE48FBC8
FFFFFFE6B774
0000021573C0
000003A21E11
00000401D366
00000391377A
000002949479
000001AEA3DD
0000011D9D9B
0000003DE862
FFFFFFB8B460
00000009403E
0000007C2744
000000A905EC
FFFFFFAD9E53
FFFFFF1A0BC7
000000056AE2
000000EEB175
000001EA5EE5
000000E18906
FFFFFD880B8E
FFFFFE2F1ADE
000001C3218E
0000009E1C8C
FFFFFDAC03F9
FFFFFCC3CE94
FFFFFB7390FD
FFFFFF82D535
000000ACA968
00000139B2A2
FFFFF927C49F
FFFFFEA0555A
FFFFFF986B24
00000057D179
0000009E1C8D
FFFFFF92D3E4
FFFFFE35D3B1
FFFFFD5E02EC
FFFFFD84D142
FFFFFEABB2E1
FFFFFFAD6497
00000025768F
000000D12EE9
00000085A2A0
FFFFFF11E1A4
FFFFFE3237EC
FFFFFDA6C23A
FFFFFCFAD5B7
FFFFFCF33485
FFFFFE1FE979
FFFFFFF5D317
FFFFFF214B09
FFFFFC38B017
FFFFFCDD4C6C
FFFFFFADA24D
00000118E152
0000029EA39D
FFFFFF425002
FFFFF7263565
FFFFF9CC21CA
FFFFFF258E49
000003130058
FFFFF86C2A0D
FFFFFE97FDB3
000000EFE6AA
000001124123
FFFFFF05194F
FFFFFBF766EB
FFFFF9807D23
FFFFF8507324
FFFFF8D4A768
FFFFFB5E1095
FFFFFDAE9FA4
FFFFFFAFE5B7
0000019CAD0C
0000007BBAAC
FFFFFD0AB314
FFFFFBDED321
FFFFFCDB2B6C
FFFFFD14DCBC
FFFFFC9FE92E
FFFFFCDCBFBD
FFFFFD40AB01
FFFFFC43336B
FFFFFB2E3F3C
FFFFFC8421D8
FFFFFE6DAD11
000002380880
000007C996AC
000002825570
FFFFF51FB7F7
FFFFF62CE441
FFFFFBA9921D
000001B7A929
FFFFF7B3125D
FFFFFEBCFDA4
0000023676F8
000001EFC7D8
FFFFFEBB4999
FFFFFC618079
FFFFFBC0BE32
FFFFFB8C9E13
FFFFFB43396D
FFFFFC28EEA9
FFFFFD28AC9F
FFFFFED6CEE9
000001380778
FFFFFFE8DD2A
FFFFFBF86AB5
FFFFFBBE7455
FFFFFF3B0E82
000000A7ACB0
FFFFFFB248B3
FFFFFE87675A
FFFFFDAFB4A8
FFFFFCD2610A
FFFFFD0072D3
FFFFFDC3B961
FFFFFD7E0E40
000001168120
00000892321E
0000054E1609
FFFFF9113BDD
FFFFF729DF09
FFFFF680C207
FFFFFC50F3C5
FFFFF742F5A1
FFFFFE73EE4B
000001BCF54C
000001281DA7
FFFFFE715DD9
FFFFFE2F1E5C
000000526A5A
00000181A0AA
000000A269AF
FFFFFF09D09C
FFFFFD75408E
FFFFFD72DB21
FFFFFEC37D62
FFFFFD69F0E0
FFFFFA940FE7
FFFFFCA2152E
00000285A6BD
00000449448B
0000020C2CA8
0000007E32CF
00000021340C
FFFFFFF5079F
FFFFFFC8BB91
FFFFFF16F472
FFFFFD333994
FFFFFEFB7928
000004CDE3F2
000004570D04
FFFFFE0F7DC6
FFFFFC1D783C
FFFFF4238DF2
FFFFF7AC0369
FFFFF7A83CE5
FFFFFE3303A0
000000120003
FFFFFFC63C97
FFFFFE8CE85D
FFFFFF3DA80B
000001AB4DC4
000002C06DE8
000001DE18E9
00000073614C
FFFFFEFDB9FD
FFFFFE1FF95B
FFFFFDCBB10A
FFFFFBE03DCA
FFFFFA045699
FFFFFDA6B8F1
000003C370CB
0000046FA849
0000013BA3CC
0000005A2F6E
000001F57881
0000023C16EE
000000A4E184
FFFFFF9B5A32
FFFFFF1E4B46
FFFFFF226531
FFFFFFC53635
FFFFFF016609
FFFFFE13BFD6
000000633BDC
FFFFF6DA9034
FFFFF87F9EFC
FFFFF880DC8A
FFFFFEAC27F2
FFFFFF50AC6E
FFFFFF798EDD
FFFFFFAD074B
00000080F953
0000015A1BCC
00000075EB1B
FFFFFF0A4BA8
FFFFFF407954
000000687CFD
0000009770C7
FFFFFFB14436
FFFFFDAA6875
FFFFFC9D0837
FFFFFF54E1C7
000002B72E07
00000194B643
FFFFFEE9B57F
FFFFFF825801
00000216FBDF
0000023051C2
FFFFFFF1E14A
000000452588
000002E9FDBD
000001CB3974
FFFFFCF4A269
FFFFF9F39498
FFFFFB984914
000000DDE23D
FFFFF99BC5CA
FFFFFBBFCBE7
FFFFF916D346
FFFFFF8CB3F5
FFFFFFFBA961
00000007407C
000000A8220D
0000018037CD
0000014D9E28
FFFFFE588B32
FFFFFB4144C0
FFFFFB5B39C3
FFFFFDB46753
0000003642C8
0000017AE63A
0000017A497A
000001B20EB6
0000019DA1CC
0000002394D8
FFFFFD33E3E4
FFFFFBD0E0E7
FFFFFD72DB01
FFFFFF35A7E3
FFFFFE8F8DF3
FFFFFCFB8E9F
FFFFFF8A6398
00000498D521
000003BF0DFC
FFFFFE170D15
FFFFFA5051F5
FFFFFB8D5329
FFFFFEA3C699
FFFFF70A3AE9
FFFFFAC5C5E1
FFFFF946DE07
FFFFFFE447A4
0000006187D9
000000710FA2
00000119FC61
000001D2FDE9
00000161E5A7
FFFFFE3DD961
FFFFFABC457D
FFFFF8D94425
FFFFF8F67137
FFFFFC5999FF
000000E39EF2
0000044D744C
00000610C872
000003E5FE3C
FFFFFF4D7472
FFFFFB151B9C
FFFFF9AA48AD
FFFFFB236640
FFFFFC799833
FFFFFB7BC354
FFFFFA1924C2
FFFFFD63B9B9
000002E5AE6B
000003921C30
000001517E87
FFFFFF3720B3
FFFFFDD990FA
FFFFFCC355D9
FFFFF28E59C9
FFFFF7727B39
FFFFF8F77C29
FFFFFEDFBC24
FFFFFEDEE6BE
FFFFFF585901
0000008B5AFB
000001101B9D
000000C8F55A
00000020FF1C
FFFFFF44F09C
FFFFFC626A9B
FFFFF87670DA
FFFFF89FC7C7
FFFFFC725E41
000001677659
000004A6495D
000004588A7B
000002716689
FFFFFE6E26DA
FFFFFAAE7E4D
FFFFFB70D86D
FFFFFE12D75A
FFFFFD9C6E9F
FFFFFB348598
FFFFFCC4F337
000000A1A2A6
00000287627F
000003B9395A
0000031E33DE
FFFFFFA4B73A
FFFFFD3AFAC9
FFFFF2EF0D55
FFFFF803D2B1
FFFFF869190A
FFFFFDB50B52
FFFFFD6FFB54
FFFFFDBFE6D0
FFFFFEB877C1
FFFFFF3234DF
FFFFFFC491ED
000001AE3658
000003B57016
000001FC7109
FFFFFD4D5C67
FFFFF91E8620
FFFFF73ACCCE
FFFFF99B50E6
FFFFFDF7602D
00000244686D
00000639050A
000003F6B6E8
FFFFFDD7FE0A
FFFFFCAE108F
FFFFFFB70A25
00000020B834
FFFFFD840081
FFFFFD74EFC7
FFFFFF4A5ABF
00000184ED3B
00000423C180
00000399F077
FFFFFFEE5549
FFFFFE9FDF69
FFFFF6CC8253
FFFFFB6A07E7
FFFFF7C9E6A8
FFFFFD9892A2
FFFFFE6DCC9D
FFFFFDE3C625
FFFFFCEB528F
FFFFFDA76E58
FFFFFFBC8EBE
0000015D62C6
000002534378
0000031221C6
0000033C8069
FFFFFEE81A86
FFFFF77BEB10
FFFFF4BABB23
FFFFF798560D
FFFFFEBA29BE
0000066AE37B
00000671BE35
000000D270FE
FFFFFD465684
FFFFFD4F7963
FFFFFD8C33D3
FFFFFCE4CBB3
FFFFFD72EB08
FFFFFE7E1352
000000B654C9
000003B3C2AE
000002CAF789
FFFFFFDB8787
FFFFFF189E77
FFFFF9496EFC
FFFFFD6650ED
FFFFF6D3EA7B
FFFFFDDA3444
0000005DA76A
FFFFFF7AE905
FFFFFCA6769D
FFFFFD329D2C
FFFFFFFE0E55
FFFFFFFC3822
FFFFFE008ABB
00000001F759
00000577399E
000004D02835
FFFFFD90A7E7
FFFFF7490CD2
FFFFF55CA6F7
FFFFFA5FABC0
000001DE158E
0000047AFB4E
00000326519F
FFFFFF74D638
FFFFFB78D82D
FFFFFA4E0201
FFFFFBDC9B37
FFFFFDB8B213
FFFFFDE5700B
FFFFFF8C2354
000002AA1C94
0000020862C3
FFFFFFD13FEC
FFFFFF5A9928
FFFFFA9AF9BA
FFFFFE33A393
FFFFF5EC0112
FFFFFDB87F70
00000165C2D6
00000105EF57
FFFFFDBB26A7
FFFFFD3BB329
FFFFFEF40B22
FFFFFEECD0ED
FFFFFD1D5ACD
FFFFFDA79CD6
000001C588D4
000005071C29
000004BD7DFB
FFFFFF6D724E
FFFFF8644259
FFFFF741EA4B
FFFFFAC9D388
FFFFFF7A03F3
000003D5FD45
00000313FA8F
FFFFFE579348
FFFFFC4F6FBB
FFFFFDF35DFF
FFFFFEB7A739
FFFFFCBA4CB0
FFFFFCBE4089
FFFFFF7DCEFB
00000002EF39
FFFFFF261A52
FFFFFFBA9971
FFFFFB8B82AC
FFFFFEBF4266
FFFFF5BDF605
FFFFFDC06B95
000001840A28
0000019E413E
FFFFFF0C741A
FFFFFD81DED7
FFFFFD0ADD5C
FFFFFE36903A
FFFFFFED5D77
FFFFFE8A1FCD
FFFFFBE8BD96
FFFFFF8C4C9E
0000079B9D94
000007645736
FFFFFEED00C1
FFFFF83C9BB5
FFFFF668871F
FFFFFAB24763
000001D051C9
0000042BBD7D
000002645D13
000001033841
0000003FEFC2
FFFFFE83E732
FFFFFBBB1133
FFFFFB0D63C5
FFFFFC971F74
FFFFFDFD6594
FFFFFF20C287
000000514059
FFFFFB03013D
FFFFFDEF7535
FFFFF6A0C0FD
FFFFFE63BFC9
00000157F396
0000017F8252
0000004511A0
FFFFFDE5759D
FFFFFAD3A5E9
FFFFFD137F84
00000322F4FB
000001803491
FFFFF9193F7F
FFFFF9D2561E
0000049E767D
000009337B8A
0000048C27EE
FFFFFDA7F5C8
FFFFF8D3B187
FFFFFA8665E2
FFFFFFAA045D
0000023D7848
00000344C7AB
00000250DEC6
FFFFFEF0ADD6
FFFFFCA0F0F8
FFFFFC7761B2
FFFFFD8CDBB3
FFFFFE42E2A2
FFFFFF81B5EA
000001E7395D
000001D54F54
FFFFF8FE79F5
FFFFFB2E6013
FFFFF7999308
FFFFFF1DB167
0000011C804F
000001665247
000001628D56
FFFFFE4E6A12
FFFFF9314DAC
FFFFFC06677F
00000460E3BC
00000399A8A4
FFFFFA9312AA
FFFFF8AB4E50
FFFFFF337208
0000048389C6
00000659BADF
000003731A54
FFFFFDFA8992
FFFFFD6BF075
00000029F9BD
000001225F6B
000001C59F3A
0000003A8F0B
FFFFFC6F8397
FFFFFB2FBD81
FFFFFD189C08
FFFFFFE7A968
000001018A42
0000028D0A7E
00000552483A
0000035266BF
FFFFF6851F87
FFFFF829A472
FFFFF7A4A6DC
FFFFFF0E240B
000000B3D5DA
00000184F659
000002449411
FFFFFF1C0E23
FFFFF9C36E4A
FFFFFBB16C7B
000002386230
000002C41B50
FFFFFE94F03B
FFFFFBED3AEE
FFFFFB0F8399
FFFFFE6B07AC
000005677482
000004E9115B
FFFFFDDEA298
FFFFFD86411A
00000235055B
000003066627
0000012AA9E5
FFFFFF44DA50
FFFFFD8A4C64
FFFFFC9901C5
FFFFFC205353
FFFFFD152600
FFFFFE463156
0000018AD0B7
000005CCA106
0000037C5C9A
FFFFF5929F92
FFFFF78F3F69
FFFFF7587534
FFFFFEC106EB
0000002C530A
0000017ACD4F
000002B67CE4
00000058536B
FFFFFC1F728B
FFFFFBFCF5F0
FFFFFDBDAA16
FFFFFF957208
000002A67EFF
00000110FA12
FFFFFA1F07C9
FFFFFB03172E
000003CF3CFE
000003080CEC
FFFFFA66EC96
FFFFFB38B52B
00000332F691
0000054A3B2C
000001CC9B76
FFFFFFC20915
00000057A68C
FFFFFFD9D7A1
FFFFFC9E6C24
FFFFF99D3906
FFFFF8AA0789
FFFFFD19DDE3
000003B242E2
0000036F137C
FFFFF7765C85
FFFFF9FA9681
FFFFF7AA69EA
FFFFFF19EAB7
FFFFFF7EC356
000000C1403B
0000027C3C1C
0000013BC110
FFFFFEC6ABBE
FFFFFC895C78
FFFFF99AF455
FFFFFC85130A
0000052B3D7E
000004ECE2BE
FFFFFB514B39
FFFFFA52B90B
000002A147CF
0000023A9D3E
FFFFFA4AC530
FFFFFA58E208
000000E01DEC
0000036F3BCC
00000129D961
FFFFFEAC8FEB
FFFFFF3F8F15
000000EBB279
0000000DDF18
FFFFFBB3E3C2
FFFFF79E9339
FFFFFA61BD05
000001724554
000003A7E5E1
FFFFFAF370F6
FFFFFD5EF030
FFFFF86732F4
FFFFFF9943D3
FFFFFE9A57FC
FFFFFF242E49
0000012C3C27
00000182E9B6
000000EC9C35
FFFFFD953FB3
FFFFF7EFD028
FFFFFB0A3217
000004E4DCA6
0000050EB47D
FFFFFCBD5AAA
FFFFFBCB57D2
000001E14214
0000022274E1
FFFFFD98B1FD
FFFFFC20F764
FFFFFCEA7DEB
FFFFFE56D66A
FFFFFFC2B795
FFFFFE0C985E
FFFFFBB5EF60
FFFFFE03D9BF
0000019A5DD3
0000000DF600
FFFFFBAE8AEA
FFFFFBF034F2
0000005F4566
000002BA7A2D
FFFFFC83C4DB
FFFFFEE74DAD
FFFFF8244D15
FFFFFEEB00E6
FFFFFD9424F5
FFFFFD337816
FFFFFF0F9985
00000116530D
0000028CC161
FFFFFF309B88
FFFFF92CE0D6
FFFFFAEE1489
0000018D0C6E
0000025E87F8
FFFFFF179714
FFFFFEAFC907
FFFFFFFD3086
00000068041B
0000013C2E42
FFFFFF6C5743
FFFFFA67D95E
FFFFFAD623F4
0000007AF38E
0000005F8839
FFFFFAA74C4C
FFFFF9A02052
FFFFFDC9B440
000000A081D4
000000DEF542
000000FCE9CF
000001612D26
000000CA695D
FFFFFAE30A40
FFFFFDB071F3
FFFFF625FE13
FFFFFCCB3436
FFFFFD1ED73E
FFFFFCF2EE29
FFFFFDBC6BC2
000000356C45
000003245EC1
000001142CE4
FFFFFC34BA37
FFFFFBB21A3A
FFFFFD313472
FFFFFEC501E7
000001BF9E40
000001BDD022
FFFFFD8970BA
FFFFFD922C53
00000338AA5F
000001F041CF
FFFFF9B499E1
FFFFF9E04E21
000001A62551
0000026319B9
FFFFFBB96B82
FFFFF7DA0A93
FFFFF94532C2
FFFFFE5999CA
00000431911F
00000601233C
000002F36BF5
FFFFFF445B19
FFFFF89CE6E8
FFFFFC226BB1
FFFFF2E41E1D
FFFFFA6B0C0E
FFFFFE0AA97E
FFFFFF85713D
FFFFFE9F3EFE
FFFFFFECA936
00000303B9A2
000002746897
FFFFFFB49122
FFFFFCF910CB
FFFFF994C2AE
FFFFFB9AE851
000002D4FB4B
00000352F8FB
FFFFFC526733
FFFFFB9219D0
000002B88555
0000025BB5D0
FFFFFA4D6EF0
FFFFF9B25D06
FFFFFFAE19E8
000000E3D514
FFFFFD910BD0
FFFFFB1A32DD
FFFFFAA6B17F
FFFFFE56A938
0000049C9818
000006121A1C
000001B11036
FFFFFE20C2A9
FFFFF832D3F8
FFFFFC6B2DA9
FFFFF02E6285
FFFFF8F81732
FFFFFF64161A
00000249A8FF
00000077E35A
00000041A72E
0000023D546E
000002B894DA
0000022B656F
FFFFFE83C8C0
FFFFF85E5C0F
FFFFF9F64D87
000001F1B37A
0000029D8983
FFFFFC94C5AC
FFFFFC132894
0000018C5B46
0000011B40FF
FFFFFB68F15E
FFFFFA5509D5
FFFFFC40C01F
FFFFFD63FA33
FFFFFF41F801
000000E1F777
000000A90A48
0000012C742A
0000028AA891
0000016EC664
FFFFFED8DD55
FFFFFE1CC516
FFFFF96E1492
FFFFFD8CF238
FFFFF1102BAE
FFFFF96FEDF3
FFFFFFEE1C52
000002771CE1
000000B54774
FFFFFFCE6C8A
0000005B4A5F
0000015F0569
000002A42659
FFFFFFB7C424
FFFFF9A4C1B9
FFFFFA1AAACB
FFFFFF3A17D9
FFFFFFDC62D2
FFFFFD6E4A20
FFFFFE4DEA22
000000E6201D
FFFFFF771B43
FFFFFC85A0AB
FFFFFBFCBB63
FFFFFB25F924
FFFFFB9D1CE1
FFFFFFB91895
000003B7E1D7
0000047C9194
00000265256B
FFFFFF1BD889
FFFFFD0A6411
FFFFFE60E06A
000000281C7C
FFFFFA5624FB
FFFFFCBFA490
FFFFF36227A7
FFFFFB2CA0AB
FFFFFFA46449
00000059698A
000000089749
FFFFFF74B394
FFFFFF49E462
000000642E4A
000002B0046B
0000012E46AA
FFFFFCE74AE6
FFFFFC482B9D
FFFFFDAECDE2
FFFFFDF3722E
FFFFFEF4A8B4
000000EEB131
0000013C23C2
FFFFFF06CC7A
FFFFFDD4D8F8
FFFFFE93E7F2
FFFFFDF1AD68
FFFFFDBF99CC
00000008A420
000002F88909
0000041BE028
000001B7E732
FFFFFDBC1BFE
FFFFFCEE71CD
00000005CE81
000001FCCDC2
FFFFFA182015
FFFFFBA8BC5B
FFFFF6B1DB2C
FFFFFC311FCA
FFFFFD8CBA53
FFFFFDBC4559
FFFFFDFC5A3E
FFFFFE5840ED
FFFFFDD8FB47
FFFFFED00C2E
0000013756D5
000000BD61BD
FFFFFEAE6FD7
FFFFFE33AC30
FFFFFDA92D50
FFFFFD67F211
FFFFFF75D2D7
000001A039C2
00000155F5FD
FFFFFF12A819
FFFFFE150909
FFFFFF64061E
000000679E28
0000006A257B
000000013D5A
FFFFFFE7B7EC
0000003807F5
FFFFFF3DC337
FFFFFD7F2AE8
FFFFFE39D56C
000000F2B53E
000000D654BA
FFFFF7902DCD
FFFFFA08BBDF
FFFFF8152412
FFFFFB9EC5BB
FFFFFA2D2DDD
FFFFF9E63FB1
FFFFFAB0D349
FFFFFB3FE6B8
FFFFFB1313AB
FFFFFBFB7FE2
FFFFFDCE563A
FFFFFDD2EA21
FFFFFD732AE9
FFFFFDAA4C38
FFFFFD2554AC
FFFFFCE90993
FFFFFE2EF9FF
FFFFFFA349B5
FFFFFFB499D7
FFFFFE1B5B04
FFFFFCDD14D5
FFFFFE325DF5
000000564D9D
0000004BA1A1
FFFFFE2E24EE
FFFFFBFDEB7D
FFFFFB299C6F
FFFFFB6D673F
FFFFFC584302
FFFFFDD41A0F
FFFFFF153DD9
FFFFFD510AC2
FFFFF504B369
FFFFF9E866EE
FFFFFDE793F1
000000248501
0000001502EC
FFFFFED8A0D7
FFFFFF8F5D68
FFFFFEE60A5F
FFFFFE7A8994
FFFFFEAFD0E5
FFFFFEAF8550
FFFFFF1E4EEA
FFFFFF95C433
FFFFFF4B1B39
FFFFFF0B4407
FFFFFFAB2084
0000006E885E
0000007EFEDD
00000082DC78
0000013A29E1
000001A9EEA5
000000B7FD32
0000005BDCE9
000000EE4638
000000FE276C
0000022F49A2
00000371751E
0000018478CF
FFFFFFC733B2
000001F3326B
000003AEDDE8
0000022F04E9
0000012E96E7
FFFFFFF0D4CB
0000007B9103
000001070923
FFFFFF8B1658
FFFFFE528536
FFFFFFE8B01C
000000A334DC
000001114CAA
000000F9F841
000000B62698
000000DA5CE4
00000128B868
000000B59A7F
00000014E131
000000292143
000000647532
00000072B81B
000000F123C9
000001FC6F4C
00000370FF89
00000434CFB3
000003AE76A5
000002450651
00000100C06C
0000024C6D1B
000004EB6794
0000048B3ADA
000002AF76EF
000002DA35B8
0000030BE560
000001DC7A80
000001A8B98A
FFFFFE9EA95A
0000010BC8B9
0000018E97F3
000001751F09
000001561EF3
000003705117
000005A37AA7
000006B6B755
000006F38203
00000690242D
0000057ED7FE
000004807372
000003B00D6C
000002FF72B6
0000031504D4
0000038000E2
000003E657EA
000003C05DCE
0000035B542A
0000042B669A
000005FDBFCA
0000068237C7
000004FCA756
000002DD0317
000001E9F56C
000002A785CC
000003725FE7
0000034D091B
000002970DE5
00000284A027
0000037D80B8
000004A278F0
FFFFFE08B6DA
00000098D425
00000103512B
000001172506
0000013DB15D
0000034037D9
000005C2DB70
000007E3BE53
000009BD5606
00000A51E34E
00000914C80F
000007385989
000005EE76AF
000004FDDAFF
0000046BD3E7
00000459F9E5
000004ED800B
000004BAD07A
000003694899
00000368DA93
000005156184
00000669087D
000006B06A0A
0000058E48BD
000002B1D628
000000889B48
000001A48C03
00000318AD9A
0000017F327A
0000001D56F2
0000039B49FD
000006DA85E7
FFFFFDC7C88C
0000001F6747
000000A1DEB5
000000CDD8E1
0000003E9A9B
000000005581
00000043EE00
000000A84206
000001821920
000002A51994
0000035ED2BA
000003CA1F35
0000040CCA80
0000042C8B49
0000037524EF
000002243405
0000016ECEA4
000000BC2258
FFFFFFD75F6F
FFFFFFBD6689
FFFFFFDEFA60
00000009DE65
00000165D8F1
000002661ADA
00000103835B
FFFFFF72765E
000000D595D7
00000260F85C
00000067B939
FFFFFED8E1A8
0000013CC22C
0000049DBA5F
FFFFFE2C5675
000000222BCF
000000E76516
000001C39C35
000001061CDD
FFFFFFD697A7
FFFFFECE830A
FFFFFD2B08E6
FFFFFB677BE8
FFFFFB65E523
FFFFFCF0D704
FFFFFF09F138
0000014C3DFF
0000034A7CE7
000003352EC4
000001574DA2
FFFFFFC2662E
FFFFFEE1A16A
FFFFFE1F8A89
FFFFFDA24FED
FFFFFCA9316D
FFFFFBAF4C9B
FFFFFD07B6E5
FFFFFE8581EE
FFFFFDC11F8F
FFFFFDC93D69
00000093C06F
000002D78815
00000198BDD6
FFFFFF1C2B1D
FFFFFDC8FBCA
FFFFFFF7763F
FFFFFE06011C
000000229233
0000007D4F3D
000001088BA7
000000FC7486
000000CA7DF9
000000BE83E2
FFFFFFF343D4
FFFFFE678655
FFFFFD9A70CE
FFFFFD7AADD8
FFFFFDADA2FC
FFFFFEDE8C79
000000C1AB1C
0000012F142F
FFFFFFEAD8D4
FFFFFF2C4EF7
FFFFFFE731A6
FFFFFFDBF0A6
FFFFFF089958
FFFFFEB1AE2A
FFFFFE467475
FFFFFE371090
FFFFFE336E4B
FFFFFD95450C
FFFFFE0F772A
FFFFFFD0D714
0000026D559C
000004BC6D3D
0000027AC9AE
FFFFFD15B819
FFFFFCC534F2
FFFFFABEB108
0000001B6782
FFFFFFCD2AB7
FFFFFFB0327B
000000427B74
00000041ABA1
000000540026
00000149EA41
000002272281
000001BB790D
0000006D1641
FFFFFEA38B68
FFFFFD697E28
FFFFFDB92BEB
FFFFFE3CAE54
FFFFFDD25FFB
FFFFFE14A395
0000003A8456
00000114DEB8
000000A9476B
00000159E706
000001A03990
000000161D29
FFFFFE856E3A
FFFFFEACCE10
FFFFFEEDEB79
FFFFFDB1A9F9
FFFFFF9FC9E9
000005763487
000005F6189C
00000043347F
FFFFFE5BC03B
FFFFF7314128
00000028DB2D
FFFFFF79873D
FFFFFF5D4A51
0000006CEEBC
00000007DB41
FFFFFF96FB2D
00000158A9B6
000003492EC6
000003A57B0D
000003CAB99E
000002F19941
00000050D46D
FFFFFE62CF9B
FFFFFE24E18F
FFFFFE3C9286
FFFFFE5161F9
000000302208
000002D37D53
000003FF2451
0000049DB7B5
000004DEA41C
000003A302CF
0000021D783D
0000026C36F7
000001F01299
FFFFFE76467F
FFFFFD979CC5
00000185D7E0
0000044BDEEC
000002D64275
000002D09833
FFFFF96E69EC
000000CB6232
000000270AB4
FFFFFFC318B1
00000072A36C
FFFFFFFB8E6B
FFFFFF9D8A9D
000000A4BC21
00000198852A
000002B8A68D
000005025596
0000062A2B94
0000046A71C2
00000156D566
FFFFFFC4D1BB
FFFFFF1E8CC7
FFFFFDD901C8
FFFFFEE194DA
000002CF94C6
000004C4584E
000004A3FFCC
000005714251
000006163DA1
0000055F27A5
0000051398B8
000004AB9FDA
000001E8D785
FFFFFEC01A94
FFFFFDCC1CB5
FFFFFF776E9E
00000164C1EE
0000038FD464
FFFFFD017E88
000001CF9840
000002219722
00000195D3B6
000001BFC505
000001D875E0
000001113DE1
FFFFFFE5C526
FFFFFF488290
FFFFFFBEB62D
000000A1D8B9
000002087CE1
000003FF86E1
000004861B9A
00000390FACB
000002148E3B
FFFFFF6DA2BD
FFFFFEC17828
00000083024F
0000005B378C
FFFFFF3B4C88
000000361D60
000001941ED2
0000012F12B7
000000D1DEE4
0000020AC672
000002BE533B
0000013284CA
FFFFFE8AE712
FFFFFD940435
FFFFFE06A6BA
FFFFFECE7213
FFFFFA42FD03
0000019D44D5
000002A7CE58
0000028FF7D5
0000030A3F4F
000003E83687
000002FB9978
0000010BE84F
0000003F0D21
FFFFFEF7883C
FFFFFC1FB148
FFFFFC240A3B
000000786907
00000499E095
000005F01C3E
0000059AB8B2
000003B8A6CF
000001FCB6A0
000000294347
FFFFFDF8325E
FFFFFD6F067E
FFFFFDF213E7
FFFFFDE92BA8
FFFFFD40303C
FFFFFCB63611
FFFFFE7012E0
0000015A0A39
00000257468D
000000D59217
FFFFFF0CE3E7
FFFFFD5EDE74
FFFFFC53589A
FFFFF6372F8C
000000A10F68
0000012E47CE
0000011DD7F0
0000019AC4C6
00000260608F
000002383CA7
0000024B9D15
000002AC43BB
000000FF4831
FFFFFE039EB1
FFFFFD16FAAA
FFFFFDCC7107
FFFFFF5327B7
000001A1E212
0000037D8074
000004781521
00000448373F
00000184502E
FFFFFFB359C7
000001304B42
0000022EF308
0000017AFA11
0000005F2030
FFFFFF1F6508
FFFFFF3344AF
0000009580C9
000001711C72
00000109B8B8
0000006787BB
FFFFFFADF771
FFFFFF83CC26
FFFFF77B8DBE
000000684B8E
000000867BD6
0000004A5499
FFFFFFE94186
FFFFFFECCEDD
000000C8C28D
000002695A5E
00000291A6C8
000001DB6A40
0000026B30D6
0000016C2C12
FFFFFD2AD8DA
FFFFFAF61564
FFFFFCE2B63F
FFFFFF9311DF
000002754EDE
0000041B81C7
000002557AB2
000000E4C63C
000001ADEF7F
000002CE24C1
000003FAED45
000003DCA29A
0000028C1884
000001584D97
00000100EEF5
000001196BCD
000000BBD5B1
00000020C34F
000000814DEC
000001873867
FFFFFA02E611
00000052FDC1
000000CD17A9
000000FB3D34
FFFFFFC5C241
FFFFFF5A1926
00000106EB78
000002440766
0000008C1C4A
0000002FC54F
00000329B885
00000325B226
FFFFFEFD456F
FFFFFC358EEC
FFFFFC316773
FFFFFD659AAA
FFFFFFF3AD8E
00000259B7F0
000002F26697
000001DFA142
FFFFFEDC14E3
FFFFFD4BA55C
FFFFFFDA23C6
000001AFA335
00000195CE0F
0000017E694D
00000274A893
00000395BAC1
000002E61B70
000000E58104
0000006B6112
0000013C5C84
FFFFFB0A5E47
FFFFFFE17601
000000A3C0C9
000001556C9B
000000444F72
FFFFFFB4F8FC
0000014B12F7
000001C8E19B
FFFFFFCDB8C1
FFFFFF6C356E
000001160102
0000020BA45E
0000021DC392
00000043FF3B
FFFFFCAA2FF1
FFFFFB2007A5
FFFFFCBE4269
FFFFFF817011
000002F5A336
000003C3A7F1
FFFFFF5A5B15
FFFFFBCA80CD
FFFFFCE009F4
FFFFFE55DD55
FFFFFEB0A588
FFFFFFD0BE6A
00000219E0E9
00000434E28A
00000409237C
0000025A22A7
00000151B717
000001BC1D4F
FFFFFBE5A015
FFFFFF8F7BA6
FFFFFFA0574E
00000038317F
000000C85859
000000BB9326
000000B06FEF
000000618734
0000010D6251
0000018C9175
FFFFFF3409AB
FFFFFED5A942
00000309FAAE
000003FDB33F
FFFFFF1AB321
FFFFFB4ADEC8
FFFFFAEBB97E
FFFFFC1189AE
FFFFFEC35775
000000DF0E11
000000C69143
000000A92B33
0000002FB64E
FFFFFF43E019
FFFFFEFD4DB6
FFFFFED551E1
FFFFFE7F421F
FFFFFEB7FCC8
FFFFFF543F80
FFFFFFF7A9E5
0000000E9533
0000012C4ECB
FFFFFC5F1CD1
FFFFFFCF0E20
FFFFFEDF6B26
FFFFFEDD0A0D
000000CDD008
000001B5BE3C
00000038F077
FFFFFEF8A9AA
000001D24DD1
00000396A6BB
FFFFFF114526
FFFFFC800065
000000DBB3F7
0000048A0325
000002F574C6
FFFFFFA6CF3E
FFFFFD158983
FFFFFAD00693
FFFFF9D0B3A7
FFFFFB6CD5B6
FFFFFF6BB094
000002FE8512
000002B45E08
0000018C5707
0000024653F1
000001132BAC
FFFFFD9EAED4
FFFFFB667280
FFFFFBC9B806
FFFFFD9A13A0
FFFFFE025E54
FFFFFF61651E
FFFFFC38CE62
000000B400AC
FFFFFF857AB0
FFFFFF1F9D46
000000BB5352
000001905B84
0000002A2539
FFFFFE982F25
000000D06504
0000033FE835
0000013B2CE1
FFFFFE752816
FFFFFE89B9DD
00000103FE75
000003A34509
00000445EB34
000002924E2B
FFFFFF69AB6F
FFFFFCD1BCF0
FFFFFCA76330
FFFFFE600C72
FFFFFFB3848C
FFFFFFE2BB44
0000009121CA
0000029F5EA6
000002E9E51A
000001839F47
00000069231F
00000024DEFF
000000CCCC9C
FFFFFFB01A1C
FFFFFF3D4FF7
FFFFFB8ED29E
00000117B1A3
000000A3DA34
0000002ECEBC
000000C720FD
0000010536A1
000000831C3E
FFFFFF543F15
FFFFFF5438D6
00000115DDDE
0000030873B0
000002127472
FFFFFE079516
FFFFFCE0A135
000001074667
00000521870D
0000055A2C83
0000038E65D2
000002A3EB89
000002088F43
FFFFFFC0C46C
FFFFFDB0136E
FFFFFE3B33A8
FFFFFEFD20E6
FFFFFF2AAC7E
000000802F8F
000003001063
0000042FC6F7
000003B4EF67
000003E23614
000002519A17
00000058D94E
FFFFFAD17195
0000009FB199
000000FD9E73
000000813516
000000CAB290
00000114A34E
000001957E9D
000000EF492C
FFFFFEE5F1FE
FFFFFEDC910B
000002A6380E
000003F13A2D
FFFFFF50A8CF
FFFFFC431726
FFFFFF62888A
0000032736ED
000002864063
0000012FE3B9
0000035C9A75
000005426B11
000003387FA2
000001A9086D
000002EC6B24
0000021D6327
FFFFFF201BD2
FFFFFE86460D
FFFFFFE21F88
0000001410D6
00000029C1D5
000001AF4EBF
0000019EBCBA
00000070B1AB
FFFFF9B2AE9D
000000A04EB0
0000013DA76D
000000C37C8F
000000D3E90F
000001084B15
000002176621
000002446A0C
FFFFFF9DACCF
FFFFFDD0085D
0000013CAEA2
0000043019FF
00000155A8C6
FFFFFE2D447A
FFFFFF7A2197
0000019941B6
000000286300
FFFFFE7B586E
000000CF2276
0000042C6DED
000004F09CC9
0000054D3F78
00000665AF6F
00000571AAAB
00000314F433
0000009B0D53
FFFFFD9C1A62
FFFFFBB5322F
FFFFFCA606E1
FFFFFF152866
0000009F521C
000000CFC97C
FFFFF95438DF
000001BDA5A7
0000024CF0B0
0000018D0E41
000001A44905
00000199F0AD
000001DC527D
0000022A053C
000000647194
FFFFFE45C9EB
FFFFFFEA3836
000002CD241E
00000251D70F
00000030A2C6
FFFFFF8BE8E1
000000C15B96
000001A7AC0A
00000097D9C7
FFFFFEF7F783
FFFFFFC2624B
000002B56502
00000400072B
000002D9D039
000002BFD97D
0000048BDDB1
0000038C7596
FFFFFF31D0FC
FFFFFC42E726
FFFFFC2B2B27
FFFFFDD8DBAA
00000057A7D8
000001A93C1E
FFFFFAEB9139
00000227A461
000002B45C66
000001FB6EC2
000001E1667E
000001FA2486
00000198CAEE
000001982407
000001121AA5
FFFFFF91CE79
FFFFFF025309
0000007C0FBA
000002838B56
00000247E8B8
FFFFFF83C231
FFFFFF5A790A
000002EFBCC2
000003CCDEB1
FFFFFF8677E1
FFFFFD77543F
000001000843
0000026C2D1D
FFFFFF37DA4A
FFFFFEAB3FEF
000001E30D45
000003352CFA
000001DEFDA3
FFFFFF9B4980
FFFFFCF33929
FFFFFCA7E2A8
FFFFFF3346DE
00000133C6B5
FFFFFC621407
000001645812
000002171E33
0000017EE4A5
FFFFFFE0AD20
FFFFFFC5634D
FFFFFFCFFE6B
0000005876F9
000000EDB752
000000621E99
FFFFFEAEB60D
FFFFFEB98E73
0000024BACE8
000003C6DFDD
FFFFFFDB9DC3
FFFFFE331C30
00000230EE74
000004784957
000001505AF6
FFFFFEF2EE8F
000001655726
000002B09192
000000425810
FFFFFE1BA88E
FFFFFD1CECDE
FFFFFD55BF61
FFFFFFEE50A1
000001567FAB
FFFFFF587E15
FFFFFE4B8423
FFFFFFA9D13C
000000A97CAB
FFFFFBEC2B31
000000B0608E
000001F91362
000001C68A8C
FFFFFED29C4A
FFFFFE30609F
FFFFFE5A1C3F
FFFFFF01EED7
00000052211D
000000C0D2D9
FFFFFECA802D
FFFFFDA1986F
00000109E69D
0000038B6B0F
0000008A8238
FFFFFE397562
00000062C6D2
00000294A9C2
000002339319
000000C4089E
000000BC7CB7
000001BB9E55
0000024A6662
0000000EC905
FFFFFB1CCC08
FFFFF8BD8547
FFFFFBCCDCF1
FFFFFFC204C7
000000F7697E
000001091D64
000001176241
000000EDD285
FFFFFB0F7D54
FFFFFF0E9B04
00000073C789
0000013F637A
FFFFFF922CFA
FFFFFF3BE935
FFFFFF2B0ACC
FFFFFF4DF2D4
000000282B38
000000ABCD3E
FFFFFF2F333F
FFFFFD8B9D38
FFFFFEF1694B
00000127C6F7
000000C782FF
FFFFFEF8F6B2
FFFFFE020215
FFFFFF16BBD3
00000115FA37
000000342AB3
FFFFFD5A1C67
FFFFFD64F6B2
000000183EAF
000000092603
FFFFFD001C22
FFFFFB76AF82
FFFFFBF88438
FFFFFDC05C52
0000000B8595
000000E55F0A
0000005179A5
0000009F0E97
FFFFFB1DBA92
FFFFFE3904AF
FFFFFE4907EB
FFFFFF71E177
0000004C83F5
000000A8D953
0000004EDAD9
0000000B4190
0000005BC176
0000009C898B
FFFFFFE6C248
FFFFFE4E6F4D
FFFFFCFFDAD1
FFFFFE139238
00000094ED38
0000004807BE
FFFFFCE8308E
FFFFFCA474D5
FFFFFFDC8045
FFFFFFA4010E
FFFFFBA01FD6
FFFFFA55651F
FFFFFC68B5D3
FFFFFDC6EB48
FFFFFE880F67
FFFFFF77D420
FFFFFE5B6F18
FFFFFD7D0490
FFFFFF46E437
0000001F9655
FFFFFEF9E6A8
FFFFFFB09ECE
FFFFFB72F0CE
0000000ED852
FFFFFE31C35A
FFFFFF6FC111
000001572DAB
000001D6E123
000001248D77
000000AD0478
000000C360FC
0000010E93E4
0000011B4BD4
FFFFFF93E174
FFFFFCA30259
FFFFFC52A966
FFFFFF2451AF
FFFFFFA5B5CD
FFFFFCE0CFF0
FFFFFC8AB624
FFFFFEDD1484
FFFFFED6FAEE
FFFFFC90AA73
FFFFFBA27D08
FFFFFC252173
FFFFFD434C1E
FFFFFF4437F3
000000CC7142
0000000BB45F
FFFFFF3500E6
0000003D4FB8
000001AE8842
FFFFFFCA6D89
FFFFFF1EF57F
FFFFFB7F9941
0000011A188E
FFFFFF6A8E0A
000000CBF28A
000002FF8018
0000036D2D0B
000003164A78
000002BC4A73
00000267F096
00000295B420
000003388DAD
00000237D84C
FFFFFF682080
FFFFFDF2F701
FFFFFF167DF6
FFFFFF9405F9
FFFFFEAAD27A
FFFFFEACA4F8
FFFFFF15C5CB
FFFFFE93A43B
FFFFFEA3F7A7
FFFFFEBC5332
FFFFFDE53552
FFFFFE508756
000000597500
000001ED3AD3
000002891AE3
0000022B8BDE
000001978DA3
000002FDA2AE
000002C2645C
000000B8F79D
FFFFFE0EAA58
FFFFFC949154
FFFFF996A003
FFFFF8F5D09A
FFFFFB274A9E
FFFFFB28240F
FFFFFB6F10AB
FFFFFB97DE9A
FFFFFB68A828
FFFFFBA31F6D
FFFFFC812D22
FFFFFC8EBF57
FFFFFB9FE8E7
FFFFFAB75791
FFFFFAA13F6F
FFFFFB12E482
FFFFFBAA3178
FFFFFBDACCB0
FFFFFB3FF0D0
FFFFFAA05921
FFFFFB250F6B
FFFFFB6385B8
FFFFFA8BCA28
FFFFFA1AD7F5
FFFFFA5CFD83
FFFFFAF957C9
FFFFFC459DF1
FFFFFC570294
FFFFFB0B78EF
FFFFFC26902E
FFFFFD9B1718
FFFFFD93E088
FFFFFC089896
FFFFFB2F6759
FFFFF5FE09BB
FFFFF248BE69
FFFFF217CFB6
FFFFEFBB5016
FFFFEF812A83
FFFFEF96BFCC
FFFFEF7FA942
FFFFEFD8C05B
FFFFF0798647
FFFFF1000FBF
FFFFF1AA674F
FFFFF1F33CF1
FFFFF1B01AA8
FFFFF21CAF01
FFFFF34CB352
FFFFF3D00BEC
FFFFF382004A
FFFFF32B1AE0
FFFFF352B2B3
FFFFF411AD12
FFFFF4748999
FFFFF39B3384
FFFFF2197BDB
FFFFF114E317
FFFFF179DBB0
FFFFF1EDC227
FFFFF145A629
FFFFF04E32A3
FFFFF1907CD1
FFFFF327783B
FFFFF15B4EB4
0000010F0A55
000001C81688
000002426E09
00000049633F
0000004A0E09
0000004B6EE9
0000009D9604
0000010EB5E9
0000009E01C8
0000001A8279
000000035482
00000083DC19
000000F0EEC2
000000EA6EC0
000000D2BA78
000001176E74
000000BE1EC4
FFFFFF74E42E
FFFFFEF14B50
FFFFFF7E0674
0000010F6092
000002DCE92F
0000018D130E
FFFFFDE81581
FFFFFD54A550
0000003AED7B
000002668D12
0000028DE03D
0000018004A1
0000011F2604
000000E2989A
FFFFFB422BDD
000000B6C46E
0000004EB8D5
000000E1F6EA
00000059CD12
000000500A31
000000B2C4B0
0000011D4DC4
00000151D07D
000000C90137
000000407AAD
0000000CE9BC
0000004E1E0F
00000103C78E
000001755C31
0000014CC66A
0000014E1317
000000E7B1D3
000000219E7E
FFFFFFBE5CBC
00000027F58C
00000200442C
00000320E0B2
0000011F23F3
FFFFFE8249FE
FFFFFE2BE7C7
000000044A32
000002A67EE9
0000037C65F7
0000026495BC
000001F282B4
0000026328D8
FFFFFBC488D5
0000020E6256
0000002704B1
0000010B36D5
00000099094B
000000103FEE
000000B03CFA
0000003F9B4C
00000071BE6B
000000FF67A1
000001413830
0000015F3013
0000011DCE23
00000156C410
000001A559B7
000000C8BF88
FFFFFFC97E42
FFFFFF26B1A5
FFFFFF6B43C9
000000A9D1D7
0000014AA071
0000017AEB18
000001603A2C
FFFFFFA2CF14
FFFFFF0B536D
000000A93D41
000000DACC1E
000001510151
000002A1C061
000002268A87
000001745217
0000015F5A12
FFFFF98338E9
000001569D2B
FFFFFFBB249F
000001E007A8
0000015CB2F8
0000007BA430
000000E72FC9
0000005E326F
0000004BC1A5
000000C74C25
000000D6C285
000000ED8283
0000009DE7F9
000000FD982A
000001BB0D76
0000006CBAB2
FFFFFF6934D0
FFFFFFC388D2
FFFFFFE780D2
000000A2AB96
000000D712AA
0000004E1B42
000000E195C9
000000472917
FFFFFF951589
00000090EEF6
FFFFFFE4FD3E
0000007AE4D7
00000360C4B8
000002BDC2AF
0000024AB529
000001726112
FFFFF778EBC5
000000B31A76
FFFFFF0E385D
0000013A20D2
000000F6304F
FFFFFFCB5A78
000000357FED
000001D36EAE
0000025B9D4A
00000188C54C
000000E2DEF8
0000006F073E
FFFFFFD45E00
000000AB0F86
000001FE3DDD
00000096792B
FFFFFF3EDB98
000000942527
000000CD126E
FFFFFFF106C7
0000001D9B3F
000000C61AC2
000001DC021B
0000019505E9
0000006C3837
FFFFFF4E48D4
FFFFFDD18BF4
000000328AF6
000004996FA5
00000455EBEE
00000350B5F6
0000006C4D23
FFFFF3853A03
000000716051
FFFFFE41E261
000000426154
000000D7F9D1
00000020975C
0000002A0544
00000223C3D8
000003195DD9
0000024910F1
000001B486BF
000000F9E643
00000015F317
000000DCFEE9
00000253FD16
000000AE33BF
FFFFFEC7ECE4
0000007C518A
000001944B26
0000004F0122
0000004F37B0
0000021158BD
000002C62D02
000001AE9D9A
000000210929
FFFFFE8FB24C
FFFFFDF33ECC
0000012A97AE
000004F26CB5
000004230734
00000404958E
0000010EEAC3
FFFFF244C48E
0000009447BA
FFFFFEB8C8C0
0000009B5EC3
000001BD4457
000002115380
0000015AC15C
000000EFA5DC
0000015992FF
000001B89050
000001F4F627
0000015FC3D1
000000859944
000000F38533
00000231C7BD
000000DE342E
FFFFFE8F0B52
000000388570
0000021E8A49
000000DB6A8C
0000005AD145
000002646F87
000002D5F30C
000000386F78
FFFFFE60A13D
FFFFFE9227BF
FFFFFF79F6B3
0000019DC6D6
0000036B1AF8
000002452CAE
000003004092
000003A01ED9
FFFFF4B826B9
0000009F1E0C
FFFFFF906A5F
000001ED89A8
00000270179D
00000201EC98
000000F12907
000000038F8E
000000AEC7B7
0000017293A1
0000018F5875
00000180F1EC
000000F8ECDC
0000013261BD
000001D32DAE
000000884D44
FFFFFE808EB7
FFFFFFAAF64D
00000222860A
000001B2CB7C
00000022A80A
000000FF6E3D
0000023CFE82
000000713AE9
FFFFFE5964B8
FFFFFF027D23
FFFFFFA8F392
000000598526
000001F9C9B8
0000029AE5F0
0000036F8B13
000003D2E31C
FFFFF4411C45
0000009B6630
FFFFFFF8C960
000002E61FE8
000002B9ACD2
00000057D372
FFFFFF26B5E1
0000003DCB3B
000001EAF076
00000177264D
000000DD5658
0000016F6C6B
000001886FC4
000001F16A69
0000019077D3
FFFFFFAB9048
FFFFFE06E8DA
FFFFFEC7739A
0000014D8D19
00000249900D
000000839602
FFFFFF596087
0000010957A7
000001A4B827
FFFFFF6A62E2
FFFFFE5736C4
FFFFFE7914C9
0000002E6A4D
000002FCA7A8
000004380B88
0000057BF07A
0000019A10A1
FFFFEFB8F343
000000D63ADB
000000093B79
000002664C55
0000025C86C4
0000007D7388
FFFFFFA1B7AB
000000F4D82C
0000021201B3
0000011A2311
000000AA9305
000000F64CE5
0000015CBEB3
000002592DD6
0000012B7CE2
FFFFFEDBD4A0
FFFFFE487D70
FFFFFFBEF909
0000017E355E
000001639B01
000000472897
00000017A37D
0000013D1C98
000000CF5972
FFFFFEC699EA
FFFFFE33FC49
FFFFFF19F72F
0000013A51C6
000002DD54AE
000002ACB5E4
0000064ED563
0000025736E5
FFFFEE4EBEB7
0000011B8586
0000002A3904
000001439056
000000FE8A16
000000F2C3A7
000000F3830A
000000AAD8C1
0000009D063E
0000018E71A6
0000025B17BD
000001305B26
000000EF1715
000001C6B30D
000000491CD8
FFFFFE1BABBB
FFFFFDF4F6B2
000001429A17
000002B91AB7
FFFFFFA5046E
FFFFFECD9267
0000025F614F
000003C3BB4F
000000245751
FFFFFDFD0797
FFFFFFDBEA95
000000F9F643
000000EA10C6
00000078DCE5
00000069953A
0000055C4177
00000532DAA7
FFFFF1966784
000000CF1B0C
0000001EB331
0000016720BE
00000077C51F
000000302105
000000CA7740
000000E66A0C
000000B6CE30
000001D95F53
00000273D885
000001AD0608
0000013B4AC0
0000005B7877
FFFFFFE3B459
FFFFFF808742
FFFFFE36E633
0000005606C1
00000217E6D2
FFFFFF5D4DAC
FFFFFEDD3D45
000002A02A97
000004264FD0
000000EB4D48
FFFFFF0C85AB
000000E9BBD4
000001321A11
FFFFFFF0011C
FFFFFFB6E1FC
0000018D3CEA
00000489FE68
0000047ED6A1
FFFFF362CADD
00000051F65D
FFFFFFA08382
0000022F8CE6
000001B95150
00000045D59F
0000008CDB81
00000258DC65
00000266D047
0000003DDF07
FFFFFF446071
0000016CD5A5
000002369C81
FFFFFF5E78DA
00000007E62F
0000027646A6
00000090812A
FFFFFF7E937E
000000815E70
000000DBB348
000000D1E910
0000007D4989
000000F3BA84
000001449793
000000BE65AD
000000C1017E
00000023E2A2
FFFFFFCB52D4
0000010032EA
000003163371
0000047F3EEB
000001858054
FFFFF21B962A
0000009707D5
FFFFFF1B25AF
000001D69061
000002B489E6
0000020C440B
000000EC04D4
000001574B2E
000001EDA306
00000026A276
FFFFFF084D65
0000010F4A37
000001B65578
000000049AD3
0000009DA9EC
00000237A20F
00000182BB19
000000828E17
00000065547C
00000179EB0D
000001915D30
FFFFFF88A6A7
FFFFFFA6659F
000001562AB4
00000127FE15
FFFFFFFAC88A
FFFFFF41AAA8
FFFFFFFCBDB6
000001A473F1
00000271A049
0000042DF7A6
00000121A54B
FFFFF200186C
0000012AEAE6
FFFFFECC0736
000000F9B3AE
00000271E1B2
0000032125C0
00000194889D
FFFFFF296FF9
FFFFFFCCC93A
00000272031B
000002CAB2CA
000000047DEB
FFFFFEA1FA93
0000015EBC9E
000002898D9B
00000050D64E
FFFFFFE56B23
000000BC276B
000000296556
0000003DD637
000000E20612
00000103F76C
000001B62BA5
00000216682C
000001237E7F
FFFFFF73896C
FFFFFE90EB0E
FFFFFFD39AED
00000121ECB2
000001493FC1
0000036ECFFB
0000028D284B
FFFFF3B994F0
000001144D2F
FFFFFEAAF7B2
000000E44110
000001C4A271
0000023259A7
000002655A7D
0000007CB870
FFFFFF25E2CC
000001E1266F
000003998E43
FFFFFFF6314D
FFFFFE073FD6
000001B6233C
000002A31832
FFFFFFF3875E
FFFFFFC397A1
00000060979B
FFFFFF937595
FFFFFF6B0EB8
00000045DD27
000001E5E2AD
000002B2A493
000001D65FAB
0000019B9AF8
000000CDDCC8
FFFFFF73139A
FFFFFF9DCBFF
FFFFFFF4A030
000000DDC177
000003484F8A
000002B0AB13
FFFFF44C6F4B
000000F471BD
FFFFFEE97366
000001197ADA
0000014FF16D
0000010A12A5
000002DA9BAB
00000297EFF3
FFFFFF7494BC
FFFFFF7C6519
000002158872
000001FA3DF0
000000976704
FFFFFFF45939
FFFFFF788DE9
000000852B18
0000021EF5FE
00000180A1C4
00000006B5C4
FFFFFF7FE6B6
FFFFFFBB8D7E
000000F562A4
0000017C8D0E
0000002F0345
000000FA5220
000002AD3873
000001D36441
FFFFFFDBA1EA
FFFFFEC1E972
000000E3AD05
000004630C9A
000002281DD0
FFFFF36230AB
000000CA258F
FFFFFF0B4FBA
000001446A0F
0000013AB91C
000000DCF41F
000002B1036C
0000027DDD52
FFFFFFE95164
FFFFFFBDDB7E
0000019C8C6E
000002617F78
0000010C1BCB
FFFFFE3E71E0
FFFFFE1BAA41
000001EE7DB5
000003BBD900
0000015EFBE8
FFFFFF6F9B4F
000000098B10
0000006F24DB
FFFFFFEF261A
00000066FBC7
000000453812
000000C7EB46
000002228B25
000001F89FF9
00000020222A
FFFFFE5D33A2
00000090EE98
0000055655D7
000002CB45B4
FFFFF32EE5F4
00000066EFAC
FFFFFED4ACF6
00000169F1D6
0000014A927C
000000E7EEAE
00000287D16E
0000023454DE
000000828FF4
0000008562B7
000000F704A2
0000011716C3
000000A8D192
FFFFFF17484F
FFFFFF671D29
000002A3C459
00000397CAA4
FFFFFF6979DE
FFFFFCF0142C
0000005AC317
0000021EF82D
FFFFFFD27BE4
0000001F5755
000002C69A6D
000002E2535D
000000A54C9C
FFFFFFCF3FA9
FFFFFFD16119
FFFFFE37FCAA
FFFFFF8DC5B0
000004D70711
0000038DD998
FFFFF3D73643
0000009F3384
FFFFFF33694C
0000013BCA1F
0000010CE879
000001331EEC
000002647AA6
000001999E08
00000099FC1E
000000B55BA8
000000B265E1
000001158912
000001589794
0000004C6BFD
FFFFFF2617CF
000000F2B4AC
000003516EA7
0000000FD282
FFFFFC6FAA8F
FFFFFF393966
000001ABF116
000000E09B4E
00000161251E
0000034A2AA5
00000324CC87
000000A8D6C4
FFFFFFE4D8FF
FFFFFF308331
FFFFFD450414
FFFFFFA880CD
000004C1AD4D
00000331C3EC
FFFFF3D25C72
0000016DBE6A
00000048E3D8
0000012049EF
000000A236B1
00000161B1A3
000001E6F029
0000007A1AE3
000000B7F1E9
000001A7E341
000000D5270F
000000CE7C2F
00000191A939
0000002E6F75
FFFFFDBE275B
FFFFFF380CA2
0000037A5CF1
000002FCED75
FFFFFF136366
FFFFFE01B9D3
FFFFFF50FD27
000001F8937A
000003251479
000000DB3AF4
FFFFFFD4D832
000001AB8E56
00000273F94B
FFFFFEB0DF0C
FFFFFC001583
000000F203C0
0000060F8DE6
000002CD9921
FFFFF3BAF79A
0000017E4469
000000C05251
0000014F2F39
00000091A2F0
000000EE7B65
0000014CE721
0000008B76BA
000001733C22
000001DA1F4D
0000000EEECD
0000000AF88A
00000198D56C
000000606A66
FFFFFDD2C1DB
FFFFFF6EE095
000002E5B742
0000031E4142
0000012D9587
FFFFFF197A61
FFFFFE9A481A
00000151B537
000003130ACA
00000012C5E3
FFFFFEBBD244
00000180FEBF
0000027420E8
FFFFFECBF28A
FFFFFCAB74B1
0000016AD5D1
0000062A9FD3
0000029874B5
FFFFF407094A
0000010A1378
0000004129C1
0000018BD3E6
000000BBE61D
0000001E2720
0000006C8FE3
0000013836C3
0000027DBE59
000001816527
FFFFFF6B89F1
FFFFFFDE0C33
000001B1978F
0000012205A0
FFFFFF4A3F77
FFFFFFDB8073
000000CA120A
000000CBA933
0000016F1800
000000FC99D2
FFFFFFAF6C58
000000BDDB5C
000002985040
000001C24AF3
000000A74E10
FFFFFFE34442
FFFFFF560F6C
0000000BCBE1
FFFFFFF2C4E0
0000012B33B9
0000048489CA
000001C51AA3
FFFFF3C2F442
000000BF4C4C
FFFFFFD7D977
000002063CC2
00000110E6B8
FFFFFFAE84A8
FFFFFF9F93CF
00000160ED6C
000002BA27A8
0000010017A1
FFFFFFBBC4AA
0000009E7CD0
0000015916F7
000001155506
00000029FBAE
FFFFFFB7B83F
FFFFFF31A99B
FFFFFFD03C7A
000001DF7E32
000001CC8804
0000005C0EED
0000013BE918
0000027BABD4
000001E90D51
0000016DE019
FFFFFFB2CD40
FFFFFE6D0AC9
00000080803A
00000101F862
0000007B3698
0000039E637C
0000021E09D2
FFFFF42BC32E
000000909F98
FFFFFF3A8670
000002CEF735
000001DA9621
FFFFFFF835D6
FFFFFF8CB88D
000001184851
0000020C48D9
00000094F0FE
0000009C93CB
000001865825
000000A75ABB
00000052896F
000000B99E82
00000018CD2F
FFFFFEFE2E55
000000249823
000002B7F33D
0000024834A9
0000003BB203
00000082CA7C
00000151D652
000000E79CEA
00000150676A
0000019CD1F1
000000686745
FFFFFF3A7C3A
FFFFFEB0FD25
FFFFFFE299BB
000003A844F3
00000357E66F
FFFFF5CAD550
0000010270F6
FFFFFEF2F5C0
000002840392
00000212BF83
00000069082A
FFFFFFD27580
000000C19818
0000016069A6
00000100D191
000001A49384
000001898A21
FFFFFFD457D2
0000002CA290
0000019728A1
0000007E41FF
FFFFFED11939
0000009F0CC1
00000361D3BF
000001E57C1E
FFFFFF5A83D3
FFFFFFB27265
00000157711D
00000187E5FC
000000C2F608
0000012AED7F
000000D3F389
FFFFFE8F6513
FFFFFE7E214C
0000016962E0
000003D378B7
000002A91CF4
FFFFF60B7123
00000257CEB4
FFFFFFC37D20
000001B651D1
00000138A53F
000000A22973
0000004A7564
0000002866AD
00000084CDCE
00000187969E
0000026D201E
00000110275B
FFFFFF3976D2
000000401974
000001C8941A
0000006FE06E
FFFFFE9C1813
0000011AF9B2
000003A84FA2
000001072224
FFFFFF01EC02
000000F653A2
00000300593D
0000022C3C3F
FFFFFF71EDF3
FFFFFE905999
FFFFFF514F28
FFFFFF384F4C
00000059CE0C
0000034E6ABF
0000047BBC5D
000001379C03
FFFFF4C6E506
000002459A85
FFFFFFC2FB60
0000014B8643
00000161889E
000001165061
0000008725BD
FFFFFF9D7FAB
FFFFFFCA927B
000001B5B228
000002D35E6E
000000AB6529
FFFFFEEA7263
00000084BD1D
000001E982BD
000000374571
FFFFFE5F5574
000000F11975
000003BC98B5
0000015E5133
FFFFFF89C018
000001915D13
000002AE383A
0000011A20BD
FFFFFF35C7FA
FFFFFE6748E0
FFFFFF2EB48A
0000005D0B84
000000DFE9E2
000002640E0B
0000047A2BE8
00000183CB9D
FFFFF49F0380
FFFFFFD66C66
FFFFFDBB66E9
0000013D8B81
000001A43A10
000000FF07A7
00000042F27F
FFFFFFB364A3
FFFFFFF93463
000001CB02E3
000002A35D17
0000002E46EC
FFFFFEEA990B
0000014C7C1B
000002856049
0000002BF133
FFFFFE61A43C
000000C4DA2F
00000390E77E
0000020EED2D
0000002290FB
000000C346E0
000000A9F7AE
FFFFFF67C0B4
FFFFFF7F7319
FFFFFF981DC3
0000000AEBA1
0000019D231C
000000E0016F
FFFFFF22B346
000002CED804
0000031ED1CA
FFFFF65736AD
FFFFFFE51CC5
FFFFFDD56B40
0000016DCDB5
000001C45A64
000000CCE9EC
000000548E62
000000320256
000000002F98
000000F53833
00000238F9E5
000000D658CE
FFFFFF82A6BF
000000F8FFC2
000001B71AFD
0000001DCA85
FFFFFF5FF676
0000012B7B80
000002BE2C2F
000001996482
0000003DADF6
0000006458EF
FFFFFFFF05E2
FFFFFF3D8EAD
0000000132BA
000000A0DA2F
000000930919
0000010ACA15
000000520151
FFFFFF5354D9
0000024A4744
000002D4B970
FFFFF6E5B11A
000000E469D9
0000006FA225
0000017435A0
000001987784
00000112AAA0
000000F6B194
000000DC2668
0000004E9B61
000000ACF6E5
00000205A806
000001FDCAEF
000000BF386B
00000031FA95
0000005B1D30
000000D3F935
000000EAC0DB
000000E3DF7B
0000015C8999
00000155B54F
000000BA4AB1
00000015E7B7
FFFFFF91BEE4
FFFFFFB2027B
000000D593F5
0000020E8AC8
0000019BC8F2
FFFFFFDB097E
FFFFFF27AC31
0000000DBF34
000003217A2F
000002F716CA
FFFFF8F6B503
00000075E278
000000E22B01
000001434F4E
00000112B83A
00000149C444
000001876DEE
000001854036
0000011A7050
00000156622C
000001FA5406
0000022DA7E9
000001CD4B4D
000000D4B6D5
00000041A4C6
00000111BCA2
00000196EA35
00000131808C
00000103802F
000000F3ACC0
00000080A1CA
FFFFFFA1E719
FFFFFFB46F29
000000A2A92F
0000011FDB3C
000001E5851C
000001C715C5
FFFFFFE2D225
FFFFFF76FA71
0000031D6D77
00000428F700
000003258AAA
FFFFFC7A0321
0000008A7AED
000001044F6D
000003D847DA
FFFFFBF07297
0000011E7B52
0000001E1A75
00000046F29C
0000015C6345
00000176A701
0000018C3586
00000173A01A
000000BAB6FA
00000077C3F2
000000DD44A2
000001112817
0000006236B7
000000AEFC6B
000001429EAB
00000163749A
000000B45042
000000C143C8
0000015B05A5
000000C48B1C
00000139DD2E
00000224BA5C
FFFFFFF12566
FFFFFF960BCA
000002799E98
0000022AE7CF
FFFFFF5F16EC
FFFFFF9EA026
000002D2265D
000000D7F487
000001EF3B95
000004F8AF73
FFFFFA8CFDD8
0000012F5BF0
000000292612
00000063FAA4
000001370926
000000F09BC8
000000BE7630
000000B72D63
000000555C0B
000000485D9B
000000A62D21
000000B43D97
000000388158
000000721731
0000006C58D9
0000008F72E5
0000006895C0
000000829EF6
000000E9E3BC
0000008C3AED
000000C09F48
0000012D0E6B
FFFFFF76DB6B
FFFFFFD843F3
000002510610
000001DC1E09
FFFFFF5BE69B
FFFFFF513095
0000005CA6BE
FFFFFFDF2793
00000183E57D
0000056FC958
FFFFFA02E123
000001B1875B
000000F7E2AC
000001409D54
000001A325AF
0000009017FF
FFFFFFB521BC
FFFFFFDDCB86
00000013B914
00000055BFCE
000000D904D4
0000011C762E
0000014B82F6
0000013EC928
000000870D19
000000985F01
000000B5DA18
000000C437D6
000001106E7C
0000010C1861
0000012802C7
000000DC4483
FFFFFF96E6CB
0000003FFD6C
00000229D11F
0000026C5A83
00000265F427
FFFFFFCFB8F6
FFFFFDCB1CD6
FFFFFFB6C116
0000010B853E
000004DDC0D2
FFFFF9592D05
000000C5C423
000000E50DBB
000000A1BD45
000000821819
0000001CB104
FFFFFFAEDF7F
FFFFFFF8F129
00000037E7C8
0000005D84CE
0000005D8D77
00000080B53F
0000018075C9
000001142AD2
FFFFFF9320EB
FFFFFFF124DE
00000107E7C5
0000013CEB80
0000010167E2
000000D57A8B
000000B5E2C2
000000938DA8
000000B353A8
000001110CD2
0000008E4E20
0000015F7EC9
00000462A720
0000017D44CF
FFFFFCA026E3
FFFFFFF72111
000000E1D8FD
00000548286E
FFFFF80AB42C
000000C4293F
0000018F9688
0000004ABC34
FFFFFF9A01D0
0000006ED246
000000D49B27
000000D476CD
000000A47C9E
000000B0A13C
000000215EED
0000003DAEF8
000001751472
000000BBB286
FFFFFF24724D
0000002F70D4
000001F0612F
000001F89583
000001943652
00000102467E
000000573E51
000000AB338B
0000018C94CC
0000015A20B7
FFFFFF9D32F7
0000006083BB
000004438A00
0000027EB397
FFFFFECFB6A1
FFFFFFEF00DA
00000100865E
000005C7425E
FFFFF82F0025
000000DAAB7C
00000216FA3A
000000E9CE18
FFFFFFB3A970
00000056382F
000000C3D9BA
0000009FDCF8
0000007C9D7A
000000AE5106
000000391627
0000002FC4D6
000001A8ADE7
00000101731D
FFFFFF1E9E14
0000007B7009
000002D85D89
000001F956A0
00000128001E
00000116BB48
0000008CEBCF
000000A7EBDD
0000013D63E5
0000013E2D37
0000001B32DE
00000040077C
0000030AA65D
000001ABC182
FFFFFF900062
FFFFFFF8CB66
000001144DDA
0000063CE919
FFFFF8D3F4BE
000000680701
0000013A3A77
0000010B19FD
00000047F28B
0000000906CC
00000065C803
00000084E9C5
0000007D2CF0
000001086C63
000000C2F770
000000241408
0000017C4DFA
0000013AA81C
FFFFFF0ED6ED
0000009A9786
0000035B1255
0000015B7B45
FFFFFF86D461
000000C698B3
000001CCEDEB
000001268EFA
0000001F24FF
00000105F91C
0000019BF169
0000009AAA87
000000FE266F
00000012B383
FFFFFF3A29E1
FFFFFFF84C03
000000BB965E
000005C05DFA
FFFFF910EABF
000000751DE3
000000D35717
0000010AAA77
000000565905
00000036C953
000000F1F2C0
000000642D2B
FFFFFF951535
00000058ADDC
000000D18710
000000517D0D
0000012E13A3
0000018D862E
FFFFFFDDB988
0000004DDD0B
000002AFB908
00000155E4B5
FFFFFF00CE3A
FFFFFFDD5766
000001E0457F
0000012D30D5
FFFFFF3E5C1E
000000641811
0000028C1F40
000001516972
FFFFFFD6634B
FFFFFFF89CF9
000000300483
0000002A1590
000000751ED0
0000050935F4
FFFFF8DFAC3C
000000ADEC1A
00000111D034
000001162B6C
0000003DC92F
00000091760F
000001964A50
FFFFFFFD8103
FFFFFE2C81E9
FFFFFEB3B4D4
0000005A710D
00000075C826
0000010CE1B8
00000227B2B2
000001C059F6
FFFFFFF71123
000000D2A38F
000001895AF6
FFFFFFB2549F
FFFFFED079A3
0000007B72A7
000000F6BB74
FFFFFF539539
00000008B49C
00000305E1C7
000002184700
FFFFFFCCE189
0000001B52AC
0000012C602E
0000005ECC27
000000761A4A
000005122C91
FFFFF9205335
0000008A08B7
00000048185B
000000A12D85
00000073C7BF
00000060B58E
000000F0DFD4
000000556079
FFFFFF0FA890
FFFFFEE2A0F0
FFFFFFE3B673
0000007A1A9E
000000A12962
00000159372A
00000212FBA8
0000006FE77D
0000002F3C54
00000110E47A
FFFFFF7D260D
FFFFFF0613E3
000000D77450
00000167E003
FFFFFFD35682
000000202733
0000031089BE
00000276E552
0000002348B7
FFFFFFB194D3
000000CC4C9C
0000006629EE
00000071ECE6
0000056FBF6E
FFFFF9530FB6
00000068CC60
FFFFFF52F460
00000012EC08
000000FA5F51
0000001C5857
FFFFFFE9E533
00000167A929
00000189A68B
FFFFFFA0C452
FFFFFEB0F071
0000000E1B6B
00000044E2E6
FFFFFFF7A41F
00000160339C
0000017C0A7F
000001B05851
000000C4C834
FFFFFEDA2E23
00000017F150
000001E3737C
00000192BEE7
FFFFFFB1C7CA
FFFFFFB1FE0B
00000224E6AE
000002C8AA5A
0000014286B4
000000243F43
FFFFFFF5FCD4
000000532A23
0000007A3701
0000058737FE
FFFFF8D695BE
000000B21E12
FFFFFFC38B7E
0000000BF959
000000FD1BC3
00000086F243
0000003785EB
00000121C700
00000163A8EB
0000003B34B2
FFFFFEEAC1EA
FFFFFF85E3CB
FFFFFFE0D54B
0000001715A8
0000016920DA
0000020A4001
0000030012E8
0000016F789C
FFFFFF1B5970
000000037DEF
000000C526F4
0000008253DE
FFFFFFA2A2F3
FFFFFFF93D7A
00000174F6F3
0000028613B1
000002784F1F
0000015B8133
FFFFFF876BAE
00000059F34D
000000BAE857
000005A5D11C
FFFFF84BD082
00000136A8EE
000000C94B59
000000011146
FFFFFFC86EC5
0000006BB917
0000011C5E8F
FFFFFFEE797A
FFFFFFBADAE8
000001DAF6A5
000001E32AA2
FFFFFFE3CFDA
FFFFFEAE1096
FFFFFFDBC355
000000B20936
000001345B5C
00000345C944
00000237B6AD
FFFFFFEFBF7D
FFFFFFC465C5
FFFFFFCAF2E3
FFFFFFE9BE2D
FFFFFFF8F91F
000000E50BB7
000001649852
0000014E59D6
00000241A00F
000001E71E85
FFFFFF9A194B
000000306EBF
000001112672
0000060584BC
FFFFF79A196E
000000E5455C
00000125EE27
000000568691
FFFFFF1A16B2
FFFFFFC666B2
000001553908
00000040EC7E
FFFFFFE9F875
000001E85C0A
000002A08D1B
000000909989
FFFFFEE4791C
FFFFFF91BC00
FFFFFF3BA185
FFFFFFC978FE
00000272CF0E
0000020BF352
0000010A2388
000000990E01
0000001E77E6
00000090F4AD
000000C608EC
000000EF9C4E
000000782CF2
000000653843
000001B83E8F
000001C40153
FFFFFFA9917B
FFFFFFD02693
0000013C64A2
000006625F6F
FFFFF6E98D19
0000002E1E8B
0000017FEE64
0000017CF959
FFFFFF9BA868
FFFFFF803C56
000000C8858A
000000B3CD72
0000003DE01D
FFFFFFF83109
000000C8A06B
0000018CD1F6
0000015F0ADE
000000CDAE74
FFFFFF3CF0AE
FFFFFF1EB7DF
0000004772D3
000000FC7F82
0000025437F9
0000017F2375
FFFFFFD27DB8
000000F80644
000001B2E257
000000C917CC
FFFFFF847379
0000002DF3CA
0000019C8224
0000018D3A6F
FFFFFFED272C
FFFFFF899A1E
000001258B71
0000069428C2
FFFFF710EEEB
000000466A18
000001B7AE5E
0000019DFDF0
000000074F47
FFFFFF9BC6D1
FFFFFFADFF2A
00000022799C
000000F90EB2
FFFFFFE89FA3
FFFFFFA6857D
0000016D1680
000002B3DD43
0000017B98B4
FFFFFFDD015F
00000005FAEA
FFFFFF9FE5AE
00000043B6AA
000002B09000
000001FE0E62
FFFFFFA8AC7E
00000008E6BF
000000A8F029
0000008D5AF5
000000180E23
000000AD36D6
000001A46DF9
000001971A55
000001540285
FFFFFF9877E3
000000C205E7
0000065E1D7C
FFFFF7DAF661
000000DDA679
0000010FAA5F
0000009A81B4
0000008C2C41
0000005A5ECE
FFFFFEA3BD21
FFFFFFD6EF8E
000002C5688D
0000011D3296
FFFFFE38CA56
FFFFFFC12C3A
000002A75DCB
000001A05051
000000705659
0000015A2554
0000003EA445
FFFFFFADB384
00000185A65B
000002361DFC
0000011CBBBC
FFFFFF8CB11F
FFFFFEAC0F6D
0000002D062D
00000153B36B
00000160ABFB
0000014AF45C
0000018F1077
000002F435BF
FFFFFFD5CF91
0000007585AF
000005F2EBC6
FFFFF846A880
0000010E9FD2
00000086FD3C
0000001C17D4
0000015F7F28
0000012B8F15
FFFFFDD520CC
FFFFFF30F771
00000396869A
000001DCE313
FFFFFDAD07A5
FFFFFF1BD5D9
0000026D555E
000001D67D23
0000013EF038
000001135EC4
FFFFFF14B609
FFFFFF6284CF
0000015F48C9
00000203FEEC
00000223478C
000000D5FFC6
FFFFFF0189D4
FFFFFFDDF534
000000FD0E2B
0000012FBC30
00000084B343
000000A262C9
0000038AA51C
0000002EE57D
00000087CF1F
0000057D3B6B
FFFFF82FBD6E
0000013C8535
000000CD2A8F
0000000FA84C
0000011DF669
00000148FCB2
FFFFFE18E32A
FFFFFEAA3B14
000002910961
0000026C32D3
FFFFFFB95EF6
FFFFFF8C1488
0000006CE2AA
000000FECABE
00000278BB6E
000000AD52A8
FFFFFD80CBD7
FFFFFFDD6933
000002CEE189
00000152D4FE
000000CF3294
000001A868AE
0000008B7D0E
FFFFFF5F3532
FFFFFF77D59B
000000F9706C
0000005D8734
00000008BDB3
000003BE3A6A
0000003F8521
0000007719BE
0000057EF20C
FFFFF85EA6C0
00000129D8E1
000000FD3F61
00000050BE1A
000000907886
000000C403FA
FFFFFF41D1F7
FFFFFF4B65BA
0000009116F6
0000016F5BF6
000002046B0A
000000AF5400
FFFFFE1BFC98
FFFFFF9FAFE9
000003E728A6
0000020E6D2D
FFFFFD9A5DFC
FFFFFFAFC90D
000002F14C53
000000E27EC7
FFFFFF800BE0
000000AE816B
0000003F7816
FFFFFF7F60E4
FFFFFFD1AD78
000001199775
0000000952F6
00000042E94B
000003D91F74
0000001C4A5E
00000047BF3D
000005CCC3A7
FFFFF8689E76
000000A786A1
000000C11A89
000000E986DE
000000ACCC37
00000049D16D
0000001FFE36
FFFFFFFD29B7
FFFFFE712A76
FFFFFFB816AA
000003D1FED6
00000289929B
FFFFFD80E27E
FFFFFEC385D8
00000415FDE4
000002E899D2
FFFFFDF23CB7
FFFFFED83157
000001FBBDB8
000000DD6153
FFFFFFBE8B5A
FFFFFFF26210
FFFFFF70862D
000000A34709
000001A7F613
00000103A873
FFFFFF3264B6
000000233D72
0000032E927D
0000003C0DDD
0000004392E6
000006034455
FFFFF8237E99
00000047A6CD
00000070B763
000001018C74
000000777E81
FFFFFFF91784
000000FE2FF1
000000D291E7
FFFFFD8AB4D8
FFFFFEEB96A8
00000453E1A4
0000033E5EDF
FFFFFE41015A
FFFFFEAD13C4
000002AF3A22
000002255F22
FFFFFE952268
FFFFFEEE658F
0000011DCACA
00000112C926
0000010C93F4
00000090ECE6
FFFFFF81630D
000000799694
00000179F407
00000114C4E7
FFFFFFD697C4
000000C024E7
000002869694
000000612646
00000030C227
0000066B8870
FFFFF80DAD65
0000004723CE
FFFFFFE45331
000000A67FC5
0000007CE1AE
0000000B443E
00000189E795
000001A8D0DF
FFFFFE286004
FFFFFEA5D981
00000289E6B7
0000024078B1
000000023CD5
FFFFFFC1C30E
000000D4B3BA
000001347EA6
000000D1041E
0000002AC513
FFFFFF4D88C6
000000A5B798
000002968D8E
0000016FBCD3
FFFFFF20A5AF
FFFFFF20D077
00000053E7B5
000001B49D76
000001C0ED28
000001E88022
00000256AA5C
0000005FA314
0000004E9F91
000006707E36
FFFFF6DA795E
00000086A70E
00000020681F
000000C402C6
000000F37B91
0000008CE058
0000015DE0AE
00000175A6C9
FFFFFF658597
FFFFFF2D4C89
00000034EAF4
00000102EFF3
0000023B8D64
0000014C60BB
FFFFFF3F7154
00000025EA1D
000002E90124
0000015B2450
FFFFFD68EF6A
FFFFFF1A137F
000002C5B338
0000018B2D94
FFFFFF290DC0
FFFFFF9AC095
000000B08A82
0000023F45D7
000002CAC30B
000001BB1D25
0000016E76AB
000000667FCE
0000011F6FBC
0000069F2A74
FFFFF4CB95AE
000000D49FE6
000001159BFF
000000E79F85
000000F60A1B
000001094250
0000014C5FE5
000000CCE225
0000008B1B86
000000311EC6
FFFFFE7CABE0
FFFFFFC1FF4B
000003A5B7E0
00000271CA02
FFFFFE5E3E01
FFFFFF00B39C
0000033195ED
00000227D73C
FFFFFDA7E919
FFFFFE952663
00000203B28D
000001699A80
00000018EC86
000000D59839
000000F1D1C4
000002009CDA
00000307D818
0000014ADBB1
00000040ED6B
FFFFFFCEAD62
000001AABDB6
000007704799
FFFFF3D18EB3
00000105F15C
000001922671
0000010E8168
000000D12785
000001167D1C
0000010A4B5C
00000074922C
0000015EB557
000001182BC9
FFFFFDB86008
FFFFFEBB6316
00000371AAC4
0000029294F2
FFFFFE9221CC
FFFFFEEB8947
000002A065A8
0000024E9770
FFFFFEE6F28D
FFFFFF44F2D8
0000018BF832
0000018498B2
000000F82191
000001732AD0
000000AB35EA
0000011CEFB0
000002919838
000001A0068C
0000006E3EDB
FFFFFEF287AE
0000018A92C4
000007EDE500
FFFFF41A5C7A
000000EF0C0A
00000194F0B2
000001340113
000000CEC7CF
000000D37CB7
000000B81C5B
0000003FD692
0000017E4BFD
000001AE7BE9
FFFFFE780DD3
FFFFFE8B0727
0000020E5C72
00000238681B
FFFFFFEBB4E7
FFFFFFF1C126
00000216538C
000001F9429B
FFFFFF91FC87
FFFFFF71E908
000000DAC128
000001602610
0000016B9B68
000002196490
000001C62EC4
0000007D70D1
000000C364B8
0000015FA6B1
000001802F93
FFFFFEDA8711
0000014FA069
000007AF4E15
FFFFF4FD8994
000000D0F9FE
0000013E44DF
000001140CB3
000000B03C90
00000099CB42
0000009BF7AA
0000007419AD
000001337852
00000160B959
FFFFFF7611BB
FFFFFF5C1388
000000FF2A83
000001915C0D
0000013B1C3F
000000DD4424
000001531CF7
0000016638F9
000000335613
FFFFFFF7376C
0000007A2F29
00000154085E
0000016760F8
000001B45709
00000266049C
000000F9137D
FFFFFF9B62D5
00000096DD9F
000001D7DAEE
FFFFFFC22016
0000021C8FB9
000006D70A41
FFFFF5F886B8
000000A14697
000000800EE4
0000008FE7A4
00000079C669
000000575A09
0000006DABDE
000000A558BD
0000011FEBB4
000000CA4450
FFFFFFE25CBC
0000004A4DAE
000000C8C56E
000000FC3047
0000014B6A97
0000011765F8
0000012E841A
000000BCE6AA
0000001697E8
000001022EF1
0000015FC1BA
000001798CDD
000000E62DFA
00000015EA4C
0000012A864D
000001BB17CE
0000000D5D91
FFFFFF5C1027
000001DA727B
FFFFFF458AD4
00000142950E
000005ABE889
FFFFF8BA36C8
00000129688A
0000008BC6B3
000000C814B5
000001044937
000000EBDA3B
000000F98BE0
000001333B7D
000001997202
0000013D1941
000000F608BF
0000011B38B0
000000D256CC
000000FED0B0
000001811B4D
00000155A541
00000172D894
000000D531AF
FFFFFFFA9197
000001133882
000001D3DF2F
000001926E48
000000EE3B67
00000031CF71
000000D49BBA
000002E73D28
000001B3D518
000001344594
0000027B038F
FFFFFF51F32C
FFFFFFC5DE32
000003F5AC40
FFFFFB4D3A67
0000014050A2
000000BDBFA7
000001015B85
0000016C83A8
0000019E8E0A
0000018673FA
00000152899B
00000190B65A
00000165A431
00000162DC4F
0000018CE140
00000125C606
0000012E75BF
0000019611FF
0000014416F7
0000017C463A
000001A4652E
000000DAC1D2
000001078931
000001A4A433
0000010687E7
000000EF622E
000001591C76
0000017815F5
00000142D862
0000011E8CB1
0000010116D9
00000104ADD0
0000004242CC
000000E7BF0A
000003C5A62A
FFFFFE8475E8
000001C402BF
00000162A836
00000159BFD9
00000167A461
0000017DA9B2
000001608C54
000001377A1C
0000016BCEF1
0000014D2AB8
0000012F7A2D
00000136FF9C
000001431BB9
00000154AFC0
0000015EEAF8
0000011DAB55
0000012EC367
00000167DA9D
000000E38F69
00000121B48A
000001DA9414
00000175869E
00000160A01D
000001975481
000001107412
000001F291C0
000002103F86
0000023EF902
FFFFFF65CD4D
000006BB2E23
000007BD5BB9
000006ADD2FA
000004CEAEA4
0000046BAB87
000003A12D2C
000003CAEEB8
000004C1DD98
00000552B18C
000005DB55FE
000005F53D3A
000005FA04AC
00000619FCD1
000005FD3C6C
0000056B34FA
000004D3321D
000004E0CC79
000004C13907
000004210394
0000039455B1
000003C1DC48
000004A6A8E4
00000549D23C
00000507789F
000003D609B5
000003111089
0000043315F0
00000524FAB8
0000036F3294
000001C57947
000000CE5C2B
00000045CE11
000004EEC091
000005764206
0000038272CA
00000296B4F8
000001E90D30
00000174782E
0000015A3184
00000198C929
000001CB99C8
00000213317E
0000020EE65C
000001E3E9BA
0000020C6AB7
0000022D665C
00000208B99F
000001D32617
000001CFD59B
000001CB79FD
0000017C9095
000001002729
00000121A045
000001C1FEA9
000002569D93
000002595302
0000010DF0C2
0000007066FF
000001F27D49
0000033538E8
0000023CDD21
0000015304D1
FFFFFFAB0B16
FFFFFF5DB258
00000559C33F
00000656E3C6
00000475F666
0000033C3078
000002018E88
000001E81AD6
000001B2CC9E
0000015D055D
0000012A3B04
000001127FAA
000000F72905
000000DFED1B
000001439E58
00000203B1B9
00000298B014
0000028DEB0C
000001BFEE65
000001129FA6
000000BD89A3
000000CE0EA8
0000018F24DE
00000265195D
000002A6D064
000002198D39
00000088B50C
FFFFFFDAFA7A
0000016E45E2
0000040B0016
000004A3D296
000003BC3493
FFFFFF779517
FFFFFEBD14F5
000004EB666B
00000573F621
000003C81083
000003421F46
000002BC0957
0000034B3200
0000038E9F25
00000356B1EB
000002F72939
00000233B253
000001924127
0000010CF9C1
000000E9DC2F
000001B38B5B
000002B362C6
000002BBEAF6
000001CC7334
00000154C0D5
000001C448B4
000002283614
0000023BB85B
0000024FA08E
0000027A4C37
000002433962
000001729724
0000002C87AB
FFFFFF893EDD
000001FC58EB
0000052F33F0
0000060CB55E
000000B4218B
FFFFFE31CE80
000005E1BC70
000006701EB2
000005B26DA9
000005F28D05
000005127EC9
0000053FF5B1
000004CEC514
000004D09940
0000053570EE
000004D4BC2F
0000049E8A12
0000041307FE
0000034830CF
0000037C6339
0000041995D5
000003CE6047
000002A28136
00000275EFDB
00000369396A
000003CD6F78
000003298F3A
000002DB0929
00000348DB36
00000393F499
000003CF5205
00000253037C
FFFFFFC753EF
000000C661B6
000004DED386
00000816B6E8
00000323E40C
FFFFFE2281CC
000005F8E2A4
0000066E3A2C
0000053DD24C
000004F63946
00000457E256
0000049791E3
000003DCE579
0000039F3EF0
000003FED570
0000046514BA
000004974701
00000435C701
000003878A9A
000003571422
000003A854FE
0000031C882F
000001E555E6
000001A9F844
00000248F782
000002B8381B
000002B77C24
000002BEFCC8
0000029A5BE5
0000029D29CD
00000366AC7D
000002B973AE
000000D6DA86
000000C16964
0000032B7375
000006D27C24
0000046B6B80
000000337330
0000057B67EB
000005F1E0B4
000004727EEB
0000032FF0A2
00000258E162
0000035E1E9A
0000038E6D91
0000034AB5B0
0000038C90A1
000003F21FB4
0000039A67E5
0000035EBECB
00000301F0BB
000002A35C48
000002E92B37
0000024CC1CC
0000012FEFEC
0000010DBFEA
000001A2AC56
000001D0FB3D
000002160018
000002DE2AD7
000002B2C410
000001E0F2E5
000001A03F0A
000001F1B033
00000217D92B
0000022A9C22
000002DF5C4F
0000057445C1
000003685CD2
00000189EA6D
0000052BF3CD
000005BC28D6
000004F56746
000003D07B6E
0000021606D2
000002BFF4B0
00000368E2E3
000003BBA9C4
00000416CED5
0000040D22F0
0000032D4104
000002E2F74F
0000028971E3
0000024BED76
000002A101FA
0000023F0E9C
000001635CEC
0000014A80DF
00000233456E
0000028E74BB
00000247B0E7
00000241CE8D
000002603164
000001F0D408
000000EA300E
00000140CCDF
000002EAF198
0000037FA7CD
000002ED8116
000004AFAC12
0000027F4570
000001DC7C15
000005254FA1
000005B09B99
000005AC7AB6
000005585360
000003145383
000002D1EE39
000002EEC6B4
000003C19025
000004BA6FCD
000004810685
000003A8B5EF
000002DCA051
000002273456
000001EF216D
000001D3269B
000002380695
0000027DA4E4
00000217A7EF
000002AD6EBF
00000366CACD
000002C2C3F5
0000019CAB94
000001CAE59E
000002552C0D
0000013646DA
000000BA08C4
0000020F6544
000002DC785B
0000022283B8
00000447638F
000003BEE515
000002EC58CA
00000546E741
000005DC0902
000005D03179
0000059A1A6D
00000336FC16
0000030B4384
000002FD90E9
000003D93B92
0000053F75E4
000005C3EB61
000005420466
000003A07389
0000027F6BFA
000001E96B76
000000A2C5D9
000001394664
00000322AC7F
000003DDCE39
000003F298C8
000003F89F6D
000003A654D8
00000312AF10
000003147094
000002C0187C
0000010CFCB8
0000002661E6
000001657A9D
000002B7195E
0000025C47E9
000004983F0B
0000047F14E2
0000033CE376
0000055FBA60
0000063530DB
000005FE55D5
00000554FE1E
000002BAE6E0
00000333C507
000003C016E9
000003E49B1A
000004388FF7
00000583F98D
0000061FD0F1
000004AB4329
000004019997
000003414A9D
000000EFCF53
00000062333A
0000021E2265
00000457E81C
000004D14DE3
000003F31F9B
0000040C5B6B
0000047E1F34
000003F6B021
0000029C43DD
000000ECC0BB
00000033DFFD
000001DF1BC3
000003BDA3A3
0000036A3F90
000004E1F0F1
0000032CAC15
0000022E7BC0
000005B2E280
0000068F8D9C
0000065C26C7
000005B39D3C
000002D663EC
000002F0D890
000003C12185
0000038D72E3
000002927596
000003890CE5
0000055C5844
0000062BEA86
000006156CBA
0000045EC890
000001D8B9D2
00000068B966
000000A50619
000002551604
000003411346
0000035E4147
000003E85E8F
000004090CF8
0000032B3139
0000024B0860
0000018B91C6
000000A5CBCC
000000EE2CB7
000002178AC1
0000029C382F
000004E9CA05
0000023E2AD8
0000019B800D
000006242B6A
000006BAD671
0000063FF68C
000005D81CEB
0000032AB203
00000249FFF6
00000290EC39
000003548F91
00000332B9BF
000002FD9AA2
000004479C27
000006A210A3
0000068AE9C0
0000042AC705
00000288F6C2
000001234A16
0000000764E0
000000462AC7
00000151089F
0000030569A5
000004692ADF
000003FEEE94
000002E00B26
0000025B653D
000001EAC7CF
000000ABD6D1
FFFFFF0DE32E
FFFFFF22CF9D
000001333FE2
0000053033A6
00000243123E
000001A42E06
0000062CA888
000006A7B583
000005D9AAC9
000005782F63
000003B517F8
0000035088B4
000002B748F6
000002FCD249
0000039285B0
0000030D0D4D
000002ADE310
0000040BA276
000004F0729C
000005161597
000004F45772
000003097C50
000000B1BD2D
FFFFFFE15903
000000BD6233
000002F0A111
000004B140C8
0000048792CE
000003CBF0FC
0000033F0AE5
000002C94CF8
0000018011F5
FFFFFF58B6A5
FFFFFF14131E
000000C0AA4A
0000048DB433
0000017EFC60
000001232A51
00000613A0AC
000006AE2540
000005ABD939
0000051FAFBA
00000475C009
0000052F7E40
000003EF2A67
00000253563A
000001FC33F5
00000273F4F3
0000027BC0AA
000002420F5B
0000035639C4
000005C2BEF2
000006786D35
000004D25233
000002EBB5A4
000001375E9E
00000111FB4B
0000027E1B07
000003D3BBD6
00000455913D
0000044F6C57
00000464B7D3
0000044325B8
000003183C63
000000FB949E
0000003AE208
0000002A889F
000003288E03
0000004BCFD0
00000078200F
0000061C4B2C
000006B182B5
000005715580
000004BFE53F
00000478D40A
0000059F8589
000004900FA6
000002C07FB7
000002171761
000002C9946B
0000032F9EF6
0000021C46E3
000001CFFB60
0000038322C0
000004B071EF
0000055B5217
0000053F7AC1
00000341EB68
0000013A641A
000000E6B0FD
000002A2C895
0000044D601D
000004486128
0000042540DC
0000046737F6
0000040D15FA
00000265D988
000000E7B5F1
FFFFFFF92BC5
000002CCD43D
0000008092C2
0000007661E2
000005CA7CAD
000006787466
000005819E77
000004B36760
000003B21527
000005143F27
000005626360
0000045D2A23
000002EFCEB5
0000028761CE
000002A78D32
00000206A650
0000017BFB84
000001CB982A
000002FF074B
000004D49906
0000053D7616
000003C722B5
0000012BE8BD
FFFFFFBFB625
00000227566F
0000051601CF
0000051DB187
000004071294
000003BFB20A
000003D69A68
000002C77839
000000FE5875
FFFFFFCB222C
000002B4FB61
000001A40A90
0000012D2973
00000586C084
00000623EDBF
000005934DF5
000004F5F176
0000030B2968
00000463534C
0000060678A4
0000056D0D3D
000002C3B78F
000001AD0A7D
000002EA5897
0000038818FD
000002317C38
000000BE864E
000001957F25
000003AAAA9B
000004556FA4
000003A290FD
000001C45DB0
000000937524
000001D394C5
000003C45C9B
0000050C04A8
000004EAD497
000003E8FD7A
000002DC9056
000001E44431
0000009F8AD4
FFFFFF27D1B5
00000199264D
000001DF121D
000001B74AB5
000005A34227
000005E137F3
0000057491A1
000005406E32
000002C8AED2
0000037A2B3D
0000055BDF8D
000005E4B2C1
000003967EDC
000001FA94F0
00000365CCD2
00000472527D
0000021773B5
FFFFFF57AAF7
000000365BD4
0000032C708C
0000050B67D7
000004601D9F
00000233C1EA
00000157E6CF
000001243AA8
000001428401
0000035699BC
0000053F03A6
000004D527D2
000002F7F29B
000001F2A2A5
000001184B90
FFFFFEF3B147
0000006595B3
000001157307
0000017D7023
000005AFB1A4
000005F8B4BE
0000059D8E07
0000051A4992
0000028568E7
000003190FF4
000004DD12E4
000005D18D17
0000048C4302
000002AE6396
000002726977
000003734089
000003146655
0000017AEA5F
000000C82AB9
0000023CCDA4
000004DBE11A
000004DF89FA
0000029A9EC9
000001519DA6
0000011B7859
0000014F65EE
000002A3D683
00000454112F
000004D06176
000004364FD4
00000380947C
000001C7D866
FFFFFF1BF7BB
0000006705C4
000000D86C5A
0000019EA5EF
000005891796
000006323C67
000005A97AA7
000004DDCD9C
000002839646
0000034A7509
00000460FB75
000005023697
000004F05D19
000003805436
0000019A5892
000002516DAC
000004EDADB1
000004E2CB74
00000176558F
0000002E9287
000002FD5CF9
000004D6D133
0000039F55DC
000001BAFAD9
00000196939A
000002C89583
000003A3E099
0000039BA3B7
00000383E2CB
00000466F8F4
00000424B2F0
000001E7F694
FFFFFF9D21EC
00000127DCAC
0000007D277F
000001AC6E7C
000005AFCC22
00000689AC0B
000005C3691D
000004DF8E00
000002633E0B
000002E960E7
0000036BD607
000004572C34
000005D97B9A
000004F9CB1E
0000016F8BED
000000E0CAF8
0000043D9CFB
000005554B73
00000211552A
0000001B2130
0000026A083A
000004DDEDAB
000004863BC2
000002B67EDC
0000020CE3F8
0000032F4870
0000042C019D
000003811D23
000002A4DAD5
00000312D130
000002FCA521
000001FD6691
000000B16C0A
000001D501F9
FFFFFF86F39F
000000868437
0000061888D9
0000071C5CF1
000005FBC89E
000004FF0576
0000023372E4
0000025EBDC2
0000028E8E1F
000003ACCB6D
0000061B591A
00000612999C
0000023077E4
FFFFFFF0924A
0000020B5300
0000044FB7C9
0000039DCE43
000001FA38B3
00000261632C
0000045F54DB
00000541C932
000003D22327
0000020E6C04
0000023D8CF8
000003587C03
000003B66F0F
0000036BD42E
00000251664E
00000132090A
000001603F0D
00000129C292
00000287554B
FFFFFFAB544A
FFFFFFC714A2
00000691C21A
00000752B8A1
0000062C22CA
00000556179C
0000027FB0F9
0000023A72CC
00000207AC2F
0000031EE2D7
0000057CDDFF
0000062755A7
000003C9CF82
0000014E1948
00000111F51F
000002A6AFAD
0000041B7433
0000032B3D45
00000161DD46
00000283D4C9
00000581B1BF
00000567D5BF
000002403211
0000013FB2AB
000002DDE080
0000041EED29
0000040FA05B
000002123050
000000681BE4
000000BE4B97
00000117414B
0000032A0A1A
0000008BF2D6
FFFFFFF07B40
00000773080B
000007888929
000005FADA4C
000005154542
0000028784AE
0000020C9BA1
00000218B0EB
0000031B0B6E
0000047F2F6E
0000059A1B77
000005A30D1D
000003B22539
000000FAC7C3
000000E79C76
00000396DB31
000003F12BD2
000000F7DC3F
000000C2779A
000004DFCF2B
000006A8B06C
000003AD5D8E
000001882204
0000028D1F34
0000038957C9
000002E0FA9B
0000019C0EDF
0000012B5D6E
000001A658F5
000001F1D166
000003C071D6
000000A59A51
FFFFFFB7221D
000007F7CF61
000008078260
000006041FB4
00000445ECE1
000002278CF9
000002252F01
0000022190B7
0000028CDAA4
0000031EDC4A
0000047F6EFE
000006946771
0000059F8462
0000017A83B5
0000002DAB4E
00000326EEF0
0000046EDD36
000001CBEDBE
000000FC2536
0000044F560A
00000665FE9B
00000499CF84
0000023B05C7
000001F514C3
000002644497
0000025D00CF
000002465330
000001BD2A68
000001A531B5
00000222B42E
0000042E1B0E
000001052647
FFFFFFE24A6C
00000766A502
00000838DDD9
0000066C415B
0000041B76CD
0000024146E3
000002682C00
0000022621A0
000001F58DDA
0000020C9169
00000373D68F
000006225698
00000664B9E7
000002DAFDDD
000000ABE697
0000028BA3B4
000004343EC5
000002E52204
00000245A3F3
000003E538B7
000004F20C02
00000432785B
000002AF0175
000002060E65
0000021F866B
000002F142D7
0000037AE8D9
000001CE483E
000000886413
000001300AD4
0000040C48FD
000001CA6615
000000C7EB70
000006DF176B
000007DF168F
000006988F57
000004A5AB4A
000002646E8C
000002A1100A
00000253B7E6
000001E16F50
000001C4B645
000002AF56D8
000004B47D74
0000058D77D9
000003CEB7AB
000001FEB90F
000001F4CD2F
000002A65732
000002F83B03
00000330C7BE
0000032CB202
0000037A30BE
0000040F849F
0000038AE358
000002611909
000001C2577C
0000023684FC
000002E16D6F
0000025F4ADE
000001814807
000001219B2C
0000032B0424
000001849C57
000001278B0B
000006577995
000006D138D7
0000067D3283
0000053FC74A
000002B5777D
000002BBFA9B
00000273EB91
000001F081A5
000001D0ACAE
00000296DAF5
000003C07650
0000045701A0
00000418B645
0000033F2ACB
000001BCA03C
00000136EA18
000002D3CC7D
000003CBC33F
000002D64D7C
000002913521
000004296A7F
00000488E2E8
000002A627D7
00000180461F
000001A3D1E4
000001EF8925
000002BD4E50
0000031E3140
000002ECF852
000002A980FE
0000020A287A
0000016BE35F
0000063B89D8
000006A1847E
000008110D5A
000006E14FFD
000003A1564A
0000033E5267
000002F17031
0000028C9844
0000024FA246
0000028E00A4
000002EE7F0B
00000375B237
00000418CABE
000003E3C2FD
000001F596D7
000000EFA9CC
0000027CC7FD
000003A8A58D
0000031EB0CE
000002CA9AC6
000003F980E0
0000045D1F0A
000002F6C2FD
0000028BBAF3
000002F50FDB
000002CBCA78
000003214AD2
0000034AD746
000001C0CB45
00000209882E
000002CFD503
000001E3D0AD
000003439E19
000004A18C5D
00000776AB56
000007826DE0
000004B9E3A1
0000045DA541
000004A9A4F0
0000049030E2
00000419B265
000003D8998C
000003CE911F
00000450705C
0000058080A8
0000056B0660
00000358D04F
0000028EF48E
000003D7B995
00000449CBB2
000003CFCCD1
000003CF1CD2
00000456812C
0000046A98A1
000003F41C13
000003ED7F59
00000421811F
0000042BDB55
0000044E67CC
00000401BA75
00000404DB48
0000047EE827
0000043A2871
000004C52B3B
000002FF5791
0000037C8825
000005E95A9A
0000063D457B
0000034E8071
000003073627
000003452F0A
0000034FF777
00000326F9D0
000002F4B8A7
000002C539BE
00000317564D
000003FF8F94
000004186D4E
000002F95FD8
00000284B315
00000336FBDB
000003572974
00000300824A
000003263F0A
00000389A5EA
000003907489
0000036204A3
0000034339A6
000003209F02
0000031286C9
000002ED095F
000002C97F29
0000025B026A
0000035EF2F8
0000012B758A
0000020A8553
FFFFFEA7F48F
000001ED168A
0000017AC56B
00000192E9A8
000000D92D49
000000006044
FFFFFF2EA8FE
FFFFFEABB52C
FFFFFE9B0E76
FFFFFE94171F
FFFFFEE10623
FFFFFF975F82
000000581C67
000000B172F2
000000F29F26
0000014974CA
000000F44D38
0000003B9691
FFFFFF985C11
FFFFFF6F32DC
FFFFFF99DAF4
00000069A54A
00000174DE52
000000C63B71
FFFFFED857D7
FFFFFEFBED3C
0000008FEEAA
000001C20A86
000002ACD51B
000002182420
000001BD0980
0000017A76DB
000001DEFF26
0000052D17DF
0000022FC1DA
000000A78CC8
FFFFFEF6C911
FFFFFDE09C4D
FFFFFDB611EE
FFFFFE5B471C
FFFFFF60E67B
0000001522E9
000000A5200E
0000011885DE
000000D8B4B7
0000002B65DE
FFFFFFB420E7
FFFFFF4DDCB1
FFFFFEB1A4F5
FFFFFEBE8B9C
FFFFFF4EDF24
FFFFFF7CABFC
FFFFFF6EF015
0000000E8EFA
0000014770B3
0000014021EE
0000002471D4
FFFFFFE7B81E
FFFFFFDB4C89
0000002745F4
0000011C0746
000000918381
FFFFFF8041AD
FFFFFEDAF409
000004DF0AF9
0000069E7FC9
00000321C83B
000000C53BAB
000000FBC9BE
000001444964
0000024B67E8
000003F70C3B
000005831ED1
0000067931EC
000006D42339
000006656190
000004ED4B61
00000360FFBA
0000033557FC
00000340A99F
000002C53E3A
00000314015C
000004533461
000004EC9AC9
0000042838CC
000003828F7E
000003C84034
0000046983B7
000005B2C68F
000005724A5B
000001E0C5AE
FFFFFFC6C6FA
000001C66A00
000002CB2B65
000002A65530
0000010A63CA
0000013EE985
00000246E7BE
0000001932D9
FFFFFE34BC38
0000000520A8
000002193E50
0000037A30CD
000004936BAE
00000542417D
0000056F8436
000004F5D1DC
000003D711F3
0000020AE82E
0000011FD4E2
000002EABBD5
0000047ED042
000003CB94E1
00000306141A
000003C26BB4
000004475BDD
0000039890B1
000003032414
000002997060
0000031CA6D9
0000050219D8
0000043D241E
FFFFFF34A29D
FFFFFD162876
0000015863DB
00000391D945
0000044AEBA3
00000356B93F
00000172147C
000001B10812
FFFFFF816ACD
FFFFFE439FCB
000000768505
00000350339E
0000044B899E
00000439E2DB
000003A62ED8
0000031CD3BC
000002ACA2C5
0000020C349B
000000F5F21C
000000FEF50D
000003BA8A2E
0000057539FA
000003C3E768
000001E85170
00000288A548
000003625C1A
0000030C41C6
0000026BC18D
000001D89E2E
000002661453
0000043F97E4
000003861B28
FFFFFF823F0B
FFFFFE115AF2
000000F41C3E
00000260F5A1
00000339B533
00000305AD76
000001DDC272
00000208A7FA
000000D66FFA
0000011696CA
0000032AD228
0000049F4E50
00000413E2D8
00000285F7A8
000000E5876B
FFFFFFE0ECF6
0000000D3CC7
00000062302D
00000086219B
000001B00CBB
00000424A158
0000052696DA
000002EAB477
0000006950E9
000000D6FA6F
0000020F456D
00000213FD96
000000D34B70
FFFFFFA9CE77
00000008E371
00000152583F
0000019CA7D0
0000009D8F2D
000000403EC2
0000009CF6F5
000001AF9215
000003430979
00000392F42E
000001B20519
000001EA89E6
00000237A4B1
0000036A7E54
000004F6B27E
00000524CC07
0000039F0DDC
000001B4BFEE
000000F197DC
000000EF2F7B
000001641578
000001AE1BD0
0000022A1D80
00000377658B
000004B7EFAC
00000464EBD7
0000020FF5EA
00000071AD73
000001769A6D
000003186394
000002E87B5D
0000015F1F5A
0000002D3D27
0000002D5C1F
0000008DE71E
0000013294C3
00000255723A
000002EBE01E
000001B12E10
0000013F5500
000002C69DD5
00000410AA1C
0000011A6384
0000011C98E9
000001842191
000001C4566F
0000021A0B6C
000002086484
000000E8471B
00000043A920
000001C0B857
000003802FF6
00000437F699
000003E04472
000003B644D1
000003D0921E
000002A7A9AC
000000A0A9CC
FFFFFF3BD65F
FFFFFFC91CDD
0000018D8426
000002A9E951
000002B5F680
0000027BAF59
000002C289B1
000002082D5D
000000AFBC6B
000000EE909A
000003BE726B
000005A876C4
000002EB0DF6
FFFFFFBC2221
000001E622AF
0000048B5CC3
000000DB0BD1
000000BAF186
0000012BD548
000000FB68F9
000000891EF6
FFFFFFD05ED4
FFFFFF5E46C4
0000003F6070
000002998BE6
000004B70BEC
00000591846F
0000056886FE
0000051479AE
000003B18D6A
0000008E5EEA
FFFFFDDA925C
FFFFFE5D7A53
000000CC8B8E
000002DAB780
000003752A65
000002C6B2C2
0000030C0300
000004716236
000003F232C5
000001819BD8
000000D8B344
0000042C4671
00000666DF86
00000284ADDC
FFFFFEC5F80C
0000015AC525
0000041CC96A
000000A4AEEF
000000440575
0000015DFADA
0000020BAB27
0000016FE6F4
FFFFFFDF970C
00000031C8D4
000001EF1979
0000030812F5
000003B8C602
000004454819
000004FA8735
0000053F94ED
0000037E9B36
00000070FEE4
FFFFFF156957
000000AF67D7
000002FB6315
000004ACFE49
00000558A546
000003D99235
00000346FDC2
000004F620D0
00000599DBDE
0000035A98AF
000001DB7D7E
000003AE7088
0000045CA342
000000B95C43
FFFFFF433790
000000D37B73
000002BF2D07
00000082550B
0000006E0F15
000001B45C50
000002704F34
0000019EBB28
000000D5FC2B
00000219C222
00000333E517
0000029ADC7C
000001ED0E6E
000001E6D41A
000002F58E82
000003E2CE82
000003361270
0000016A3281
000000FA9653
0000025EDE83
00000377E7CC
0000042D76BC
0000042A7A1E
000002FC19CB
00000284F796
000003635536
000003C8494C
000002C7BDBB
000002205B13
0000022C0323
0000014AC740
FFFFFF58B99E
000000376FCC
000000891D02
000001B677C9
0000009A6417
00000170A2CC
00000210725B
0000021C0AF5
0000023C6BC0
0000037D57EB
000004A25679
000003C1B124
0000023E8037
0000015C5353
00000060B007
0000005BEE77
000001FDBA1A
000003BAD118
000003CE6101
000003944E82
00000430EB4A
0000048AD0CF
0000039869E4
00000214066E
000001F0F07F
000002436BBE
0000012DC0B5
0000005CF182
00000119812F
000002078F5A
000001365AD7
0000003018B4
0000002E10FA
0000017F9CAD
000000BF87E1
000000BEAD3E
000000FE023C
0000022A921F
000001A1E8DC
00000161A27C
000002D87890
0000049FD69C
00000481E743
0000033C199A
000002780F42
00000182D1A2
0000002BB03A
FFFFFFAB973C
000000F44D77
000003A8B7CA
000005B09DF9
0000061D409F
0000055A8BD0
0000042885D6
00000237E1CE
0000010EFCF4
000002C79F2B
000003D6F889
000001CF8AA9
000000EC3BEC
000002ECEAB5
000003E1F92A
000001CF15C6
000000A2A30A
000001740203
00000260847E
000000A373D9
FFFFFF9BD0ED
000001F95D7C
000002D06339
0000017AE1CC
00000102D9F7
000001D7CBB4
000001FBC04B
000001B90EB9
0000029D4DFB
000003081CA2
000001FFB879
00000213EBAE
00000297E13D
000001F62617
0000024CB86F
0000040F1EF9
000004EE307D
000003615198
0000017D531D
0000003E511E
000000A4A744
000003750525
000004FD4630
0000039CEC25
000002FB12E1
000004792CD3
0000049E7851
000002228023
00000094180C
0000014937D6
000001EC0D5E
FFFFFFEF7AE2
FFFFFF2331E5
00000293F821
000003144133
00000194911C
000000E5C593
000000DDD97E
0000008A14C5
00000157095A
00000305D4E9
000002D9EFBF
00000241D34F
000003FDD185
0000049AD2C5
0000024415A1
000000AF4037
0000016C4AC9
0000026B6B07
000002841E33
0000024245A3
00000134B4A0
000000F186D8
000002950F85
0000039FBD47
000002E3F991
00000218BE31
0000027DFEFF
000002E7B4AD
00000288BCC2
000002149A3A
000001CE1A22
00000131D972
FFFFFF73863B
FFFFFF6A5944
00000259A68C
0000028274DF
000001338512
000000B8D188
000001445849
000001D50BDA
000002D1A648
00000312404B
000001B1FFC7
000001B3113B
000003A2F990
000003C5A979
000001F2655D
000000963BA8
000000AD563A
0000020E63D2
000004B8CA9E
000005D82A3E
0000034CCB5E
000001423299
00000177D6A3
0000016015B6
000000E031B2
000000DC1987
0000019211F0
0000029F7834
000004046BD0
0000048F09CE
000002980E7E
000000150BB4
FFFFFF546F54
0000003C3A57
000001E73EF6
000001AB54BB
0000010F32B3
000000BC3EEF
00000123123D
00000210CFEB
0000037DF62B
00000376DC22
0000016EE6A6
000000F14EE6
0000028B0CA0
0000038277E2
0000030DB3CF
00000191033F
00000025BBD7
000001171DC8
000005314908
000006F26570
00000391F1F1
000000B3F595
0000008A3D54
0000009E2C16
000000DCF6AF
000001E5FE82
000003333DAF
000003FEC5C7
000004A3226F
00000421EB54
000000878E08
FFFFFDAF77C7
FFFFFEE45D2D
0000011D72D6
00000132730B
000000E6612F
0000016D31DF
000000FD65CE
0000004EF336
0000013E1B44
0000041581D4
000004A2D9BA
000001BD2194
0000001C50D9
00000188652D
0000035680D1
000003A67983
00000263A9F4
FFFFFFF7864B
FFFFFF867B04
0000034ADAD8
00000580C2BA
000002935F39
FFFFFF7BCB3E
FFFFFFB7AF10
0000019803A8
0000031AA055
00000411C99C
00000481F1A9
0000048F46B8
00000418D8E7
00000226B1F0
FFFFFDFC375D
FFFFFC356FE0
FFFFFEE27F05
000001DED66F
000000C34C48
0000008FD46D
000001D11E1C
000001B10AC1
00000098E4BC
00000121AB1D
000003B0E4E3
00000437DFDB
0000020F5771
000000C61DF2
00000110815F
000001FBE939
00000385F896
000003E26200
00000115675A
FFFFFF52E1A6
000001F8A730
0000042D2116
000002A0E0EA
000000AD615A
00000109C9A4
000002A56E19
00000414D6C5
0000048F3C6B
000003A8D6C1
00000331EE91
000003AB5FD9
000002C93416
FFFFFF295671
FFFFFE00873A
00000085FB24
0000032CE352
000000C8FB4C
0000007EC0FA
00000229B14D
000002AA6C52
000001846C88
000000E36419
000001A3D912
0000027D535A
0000037ACC2A
000003A6BF7E
000001558F25
0000000C200A
000002C52642
0000044160B7
00000143205C
FFFFFF836E17
000001A6A923
00000396D6D6
000003FDC649
00000411B8E7
0000031ECA4E
000001DAE849
0000025CD658
000002F17EAF
0000015743C9
000000A8DCE7
0000032AA3F0
000004E5ABCE
0000026DA13B
0000015406CC
0000025D5289
000003957667
000000D4F6EB
000000AADF84
0000021506E6
000002D1C56E
0000022A7792
00000109CE92
FFFFFFF81ACF
000000E1FA6B
000004E4FB28
0000064717F9
00000181A25B
FFFFFE4FAFC7
000001637375
000003B7B09F
000001D22E2C
000000A142E6
0000016D2B06
000002652BFA
00000413571A
00000517183A
0000034996E4
000001A64120
000002CA1B4C
000002D46E24
000000C4FB23
00000038B757
0000028F428B
000004503E7A
00000317DE59
0000026C51E0
000001905D3F
00000115CE24
000000B2AD3C
000000D5568D
00000164B3F5
000002262A71
000002F1BFC7
0000022DBC5B
FFFFFFAD8EDB
FFFFFFDC8B4C
000004E29E54
000006DC783B
000001F60E54
FFFFFEEB8F86
000001C1C9DC
00000405A0E0
0000038D80F4
00000294D125
000000DC908F
00000017F70E
00000222740E
000003D7EB16
0000033B6EBF
00000388136C
0000050E0951
000004535235
0000030DBF52
0000031D21C0
000002D2E802
000001F44363
00000195934C
0000014C460E
FFFFFF33DE5A
FFFFFE2C95AC
000000D7BF11
0000015D0E7B
0000012F3344
000001DDB701
000003D295FD
0000034CE6FF
0000002A9A14
FFFFFFAA2FCC
000003966D0B
0000055A690A
000002E72484
00000187E78B
0000021FD8C2
000002D89DCD
00000441E827
0000043B30D0
0000009C0276
FFFFFE7B226D
0000017B2C75
00000464A627
000004167A5A
0000039EC36C
00000392E6E2
000003A5A517
000004A7713F
000004DB6855
000002586C14
0000003D2E44
000000B77867
000001039BBA
FFFFFEB85952
FFFFFDFC8E46
0000013BBD41
000002C8302E
00000242A304
00000274554D
000004184D2A
000003A337DF
0000011A5D4D
FFFFFFFD8A5C
00000179BC6D
000002B9DBC9
000003A25E3D
000003C5A309
00000131F372
0000002C61F7
0000041912A6
000005E73BFB
0000017346ED
FFFFFF1A0B50
0000036FF2C8
0000068586E1
00000446A9C7
000001586A78
000000FBF8DA
0000029F1035
0000041CD327
0000034B8C33
0000005170E8
FFFFFECFD366
00000032BDAC
000001A17293
0000002354B2
FFFFFF84BC69
000001D76CE0
0000042EDAF5
0000030B718B
00000264BCDD
000002BD4D38
0000029CF5D9
00000199AD22
0000006AC2FF
FFFFFF52D9D0
0000001ABB0D
0000043C1FAE
000005E305F3
000001506F23
FFFFFEF48AC7
000003862764
0000064D951D
000002707A5B
000000315AC5
00000414576C
00000694CD29
000003EBFF66
00000108C216
0000016E50D5
000003151B4E
0000033DC343
0000014E1721
FFFFFEA99FA1
FFFFFDB6FE05
FFFFFF939A52
00000225A3C2
000001D74955
000001459E8C
00000346D55E
00000528D989
000002DAF5CF
00000175129F
000000C5169D
000001098E93
000001B6D3A0
000000FA7609
FFFFFE898204
FFFFFEFBC930
0000046355D8
000006C6DAB0
000001EF4F11
FFFFFF104CA7
000002E58B4A
000005652B7F
0000026EAB8C
00000044276E
00000294D8A7
0000052A7C68
000004D661AE
000003AF8ACB
000003151D87
0000026C23CA
00000142799F
FFFFFF58C280
FFFFFDD53E8C
FFFFFE4AEAC2
000000B412D9
000002FB2E4D
000002CAD84E
000001EF56B2
000003E8424E
00000484E372
000002117488
00000048CD28
FFFFFFBF4FA0
000000AEEA75
000002459B98
000002300CF1
FFFFFF8D50C1
FFFFFF556E73
0000037146E8
0000054AC1FF
0000021FD0B1
00000043BE0D
00000263599B
0000039A9B6D
000001EA514E
000000A40463
000001842616
000003207CEA
00000470B764
000004D948F6
000003117A52
0000004B17E4
FFFFFE864C64
FFFFFDEFFEB5
FFFFFEDC004A
000001209150
000003062ACA
00000334628D
000001C569B8
000000B3560F
00000293AF84
000001E180D7
0000008C6B09
FFFFFF6FEA04
FFFFFFA2EE57
0000011259D2
000002F8964F
000003369355
00000142B63E
0000005547FA
0000021268AC
00000370EA4C
000002E5E076
0000024F80C4
000001E7FBD8
000001B26E16
000002161458
00000242E2CD
0000014981FC
00000084B41D
000001B399DD
000002BF1B0A
000000EFCE06
FFFFFE315D28
FFFFFD8C1D87
FFFFFF2D6F63
00000211292B
00000412C6F3
0000035FC664
000001835C47
FFFFFFDCC62B
FFFFFF96C67D
FFFFFF811E90
FFFFFDA3F464
FFFFFEE03A59
FFFFFF53773B
0000002CCCB1
000001224BF0
0000025CC71D
000002CE6E0B
000001D43C54
000000B8C06C
000000733447
000000FCC8E0
0000029AC525
000003329070
000000F57D78
FFFFFF80E447
0000016004BE
000002C09E87
000000D33CB9
FFFFFEF41910
FFFFFFBBC969
0000004397FD
FFFFFE93EF8B
FFFFFD3FA31D
FFFFFE622E42
00000129B5CB
000003D49925
0000044837A4
0000015E37C4
FFFFFF8BC680
FFFFFF761965
000000ED5A8E
000000D6E097
FFFFFDC577EB
0000018353CB
000003E4B5D3
000003544131
0000030EEE33
000003013A5D
0000033E39B5
000003424BEC
000002935D72
000000DB5AD9
0000002932E9
00000287A02F
000003F3A932
0000013ABDA9
FFFFFF15C922
00000104CB18
00000317361E
000001BC69E9
FFFFFFE67F82
0000005468AE
000000C1266E
0000004DCA0B
000000B32103
0000021ACA7E
0000039609D1
0000049D6757
00000440A78B
000000769F34
0000003A239C
0000004591C5
0000012A2473
000000308B52
FFFFFCBCA256
00000158FBFF
00000347CE71
00000279396C
00000166C6AC
000000FF1946
0000012D43BE
000001CD447D
000001A37B1E
FFFFFFC24F64
FFFFFECCCD43
000000DF2B12
0000022ABC3C
0000000625B1
FFFFFE953C62
000000772E02
00000215D483
000000DF94D3
FFFFFF428BFC
FFFFFF054269
FFFFFF630447
0000009B259C
00000224E3AB
000002C574CE
00000288641E
000001D1CF26
000000DFB7A0
FFFFFFB11BFE
000001ABC012
FFFFFFE6007A
FFFFFF10E001
FFFFFDDFECE9
FFFFF910723A
FFFFFCCE3FE5
FFFFFD16F1AD
FFFFFBBE9DC8
FFFFFA8C67A4
FFFFF9F4DE6F
FFFFFA063C27
FFFFFAA82F93
FFFFFAC2F5B5
FFFFF98A5780
FFFFF8FAC3C8
FFFFFA434F55
FFFFFB274C29
FFFFFACDAEF5
FFFFFAF0B8AE
FFFFFC106A01
FFFFFC5E7921
FFFFFB92CA27
FFFFFAFB200A
FFFFFB055998
FFFFFB69E236
FFFFFC599A42
FFFFFD2A5182
FFFFFD4F26D1
FFFFFC9D617B
FFFFFAE1E2A4
FFFFF9A7AA79
FFFFFAE1F10B
FFFFFC5BFAC1
FFFFF9EF07F7
FFFFF93A9CE1
FFFFF77A69A8
FFFFF57A18B1
FFFFF46EDF04
FFFFF5346CA2
FFFFF818216E
FFFFF94A99BC
FFFFF9E7CABE
FFFFF9A41F79
FFFFF894419C
FFFFF7957EBF
FFFFF6443D74
FFFFF4EAEC52
FFFFF4558BA6
FFFFF45E4D6E
FFFFF45312A8
FFFFF4A0DE4B
FFFFF5EB7EA9
FFFFF77AB8DE
FFFFF83CB2BA
FFFFF81BDEFA
FFFFF76568F9
FFFFF635E53D
FFFFF601A770
FFFFF789819F
FFFFF7F6FC6C
FFFFF6879CCD
FFFFF63530DC
FFFFF6C66C14
FFFFF6B9CBF3
FFFFF714E2A1
FFFFFA15CC62
FFFFFCDC07F3
FFFFF320DA26
FFFFF3567222
FFFFF3C59C42
FFFFF4D0F62B
FFFFF7255B25
FFFFF7C3C0CD
FFFFF788035B
FFFFF6FF3A67
FFFFF5F67816
FFFFF48BD581
FFFFF2CEC620
FFFFF1671338
FFFFF1373D9D
FFFFF1C1C828
FFFFF1F199C0
FFFFF22BC4F1
FFFFF2F4E10D
FFFFF3B565C6
FFFFF3E5D0BF
FFFFF328FFD1
FFFFF25A144C
FFFFF26EB080
FFFFF37D5A5D
FFFFF4A60D75
FFFFF3681AA1
FFFFF0B2CD27
FFFFF0CEF0A3
FFFFF323375B
FFFFF41D0C27
FFFFF4B392FF
FFFFF783ABB9
FFFFFB3605F6
FFFFF7EFE063
FFFFFB7FC98A
FFFFFDD15E39
FFFFFF16F484
0000014D6B0D
000000117C85
FFFFFE4846CC
FFFFFCFB94FD
FFFFFC087DDD
FFFFFB837C35
FFFFFB8169C9
FFFFFC08C0DC
FFFFFD07D8C4
FFFFFDBBEF29
FFFFFD254C52
FFFFFCA49905
FFFFFCB1F50E
FFFFFCA1129D
FFFFFC7ECF04
FFFFFB72A96C
FFFFF9BB121C
FFFFF97D6976
FFFFFA644405
FFFFFB3EC5C3
FFFFFB312C54
FFFFFA679C71
FFFFFA60C392
FFFFFAF33214
FFFFF9F26799
FFFFFA51D6D6
FFFFFC78F9E7
FFFFFEA96E5F
FFFFFAD97A30
000000032028
000002B93144
0000026AC664
000000FC271E
FFFFFD498A4D
FFFFF99B7A86
FFFFF759D7FC
FFFFF6DAA912
FFFFF80F095F
FFFFFAAE4DF5
FFFFFD758EB4
FFFFFF31632F
FFFFFF4D6828
FFFFFE03A280
FFFFFCEFCE29
FFFFFBFF5F6E
FFFFFB1333A6
FFFFFADA5FE5
FFFFFA57BEEF
FFFFF96E8A6C
FFFFF90E923D
FFFFF8F3BF32
FFFFF989138D
FFFFFC02A060
FFFFFED781E2
FFFFFECD92DC
FFFFFC5959C9
FFFFFA70B0D0
FFFFFAFEE9A1
FFFFFC162962
FFFFFD783024
FFFFFB774B40
000000626B07
0000006238DF
FFFFFE490EB9
FFFFFABB0623
FFFFF7489BC2
FFFFF50AFDF1
FFFFF42B581D
FFFFF4CB7373
FFFFF6ADBDAF
FFFFF9563439
FFFFFBB9522E
FFFFFC98354B
FFFFFB81727E
FFFFFA27426A
FFFFFA13B027
FFFFFA508B38
FFFFFA2B9E69
FFFFF9C64EDA
FFFFF9ABFD4E
FFFFFA23BB00
FFFFFA50FBCF
FFFFF9D56967
FFFFFA437A04
FFFFFD4A28CC
000000FD3D4F
0000011B809A
FFFFFD662051
FFFFFA9F9D0A
FFFFFAB68A15
FFFFFC5CCA2C
FFFFFCFF1E95
FFFFFB1068EC
FFFFFFCD4283
FFFFFECCB378
FFFFFB9BB9E9
FFFFF8874DF6
FFFFF70C3550
FFFFF72F0D01
FFFFF88BF90C
FFFFFA0E6D1F
FFFFFABE5AA9
FFFFFB268932
FFFFFB50D068
FFFFFA65F870
FFFFF8B497A5
FFFFF8673C34
FFFFFABE1C2C
FFFFFD5EBDB0
FFFFFE26C92A
FFFFFD609374
FFFFFCC07BBB
FFFFFD77C9E6
FFFFFE49A894
FFFFFDDC8AB0
FFFFFDF2747C
000000359383
0000023A020C
000001792D13
FFFFFEB61252
FFFFFC5CCD6F
FFFFFC3A5EDF
FFFFFDE9BB37
FFFFFD10AF93
FFFFFB4FE235
FFFFFFEB1C1B
FFFFFF71A8FE
FFFFFD9B18C0
FFFFFCAD1327
FFFFFD52DB2B
FFFFFED43CBC
00000052C84D
000000DD9DAC
000000335C55
FFFFFF1D1B15
FFFFFDE78530
FFFFFC417F14
FFFFFACDCB3A
FFFFFC2220A7
00000041E8F3
0000036AC637
00000350DC6D
00000201B7CF
00000189873D
000001E268AF
0000026797A8
0000020EBA00
0000024D6DAD
000003599AFB
000002E997B5
000000FC89F1
FFFFFE588B34
FFFFFC435718
FFFFFCF48A82
FFFFFF309C4F
FFFFFE6B476D
FFFFFB99EADC
FFFFFFB00DAC
FFFFFFA0E213
FFFFFF56760A
0000004C6DE0
000002CD5B62
000004D321D0
000004C4A05A
00000388F1A4
00000290AC74
000001719C10
0000001E851A
FFFFFECCD7DD
FFFFFE5CFAFF
000000BE4F83
000004D1D8D5
000006A1618A
000004F3B6F0
0000033BC82B
00000373C856
00000403F56E
000004588DD2
000004D41045
0000050554EA
000003C06CD3
0000014009FA
FFFFFF86C75D
FFFFFDBD5F30
FFFFFC211D0E
FFFFFD3D2075
00000045A59B
000001159EA0
FFFFFBC87D98
FFFFFFAE4417
FFFFFF7DE012
FFFFFFD700DC
0000016C58C9
0000042BA51B
000005675513
0000037667EF
000001287A13
0000003F3872
FFFFFF82D618
FFFFFF2675C1
FFFFFFFEFE67
000001FC8CD8
000004A70542
00000655944E
000005F001AC
000002F2FB5C
0000007BF9CD
000000A970D8
00000154B9A8
00000145771F
000001E90AC4
000002824787
000000A0FECF
FFFFFE4DAC79
FFFFFE3879D0
FFFFFF05F792
FFFFFEDCBE93
FFFFFEBFF451
0000005D920C
0000018AC10C
FFFFFC09F01B
FFFFFFFF0E8C
0000000A8B34
0000010668AC
0000025E4EEB
00000339546C
00000238919D
FFFFFF88A92E
FFFFFD6564A8
FFFFFC9ADEA1
FFFFFC7315B2
FFFFFDC3E07B
000001564C8F
00000598E3C5
00000785F165
0000063149D6
0000033F33A0
FFFFFF56D89F
FFFFFC2909B2
FFFFFC1910D9
FFFFFCAA877D
FFFFFBE7494D
FFFFFC875E49
FFFFFEEBFFEF
FFFFFF39AE0F
FFFFFDBB0F57
FFFFFE005540
000000666548
000001D0AE91
0000004EF130
00000012E3F5
0000002033B9
FFFFFC4C75E9
FFFFFFCD63A5
FFFFFFB2418F
000000C1128D
000000EC44F5
FFFFFF8D4B4F
FFFFFDDCFF0E
FFFFFD198EA6
FFFFFCA910CE
FFFFFC59F731
FFFFFCF34AD9
FFFFFE578535
000000BF6AC4
000003A0A66F
0000044E2100
0000020E2A88
FFFFFEF069D1
FFFFFBBC6883
FFFFF9A8492B
FFFFF9F04B78
FFFFFA66C6CB
FFFFF9E45DC6
FFFFFB01A685
FFFFFE040517
FFFFFFCDDD7C
FFFFFEEBB182
FFFFFE6B6BCE
0000005E3939
0000021C7D8E
0000005F687E
000000A30F5D
0000007550BD
FFFFFBBC8917
FFFFFEC30FAD
FFFFFE431AD3
FFFFFEA394FD
FFFFFDE4055B
FFFFFC72DA5E
FFFFFCB2164A
FFFFFE38A47C
FFFFFEDC8A77
FFFFFF26EE42
FFFFFF9AC623
FFFFFEFA6EE6
FFFFFE13C54E
FFFFFE290C84
FFFFFE694AC3
FFFFFD93776E
FFFFFC831E69
FFFFFC04E70A
FFFFFC378436
FFFFFC7EE2B0
FFFFFC35CA26
FFFFFC5FF0E2
FFFFFD53A948
FFFFFE8652CA
FFFFFFE114E9
0000004028A6
0000007B205D
0000015ECB8D
000001D1263A
000000B9A2A5
000001EA8838
0000026787FE
FFFFFA3317BD
FFFFFD7D8A45
FFFFFD0A57B1
FFFFFD012BFD
FFFFFCD0AF49
FFFFFD0CBB02
FFFFFE870F71
FFFFFFEBFF79
000000C32DC7
000001D00451
000001669D34
FFFFFF5FA27E
FFFFFD70CD66
FFFFFBC9E89C
FFFFFBA883EF
FFFFFCA4A49A
FFFFFDD31371
FFFFFF9AF947
0000017417A7
0000018C4D5F
00000049A957
FFFFFFD74F2F
FFFFFF9D33AF
FFFFFF313329
FFFFFFE56868
00000157E204
000002C5F6B1
0000030140ED
00000239EA0C
000002AE2FF6
0000041E3693
0000041FB2DC
FFFFF945254E
FFFFFD42E8AC
FFFFFD392CE4
FFFFFCF1E9AA
FFFFFD318EE8
FFFFFE034D34
FFFFFEFA1D9B
FFFFFFED6783
000002256513
000003D3B052
0000029A4F7B
000000BFD53E
FFFFFEC2533B
FFFFFBACC4EF
FFFFFAB6948A
FFFFFCA1E466
FFFFFF331C0A
000001493894
0000033625B0
000003A3324B
0000023446CD
0000008EF8C6
FFFFFF227180
FFFFFE9554CA
FFFFFF44682F
000000C11348
00000217275A
000002162FAA
0000027D9BF5
000004CF7D71
0000064BB7B0
000004C42458
FFFFF995938A
FFFFFE9418B5
FFFFFEF081C0
FFFFFE29EE0F
FFFFFDFA397F
FFFFFE622200
FFFFFE57764B
FFFFFF121532
00000221273D
0000039288C7
000002883469
0000021C4C5C
000000EB2570
FFFFFEC00F82
FFFFFD8948F2
FFFFFD71EADB
FFFFFE52CB5C
FFFFFF047D4D
FFFFFFE1ADA1
000000DF1CE2
0000015D2ACF
000000DC634D
FFFFFF4D9D6A
FFFFFE705F66
FFFFFE449220
FFFFFE9372B7
FFFFFEB98245
FFFFFE9811C4
000000FA12E2
000004538E37
000005A94D7C
00000380B813
FFFFFA5ADCD5
000000303F7E
000000A98515
FFFFFFA9B586
FFFFFF6C8F34
FFFFFF38D5C1
FFFFFDD77F93
FFFFFD7B732A
FFFFFF8D7D40
00000106FCCD
000002283EAB
0000039824B9
000003F9D0D8
000004165782
000002979607
FFFFFF09BBE4
FFFFFCA53FDB
FFFFFC2AC3E3
FFFFFCFAEF61
FFFFFEE63C7C
000001B4A5F1
0000036B311F
00000217C7BD
FFFFFFEA3B86
FFFFFDEE4F25
FFFFFC42E0CA
FFFFFB3E611B
FFFFFB91A117
FFFFFF11B87F
0000023CC4FB
0000038D705C
000002062DFC
FFFFFB26F446
0000012FE0EB
000001B3B11A
00000100FAAF
000000489AD6
FFFFFF11ADAD
FFFFFD630AF5
FFFFFD4995D7
FFFFFE18A5EC
FFFFFF355C9A
00000206E3F3
0000042E9194
000004B09F95
000005500746
00000415EAF8
000000E44797
FFFFFE5255AF
FFFFFE2EADF5
00000036EE1F
000002198CC3
00000386EA79
00000424F41E
000002888428
FFFFFFA10D68
FFFFFCF77332
FFFFFB69D846
FFFFFB6D6F87
FFFFFD317109
0000007B55FB
000001E87696
0000024C0B92
000001175C73
FFFFFBD7CC12
00000188E7AA
0000024BED30
000001FAD222
0000000564B1
FFFFFDF0A77A
FFFFFDFB2CD7
FFFFFFB753E4
FFFFFF2373D5
FFFFFDBD755D
FFFFFFEB9442
000002C04964
000003C035BF
000003FC6E83
000003FCA46F
000003A81800
00000261775F
000002AB5404
000004D96005
0000051D26C7
0000038529FB
000001EF548F
000000423EC4
FFFFFE2656A9
FFFFFC7A44CC
FFFFFD13CC0D
FFFFFF8AB3C0
000002160B46
000003A6134F
00000239B347
0000014AC45C
0000000636A4
FFFFFC2D113B
00000145A995
000001D7C838
000001CEF7B6
FFFFFFD08F4D
FFFFFE31AE9B
FFFFFF466968
0000014C4872
FFFFFFF1FB65
FFFFFD2034E1
FFFFFDA32E24
000000EE2DD0
000003AA56EC
0000040E3497
0000040E421E
000004246081
000002F7121A
0000036E250D
000004DEDC18
000003DA24DF
00000241BA91
0000011665C5
FFFFFFEC0728
FFFFFF4E1AC4
FFFFFEFE8B93
0000001DA652
0000025AE61C
000004345B33
00000465337F
00000134AE25
0000000C5FC1
FFFFFFB4C3DD
FFFFFC34F001
0000008D9759
000000AB56B4
0000011108A5
00000031C23A
FFFFFF6672A4
FFFFFFDD22B4
000000F633B5
0000008B8DC1
FFFFFEBBD901
FFFFFDCF04D3
FFFFFF3C86DF
000001EC7BF7
000002FA6EB1
000002AC9E58
000001BC4B1D
0000011ED68B
00000255C0AA
000002C3295B
0000019610F8
0000019BCE48
000001759057
0000008D8F37
0000012A4C3B
000001A94965
000000ECFDB8
000000D049CB
000002242583
0000025FE0FA
FFFFFF422682
FFFFFEA9C935
FFFFFFEE3A4D
FFFFFBE7847B
FFFFFFE7B2A6
FFFFFFB9B4E6
00000057EE66
00000064F68E
000000742F9B
0000001E41BC
FFFFFFE60841
000000435653
0000006FCE9A
FFFFFF48C853
FFFFFE0B4027
FFFFFE9E3D5E
0000006D3B07
000000E71DBA
FFFFFF4F4434
FFFFFFA05FCC
000001AE428F
00000122DC51
FFFFFF8B47D5
FFFFFF9CDDBE
FFFFFF7340EF
FFFFFEFA55FE
0000005E7432
000000EA31A0
FFFFFF295928
FFFFFE40E11C
FFFFFF651A58
FFFFFFC94C20
FFFFFE4720CB
FFFFFECE93D8
000000D49642
FFFFFB50F55D
FFFFFF6053D6
FFFFFEEF4310
FFFFFF6F5FD2
00000081653E
000001716574
000000450C59
FFFFFE4C17C3
FFFFFEEB65C0
0000014E4556
000000FC760A
FFFFFE4C38A4
FFFFFDBF9A6B
FFFFFFA3FE58
FFFFFF886463
FFFFFD64D147
FFFFFE4F48C0
000000B61A1D
FFFFFF8542FD
FFFFFCE63747
FFFFFC42B084
FFFFFCAD63A1
FFFFFD8A6BA7
FFFFFEFCC196
FFFFFF1785D8
FFFFFE9B45BD
FFFFFED11EA2
FFFFFF1B43C5
FFFFFF37BE40
FFFFFF65C686
0000010FAE57
0000027D886D
FFFFFAD4C12C
FFFFFE6E9C4D
FFFFFDAE43BF
FFFFFDFB6128
FFFFFFB46C42
00000138691D
0000004EAC27
FFFFFE3158B5
FFFFFE774537
000001532D9F
000001D699B2
FFFFFF4C2184
FFFFFEA08713
FFFFFFD538D7
FFFFFF2B5D6A
FFFFFD865DC2
FFFFFDF8CDEE
FFFFFEC4DD08
FFFFFD5E218D
FFFFFB46832E
FFFFFA9F88A3
FFFFFBC1EC98
FFFFFD885E1C
FFFFFE4BC4AE
FFFFFE33016B
FFFFFFD737C8
000002098847
000002905A6F
0000026DA007
00000239CA0F
00000302BFF2
000002E8EC2B
FFFFF9E3D181
FFFFFD130528
FFFFFC0E1AF2
FFFFFC5D9D2A
FFFFFE4BB29C
00000023144A
00000097D8AD
FFFFFFC58192
FFFFFF5AC457
000000923520
000000F4DDA4
FFFFFF7AE62B
FFFFFEC10EAD
FFFFFF54651A
00000014CED9
00000023BBDF
FFFFFEE87929
FFFFFCDEED09
FFFFFBD97CC7
FFFFFBCAEDA1
FFFFFB3A2C14
FFFFFB654D31
FFFFFD042385
FFFFFDE49D7A
FFFFFECDD2D7
000001AF74A1
000004AF0D5E
0000060A92F8
000005C5B8CB
000003B63776
0000028152BF
000001141619
FFFFF7A6160C
FFFFFB7D61E8
FFFFFB36272F
FFFFFC426887
FFFFFEA63A82
00000071908A
000001A29C7F
000001EA12D3
000000DE285D
FFFFFFAE7FB6
FFFFFF5928C6
FFFFFF6C9262
FFFFFF26D08C
FFFFFEC36626
0000000DF3D1
0000019CFB8E
00000062DF2F
FFFFFD4A7954
FFFFFC29F632
FFFFFD221E2C
FFFFFCACBCE1
FFFFFBA2FB1E
FFFFFCA0BCF0
FFFFFF222EB5
0000029FD2C2
000005983D3B
000006602ED9
000005AAA458
00000427C71D
0000016F56F8
0000006E64CB
FFFFFF9565F2
FFFFF59C42A2
FFFFFB29C155
FFFFFC381F46
FFFFFDEA2C68
0000007EED9B
000001BC529E
000003096469
000003BBD76F
000001F242AB
FFFFFF1A2852
FFFFFE54ADDB
FFFFFFDC1773
FFFFFFCAB959
FFFFFDF703CB
FFFFFEC2B1A9
000001496420
0000013C4A62
FFFFFE5F535B
FFFFFCAC9B4F
FFFFFDFBA9EB
FFFFFEA32B6A
FFFFFD8A3E51
FFFFFDCBC40A
0000016DB8AD
000006AADBCB
00000948183F
00000770BD7E
00000356C138
FFFFFFED254E
FFFFFE442660
FFFFFF142D3A
FFFFFFAD9FAB
FFFFF6499FEB
FFFFFDBFFC00
FFFFFFC248C6
000000AEA388
000002095099
000002523030
000003565A9E
000003FAE49A
0000024CEF1C
FFFFFFA47BA9
FFFFFEBDF7FE
0000003438C5
000000446D8A
FFFFFDF8848B
FFFFFDF79C2F
000000863DCC
0000015A6658
FFFFFF3E9B35
FFFFFD6BBFC5
FFFFFEE5E451
000000FF1299
000001146883
000001CF6D54
00000549ACD5
0000087D1453
000008BD825F
000005E7290C
00000110ACB8
FFFFFDB05008
FFFFFDBD5829
FFFFFFB40580
0000007C1653
FFFFF897A887
0000014AB341
0000036A4206
000002CC10B6
000001BE602B
000001520C14
00000225F3FB
000002C6A221
00000250ED55
0000011D4A0C
00000029E2F8
000000D6D20C
0000012FF5FE
FFFFFF7B6F45
FFFFFE9D79DA
00000071EAFC
0000024236BB
0000014E1D42
FFFFFF64DA71
0000003A1EB7
000002EB84F9
000004F8543B
000007392DD2
0000097AA1DF
000008BA103B
0000056A3FB3
000001FD4641
FFFFFF0C1B7F
FFFFFDF522B7
FFFFFF5EC7F4
000001A460C4
0000017B7BDF
FFFFFB14FF52
000003746B13
0000044186C8
0000022DC910
FFFFFF769963
FFFFFECA1F41
FFFFFF9462CA
000000545043
000000FC7AA2
00000118CE23
000000A4FBBC
0000011A9C96
000001CF3035
00000159532A
000000D28D78
000001A5F505
0000031C2965
000003228103
0000025C6956
000003080C9C
000004D9C5D3
0000072A8E9C
000009362215
000008B9A8BE
00000579E625
000001224B16
FFFFFE1F6702
FFFFFDE3FF04
FFFFFF8E6AE9
FFFFFF8E392C
000001E7D682
000001A939C2
FFFFFF73DBAE
0000042C7810
000002EBB1E8
00000098DC67
FFFFFDCCAF3B
FFFFFD366900
FFFFFDCDE929
FFFFFED5EEF8
0000008626B1
000001C6F1E3
000001ED52B8
00000230E417
000002FADFDD
000003DAFE4A
00000448A181
00000407F8E3
000003FEB889
0000048CD55C
000005B965D5
0000071FDF39
000007EB51DF
000008C003FC
00000860CFC5
000005116327
000000EC81C5
FFFFFE289D76
FFFFFDA7D168
FFFFFFCE03BB
0000010A1282
FFFFFE68B6EC
FFFFFEC9CE71
00000031845F
FFFFFF190C22
0000028C0AC4
0000000C545B
FFFFFEF1CCDE
FFFFFD10EB01
FFFFFCD282FF
FFFFFD250954
FFFFFE2AF334
0000004393CC
000001DA478B
000002927995
00000301B2F6
00000368C3A3
000004920D84
000005216EC0
000003E84DD4
000003138DDE
0000040E4C26
0000061204A7
0000075F988B
000006FC0F0D
000005B51F76
0000038864D4
00000069DC8C
FFFFFDF34827
FFFFFD3BDA53
FFFFFE33DB54
00000036DA4F
00000111A74D
FFFFFF6558DA
FFFFFFF6FBD5
00000144351D
00000140EF7E
000005A7B840
000005CE34F6
000007285007
00000632983D
0000069AC336
00000681F2CE
000006D6C9C1
000007EF589D
0000090166D0
000009FF75FD
00000A8F2ABF
00000A721392
00000AA62B3C
00000A83BFE6
000009323766
00000854522A
00000913E328
00000A9CAC2F
00000B60FAAF
00000A95758A
0000086BEC22
000005D97621
0000048ECCC1
000004E43117
000006086E77
000006F7CCAF
0000071D10AD
000007B05E80
000008A18DCE
000009355DC8
00000843B122
FFFFFC3B4438
FFFFF75A5A8E
FFFFF7DDABFE
FFFFF98223E8
FFFFF9E65339
FFFFFA5A1907
FFFFF9DC18F9
FFFFF9372FBC
FFFFF8B807A1
FFFFF80511F0
FFFFF74A8D55
FFFFF66C5BCA
FFFFF5DEB16C
FFFFF5CEF937
FFFFF5AB7D8B
FFFFF5F71782
FFFFF7B13F40
FFFFF98FEA9B
FFFFFA228EFF
FFFFF8DE8DD1
FFFFF6F12309
FFFFF741DDD3
FFFFF919A974
FFFFF9930EA7
FFFFF8E49FDB
FFFFF7DE3737
FFFFF7BE2847
FFFFF9E9FE7B
FFFFF9EDE517
FFFFFA9DD201
FFFFFDD4E2A0
FFFFFE0275A5
0000032C1225
FFFFFEECDA85
FFFFFF057DFB
00000076067C
000000A7AA51
000001376351
0000017FC1BA
00000165FE94
00000158C224
00000145BD4D
0000011E7A11
0000003CDA97
FFFFFFC1D6DD
0000005B8BDE
00000053AB58
FFFFFF1AD634
FFFFFF1058AF
00000071328B
0000016232EF
000000DCECC3
FFFFFFB796C1
FFFFFF5C19E0
FFFFFFE3493F
000000DDC595
0000011195AC
FFFFFE6F09AD
FFFFFD29ABF5
000000C5019E
000001F56A1E
00000072D0FB
00000129BF99
0000000ADA20
000006CED30A
00000373C2C2
00000160EE85
000001018DD8
0000003BB83F
0000004DA801
000001EFE032
0000036EC8AB
000003E73B89
000003EE9DA5
0000035434D4
000002030EC0
00000156AD37
0000024E1FE4
0000024A2E8A
FFFFFFC0ECC4
FFFFFE129B33
FFFFFE74FEE7
FFFFFF09898F
FFFFFFE32800
0000013DFAB8
00000199D065
000000E5E48C
000000CFC274
FFFFFFE66EDB
FFFFFC71FC4D
FFFFFC04522B
000000F4CA87
00000213EEBD
FFFFFF9ACC37
FFFFFFD4D1B3
FFFFFD1F084E
000002E1C0AD
000000EBF514
FFFFFF5948D6
FFFFFF8B4ED9
FFFFFEE58125
FFFFFD3AA7A1
FFFFFD5BDEC2
FFFFFE8D0FB3
FFFFFF66D514
00000059529C
000000D8C63F
00000011059F
FFFFFF5DDB66
000000EE1BB1
000001C33176
FFFFFF95454E
FFFFFDF78C3E
FFFFFE6FA063
FFFFFE8766AF
FFFFFE3669EC
FFFFFF42D50D
FFFFFFA5943E
FFFFFF6C2610
0000015E5EFB
00000273FD39
FFFFFEAFE06F
FFFFFBF7DDFC
FFFFFF06B997
000000A3F944
000000A69274
0000027CB619
FFFFFF552A88
0000024040E8
FFFFFFF96DC6
FFFFFEB025F8
FFFFFF3A218B
FFFFFE63BC83
FFFFFB7B583B
FFFFF97906D4
FFFFF95D0FDC
FFFFFA6FD805
FFFFFC8AE0C9
FFFFFEC6D0EF
FFFFFF371F65
FFFFFED51FF2
FFFFFFE91A7A
00000086C11A
FFFFFE967212
FFFFFD58E06B
FFFFFEB01B5F
FFFFFEE3C802
FFFFFD5FB83F
FFFFFCE44A01
FFFFFCB031AC
FFFFFCF4C2AD
000000715175
0000042A2710
000002DAF76B
FFFFFEB975EA
FFFFFCE7BC36
FFFFFC632353
FFFFFEF18AE5
00000278AA14
000000C0AA21
000001F72993
000000BD767B
0000007700F9
00000155589E
000001E0A398
000000DE8FD4
FFFFFF6FEA8B
FFFFFE72A93B
FFFFFD9FFBA8
FFFFFD44CAB3
FFFFFDDD387F
FFFFFE76D160
FFFFFEE75F2C
000000383C52
000001791F86
000000AF9E8D
FFFFFFE5E984
00000194E844
000001FCBC1C
00000040CE93
FFFFFF4DACAB
FFFFFEF7C0E3
FFFFFE5B3AAD
FFFFFE8871DE
00000059B061
00000270AD7C
0000021D09CE
FFFFFFCD4BD1
FFFFFD99CAE8
FFFFFF8E84CE
0000012EF1C3
FFFFFF276111
0000015E2EB0
0000010805AA
0000011B6BC3
000001D4E02F
000003A41CB6
000005466A6E
000006392677
000005F4B787
000003795E3E
FFFFFFD9FD2F
FFFFFD8B4D77
FFFFFD41AC0E
FFFFFE29FD27
FFFFFF4FDC16
00000132C58E
000002571F94
0000027B9B40
0000038B35E9
0000042BFA90
000003425BEF
000002D7CD75
000002D05DDE
00000131AFFC
FFFFFDA67B45
FFFFFC09CC17
FFFFFF7E17B6
000003A488D6
000003A6EBFD
0000014E1802
000001F3D3BB
0000001BBC68
FFFFFBD4F48B
000000F3716A
000000D7918E
000000D6ED3F
0000008740E5
0000015B83D1
0000022732EE
000002ECC981
000004493870
00000474430C
000002F4FD03
000001248B91
000000804642
000000566546
FFFFFEDDB2A0
FFFFFED84CD2
00000097F0D5
00000117863D
00000148384D
00000219181B
000002622D56
00000290D918
000003A3410A
0000036AD192
FFFFFFFAC032
FFFFFCC1B83E
FFFFFE5488E0
0000017D03FF
000000E057FD
0000008E9C40
000004138B3B
000003CE33C5
FFFFFE6C35BD
0000010D86E1
000000E49BF5
000000FFA30B
000000270EB4
FFFFFFBB57E5
FFFFFF163316
FFFFFE2C756F
FFFFFF2E783C
0000026A225C
000005586FC9
000005EA4D3C
00000566CAA5
0000036EE6F9
FFFFFFA71F2B
FFFFFD93BC00
FFFFFE7D2944
FFFFFF063CC9
FFFFFEF2CFD2
000000177CDC
0000011FC8EC
000001A9B474
0000034B8080
000004B34B59
0000035D9540
0000009B0D36
FFFFFFE5934B
FFFFFF269AA0
FFFFFC20B712
FFFFFD7B5A2C
000003D7D711
0000071C7EF8
0000046C0FC9
0000014C9172
0000016499F9
000001D12A12
000000E11383
000000272526
0000001905FD
FFFFFECE6A05
FFFFFCD761FE
FFFFFD93CB25
00000089E65B
000002E31A1A
0000049EE674
000004C76FC0
0000026BD563
FFFFFF928BFC
FFFFFEA879E5
FFFFFE47C51E
FFFFFDE5F06C
FFFFFE93E34F
FFFFFEC46C6B
FFFFFE84A0D8
FFFFFF8A7663
000001607724
000002605891
0000023A0BD3
000002519EA5
00000127859C
FFFFFDEE2F76
FFFFFD11F674
FFFFFFC270D0
000001A6A9C4
000003AA2572
0000016F2AAF
00000173EB38
0000021BEACA
000001B66BB9
0000014E2C17
000001E63214
0000013FA34B
FFFFFDFF7BC6
FFFFFAD06218
FFFFFA40402B
FFFFFC75CBBC
000000B7C86F
000004CE6ABA
0000057C37F2
000002E4509E
0000006136B1
FFFFFEB2297A
FFFFFDFD4471
FFFFFDEE9BCC
FFFFFD1A9421
FFFFFBAE4AFB
FFFFFB45CBF9
FFFFFCD088D1
FFFFFF5C669C
0000015581BC
000002CC6577
000003EB2E29
00000343E7C3
FFFFFFCDB136
FFFFFCA6501D
FFFFFA88241F
FFFFFEE41C70
000000FEBD76
FFFFFFAA1DD2
0000000FE8E1
000000DB5D59
000001281449
000001CEF912
000002D76E6B
000002D7509A
0000009335F3
FFFFFCF75C1F
FFFFFB26BED5
FFFFFC5998D7
FFFFFF61FD13
000001F0C95B
000002E23E67
0000029F07D8
000001B46CB0
000000D3D455
0000006803A4
00000092CDAD
000000321E0B
FFFFFE3AAE56
FFFFFD712473
FFFFFF0CCB0A
0000007D69B5
000000A10B0E
000001FA2AB2
0000044BC634
0000038EB253
FFFFFFFE9AD9
FFFFFC67A83B
FFFFFF1F7134
0000010DCC90
FFFFFE209273
FFFFFDD5D728
FFFFFF4D62A4
FFFFFFBD2FA0
0000003A9B83
000002A46A88
000005FA9F5F
000006F10FF4
000003A3DF49
FFFFFE2EABC8
FFFFF9F3E8B9
FFFFF92AC6A5
FFFFFBAC7D60
FFFFFFCEA96A
000003159BC4
00000412ADBB
000002FAB4F1
000001EAFDE0
0000039EE718
0000057CA0DA
00000348C4A2
0000005C12A6
000000561CB4
0000006B639D
FFFFFEA21917
FFFFFE9E4B33
00000168B594
000004666826
0000042DADEF
0000018AEC58
000002542EA2
000002973679
FFFFFF901AD8
FFFFFE9B6B33
FFFFFF8ECFC6
FFFFFF9818D6
FFFFFF39DAE2
FFFFFFF89083
000001D65B02
0000045664F1
00000606EC1D
000004251A7F
FFFFFF463DA5
FFFFFB5E7678
FFFFFAD73E64
FFFFFD36164D
00000083CF2A
0000028A8E32
000001AD0528
00000011E561
00000166F47B
000002ECA75F
0000016F2314
FFFFFFD57601
000000C82F10
00000128DA32
FFFFFF865F73
FFFFFECE752F
FFFFFFA40FC5
0000021ED771
00000338748B
00000123431F
00000265B676
0000037B3E78
000001A3DC3B
0000008048D4
000000557D67
000000374DBA
00000006FE1F
FFFFFEA639F8
FFFFFC9B8764
FFFFFE337A0B
0000045AA0B2
000008552746
000005EB4535
0000009EE3A9
FFFFFD509E4E
FFFFFC9F6567
FFFFFE4BFC2C
000000C6CBFE
000000650C28
FFFFFEF0F857
FFFFFF2DBC17
FFFFFE7A3505
FFFFFD2AF565
FFFFFDA4F7C9
FFFFFFD0E0BE
000001645236
0000019E2DEB
000001387FE8
0000002BE0C2
00000059A459
0000018D130D
FFFFFF37E4C2
000000A3402B
0000027C5A25
000001BC588D
00000123BDF4
0000005F2699
00000068C865
000001C9F847
00000133A6F1
FFFFFD1AEAC0
FFFFFB8E3127
0000001F1488
0000052D2036
00000608FF38
0000043EBD74
000001E406E6
FFFFFEF21FA5
FFFFFE747480
00000015BD0D
FFFFFFAFD08D
FFFFFFB65C09
00000109517C
0000007A7942
FFFFFF689B65
FFFFFF31843A
FFFFFF2606B4
FFFFFF77B827
000000932786
000000EDDFBA
FFFFFF25451B
FFFFFE86561F
0000012ECACE
00000038DECD
0000004592BC
0000015DFFCB
0000012F9F4E
000001106294
000000074BC5
000000141970
00000263FB9E
000003783134
000000123C2B
FFFFFC9C9493
FFFFFD3029A3
FFFFFFD1E5D0
000002FABD43
000006709BBE
000006465CE5
000001C8463C
FFFFFFA1A9A5
FFFFFF4C1EE2
FFFFFDA97087
FFFFFF14B944
00000288CCBD
0000043DA6FB
000004448C75
000002EB38B7
00000018D9C6
FFFFFDEEED05
FFFFFE42E64F
FFFFFE9DDB8B
FFFFFCA0F8D9
FFFFFC3EC696
0000006DF9D6
000001990311
000000DBDB58
0000014BB0CA
0000015CD485
00000162D792
FFFFFFE48903
FFFFFF2DB34F
0000011056C9
0000032A82A6
0000023CB72B
FFFFFFB26464
FFFFFDF33E29
FFFFFDA9062F
FFFFFFBA1733
00000376C072
000004421CA3
000002F011F4
00000413120D
00000344498D
FFFFFF0B003A
FFFFFE1250B7
FFFFFFF6F7A3
0000017D61F7
000002723617
000002862F23
000001819E61
000000D14F6E
000001BF6047
000001C95D1C
FFFFFEE32B16
FFFFFCDFF7D7
FFFFFFC5A98E
000000FE26BF
0000006D1050
000001A0F885
000001D4DBC0
000001FEEB1C
000000663795
FFFFFEF5066A
FFFFFF77659E
0000016B7D21
0000032DD4CC
000002C632D1
FFFFFF8286A6
FFFFFD345C97
FFFFFE7FEAC4
FFFFFFA5EEFB
FFFFFEE31701
000001CD7D75
00000837541F
000008F250E6
000003A6AD5F
FFFFFF716B29
FFFFFDC215B3
FFFFFD1E0978
FFFFFDC8B1BA
FFFFFF393E54
000000F92721
00000373EB50
00000651D548
000006AF9ECB
0000032B93D4
FFFFFF65FBC8
FFFFFFB0AB95
FFFFFF8BCD09
FFFFFF8D3AE4
0000011E726F
000001750CD1
000002036683
000001540F62
00000077BADB
FFFFFF3C2C73
FFFFFF1AC804
00000249B2D8
00000448D0FB
0000007034FA
FFFFFD6F36A6
0000000F7529
000000755AA4
FFFFFC5DCF04
FFFFFD15EB3B
000002D4E57C
00000595D7CC
000004ABC1A1
0000028AE9EF
0000003E830D
FFFFFF1E1CC4
FFFFFF7D0D27
FFFFFFB45AE6
FFFFFEEDCA43
FFFFFF367171
00000184D63E
0000034FEDB4
00000275588F
000000F1A1AE
000000B790B0
FFFFFFCA9206
0000005606CA
0000005CBB90
0000007533A2
000001828691
000001F49EED
000001FC27D9
FFFFFFDC9DB1
FFFFFE2BA6EF
00000160FC8D
000003FFC8E4
00000095D814
FFFFFE48D24A
00000194D00F
00000254B374
FFFFFDDEA9C4
FFFFFAE28DAF
FFFFFAD32DF7
FFFFFD4C9CF6
000002310A87
0000047FE950
0000033678F6
000002EFDB38
0000044474A0
0000039BA3FC
FFFFFFA6AACC
FFFFFB8E581F
FFFFFAA07BB6
FFFFFD01F6EE
FFFFFFCA530E
0000015CA274
0000017ED009
0000006B9395
0000017664F3
000000BAF02D
FFFFFFD00C14
000000864A78
000001B78CD4
000002901FF8
00000080AD8D
FFFFFE3DD7AE
0000009FD0E4
000002ED5E92
000000E018CF
FFFFFF78144B
000000FEDAC7
000001EECB9F
000001D50E1C
FFFFFFE41C27
FFFFFB019BAA
FFFFFA0B0D69
FFFFFF83029F
0000023E2F36
000000026991
FFFFFFCA875F
0000028B6AB9
00000400DD65
0000032A5C88
000000D71EE1
FFFFFDCBA59E
FFFFFCF12E53
FFFFFF1FAD8F
000001536713
00000119EFEB
FFFFFFF3CBAF
000001B20992
000001E66CFD
FFFFFFA23FD3
FFFFFFBABC6C
0000015F2CCF
00000287B040
000000E80F4F
FFFFFEA2B40E
FFFFFFA03D0A
00000187D311
000001D5341C
00000105AE36
FFFFFF06985F
FFFFFF611257
0000043AB5CC
000005647C42
FFFFFEE29010
FFFFFB3B9ADA
FFFFFEB5B7B5
FFFFFFC36ABE
FFFFFBDC4EDE
FFFFFAC37955
FFFFFD98B730
000000E2058E
00000457ECE4
000006B098E0
00000442CA47
FFFFFFBC2638
FFFFFF4255CE
000000C5AE15
00000037BDD8
FFFFFF25CEEA
000001B7DE61
000002BA97B6
FFFFFF7CB295
FFFFFF0CFF48
000000C8A090
000001AD2A52
0000012063CD
0000001F9C7B
FFFFFF678A0B
FFFFFF754DB3
000001EFA552
000002E570C9
FFFFFE45F76A
FFFFFC87A6ED
000002E66312
00000632F872
00000096DA32
FFFFFCF325D5
0000006D06A5
000001ECFFBC
FFFFFEB8BF73
FFFFFD051C99
FFFFFDA8B37D
FFFFFE7EA1C0
0000005F7C37
00000370DA74
000003B5A961
00000154E22C
00000159F7E5
000001A43D1C
FFFFFFF9D554
FFFFFE31C91C
000000D1B94B
0000035CFDBD
FFFFFF97D5F2
FFFFFE9E89F2
FFFFFFD63C96
0000005676A0
000000F26D99
0000015AE2FF
FFFFFFAF60C3
FFFFFE12F08E
00000149C7FB
000003A8F270
FFFFFF0751D8
FFFFFC1FB82F
000000E6AC1D
0000043C9DD3
000000B80001
FFFFFE305432
0000013218C0
000003BA755E
0000034B3596
000002698D97
000000CC177E
FFFFFE236AEE
FFFFFC77A11B
FFFFFD339F8B
FFFFFF4ABA2D
00000191EF10
000003D6A21F
000003699971
000000B054C5
FFFFFDD5E805
FFFFFF73AB74
0000035A2192
00000092AC25
0000001C630D
000000BC8B18
0000007838FC
0000011CDCDF
000002086F38
0000003BD29B
FFFFFE2C0C7C
000000B8EEE1
000002FF918D
0000001B0BF2
FFFFFDC1C86D
FFFFFFF0A291
000001B533BA
0000007AF492
FFFFFF47C926
000000014219
0000014D1B54
000002C85391
000003C725F5
000002D4BFFE
0000011B8098
FFFFFF8C65C4
FFFFFE1A1903
FFFFFDFA42D9
FFFFFF8596C1
0000017F8EA7
000002423F9C
000001B7F9DC
FFFFFFBFDC2F
FFFFFFEA2F09
000001E63EBD
000001271971
000001A1D598
000001A39F65
00000115A4B0
000001727EAF
00000265B914
000000E9D38F
FFFFFEFFD08F
0000004B7B6C
000001C5F7E8
000000F01BA7
FFFFFFD586AE
FFFFFFA6F2F0
00000000A6CB
000000C7B1CC
000000A95AC9
FFFFFF530336
FFFFFEEB69B7
0000008CAFDD
000001D952C9
000001EF68CA
000003228E48
0000042DB0FC
000002765C65
FFFFFFEEB719
FFFFFE322665
FFFFFD9512D5
FFFFFF403665
0000020A2AE5
0000020A78DC
0000015955C3
000000FEEB45
000001489366
0000015CE98C
00000092C169
0000007E9471
00000122E7B0
000002041128
0000015D4E3B
000000D24B5E
00000122CB0B
00000132C99B
0000019D3072
000001C0A434
0000000DC0F0
FFFFFF8E9962
000001EFB670
000002EF5BCE
000000DECD76
FFFFFFE1D952
00000130E07A
000001864034
0000006756B8
0000014E49DB
00000321CBD2
000002AD2F3B
0000019F22DF
000000812B65
FFFFFEA2D8B7
FFFFFEF6E243
000001AEE191
000001C2E763
00000118C683
FFFFFFD9E829
000001AA8130
000000D08192
FFFFFF3F0B9C
FFFFFF8D3999
000000BDDF83
0000017B10E4
000001A9D065
0000027C7FAC
000002462B63
0000014417B5
0000022E9D32
000002BCC682
0000006A4273
FFFFFFADC58D
000002765774
000003DFB73E
00000202170C
0000015833E7
000002ADA7ED
000002777582
00000043354A
FFFFFF4C4F08
FFFFFFDA52F0
000000986E69
000001EABFE7
000002D736CF
000001DA68DD
0000012C1409
000001AD853C
000000CEA846
0000020D0EB0
FFFFFFE8C833
000002A598D5
000002359036
FFFFFF4B48B9
FFFFFFACEA45
00000084DEAF
000000C8392A
0000012C4340
00000238ABDE
000001F88984
000001537AAA
000003026316
000003BC21FA
000001464317
00000012040B
00000243EAD9
000003AF5095
000002670768
000001D84E87
000002C8FBAA
000002BBCB40
0000017EC155
0000001DB166
FFFFFF4B28A9
FFFFFFCA7184
0000012091FF
00000244C40F
00000274E8B8
000002C6534D
000001270CE1
FFFFFE26E873
000001C4C4B3
FFFFFD16B7E4
000000449AC6
FFFFFFEDB074
FFFFFD9A436E
FFFFFE0C2FF4
FFFFFE3594E5
FFFFFE650A9F
FFFFFF1ADDAC
FFFFFFDD0217
FFFFFF563CED
FFFFFF56D136
0000019BD9F3
000002DC5F50
0000015885FD
000000035C65
000000E8FD01
000001D35F15
0000013C4FD2
000000E96C04
0000017588F9
000001BCA85D
00000169D027
FFFFFFC7A676
FFFFFE447A32
FFFFFE58D496
FFFFFF10D70F
0000000D4BA2
0000009C3026
FFFFFF8B8068
FFFFFCF522C8
FFFFFB318BCF
00000132623E
FFFFFFE74ECC
0000039E9F8E
00000312BB61
0000010F2797
0000010710A3
000000513A43
FFFFFFF7F7E2
00000066C54B
0000009855FE
FFFFFFAF7D60
FFFFFF83B625
000000EAC1B6
000001C0A8D3
0000016E93E7
000000C65C97
000000DE5299
0000017FEDA2
0000015292CD
000000E21ACE
000000FA213B
000001748517
000002090C6B
000001DAE21B
0000016E75CE
0000013F223F
0000009D6CB0
00000076CE0A
0000012AAFF6
000001C214CE
FFFFFE133C57
FFFFFA8201D9
FFFFFF0C800B
FFFFFE2E5E42
FFFFFCD0AFD1
FFFFFBD578B0
FFFFFC427133
FFFFFCB4AC14
FFFFFD27B6FD
FFFFFD05081C
FFFFFCC36C0A
FFFFFCBFBA1A
FFFFFC7CDB7B
FFFFFC472889
FFFFFBC91CB7
FFFFFAB3B782
FFFFF9D5C0F6
FFFFF96B4E4A
FFFFF94FD501
FFFFF95632E2
FFFFFA7D1B02
FFFFFC87FC03
FFFFFD0EF8F5
FFFFFB7A2746
FFFFF9DD01E2
FFFFF9F395FA
FFFFFBB5E7A0
FFFFFDA541AC
FFFFFDADAED7
FFFFFAEE934A
FFFFF8B5345A
FFFFFA4915CF
FFFFFAD41E82
FFFFFDA580F5
FFFFFFE25154
FFFFFE6329EC
0000011F2373
000002653401
000002D5F6D9
0000025F4ED6
0000014E1327
0000008FA1F8
00000074F628
000000916827
000000C192F0
0000015D5C2C
000001A28152
00000117B692
0000012CF79A
000001CC3271
000001C3A826
0000010E7B10
0000015E961F
000001C1E0E4
000000B259AE
FFFFFFD26E48
FFFFFFEB178E
00000013AC20
0000016DD04E
000003AA98D1
000002C3672C
FFFFFEF236BB
FFFFFE568B3C
0000022B227E
0000013B6E8A
000001D80E81
000003D492EF
FFFFFF1AB673
000002768C40
000003FCC431
000002D59BCC
0000018AC1AD
000000E0C32D
00000079219F
0000003C42A7
000000674A72
000000F6CEC5
000001DB3F28
0000026B0395
000001E5E49F
000001BF2A16
000002653B5F
00000296B819
000001C2DFD1
000000F61AD5
0000007482BD
0000000144D6
0000004F2DAD
0000010BB86E
000000678BD8
00000057BADF
000002CBDAB6
000003118928
FFFFFFB92A9F
FFFFFF5BA275
000001F6EE4C
FFFFFF1A6625
FFFFFFF59952
000003B3C659
0000004AB68C
000003792248
000004212FB7
0000020DAC1E
0000016A5CF7
000000EF841F
000000409618
FFFFFF6C769C
FFFFFF32FF69
FFFFFFC7AA7A
000000B4C7DE
0000019A2AC5
000001A54906
000000EB5DBF
000000D827A9
000001AD3983
00000211CE10
0000012BBB5B
FFFFFFE3522D
FFFFFFFD3D1F
0000012F31CE
000001C130F7
000000628BE1
FFFFFF5C92A1
000000E5D027
000002DA59FE
0000034E6267
000002B2D903
FFFFFF7653DE
FFFFFB315BFE
FFFFFFD62875
0000057B0302
0000007F374C
000002884906
000002EFD4CD
000002315602
000001321377
FFFFFFEA22F7
FFFFFEA5805A
FFFFFDF08D86
FFFFFD6E3D4D
FFFFFD7B480D
FFFFFE4B7D99
FFFFFF5E5FB9
FFFFFFCCA8ED
FFFFFF05AA02
FFFFFF3EB46A
000000EA68FE
000001B418DF
000000BB012B
FFFFFFA7CDBB
000000497468
0000015840D9
00000058ECD7
FFFFFE9BE566
FFFFFEC4AD81
000000785C8E
000003311940
00000525A03C
00000252047D
FFFFFD24024C
FFFFFC1AAC35
0000022BA00E
00000494FF94
FFFFFFF47DB0
000001A0543F
0000026FC398
000001FA429A
000000C6A553
FFFFFFE043C0
000000578E2A
00000194CD23
000001AC71E0
000000EC3A68
00000048F516
000000156DC1
0000002CE32A
FFFFFF8627E5
FFFFFFCE05D9
000001841DED
0000024B9DF5
000001B69EF2
0000016E1714
000001C7A84B
000001CA3959
0000013D0201
000001EBFE34
000002B1E944
00000130BF64
00000141C702
000003AD3510
0000019C7136
FFFFFE4E413D
FFFFFFDD0FDB
0000038C16AF
000002921E14
FFFFFFA1B7D2
000001CA0CE3
000002DFD806
000001840B9E
000000901458
00000225F4C7
0000042493AF
000004F88B38
000004A94733
0000039293B8
00000235C65E
0000014B6D84
0000014395AF
000001017E0C
000000FA1D9A
000002325028
000002F7C950
00000319C8E0
0000031E78B9
00000260E714
00000233AF34
000003C0B5A9
000005B12685
000004AD6B73
000001075D88
0000001FDF51
00000260E43F
0000024C8FC0
000001DEDFE7
00000195E678
000001830D2B
0000025277C3
000000207D5B
000002766C49
0000034D608E
000001969F6E
00000164ABC3
000003B698EE
000004558AAD
000002B8F5DC
00000196AE3A
0000015EEC7E
0000016CD82C
000001B094D4
000002B2275C
00000308DD42
0000026A6DA6
000002E6913E
000003952E0D
000002D33E78
0000013A2AF2
0000000C69B8
000000CF282A
0000030B9946
000004360C02
00000314F477
000001D04F04
0000019F1193
000001A315D6
00000192C2D5
000002A24DA7
00000071D653
FFFFFF442780
000003B78CAE
000000DC6168
000002013306
00000247C2D3
000002107BFE
000002B6C343
000002F2AC53
0000020688EE
000000BFA980
FFFFFFF2AEE9
000000038801
000000F5C500
000002181515
000003B45D56
00000423FD48
00000375798B
000003FED2BC
000003B8DC77
00000064B73B
FFFFFE301D0F
FFFFFFB60E98
0000016382D5
00000103E59B
0000010AEC0B
000002C3BDCE
000004542758
000002F736A9
000000ABC4CB
0000009D2448
000001916371
000000EC447A
000000855F35
00000401FECD
000000EE2AE8
0000012E5C54
000001457E42
00000232911E
000002EACBAA
000001DA8BB7
000001C11544
000002194608
000000E2A055
FFFFFFF867AD
000000345B29
000000685223
0000014514E5
00000271EBF7
000003A742EB
00000484D912
000002C64A72
FFFFFEE7FDA6
FFFFFE537D10
0000019B073D
0000025DD768
FFFFFF4A12A3
FFFFFDF89D58
000001313C31
000004151197
00000234AEBB
0000004BD841
00000206BFAC
000002EB9B29
000003851CB6
000001E40BCE
00000208843F
000000740EE2
00000148F3FC
000001A1A84F
000001BB76CE
000001EEB2EA
00000239F60F
0000030A27BE
00000226F308
00000075C3E2
000000967D29
000000033D87
FFFFFE223D7C
FFFFFE55B2A5
000001375903
000003FB0828
000003472227
00000100A929
000000859889
0000013F58C8
0000015948E0
000000413C2F
FFFFFE650EAC
FFFFFD4DE734
FFFFFF135559
000001A51C18
0000014FF014
00000123882E
000003AC690B
000004A18893
0000040D6464
0000009B9C37
000000FA5DAF
00000040B6DB
0000019D6BAD
000001C2F83E
000000C0502F
000000740C4E
0000015AED5D
00000172250F
000000754C4F
000001FA09D5
000004821111
000002FA8134
FFFFFFB938B7
FFFFFEB4DA13
0000004294C3
00000191DA99
FFFFFFB1F7EB
FFFFFF15CA18
000002571C36
0000038AABEA
000001042642
FFFFFFF8E44D
00000162C89B
0000019A1150
000000BD3414
000000ACE0F8
000000F848F9
000001DD2732
000003238496
0000037D5F69
0000031D9251
000000DF2DAF
00000353DA87
000000389075
00000170A33E
0000012E7399
00000082732C
0000003038BE
FFFFFF75E9E2
FFFFFF0C9A71
00000182F62A
000005632966
000005D064F3
000003A87EF4
000002C99D64
000000E4F563
FFFFFE5E4481
FFFFFD7A3CFF
FFFFFD933BD0
FFFFFFAA5AF1
00000305D789
0000037BFD18
000002050CD5
000002892BF6
00000477176A
000003F7BDA9
000001875B02
0000005681CE
0000014C1EE4
000002A19CE9
00000250306F
000001C2E3F4
000003F41CE3
0000038FA0D1
00000576112A
0000000C458B
000001BFA18D
000001E0019C
0000020A5D2A
000001C2C3D3
FFFFFFC71F8A
FFFFFF4E6F66
00000291AF09
000003F0DDD0
000001370180
0000017472B6
000005191D13
00000437AF7C
000000187DC9
FFFFFDBDDB5A
FFFFFEE1D982
0000024D49A6
000003514C28
000001B1A149
000001AB233E
000003229F8C
0000032C8019
0000012A05AF
FFFFFFA3214A
FFFFFFD832C7
0000016CF4F1
000002CB8A4E
000002223574
000000EDC171
0000044F2BB8
0000042030D1
0000046E649D
FFFFFFFEE3CD
0000026A0B76
0000033592B4
00000311BA9C
000001DFCF9B
000000877FBC
000000CD3292
00000166E699
FFFFFFF70C0B
FFFFFF3CFC34
0000029F91CD
000005C5BB2B
0000050ABF7C
0000032FCAFC
000000ABDD8D
00000004262F
000001FE5006
000001BC661D
000000B03EDB
000001E04BF9
00000258B7B6
00000092FEE3
FFFFFF19F63E
FFFFFF7B58E5
FFFFFFDBE4DF
FFFFFFF669E6
0000015B8D11
000002394080
00000187FF62
00000371FFE5
000002FCB71E
00000364FD20
FFFFFFAA2386
00000252EE46
000003FCDE43
00000333E537
000000544AF8
00000010B423
0000028E2C29
000001E4C72A
FFFFFF12A499
00000037D4F8
000003709330
000002E3DD70
00000276F97B
000004C4ACDC
000004191313
000001489FF5
000000029E48
FFFFFFF5EC6C
000001F83E5D
00000340ADB7
00000193E17C
00000083FEC5
000001D1B38F
0000028672CA
000000B66750
FFFFFEFD9B89
00000060AEA4
00000251A813
00000216D34E
000002361A52
0000020F835E
000003396169
FFFFFF8256AC
0000024DF56A
0000041F6F93
000003082BC3
00000051BDBD
0000007032BF
000002B139A9
000002399B8C
00000072A2DF
000000DF794F
0000012462F8
FFFFFFF0D919
0000025A89CB
000006D65B10
00000624B7FA
00000195E7A5
FFFFFF1956F2
00000100AB8F
0000040BA7EC
000002F9ADCC
000000B8A635
000002B55F54
000005011E10
000003283399
0000001A511F
FFFFFF7A6387
000000F9AB89
0000021C7873
00000198B83E
00000148EBBF
0000017EFBF3
00000278F814
0000000DF3FB
0000027C0957
00000394EC9E
000002DB79FE
000001F8F761
0000014D4396
000000364BD9
0000009394E2
00000320D987
0000032C42B3
FFFFFF7ED4EF
FFFFFEB51C81
0000034059CC
000005ED85E0
00000344669A
00000031B893
000000BE7084
0000042BCAB9
00000566A632
00000277BBA0
0000010FF603
00000314AD8C
0000029C3BE1
FFFFFFB9E88B
FFFFFF1A7220
000001052578
000002D8F5CD
0000038E4375
000003470B1E
000002901BCD
0000019F4285
000001D63119
000000E8C52C
0000020CDA04
000002958EE8
000002F81ADF
00000350C87C
000001A0EEA3
FFFFFECF423E
0000003CDA92
000004C736BB
0000043453A1
FFFFFF448087
FFFFFED16AB3
000002614EC1
000002A0CD54
000000CEF187
000001993348
000003903F9F
00000488C4DE
00000431CEDE
0000037B2EAB
000002FE0570
000000F5C33A
FFFFFE7E5244
FFFFFF6B0828
0000016B6A8E
000001E22CBE
000002CA0AC4
000004AD492A
0000056AE656
000003B97F74
0000013D6751
000001EA78C9
000000F3A30D
00000127941D
000001540123
000002772BDC
000003CA1DC1
0000029AC0EF
FFFFFFBD0F1F
0000006CC8A8
0000036B2A4D
000002E7D3FE
000000638602
000000B376AD
000001F7171C
0000015519C2
000001A6CE37
000003181689
00000225EBA9
FFFFFFFBBCB1
00000045E1BA
0000031838CD
000003CA975F
000000402071
FFFFFF59BDB8
00000347565F
000004304BDB
000000FCE291
00000004EE4B
0000026C520A
00000437B62D
000002D6D4F5
FFFFFFF4BFEC
0000021C2BAC
000000443F78
000000CA6271
000000DC29FF
000001762072
00000361B58B
000003D6FA20
0000017A734E
0000002005FB
0000011C9EE7
0000020C4809
0000028A61D6
000002940106
0000012BD1C2
000000723644
000002671EA5
00000270D4D4
FFFFFEE9DF9C
FFFFFD377775
FFFFFF4F9EC7
000001E70AB7
000002172929
000001227F50
000002A2326C
0000044811FE
0000030E83B8
000000E90C76
FFFFFFB22584
0000003BF502
000001BE5451
000001F95766
FFFFFFEAFFB9
000002C8C77C
FFFFFF9284B8
000000EDDF77
000001806109
000000E6D507
0000021FD971
000003E94191
00000366A953
000000E452C2
FFFFFF15AA05
000000B6F922
00000429A1C6
0000039D3B2F
FFFFFF35D713
FFFFFECEAA1A
00000371F0E5
000003DD6D00
FFFFFF566898
FFFFFEC32E98
000001CA7127
00000161A02D
FFFFFEBCFF17
FFFFFF819C18
000001D687E5
00000139F19F
0000011CEB7F
000003579DAD
000003304D24
0000018A0B23
000001423E62
000002726C25
000001C14E08
000003FB8801
FFFFFF338E9E
0000011B9008
000001CDC11B
00000058ADBD
0000015C68DF
000003C6DFAD
00000477F602
000001B24708
FFFFFE315199
FFFFFFD65372
00000480E5AA
00000395B0EB
FFFFFEB59B1F
FFFFFF0DF4A8
000003EA9106
0000049551BE
0000011671B0
000000AB5155
000001C223A0
FFFFFF70AEA9
FFFFFD38A09F
FFFFFE73CD82
FFFFFF94DAEB
FFFFFFB6A5AC
0000022F88F4
00000542E478
0000049B56D4
000002C104B8
000001BDCF18
000003142C33
000003272D05
000003D3C88C
FFFFFF738C3E
000001693E79
0000019D7BC4
0000003FFBB9
000001320F56
00000318D121
00000428637A
000002C10B20
FFFFFF995514
0000000DEA69
0000034B08BB
000002BD5B64
FFFFFFFB5ABA
000000322D2C
0000020AB81C
000002BBFD70
0000027C5039
000001942457
FFFFFF2B9058
FFFFFE21C4C5
000000F3EAF0
0000027C76D8
0000009BD9C3
0000009B606D
00000348207E
0000040B02F3
00000299D184
0000026F4B5C
0000026D5052
000003497746
000002D5A740
000002A53470
FFFFFF933631
000000F5FCBD
000001213507
000001250D3C
00000151ED80
000001E6DA60
0000036AB990
000003D80613
0000017B1C66
FFFFFFF65E93
000000F19B17
000001DD7587
000001E87D76
000000FE0E7F
FFFFFFF6B941
000001828081
000003D9BE29
000001D86DD0
FFFFFDCDB5B1
FFFFFF6E55D5
000004AFB7ED
000004C57F36
000001A29E07
00000157D48A
0000028DD661
0000027A3A0E
0000022075D0
0000029951C7
00000278403C
000002309625
000001B3C3BC
000002C6887A
FFFFFEDA078A
00000073CDDD
000001BC7CBB
0000030F5289
0000022C3BED
00000167B070
00000296266F
0000042D77DF
0000036FABB8
000000DE6CAD
FFFFFF1B778A
00000105A7F5
00000418CDAB
00000277C7A7
FFFFFF11A409
000001148069
000004DC36D3
000002798FBC
FFFFFE5621B8
0000007873BE
000003F9893A
000002D7BB2B
000001F8E846
00000301776F
000002E20970
00000335543A
00000426CC47
000002A7706A
000000681EEA
0000001E4F0F
00000123783F
000003D9A951
FFFFFDD34EE3
0000012558FB
000003458C63
000003E6F1F4
00000214B1DC
0000010D5E60
000002339698
00000437F6A3
000004A7C345
000001DB6FB0
FFFFFED05C65
000001504722
00000548FC29
000002DC48F8
FFFFFEEF6473
000000FBAE0A
0000048CF414
000002DA035B
FFFFFFE51E56
000000C9D5C6
00000223D3EA
000001F584FE
0000034BB1FB
000004B49DD5
000003E545CE
0000040597FC
0000048D1146
0000016171F4
FFFFFEC052B9
0000007608FD
0000024F242A
0000041DF46C
FFFFFE6842F5
000002BDC85E
00000482014C
00000334BC97
000000F3F542
0000006A529C
0000016E1D0A
000002EE0EF4
000003ED381F
0000028DB1E8
000000802263
000002526664
0000045648D2
0000024BE57E
000000BCB08D
0000024CBCE8
0000034EB82D
0000029908C7
000002B527BC
000002F2A675
00000259412A
000002E233FC
000004545CBC
0000047041C4
0000033C0D08
000002996ED8
000001F49EE5
00000049BBAD
0000005128D4
0000031D3700
0000039E6F37
00000372A9F5
0000017B279D
0000048E2461
000004C43806
0000031F8512
000000FF2A5C
000000CCDF43
000001148127
000001BC5B9C
000003283D3F
000003C32FC6
000002E50D3E
000002A806FE
000002DFCD35
000003344F01
000003931EE3
000002FFA32E
00000202FB6B
0000030E6CAD
00000535287D
000004CD1500
0000031C90D5
000003C51580
0000049F943B
00000402C9D0
00000300B7F7
0000012F0034
FFFFFFFBFD2F
00000186A5EE
000003037DC3
000004B81F21
000003AEB750
000002718BFE
00000296F58F
0000033952BD
000001C40C50
000001772BDD
00000128DCFF
00000166CBA7
000001288127
000001286304
0000023194A1
0000039AEE17
000003BF74F7
0000025A6BC0
000001955F91
0000039ADDC1
000004FCBBE9
000002FE9A9E
0000019B55E5
000003526430
000004B5FA30
000003D73AA4
0000033A4407
000004197D26
000003CF9939
000002A5422B
000001F74526
00000042139D
FFFFFFC52AA3
000002DBACFF
000004A88D59
0000055D1F0E
00000177E879
000000425386
0000063A287F
00000714C198
0000050350B9
000004F81B63
00000545E827
00000520E425
00000427F49B
0000038D1662
000004058186
0000052AB9CA
000005D00893
000004DBB6AC
000004051E7D
000005A82B3E
000006DA2DEA
0000053804C7
0000043B2EBD
000005291109
000005E82851
0000061F4E69
000006546D8C
00000633C713
000005452FD7
00000441B805
00000412D187
000003F31397
000004251C3D
000005815D66
00000613B870
0000062B3C03
000000CC1980
00000111C3D9
0000033699B6
000003A1CAD4
0000019697C8
00000193BB93
000002674B0B
00000222C747
0000017FF2DD
0000011E53E0
0000019D62F5
00000240F954
0000028CF60B
00000235FF28
000001F04695
0000026FC16C
0000029A72E2
000001FF4CB6
000002174A9C
000002400E7C
0000026A6834
0000033D1DB6
00000368E658
000002574B4F
000001787DED
000000EF89FE
0000010C3088
0000026B4FD0
00000341310C
00000270AA46
0000015E5676
0000030836E3
0000007DACB2
000002B2164D
00000456B779
000004D4C6C9
0000050ACAB0
000005F170D9
000004D36127
0000051685DE
000005F26263
000006865BA7
000006E43A86
0000072DC385
00000710D056
000007240A6D
00000723A870
000007101580
000006A3A5DD
0000069C1FC4
000007508ADF
0000073823E6
0000065C8E15
000006468D82
000006A60751
000006F05DEF
0000072271C6
00000658BB80
000005338758
0000057EBD3E
000006565651
000006710525
000005B5D022
000004879214
00000736FE37
000003629208
000006665B2E
000007C0BD70
000006C624D2
000007A38C6F
00000549B896
00000580581C
00000684202D
000007994B52
000008A98CEB
0000092BCB5B
0000091D2518
0000090C76A5
000009237071
0000094588A6
000008CFA4FC
000008A64FF7
000008D2A6BE
000008351C2A
00000723ACD0
000007092E51
000007F88AD9
0000093223DC
000009D01236
000008C88163
000006C32E43
0000063DD7DF
0000077B200E
000008C0578E
000007CAE548
0000062FBC48
0000087C4A59
000003836703
00000485BA02
000005AF85DA
0000040EA60C
000005B22F3B
000003296FAA
000003791F37
00000427C2F6
00000511DEF1
0000061DD229
00000699904D
000006A9190E
0000067A8B58
000006949621
000007211E05
000007285A9B
000006CE7BAC
00000675DD6E
000005FA6A15
00000542F16E
00000515DC83
000005B9E1B6
000007025E99
00000835FBF3
000007F6E7ED
000005FD8EF7
00000469A85E
0000050A8A66
0000070FD27C
00000759AE5C
000005C58168
0000086C4014
000002E41566
000002D54249
000003D78401
00000365A14E
000005672870
0000043AC7EB
000004890462
000004EFC117
000005626112
00000592CAD8
000005BCE9A7
0000062501F4
0000063662AC
0000063E33DA
0000073B30E9
000007D92A8D
000007630F9C
000006D0F815
000006A91B39
0000065A7F5D
000005EABB7B
000005B03135
0000069D8F07
000007CF9793
000007C3F01B
000006B24BC9
0000050A2897
000004317EDC
000006454912
0000082C2C34
0000075411F9
000008D18883
0000027E303B
000004803549
000005DF8AEC
00000540B764
0000080388B8
0000071F86D4
000007873A2A
0000082CEABC
00000840C7AA
000007B22AFE
000007AC8D7C
00000831052D
0000087FF6AB
000008BA8F4C
000009CE0599
00000A8C5F91
000009CB21DC
000008E46DE4
0000089C5835
0000084E0725
0000081E5880
0000083977E5
000008835E01
0000086CE31B
0000079A6A07
0000073217E2
000006C5EE08
000005EA4562
00000765C38A
00000A315B86
0000097D3F3F
000009F79E6A
00000216414E
000004DC55A5
000006861011
0000057DAA56
00000837B092
00000810E072
000008B38A5A
00000919B9E1
0000096281F8
0000092D3C1D
000008FA61D2
000008E92534
000008B6DC4F
000008C137E5
0000098A97A6
00000A614C89
0000096F8380
000008600747
0000087C0872
0000088A87D7
000008751D5C
0000090A27A1
000009444FBA
000007F2E546
0000067F91C8
0000067600BB
0000062F6249
000005398EAF
000007109B75
00000AF7E582
00000A6AFDA1
00000BD1E695
000002C3A3AE
000004EB4E03
0000065A8873
0000044EEA71
0000067CD993
0000069617F8
000006E02D86
000006D8FAA0
000007F5F3C8
00000922EAC4
0000097872CA
00000969AF59
000008F40A25
000008332ADE
0000080FB3BB
0000085A266C
0000075ECF1F
000006948106
0000072D04E1
000007CB3483
000007EAEA6E
000008C534F3
0000095D13C6
00000817732C
0000068A763B
0000064EA2C6
000005DC534E
000005110198
000006C715C8
000009E2ABDF
00000A3BCB5F
00000E5FF29C
000004C34EB1
000004D8444D
000006014E21
000003D5EB74
00000591A3BD
000004AFEBFB
0000044FDE08
000004417934
000005C8E053
0000079DC71F
000008F433C3
00000A11EB63
00000A1BB45E
000008DFB75E
000007AD97B9
00000706F327
000005D74F09
00000497EBC7
00000516DDB3
000006A91C9D
000007025FC7
000007357E7C
00000836A2E3
000008A66595
000007D2C48A
000006BFB976
0000060114B4
000005A3DF3E
00000663E908
000007ACACA4
0000090A740C
00000EB406DE
000005BB960F
0000048924DF
000005C91F17
000004613221
000006167B25
00000473577F
0000045B4EEF
000004E42D3E
000005B848E7
000006AC98BD
0000081EFD68
000009A3FF0A
00000A285125
000009BBC3CF
000008AE92BD
000007E1F8C4
0000066A3E86
00000463392B
000004A8D918
000006D45A50
00000716FF23
00000683F480
000007CA33F3
000009A68DAD
00000903F268
000006EF9F39
00000621DF6D
00000664C60C
000006B791C0
000007449801
000007E1724A
00000C9CF853
0000048B5479
000004284812
0000059A07E1
00000494F6A8
0000068051D8
00000578A847
00000627CB1F
000006854EDF
0000067DB334
000007009E4B
000007951C29
000007C6F715
0000081F65F2
000009456326
0000099A130D
000009293FE4
000007E45B2F
000006965EBF
00000703F38D
000007EC4EAF
000007BF3EC0
000007A5E1AB
000008CF98EF
000009F7C142
000009044C2B
0000073B532B
000006BE4693
000007583ED2
000007FB4176
0000086AFBFB
0000078E44CE
00000B658F2C
0000032F995D
000004277BC4
0000057FC157
0000044D40EA
000006C0A1F9
000006CF74B4
00000777EC2D
000006EDDFB7
0000070BA3E8
000008163C94
0000080486DD
000006E175D9
000006F54A81
00000895EFB7
000009B4AE8C
000009DFA59F
00000942594C
0000092470EE
00000966BE47
000008C0C65B
000008B4129A
000009940F22
00000A0A5BEA
000009C3F170
000008EA92AA
0000080108B4
00000711D6C1
000007156B39
000008101AFF
000008BC10F5
0000084771BB
00000C8476CC
00000394B8F2
0000048514B3
000005A8FC58
0000047D9CC7
0000072F96D5
000006C8087B
000006E47186
0000073934DC
000008409AE3
000008D384A4
000008A5F254
0000085749A0
000008332A3D
000007D1E691
00000824B961
0000095727DB
0000093D5720
0000096AC47B
000009BE909E
0000098344FB
000009AEDFB1
000009CFCFAC
000009E6FC9E
000009DEEE03
000009422B69
000007EC0283
00000628A5A5
0000058F29D6
000006C0AF1A
000008421B32
000008F98327
00000D2E0056
000004937E13
0000051C418A
000006451BC3
000005433C70
000007897C76
000005AC2B81
000005AFCACB
00000780BC08
0000088D1779
000007DBDF64
0000083BD6DB
000009C9E8AB
000009CE07AF
000007D750A3
0000077712B9
000008625922
000007DF9CC1
0000079E8C9E
0000086600DF
0000098C960D
0000095E928E
000007B4977E
00000802B580
00000972293E
000009166D3C
000007700AEE
0000060B76AC
000005BA318B
000006640AB6
000007720894
000007EF0CD7
00000B75A12C
00000438875F
00000596B654
000006DD60B3
000005880978
000007B404E8
000005BF18F4
000005CC68E9
000006BDCD73
000006C9E55A
000006AD7EC9
000007DDD837
00000951E9D4
000009D8DF8A
000009DF18B3
0000099AD61B
0000083E0F72
000006BBB485
000006336BA6
000006D4F8EE
000008914A80
00000875AA86
0000069E456A
000006EE17B7
00000898E0BC
000008EAF82D
00000815036F
0000076AE83D
000006FA4CDC
0000069C34E8
0000066074FE
00000648DDDF
000009A2C8B4
000003501EC6
000005849084
000006A67511
000004AF4378
000007384495
00000698F40B
000006DAA484
000006161D61
000005C8478A
00000775B63E
00000867C622
0000077A2CE1
0000081422F2
00000A8C6145
00000AC0400F
0000083AECE6
0000070905FA
000006EB7378
000006C96395
000007AC0223
0000082E262A
000007E1889F
0000081C273B
0000089ABC46
0000090808BC
00000912BA48
000008A3135F
00000791FDE5
0000066B3967
000005F8450F
0000063FA382
000009CE0D7F
0000032F2C2A
0000053E81F8
0000064BC82A
000003D43D26
000006706586
000006CB53DE
000007CBA80A
00000713A649
000006A95EFC
000007FE7112
0000081F2694
000006654C63
000006529B36
00000897FD6A
000009C0B087
0000092D082F
000009181FF9
000008B168C8
0000075A56F0
000006A82012
000007292359
000008A20FC5
000009931702
00000926C151
0000096EF71B
00000A158E7A
0000098878C2
000007E054A9
00000636D276
00000634869C
000006F46F44
00000A55EBC7
000003425071
000005356A09
0000065CF34C
000003C6349F
000006095B1B
0000062E47B1
00000806B4FD
000008785910
00000769D5CF
000006CCFA1E
00000738F327
0000078225CB
000006C9AB91
0000068D961D
000007D863E9
000009905E9C
00000A61F3A7
00000979C5B4
0000076C2623
000005A21A22
0000058BF30A
000007314A8A
000008BFEEEC
00000935181D
00000A172228
00000B0FCBB5
00000A5E965D
0000088618CB
000006A35DCA
00000686E1D4
000006FE74DC
00000A2FADB1
000002EC2BC6
0000050F9C5C
00000651D233
00000414EEFD
000006372323
0000056C638D
00000732BE8E
000008C9D5A7
00000820BA76
0000066139DD
000006F780E4
000008ED9AC9
000007F2C144
0000052AA02B
000004E0ADD5
00000781FC01
000009EB0CD7
000009D47764
00000806A194
000006788557
000005C0226F
000005504DC0
0000064944FD
000008C31AEA
00000A8195D8
00000AB5FE31
00000A5DFAD5
0000099AEAD0
000007CABDBB
0000067434A2
0000063FD12E
000009F8CF67
0000028F3453
000004B4062D
0000060668EC
00000483C5C9
000006928489
0000050DE3B3
0000064A004B
0000087C6D91
000008EFDE90
0000074E84E7
000006E7D96E
000008620078
00000840F9B2
000005A3637A
000003CED343
000005608AE8
00000830BC30
000009071703
0000085A97FE
00000855B978
000007B8E960
0000058C6E2B
000005C80408
000008C1668E
000009EDF890
000008E2A5B8
0000091302B9
000009ACBC91
000008088FC8
00000609BB50
000005D5C7C0
00000A48C736
000002B7BD85
0000049B87A2
000005FCCF33
000004C13B16
000006AFC97B
0000054D6A3F
00000640BB1A
000007F328A9
000008D9A802
000007F25085
000006FBF522
000007862370
0000088C9367
000007D37531
0000057234C9
0000045B7E78
000005CAC42B
0000075E8A35
000007B5C46E
00000837CCDE
0000084C175E
000007B8701C
000008360685
000008F1D5DD
000008CDDE07
00000840AC3F
00000892B9AD
0000086663B3
000006D24D4B
000005E0D335
00000656E14E
00000AEA6C03
000003BDCEA0
000004FCD5A2
00000647CB26
000004CCE49E
000006D223F1
000005E1BA23
00000685CBAD
00000725F94A
000008266473
000008702ECA
000007A66A08
0000076DC5AD
000008778EAF
000008F72062
00000738B4E1
000004F89A25
00000585FAC7
00000798427D
000007AFD23E
0000067610A7
000006D3F7E5
000009297B20
00000A318C26
000008D5C705
000008E10E88
00000A778D34
00000A590D41
0000081E7AEA
00000631C29B
000005C01B94
0000063054EE
00000AC0244B
000004609B69
00000538B0A0
0000069E9236
00000502E72D
0000071B8B94
000005E6A509
000006466E4C
000006551E44
0000077C5614
000008C2DD3B
0000084F1D8D
0000070AE671
000007834C08
0000092C4317
000008CDB347
000006AF3851
0000069C2294
000008BC97C4
000008C2C3AF
00000632D0A2
000005C1ABDA
00000875C980
000009B0506F
000008E70EC5
000009DD7D1C
00000BBB0A6B
00000B71DF65
000009502623
000006FB1037
000004FE88BA
000004F95D42
0000098DADE0
000003DF4791
000005689E16
000007090F72
000005B43141
00000798462D
000005A2D2A8
000005DBD8A1
000005F103F8
000006C70EFE
0000081DB5FB
00000867C3BF
000007540FDB
000007348784
000008ECB777
0000092D4BB3
0000074D9DD3
000006BEF586
000008BFC112
000009FD07E9
00000875BD51
00000706B737
0000079A4D88
000008EDE312
000009E1AC98
00000A1961C8
00000967B36B
00000917C4E0
0000090EB58D
00000726787B
0000047BC32E
00000483BADB
000008FDF317
0000034D6DBF
000005ED81DB
0000078381C5
000006686632
0000083DB3A7
000005A487BF
000005857DE4
000005ABB5D5
00000659FEE0
0000077AA3AD
000008766A29
0000080C62B7
000007467574
000007DC2703
00000825A745
0000075E04F4
000006D4B486
000007B19DCC
00000998B9F9
00000A83ED96
00000978D427
0000083A5F1F
00000910F953
00000A6E5CC1
0000094156A5
000006976413
000005D2CC61
000006A63050
0000064F24B5
000005741373
000005BF8B99
00000978BC0B
0000030D067A
000006959035
000007FF82DE
0000067B6460
0000085781AF
000005C542E8
0000055647E8
000005790F13
00000627D998
00000709508F
000008118F1F
000008559006
0000078B19EE
00000718A72A
00000771C3D4
000007F1E788
00000751E99C
0000067AF528
000007DC5867
00000A4E0B6E
00000A5712AA
000008BE1FA5
000008D0A542
0000096AC508
0000083603E0
0000064AC969
000005086963
0000049E3C7A
000005339A5B
00000687D223
0000071B75CB
00000A19FB16
0000032408A4
000007248468
0000088065D3
000005D0D259
000007DFA46B
0000060726ED
00000593E719
000005784241
000005D28C53
000006688DF8
000007917B05
000008A003C8
00000830BF05
000006DB5705
000006F10EB2
0000084EDEAD
000007BC251E
000005FE2D1B
000006D09816
0000092D1D39
0000098AAEB6
0000087E6C10
00000843E08C
0000081F50FB
0000079B065A
0000073C3000
00000652C472
00000466A166
00000451C5EF
00000644FA7D
00000741E52A
00000A42FA8F
000003980C12
000006F710FE
0000085BAF87
000004A21D69
00000707B271
0000061CBD71
000005E9D80D
0000059DBA92
000005C8CE28
0000061EFFB0
0000070C6D70
0000087ECA85
00000883C5D2
000006F20979
000006A40E5D
000007C2F170
00000769828A
000006452060
000006FD3969
0000083E21DA
00000863274C
000007F9A820
000007764078
000006A0CBDC
0000063562FD
000006E74404
000007394233
000005E5954C
000004EB5FC2
000005AD64F8
00000662F5B2
000009AA9C77
0000039E9A9F
0000063CBF10
000007D40B30
000003E9A212
000006894E9F
000005ACF51E
000005CBB23D
000005D68008
000005DE910C
0000060089FB
000006D98354
00000805DC74
0000083B04FC
0000076B82B2
000006D297F5
000006D38ED1
000006908CAA
0000069BDB81
0000075C61B1
0000078A1403
0000075045FD
000007222DF6
000006508419
00000514D1FA
000004CB138A
0000059DC10D
000006B46FEA
0000075229AF
0000066D2B3D
000005868228
000005B657EF
0000096234B0
000003597A35
0000038DD623
00000564D5E7
000001BAF40C
0000038FA72B
000002779180
000002871219
000002B34391
000002B2C695
000002E47623
000003B98D48
00000475AE53
000004A76D12
00000492F4E8
0000042C02F2
000003547D12
000002C3DCE5
0000035EC856
0000045AB78D
000004593CFA
0000039EEFB1
0000030A7683
000002D536BB
000002BBAFE1
000002BD2B86
000002737A3A
000002C30CE0
0000040F8420
000003C0027E
000002E6330F
000003ADE6B1
00000753036F
00000181A2C1
00000461CDED
00000659B9BA
000003CC9DFC
00000581AF82
000004E3A12C
000004BF355C
000004D8C77A
00000489D007
000004838B1A
0000050CF417
00000554D814
00000560C2F9
0000058F5421
0000055D36B0
0000048082CC
000003BEDFED
000003AE56F7
000004631D10
00000502BE22
0000046A35D6
0000038EFCDC
00000441E325
00000564B07D
000005704200
0000048735E1
000004322BCF
000004DFE032
000004F7083B
000004AD5AAB
0000046F1E27
000007A22ECD
000002865064
00000530446E
0000069529B0
00000403D07C
000005251E66
0000057F0313
0000052FA24B
000004DBE1BE
0000045212B2
0000041462CC
0000046A0516
000004BFAD65
00000489D89B
0000043FCB8A
0000048793B1
0000048924B4
000003BD6D6B
000002CDD3B7
0000034A9F60
000004A8801E
00000497E44E
000003AAE4A0
0000043BCC7C
00000564A101
00000592DDF5
00000534E6C6
000004BCC95D
000004620F58
000004A1A10E
000004A7D115
00000407F753
0000064392DC
000002AE932C
000003A39D8B
00000455568B
0000023207BE
000003E21AA2
000003EC1A33
000003AFB372
000003217430
000002893CE4
00000257C525
0000028924E9
000002B49A5C
000002400E75
000001CCADC7
00000240A82B
000002EF8FC1
0000026BBAA4
0000015EBAA5
000001BE039C
000002F04587
000003111FD7
000002A68AE7
000002F52DD1
0000037000FC
00000391EA2D
000003C583E2
00000380906B
000002E28306
000003037BE0
000002B1DE58
000002A0AFE4
000003B974B9
000001B1156F
000003AE4B42
0000036E9856
000002140331
0000023F1579
0000008E5E81
FFFFFFFA40E4
000000661C5E
000000D26495
00000114868F
0000013C16F9
00000156946C
0000016C0159
000001A45920
00000191FF3E
000001325718
0000009AA7B1
0000003EC3A7
000000432B2F
FFFFFF958E63
FFFFFF87F8F4
000000D1A5B0
0000016EEAB7
00000150F5A2
000000EAAA9D
FFFFFFBBF92C
FFFFFF7D24FE
00000100E8CC
000001A35414
000000B3E494
FFFFFFB6D97C
FFFFFEBAAFE3
000000768C55
0000044FD242
00000566000C
000002961E4A
0000022FCEB9
000000836DF7
FFFFFF04EF85
FFFFFFC70E55
000000B98397
000001236C45
000001997038
0000015EC8B2
000001459DDB
000001E30427
00000217802A
0000015F62B1
0000005C2227
000000CE111B
0000012C5EEF
FFFFFF0CEACD
FFFFFE494006
0000009B05F1
000002082CFA
00000299BD45
0000023734E6
FFFFFEC84771
FFFFFD5ED64A
000001876C2C
000004132768
000001AAA99F
FFFFFDD6A74D
FFFFFE7DCBC8
0000028236D6
000004578FD5
0000055285D3
000001C5EEE3
000001651597
0000002DF984
FFFFFEE84AA3
FFFFFF06576D
FFFFFF9EEDC5
000000BF809C
000001D91030
000001CB4B38
00000188DEB5
000001EC168F
000001D7D4DD
00000100448B
0000004CACFB
0000011E8326
00000199A4CB
FFFFFFE28555
FFFFFF00BC61
000000240BAD
000000E3A56B
0000025D969E
000003235702
FFFFFFC9F166
FFFFFDF617F5
000001D3EEC9
000003E9AC87
000001266EFE
FFFFFD07C9A2
FFFFFE945D19
0000041E0B4C
0000054E1BE2
000005F1F0CF
000001EA918C
000001A2DE03
000000C85CB4
00000022B7F3
FFFFFFC4F1FC
FFFFFFD9753C
000000BDD0AB
0000019CBC1F
000001B5DEDB
000001AAF852
000001D6D11C
000001A3D84F
000001896E7E
000001240135
000000E7533E
00000100C4BC
000000B40C2E
000000A6720D
0000004A7D91
FFFFFFD0C875
0000018AF059
000002E039FB
000000754C1F
FFFFFF33909A
0000015CF57E
00000246FE65
0000021D3681
FFFFFF59E573
FFFFFE16B915
00000290F88E
000005797B48
000005E6B17F
0000012736FD
000001E6C5A1
00000182400E
000001D6B916
000002A6F673
000002B86CB1
00000219180A
000000ED451E
000000102B3E
00000024FB76
00000022F12B
0000005C368D
0000018C859A
00000242F63E
000001824478
000000F18074
000001605022
000001C98792
000000890A99
FFFFFF8342E3
000001984F91
0000022B9DBF
FFFFFF6AB0FC
FFFFFF0CC26C
FFFFFF89857B
FFFFFF7C2EC0
00000376B912
0000041B238F
FFFFFE7E57B8
FFFFFF34B400
000005B5AB72
0000065AFEAF
000000E3B4B5
0000015756BD
0000016D669E
00000222A278
000003758C23
000003DCE496
000002FA0DE0
0000014F1C61
0000003AF227
0000001ECADB
FFFFFF986C90
FFFFFF99E03E
000001A55025
000002DA8E07
0000015E4194
00000056AB6C
000001214222
00000193DFA9
000000CFFE5A
00000088A50C
000001ED0B9C
000001805D01
FFFFFFCB986D
FFFFFFFA89D6
FFFFFD9EBC7E
FFFFFC866992
000004BCDF8C
000007AA5571
FFFFFFAFC410
FFFFFEAAE13D
0000060BFC1A
000006F2E1F9
0000005E8831
00000009FDF7
000001695007
0000029BB3B9
0000023AE6CE
000001D361E5
00000254C8E7
000002594E22
0000021ED2E5
000001F5828E
000000841CC1
FFFFFF9C2C6F
000001714491
0000026950B2
0000001B3D01
FFFFFF13FC91
FFFFFFFC6F70
0000008AE093
000001231F22
00000224496D
000001F76BF1
0000004E4794
000000E1B170
00000211FA76
FFFFFD5EF5AB
FFFFFAEC0BFE
000003924D42
00000618DA7B
00000212A512
000004362A68
00000654EED4
000007460CA8
00000022A7EA
FFFFFF94FB9C
000001E5C269
0000037156E9
0000018B6A91
00000032B4D8
00000151B61D
000002544D32
000002B292EB
000002E502CD
00000149E2F1
00000004791E
000001996938
0000022BFAF1
FFFFFF562E8F
FFFFFDE4B964
FFFFFF68CD82
000000A03B3C
00000161A18A
0000021C5696
0000012CC2A0
FFFFFFADCC54
000001554AF1
000002D32820
FFFFFF0B2CD8
FFFFFCE29120
0000019FAF88
0000014AB329
0000028A8A57
00000945E502
0000064AE83F
000006E13DC9
000000AAB160
000000C04B9F
000001D29ED2
00000261C559
000001419450
0000007E9134
000000B42705
00000103A9E1
0000019F4EF9
000002767C6B
000001E4C935
000001054AC8
0000026D06B1
00000293548D
FFFFFE9764C8
FFFFFC8727DD
FFFFFFD8C408
0000022C2165
000000B7D709
FFFFFF9A308E
0000004A2C46
000001357620
0000017056A9
0000014D5D20
000001060A37
00000152C7EC
000001DA50C8
FFFFFE5D0F96
FFFFFFC14111
000008119242
000005E646BC
00000600E1A6
000001283B6C
000001FB7950
00000141FF95
000000ECF428
00000126E4EC
0000018FE0CB
000001A96724
0000018AB3CF
00000114D5C7
00000102F8CC
0000010E286F
000001580346
0000026D7449
000002344400
FFFFFEC771BB
FFFFFD60E9FA
000001283B36
0000034F7734
00000045DBDE
FFFFFE1EC1A0
000000970155
000002D0A7F9
0000002B373D
FFFFFE2E1F1E
0000013EC007
000004385805
00000370656C
FFFFFED3FB1D
FFFFFE72F367
0000058659F7
0000059EBCF3
000005848FA1
000000B08F62
000001AABA70
0000012EA567
0000016E9905
000001450AB6
000001B2C3F7
000003E3AF74
00000481ED3C
000001E919CB
FFFFFF1A61B6
FFFFFEBC5D55
0000000AD31A
0000006C3D4D
0000006A8629
000000B84C90
000001B34C13
0000031D6E34
000002D5CBCB
000001076B6F
FFFFFFD829C3
000001506D9D
000002203B4C
FFFFFE39957E
FFFFFC3E09A5
0000001D8692
000003AD6061
0000039FC628
FFFFFFD4418D
0000009D503B
000006D555D9
000005DFEB6E
000005E39972
0000008DF2F0
00000142543F
000001489D28
000001DD7993
000000BB0FA2
000000C02F05
000003D05ABA
000005416D77
00000358C768
000000897E94
FFFFFF37C506
FFFFFF4B2CBF
FFFFFE2C498A
FFFFFE46E829
0000014953CF
0000040034C6
0000036E66AD
000001973BA3
00000174B543
00000193B4AD
000001CBC796
000001362370
FFFFFE4BBB2E
FFFFFD48B10C
FFFFFF6FEE7F
0000014CAD25
000002401968
FFFFFFB376B7
0000026ECDA3
000008E9A642
00000626C5EA
0000067353D8
00000157CDC1
000002011D00
000001321CB7
0000009ED6E8
0000006658C8
000001252B14
000001543A98
0000019BA739
0000043E9296
00000522917B
00000291BCD2
FFFFFFB563B4
FFFFFDB2DAC5
FFFFFDBF022E
FFFFFF721D92
0000016694C2
0000025DE6E1
000001F09C75
00000104DC0E
000000C44325
000001C68DF3
000001B32393
000000024E50
FFFFFF6F2ECE
FFFFFF43FED6
FFFFFF242723
000000F078DF
FFFFFFAF21F6
0000021FCC3B
0000085A4F40
000006218121
0000069CA12D
000001DB36CD
000002B9110F
0000011378AB
FFFFFFEB1285
0000015ADEF8
00000295CCBF
FFFFFFAFC533
FFFFFE6361CA
000002E34205
0000061A61CC
00000478F0F4
0000016665F3
FFFFFFB48280
FFFFFF3B6107
FFFFFDB7A923
FFFFFDC987B8
000001C68E74
0000040B7A2A
000001861694
FFFFFF92419E
000001512D94
000001FBE77D
000000BB0366
FFFFFFF7C6A8
FFFFFECFF7DA
FFFFFE544983
0000008D906A
0000005409A4
000001582F60
0000064C1DF0
0000063F94AF
000006DEEE08
00000183126D
000002495889
000001AB3DD4
000001431BAD
000001D20280
000001C7638B
000000124BBE
FFFFFF8681AB
000000317D2B
0000017491ED
0000042ADAAD
000004D818F1
0000032F0889
000001010446
FFFFFD2C09D3
FFFFFC06BBCD
000000C2FEC0
000004754F31
000002D11596
000000B8FB47
00000180BA1E
00000170B86A
FFFFFFE5B3E0
FFFFFF1C0B1F
FFFFFE482926
FFFFFE7EA8DD
0000006E317E
0000005920AA
00000116693D
00000509ADAB
000006BA2F7B
00000784E1F1
000000DCA6C9
00000100603D
00000245B8DA
0000030EF212
0000014B737B
FFFFFFA261DE
000001653F12
000002E9BCB4
FFFFFF04C389
FFFFFCF6361A
00000212B42B
000005F452AC
0000054B179E
000002965471
FFFFFEBE6C59
FFFFFD30BD63
FFFFFEFECB27
000001011D19
00000255C551
000002DAAE5D
0000024EFC4A
000000EB7B85
0000001A912E
FFFFFFFF62E8
FFFFFEF6AFB9
FFFFFEC2C9D8
FFFFFFD71D45
FFFFFF6CE91A
0000007AF84B
000004608E5E
000007149D9A
0000082E3B37
00000079546B
FFFFFFB650CA
000001E6D80B
000003C277D7
0000018E92C9
FFFFFF82C28D
000001DECADB
000003A59C99
0000001F787C
FFFFFD638B6D
FFFFFF1F1015
0000020E341F
0000042E82D2
000004056AC3
000002B654E4
00000174F690
FFFFFE45C870
FFFFFC5EFE75
FFFFFFE8D365
0000037E193D
0000022CE9DB
0000005BEEF9
000001EA801A
0000033A1EB7
000000F02DB7
FFFFFEFD526C
FFFFFF36EACF
FFFFFE9607E0
FFFFFF2DCA9A
0000034258B4
000007160915
00000822626C
000000571F41
FFFFFFBA3FFD
0000018EA5DC
0000030D96C0
0000026E99B2
0000019259A0
000000EB648B
0000009A0A95
000001D43D71
0000020B1725
FFFFFE430F3C
FFFFFCF697FE
000000DD6883
000003DB2227
000005422036
0000048B2F4D
FFFFFF22D7BD
FFFFFBC5987A
FFFFFF11F0B0
000002667F65
000001787C59
0000007D06EB
0000028A50ED
000003A03FA2
00000164AAEB
FFFFFF69F3AF
FFFFFF39B3AD
FFFFFE240B48
FFFFFF1028A5
000003AEB7A6
000006A3816D
0000072FCB47
00000053B271
000000F92ACD
0000019FC20D
0000019DF3BF
000002F3E1E3
0000040612AC
00000015B479
FFFFFD2DBA2F
000002499E57
000005D704AE
FFFFFFE55117
FFFFFB45F4ED
FFFFFDED8761
0000018913F2
000003E1EC08
000003DF23BB
000000F869FE
FFFFFFBEE77D
0000003F650D
00000032A957
0000019884E9
000002B77A32
00000195F840
FFFFFFDDC057
FFFFFFA3906D
0000003ADBDB
FFFFFF71BE12
FFFFFD7E1631
00000070E9BA
0000066145BA
0000064922CE
00000641CB32
000000641014
000001DA5C49
000001356F15
00000067802F
0000038C0296
000005A69375
000000053438
FFFFFC09E34F
000001859E21
000005A35238
00000189D50B
FFFFFD982A72
FFFFFDBF4107
FFFFFF66FC82
000001B59DE6
0000024F5612
000001889413
000001F9F39C
000000583AA1
FFFFFE9473D8
00000246C56D
000004F39979
000001EFAAF4
FFFFFE81507C
FFFFFF4D6B6D
000000D98E88
FFFFFEC6A056
FFFFFBF35375
00000121F9E0
000008905A3A
000006618751
0000063DDC5C
0000006CA2AA
000001B436EF
000000A7AC27
000000358B19
000003AC4457
00000538EF6A
00000074E2C6
FFFFFDD219AB
000000E13A17
000002B2B376
000001FCD560
000001584DE6
FFFFFF4650A6
FFFFFE3F8EFE
000001446799
00000280ACB6
0000003295B6
FFFFFF6388F1
FFFFFF7EF1AD
FFFFFFF2A62F
00000263AACD
000003EB32AC
00000363E0CD
000001F43D1B
00000106D72E
0000005120AF
FFFFFD96D22C
FFFFFAB61B7C
000000E7FD9F
000008E3A9CC
0000068F9B07
000006A9C6D3
0000009B3FB9
0000013F183F
0000007F24D4
000000DA95AA
00000301C477
000003335ACD
000001A9FD92
0000015DC6D3
000000242297
FFFFFEC2E710
000001C92283
0000046426DC
FFFFFFEAEB8A
FFFFFCC7ED58
000001DD298A
000004A299BF
FFFFFFC56CEA
FFFFFCC15E3E
FFFFFFC69EA8
000002BD1EBF
000001BC8034
00000081DC92
000002C21759
00000422BFD9
000002825FB2
00000049A5E2
FFFFFD50068C
FFFFFAB66F71
0000004DD97F
000007B1BB62
0000067CE852
000006BF7CF9
000000CE738C
00000137DA25
000000722192
0000015B5BDC
0000025BB3DF
00000190F68C
000002C35CC3
0000044EE3C9
FFFFFF9386B6
FFFFFBC2CB7B
0000014A06F5
000005CDF8F4
0000002DDB53
FFFFFC221E33
00000217343E
000006003BEB
0000011A6B22
FFFFFD7D4B94
000000704266
000003423081
0000016E8330
FFFFFF5AA3AC
000000065EC5
0000018BCCB8
000002DAB681
00000268E3C7
FFFFFEA14CF2
FFFFFB68569D
FFFFFF1C0584
000005362F97
0000069DEEE2
0000069E82EE
0000012A795F
000001EB8D32
00000084DCC1
0000012417F9
00000145008A
0000007B0313
0000038698D5
000005815272
FFFFFF8CB177
FFFFFB673A3F
000000E98D29
000005337664
000000A4C93A
FFFFFD8A5041
00000164FA2C
000003FB3A45
000002233D99
0000007EDF00
0000007651CA
000000FE0BED
00000245FCE5
0000021D7CE5
FFFFFF235C0A
FFFFFDFE18B2
000001597E2E
0000030EFF44
FFFFFFDCE695
FFFFFCB226F1
FFFFFEDF762C
000003BC2CDB
000006C7BC4E
000006A99E16
000001A26CD8
0000031E18B7
000001181287
000000A3F01B
FFFFFFF1E817
FFFFFFBB731E
0000035F36E0
000004F1122E
0000004A7580
FFFFFDA703D9
000000C41624
000002671C51
0000009287C9
00000051C785
000000AF69B3
000000249E64
0000024E230C
0000042AD578
000000A10A43
FFFFFE407D23
0000029061BC
0000051D7344
000001439EC7
FFFFFDD962C6
FFFFFE890B9A
FFFFFF92B675
FFFFFF0EDA69
FFFFFE2A3DCB
0000008D91CC
000004E79E5D
0000073E59AD
000007713F17
00000187BA87
0000029898ED
0000013E18AD
000000A0E059
FFFFFF7CDB73
FFFFFFB9D7EA
000002999226
00000343058D
000001AE0E98
00000162B29B
0000003D2FB1
FFFFFE9588EB
000000D4CA21
000003B801A9
0000004CE433
FFFFFD176A1E
000002B2D413
000006DECFF7
00000103EAEA
FFFFFCCF6D28
00000131257D
000004598BC2
000002B0C90C
00000049B375
FFFFFD908B50
FFFFFC3C58CE
FFFFFE4AC268
FFFFFF8EF509
000001D8A4E3
000005B69EDE
00000874C1A1
0000096ECA44
000000E3F794
0000002FAD05
00000079A4AA
000000DDAE94
FFFFFFCEBC25
0000002827DA
000001B8CFC2
00000194BD5D
0000032C1354
000004B8EBAB
FFFFFFF8AA51
FFFFFBFA69A9
0000010E5C2C
000005C1DF91
0000007F29E5
FFFFFC737F15
000002BA79D3
000006A67C76
000001614B78
FFFFFDEDB0C1
FFFFFFF1BF81
0000011249CC
00000155D993
000001948EFC
FFFFFE965B63
FFFFFC641520
FFFFFF6860E1
000000DEBE08
0000018E573A
0000049A14C4
00000954FB60
00000B1A5605
000000A398BC
FFFFFE5F98D3
FFFFFFE413D4
00000135DB5B
00000052EAE3
0000007E94AB
000000B919D2
0000003F10E8
000003B94378
0000062FB50B
000000541D92
FFFFFC05FF0F
000000DAE770
000004CAB5AF
0000009FEC55
FFFFFDE2862A
0000021A99C1
0000042B5AC6
000001DBD64A
0000009D3711
FFFFFFEA3DAA
FFFFFEB91962
FFFFFF7679AA
000000E139DE
FFFFFF98514D
FFFFFEA18B59
000000A1ECB8
000000D474E5
000000D35C5A
000003E49D2F
000008FF905A
00000A6DCCF8
000000526BDD
FFFFFEB376DC
0000000D0B12
0000011FC2EB
000000B3E153
000000CDA427
FFFFFFFC1FAC
FFFFFFAB11FD
000003536E2B
0000051BEA71
0000011A13CC
FFFFFEA963B5
000000C348E9
000001D45E1B
00000004932F
000000063BF9
000001E8F520
000001AEB3F8
0000018C799B
0000020E13BC
000000328CC6
FFFFFE52D1E9
FFFFFE7BCB80
FFFFFF463D08
00000078B918
0000019B7752
000001551864
FFFFFF656025
00000024E4F0
00000461B636
000007497C3E
0000081123EA
000000394513
00000015C15D
00000060E244
000000AA3D45
000000DCB283
00000129F10D
0000001A2FCE
FFFFFFEB5C92
0000022F38BB
000002D230E8
0000019A2D7D
00000175736C
000000F6FBBB
FFFFFF7941F0
FFFFFFA3E325
000001835124
0000020DFCFE
000000C1B503
0000010198E0
000001B4728A
0000008117ED
FFFFFF6617E6
FFFFFE845C66
FFFFFE78429D
000001698696
00000369BFFF
000000B76F99
FFFFFDDE8758
FFFFFFF88E20
000004FFBE93
000007ABD5F3
00000863D3E9
000001D711F3
0000022A7252
000001C51D6A
000000DADEC1
00000113F55A
0000013BA860
0000000E68A4
000000090938
00000149AEBC
0000011E77AC
000001215724
000001F26009
000000BAC2E2
FFFFFF07CCEE
FFFFFFC0568D
000001485FD9
000001E51198
000001301D85
0000003F370C
00000048BA4B
00000114A55F
000001780F6F
000000B6467D
00000001D8C3
000001427C2C
00000231E5DD
0000018BC42E
FFFFFD9616F5
000000C5A553
000006006E39
00000612B500
0000068983DE
0000029DE54E
0000032BBC37
0000024C1C2B
0000014059C7
00000135E58F
0000011D34EB
00000036AB04
0000004A6D7F
000000EA614F
0000008DFE5C
000000966455
0000014A0453
000000F2A170
FFFFFFFDB951
FFFFFFB791E7
0000003CD6A1
000001A57860
000001FC0571
0000002F6623
FFFFFF565D47
0000008AE132
000001C576B8
00000221DD83
000001DE4756
0000012083B3
00000076835C
000000270E38
FFFFFE75DEC2
000001C4CA92
000006303474
FFFFFE567BC5
000000B467CE
0000001143B8
000000CE11DA
000001A5BE86
0000018F6D7B
000001D099FA
000001B86C2C
0000014AE4DE
00000126E777
000000F1A2F4
000000EA355C
0000010C7C5D
0000014F35D6
0000018BAF83
000001846523
00000174A3DF
000001DEE00A
000001EFF538
0000017D6796
00000172C071
000000FD5BBB
0000007CF7B5
0000010FEA9B
0000013DE02E
000000A47057
000000A73671
000000D28449
000001C92EFA
000001DFC28C
0000015CF50D
000001637035
FFFFFEC4091D
00000278D99C
00000245F635
000003151DB5
000002CB29C9
00000289F514
00000281E6CB
00000241517E
000001F99125
000001E4FE3C
000001FA311D
0000026E513D
00000318BD7B
000003A22EBD
000003F65C92
0000044AD709
000004101099
000003924E87
000002FBD3A7
0000029E2353
0000032D5E62
00000397C8D6
000003893FB5
0000037F002B
000002EF3B5F
0000027E09CD
0000030AA791
000003B79A66
000004B19523
00000555BD7C
000003DB128C
000003730402
0000019FF8D2
000004D5E39B
000003F95CC8
0000037D3117
00000262AB5F
0000026305D4
0000027E650A
000002C6FF78
00000356BF08
000003FCCF36
00000465FD07
000004B6B643
00000526152F
000004DFA7E3
000004560B91
00000458C4A6
000004178CD3
000003936053
0000034EA09C
000003B4D09E
0000045B9C35
00000499883B
00000495639B
000004D241C0
00000486C871
0000041A9909
00000468E39C
000004375121
0000043BF98A
000004149D7C
000002C9A4A1
00000348587D
000000401F65
000003A2734B
0000028AB403
00000325A4EF
0000019E02A0
0000017ECE0E
0000014ED8B6
00000190644E
0000029EE344
000003C4FFDB
00000468240A
000004A1ED6E
000004A7AE63
000003ED5424
00000351899F
0000036D7331
000003406C8A
000002FFED91
000003453494
000003E962E0
0000044AFBDE
000003D6ECAB
000003B9F05C
000004A5AFBA
000004FDE824
000004D35E5B
0000049B6540
000002D4DD4C
000002D28680
000003C6591F
00000287A329
0000030171FC
FFFFFE64D4E1
00000256185B
00000186261A
000003E1480B
000003E65CCE
0000043A32D5
000004AD2D70
000004FD5157
0000056F04B6
0000060711E4
00000658C5AD
0000067B2436
000006895A79
0000061F02E1
000005BF5A99
000006A0971E
000007704869
0000073D65EA
0000071AD748
0000071953CA
0000068A25CA
000005C3391A
0000064AC78A
0000077FE7F7
00000751033F
000006D7C7B7
000006B86DE8
000004D15B2C
000003EAC26B
000006193D49
0000048B9D53
00000458E086
FFFFFE5A4D57
000002D73E97
000002460113
000004653DCC
0000047D2301
000005B54316
000007070EDA
00000783E31D
00000760B9D5
000007247D6A
000006C29171
000006ACC2D8
000006EB0AE6
000006FCE14A
000006F9EA26
000007F6E3A4
000008C2B8A0
0000088B5ADB
0000083237F1
000007D01463
0000072FAA98
000006D31659
0000070A76A9
0000073F33D6
0000065600EF
000005AA0B2D
000005B5DCDF
000005549099
0000060C03D4
000006C2E782
0000038F31F3
0000042F5242
FFFFFE7FD108
0000037C463B
0000033C274E
00000554320E
0000059B9E45
000007057416
000007C91031
000007818989
0000073A18CA
000006D8B058
0000063A2633
0000062747EE
00000665BF42
000006D0D1A6
000007513AAE
000007D2173C
0000082605D6
000008313DD5
0000082C4866
000007BF7410
00000757B89F
0000072BFD7E
000006A4A734
000005C308CB
000005203B3B
000004E4A24B
00000482727C
000004F20B31
000007626A19
0000070E02A5
000003E0A35D
000005CA26E8
FFFFFF10F4A9
000003A9DE5D
00000317A1D8
000005908433
000005AD2D82
000005EBC00A
00000573C60B
0000050797D3
0000053F0212
000005C59D09
0000063D4342
000006982F05
000006A85022
00000669C153
0000065703B5
000006B3736F
000006AC1440
000005FB6451
0000059E4125
000005E784E6
0000064650C9
000005B4870A
000004E0F1CA
000004BB327B
0000053FFB11
00000522D411
0000042C1F16
000003D9A84A
00000538EDF5
000006AAFF5C
0000058A6B1F
0000076DA54E
FFFFFF641970
000003B65AB3
000002E75E9C
000005625A6E
000004C8D479
000003C68446
000003405B90
000003E54105
000004BDD72B
00000639D0D5
000007F681B0
000008F9DC4C
000008FAF0E0
0000075EE90E
000005D7E5BD
000005C64580
0000058D38EA
00000484C66F
0000048ACA8F
000005A924A1
0000060333C2
000005525E0A
000005165156
00000679A598
0000077E380A
0000069AF528
0000053E1841
0000042E170D
00000388066C
00000629DD07
0000061F2287
000007BA52EE
FFFFFEDE37D1
000003A2433D
0000031572FB
000004EE189D
000003C2744D
00000396E9AC
000003FD4ECC
000004629901
000004ACBA50
00000601BE23
000007D928C7
00000910FF7D
00000961E383
00000858C447
000006F4BBBC
000005BDCE9D
000004DB2D6E
000004C26AC5
000005A81D67
000006809989
000006A2C8AA
00000681AC88
000006DC9A88
0000081F5A8D
000008E28C85
0000080E2D7C
000007159723
000006286D6D
000004F77B07
00000578D83F
0000043B14DA
0000069678C8
FFFFFE78EE60
0000037440F1
000002D65C00
0000044A8DC6
0000035600A0
000004BC7BD8
000005C7D136
0000052C1EFC
0000050272B6
000005AB3A29
0000061F7374
000006B5DAFA
0000077F2B0F
0000083EA801
000008236D0D
000006DE0F89
00000628C72B
0000063EEEA8
00000628D5C2
0000061EEC5E
000006F45EEB
000007822B86
0000074B6DB1
000007ACD640
00000852DC16
00000860A4D8
00000839CCA5
000007199AD1
0000055D9384
00000434D78B
00000282D8CC
000005A255C3
FFFFFE9312DE
00000336AB3B
00000243FE4C
0000045866EB
0000043793D0
0000051D4D5D
000005E3BE28
0000066D313D
00000711CB9B
000006CB6B32
000005D2F4AF
000005AD3DFD
000006062E71
000006DD993F
000007BEB98D
0000082D08EE
000008AEC13D
000007E9019E
0000067A60DB
000006670402
00000766DFBC
000007DE4DAB
00000738BC0E
0000071E8B52
00000770FC48
000007A4784D
000007AFBE0C
00000683589F
000004992BD7
000004AE069C
0000036AC52E
000005DDC577
FFFFFE7F8966
00000326E0F6
0000025356FD
000005065F44
0000054595F0
0000053FA0BE
000005AAD63C
00000760DC5E
0000083B64DE
00000707994D
0000064EF0FB
0000060608C5
000004D483F8
000005331541
0000071CA794
0000092A00CD
00000A5D401C
000009022747
000007964170
0000074E289A
000006FBC5C7
00000704A6B7
00000741635E
0000071CF32C
000006B50DF0
0000067586CF
00000623162C
000005839891
000004E79934
0000061CCE92
000004976F39
000005DA26F6
FFFFFE93B6B7
000003B68357
0000032C45F6
000005767892
0000053B6191
000005AA5B94
0000062A89CD
0000067146DF
0000063C475C
0000063DFA72
000007622A28
0000075C76C7
000005DE7267
000005CA1CF1
000007037C57
0000089860FF
0000096487D7
0000087E9B3F
000007EBEA9D
00000747427E
00000604746D
000005DFFAB7
000006EEA7E6
0000077F22D5
00000733BEA3
0000066AC7AF
000005759411
000004DE7462
000004AAF07C
000005105BE4
000003894791
000005145C62
FFFFFF09281F
00000447BE0A
00000392B204
00000590A53C
000005148B36
0000058BA24E
0000059BB5DC
000004C1909B
00000476E68C
00000603786C
000007DD5E07
000008AEBE65
0000094E320E
000008846F14
000006B35D10
000006576AEB
0000068C9ADF
000006898E51
00000741981B
00000724217D
0000067A644E
00000680DD79
0000075EC601
0000087C683D
000008966AB4
000007A00905
00000657CF0B
00000561E0FF
000004326B5B
000003A14B37
000002925241
00000505BC59
FFFFFF1DF324
000004419ABE
000003498CC5
0000057A19E5
0000054A8097
000005780DCA
000005284947
000005238EAC
0000058F6DEB
000005EA4B0F
000006150FBD
000007876A40
00000A00E26D
00000A0A8005
000008126BE3
000006723E33
000005874A31
00000634A183
0000076AA363
0000074C1571
0000074854DA
000007F2C735
00000845833E
000008870FA2
0000089CDF2E
0000085E3C77
0000079041F9
000006951DF5
000004E8731B
0000043638F2
0000033257C2
00000578E918
FFFFFED0A3A8
000003FCFDF4
00000314A674
0000051FAB2A
000004E6656B
000005A6A430
0000060A7055
000006C09E6A
0000072AA435
000005C3492C
0000044EA3B4
000005623935
0000076CB8BB
000008ED9F8C
000009CF6D50
00000878E23A
000006ACBDEF
00000754A713
000007CBFAEF
000006ABD64E
000006BE1099
000007AFB483
000007439F28
000006F58A5A
000007B54BBC
00000886EE87
0000081F517C
000006FED082
0000059A890E
000004CF4666
000003144FF3
000004F0B961
FFFFFEE39097
000003E747FA
000002D3FEB4
000004F2C404
0000048F18D2
0000055640A3
0000062B01AA
00000733C2A9
000007A747ED
00000669F223
0000052481BA
000005003CAB
000004EA8F09
0000061F55E2
000008989866
000009167C99
00000830BC80
0000080CD609
0000071902C4
000005CDC42B
000005F2722A
000005F0ECB2
0000058375B8
000006737E14
00000816B88B
000008E654EC
0000084394D3
0000071D1FA6
000005B691AE
0000042C6586
000001E014DD
000003E0E190
FFFFFEF33C0A
000003BAF0A6
000002A20BED
00000523973E
000004BEB6B5
000004CCA4BF
00000547392E
000006D6C570
0000078E39D1
00000734D3D0
0000070182CA
000005CE1060
000003DA987E
00000431415F
000006B2D05B
00000843E1B7
0000087F86BC
000007E47A13
00000679EC92
000005B4CDBF
0000057AC1B1
000004DC39AE
000005BB51AB
000007FEBE21
00000900E624
000008A88E30
00000824699E
000007928843
000005CE1C89
000003B9A92D
0000017A9007
000003A698B2
FFFFFEA52239
000003B474CD
000002E51B27
000005510055
000004CA071B
000004A7A9FF
00000500B6E7
000006472DBD
000006D754DD
0000071913BE
000007B43A21
000006A2E04D
000004BB33A4
000004D528A6
000005BC277F
000005B51FE1
00000632D211
000007288861
0000072E8057
000006587ED8
0000057D8BD3
00000550EA60
000006B720C9
000007DDA0A0
0000077E268F
0000070A1BFB
000006FB413D
00000739CED5
00000642D00B
000004AD1377
0000029FA600
000004A689E8
FFFFFE8A0200
000003E6473C
00000341A237
000005881571
000004C54742
000004A4A322
00000505FFB4
000005B12B38
000005D7504A
0000069529FA
000007C81555
0000076DE00C
0000066801FC
000005D2FE21
000004A38146
00000381365B
0000045AAB84
000006BD3FCE
00000812CB52
000007B6DAC1
000006FE8680
000006BA3745
000006BE0C6D
00000622E26C
000005BDB728
00000618F213
000005C98869
00000678CE1E
00000741D4E2
0000067A8E67
0000046A2402
000005E39956
FFFFFE960959
000003E8F6C7
0000032D9846
000005569EAE
0000047CAAA1
0000044E5D77
000004CCDE18
0000055771D7
00000580FACA
000006AAC3D1
000007939196
0000073A6E40
0000071BD007
000006C02607
000005331A65
00000424C9CC
000004FDA290
00000683DFE9
000007436230
000007CAFCF9
000008021CF6
000006FB79C3
000005D50E02
00000625FE69
0000072B9B81
000007834902
0000069D71D6
000006C20885
0000073A951B
000006D1343B
000004EF7E53
000005C0B684
FFFFFEA14F91
000003F8D831
000003338B96
00000521D68D
0000040BDB68
0000043BEEC6
000005139EE6
0000059C350C
000005D9BBBD
000006BBAF4B
000006D0DC7E
000006699545
00000747B60B
000007EC4A55
000006E507C9
000005AAC688
000005AE9BF4
000005CB5FB4
000005BDCDAB
000006C9C967
000007D0176B
000006BA08C7
000005C3B574
00000760895C
000008DAB221
000008E86207
000008A8BD5F
000007E9FB04
000005DF6FDB
000004EADAD5
00000334FC65
000004208571
FFFFFE905271
0000043179D0
0000037056D7
00000587294B
00000458FEB1
000004B67E1C
00000593E010
000005E8260F
000006358F1E
000006B736C8
0000062FBBD9
0000062A2265
00000758967A
000007ADC3CD
000006DC3419
00000640C4BA
0000060C4684
00000574D854
000005A20F2D
00000746C5AD
0000084361E1
0000076DEA99
000006F28D01
00000778DCE5
0000077F5A69
000007E958D7
000009163567
000008BA67C9
000005FF55F2
000003E77A32
0000018F6853
000002E20579
FFFFFE49D200
00000481D62F
000003F90096
0000066E5EC6
00000539B8EA
0000052418B2
0000056E06BD
00000573F38B
000006024825
000006987896
00000623ABAC
000006774BC8
000007713A1B
000006F09232
0000061490E9
0000069C83C6
00000718CD6B
0000067D9DD6
000006F3DE8A
000008BF2CC9
000008E36DAA
000007A9AF53
00000755FE3E
000006D28E9D
000005BD34BF
0000062EDAA6
00000791E164
000007DC62AD
00000687E9A7
000004A1CA3E
000002117F51
0000037C4CC4
FFFFFE279B7B
0000050B5CC6
000004B8FA36
000007454547
0000061BB9D0
00000591539B
000005152D30
000004EFD3A3
000005B5ABA4
000006388BB7
00000610245A
000006E3840D
0000079E174C
000006B6D47D
0000063130E2
000006E29FE8
00000763F08D
00000716D4CF
000007CD07DF
0000091D4E3E
000008C7D305
000007D076BE
000007C45572
00000782961D
0000069809CA
00000647AC9E
0000061041D2
000005D34A5D
0000057CF181
0000053D3BF3
0000037FB513
000004B8F30F
FFFFFEA7B49C
00000581BD07
00000493AB21
000006DFC5C4
0000062062CE
0000059572B7
0000048CF35E
00000476A527
00000590920B
000005E67DBB
000005F17894
0000071EC1DA
000007564266
0000067BA98E
000006A97013
000007524864
000007072874
0000068E25E6
000007681F3C
0000084795F7
00000825C4F6
0000084DB648
000008B4FB48
000008356A71
00000740FDD2
000006387964
000004BA83B4
0000044F57FA
000004E90E68
000005A81453
0000042D3D3E
00000501C6DA
FFFFFF453FBC
0000054BD44B
000003932EFF
000005F59AD7
0000055DB913
0000052F4625
0000044BE021
0000042CC995
000005324C81
000005BA1B9C
0000063789EA
00000727F7F8
00000703A532
000006A813F0
00000728E18D
0000079F1C84
0000076254E4
000006C9B4FE
0000070A4FEE
000007DD63B8
00000802774A
000008145727
000007ADDC8F
000006C9CBCF
0000064A18D7
000005795C88
000004634F08
0000049A3BF8
00000555858E
00000550FE35
0000038E9242
0000047E37B0
FFFFFDBF8B62
000002593BFC
FFFFFFE5DF69
000002DED69D
000002A442A4
000002E752C4
000002C14167
000002B4D53A
000002DDBD5A
00000353B02A
0000044CC512
000005070A4F
000004DD43F5
00000502172F
000005652E00
000005319504
0000052AC62B
000005261720
00000516C726
000005658D4D
000005A233A5
000004D3059B
000003008906
000002759526
0000032F06E9
000003BB6412
000004232299
0000044E2A75
000002AF9AC7
0000028633FF
000001C50228
0000026AA703
00000030D78C
000004EE03F3
000003E6353B
000007ED5A48
000007C4E1B8
0000084A6E05
000008982EFF
0000089B032F
0000083246CF
000007DB9A3B
0000086F3AB3
0000092A47A6
00000935183A
000009268C97
000008FA86F7
00000881B3CF
0000085DA80C
0000082C6E5E
000007E1086D
00000816C178
00000886568E
000007E80F7E
0000065C2470
000005FC57CA
000006DCE54B
00000858DC8D
000009D1A91B
000009B08BF6
00000668CB36
0000052A1EA9
000003A877EB
000004DB05E0
FFFFFE83903D
000002D41B09
0000021E30DA
000005B257FA
000005D938DB
000006066E2A
000006898413
0000068029EF
000005E00E99
0000056901F4
000005E3BB2B
000006C31CFD
0000071F61DD
000006D1406E
0000064B613A
0000061852F7
00000637C7B0
000005A1931C
000004F91C00
0000050EAC4A
00000542493F
00000574193A
000005978C4C
0000055B2B15
000005503935
000005EEF4AD
000006706F12
00000624E921
000005C1FF2F
0000047B5070
0000033274B2
000004FDE251
FFFFFF8FDC8F
0000034BF88F
000002A68EDE
00000553A380
000004948B7E
000004624302
0000046FD76A
00000424E983
0000035F59BF
000002E40D07
0000031E3E02
0000038B32D3
000003DE2AAC
000003FC3180
000003EA99BD
000003B3A285
0000037368A4
0000031760A5
000002D8B5AE
000002DEE0BE
000002DA3EC9
000003468B32
0000042CC7E7
000004C7A9CB
000004E29C90
0000046D9106
000003A348C0
00000334FA6B
000002565573
000002755347
00000263BA0F
000002B87350
000006C82547
000003EC0092
00000260E19A
0000016C92E9
FFFFFFB63DD9
0000000D3B66
000000B36D17
000001076E37
0000014C3DA2
000001655ECC
000001E875DC
000002617F85
0000027A65E7
0000019FEB61
000000F3C0D9
000000AE9F24
FFFFFFE2A8DF
FFFFFEFDD681
FFFFFF3D9E03
000000F3D157
000002A56DC0
00000250CFFD
0000004B0C45
FFFFFE84B0A7
FFFFFF2B5572
0000024095F1
00000409A1C9
00000181FB9B
FFFFFEA65DC3
FFFFFFBE30FB
FFFFFE0CA779
FFFFFE266EAE
00000614BF4B
000002C804E9
000001A6A761
000001689B8C
00000003B602
000000415B02
000000FE2518
0000018B4F44
000001FB2E78
0000022A47DF
0000027A976A
00000271A615
00000211CDE7
00000183CE16
0000016E9867
0000012A6522
000000623F9E
00000034F847
000000B2AAA1
0000016D614A
000002521646
000001F76BAF
00000057519D
FFFFFFBB5C3A
0000014D58DA
000002D4F9AA
0000029A3153
00000097AB5B
00000037A3A8
0000013E6C61
FFFFFD7E3FC8
FFFFFE055CC8
000007D962F1
000002CD0536
000000C54735
FFFFFF87FC64
FFFFFF53258B
0000000522F8
000001B2CFE1
000002D88B99
0000034C08ED
0000034DCE19
000002D35ED3
0000022E9CCB
00000179A42B
000000EC3239
000000B6B814
000000620E0F
000000391413
000000838F7E
000000C9AC5C
0000014A5E34
00000249C8FB
000002713FCA
000000E86CB5
FFFFFFE903D6
000000CA07A7
000001D1D29B
000002061254
0000012BCFE8
00000010A6E3
FFFFFFC76B90
FFFFFAA6B593
FFFFFCF60590
0000086F6D2F
0000024DA8CE
0000011C9EF1
000000BABD9A
0000009A808F
000001F951FD
00000333D31A
000003016F54
00000244DC74
000001AE188B
00000121F3A6
0000011769B4
00000153F04A
0000016F6E03
0000018E5A2D
0000017ACCF6
0000012E1EC6
00000063B5F2
FFFFFFC4EADE
000000AFDD54
0000029AD44A
0000031BA726
0000015DFF6F
FFFFFECDACD4
FFFFFE50CBFF
0000007FABA6
000002EE5260
0000039C2024
000001E5792E
000000337997
FFFFF921B98B
FFFFFBF4A33A
000008BDCB0C
0000010955AD
000001132160
0000018DFD32
00000277F983
000003A9773A
0000041D1BB3
0000033F3E8B
000001B6847D
0000009CBC25
000000228085
00000056E363
000001399D3B
000001E36F0B
000002062655
000001325E8C
000000881E74
00000004D17D
FFFFFFB6D3D6
000000D0EB1D
000002509044
0000023B9BB2
000000D3DE7C
FFFFFEA8A125
FFFFFD78D5F2
FFFFFF30D9DC
00000281A1A1
00000444CC09
000002B74E25
0000005756F4
FFFFF74A8DD5
FFFFF9D5A75F
000008B0CE72
0000006DFDE0
000000F6669F
000002A716D4
0000039EAE08
00000323CFB5
0000029F568A
000002B714B3
0000025A84BE
000001799D8E
000000BB31FF
00000094B095
0000017CFF14
0000024B56B6
000001C0038D
00000031D61A
FFFFFF3C867F
FFFFFFD90D40
000000A833F8
000001444C54
000001CA4F8D
0000018AD51E
000000E18DFE
FFFFFF76E9B3
FFFFFDB12972
FFFFFE7F4A57
00000236D1ED
0000044A17A8
000002FC29FE
000002C59324
FFFFF8DCDFA3
FFFFF8A8ED5E
0000089DFCDB
0000007E9DEA
000001717F18
0000032B8BB3
00000389B9C4
0000028454EA
00000186BD76
000001FAE8B5
00000266426A
000002090E18
0000014FE427
000001070B31
000001D1EC70
000002981408
0000018A4523
FFFFFF212602
FFFFFDF9C28B
FFFFFFC05AB3
0000018CCF07
000001487514
000001192CAF
000001604DF6
000000D43200
FFFFFF68557B
FFFFFE0D8C0E
FFFFFEA14C07
000001D608B3
0000044DF151
0000047892DF
000004639318
FFFFF8E5DF9F
FFFFF79F7826
00000888812A
000000E5689D
00000203314D
000002968885
0000023771A4
0000024200B1
000002101684
000002018CE2
00000245008E
0000020713BC
0000015DA2E5
000001676CB1
000002423558
000002817131
000000789778
FFFFFDCB86A3
FFFFFDD0FBAC
000000A7F3DF
0000023D6DCF
000000D1BBF3
0000001E5FD4
0000019446F3
000001AF0A3B
FFFFFF826690
FFFFFE10DD91
FFFFFF16D160
0000021D2CBD
000004B97EC9
000005191BB7
0000034FE6B2
FFFFF6CC2D71
FFFFF78AAB29
000008D79CA9
000001035FE6
000001E6CBF7
0000024374FB
000001AE8B40
000001A35631
000001F5CF84
000002870092
00000324205B
000002A549B6
000001C1E91A
000001A60341
000001C5E37F
000001392EDD
FFFFFE8D1A3D
FFFFFD085F0F
FFFFFEC0A774
0000017D7E5A
00000282C998
00000154B1F7
000000735E1C
00000171135A
00000155BADB
FFFFFF875F54
FFFFFEB277EE
000000033236
0000029DA762
000004683AEC
000003257C21
000002B29010
FFFFF74CC1CE
FFFFF823BFB4
00000915A342
000000ADA23D
0000016F73FC
000002ABB22F
00000250426E
0000017403CB
000001FEE15C
000003A0EB38
0000041EFCE9
000002BC1A4C
0000015A34EC
000000AC9E35
0000002B901F
FFFFFFD34278
FFFFFE561CBF
FFFFFEBC52CF
00000113472A
000002084AF1
000001C66023
000001EAE323
0000021A9853
000000FFEDD6
FFFFFF102947
FFFFFE7DF371
FFFFFF67373E
000000984F51
000001F14A02
000002EB7587
000001846078
0000048B6A76
FFFFFA6808F3
FFFFF7C7E664
000009022563
000000BE2447
000001910CEC
00000270FF46
000001E972AA
000001C0FCAC
00000309EAB2
0000045C2FDF
0000040E11F0
000002BF5F55
0000015896FB
FFFFFFC13E36
FFFFFF043878
FFFFFF64010A
FFFFFF0D2B32
FFFFFFBBD9DB
0000021FB64F
00000316A0F5
0000021308AE
00000180D800
0000022D8764
00000149E8C9
FFFFFEC5E04F
FFFFFDDDCB23
FFFFFEBC7520
FFFFFFF5933A
000001736D3A
00000253F33F
000001BA4BFA
0000052E5C50
FFFFFB581432
FFFFF71EFB78
00000922EF22
00000188D88B
0000025B208B
000001DD6FBD
000000DB6F27
000002004BEA
00000358D04B
00000323066A
000002CDBB81
000003619A83
000002F9D71D
000000A0271E
FFFFFEF70128
FFFFFF720F25
FFFFFF96A6EF
FFFFFF3A0FD3
000000640E49
000003437332
0000036A229E
000000B3ED4E
0000007243D3
000001CC9B0A
000000D213D3
FFFFFE5CE4AF
FFFFFDB09F10
FFFFFF7373AC
0000019BBDA9
000002743C0E
000002A4C1C2
00000447AFDA
FFFFF98ACC7F
FFFFF6EBCC47
0000099EF06B
000001F3C8C2
000002780859
00000228AD98
000001681FDA
000001E1EA7F
000001FE26D0
000001EBD335
00000252E236
0000030F5C31
00000332A534
000001F88658
0000003E08DA
FFFFFFC621B5
FFFFFFC974B3
FFFFFF50112E
FFFFFFB8F0DC
00000281BBD5
000002ECECF0
00000021652A
000000086F33
0000020F97EE
000001B39BC2
FFFFFEF1E293
FFFFFD977A84
FFFFFF5C178D
000001067A88
000001C57B7D
000002937E3C
0000044973E0
FFFFF8FDFF42
FFFFF7169C60
00000A1950B9
000001A52509
000001CE1BDA
000002D4BC12
000002CF639D
00000140758C
0000001CD6B9
000002183A66
000003659A52
000001D7B196
000001636F33
000003078DE3
000002EBF592
00000058AD82
FFFFFE4C1C48
FFFFFECBDE8A
0000006A3FCD
000002108DC1
000001FE3E36
0000014CEC37
000001E33805
0000020DE832
000000B71F01
FFFFFE9D8AEA
FFFFFD7DA2B9
FFFFFEB2F31B
00000016EC94
0000013D6DC2
000001DEA001
0000047BD913
FFFFFA69BE42
FFFFF7698C5F
00000A447986
00000148D0B3
0000018ADE26
000002FAA3E7
000002FBA8E4
0000014CE53E
0000005AE04A
000002152C64
000002BBFDBE
00000137143E
00000115234A
000002EFB795
000003D4F98F
00000151C71A
FFFFFE12A0F5
FFFFFE158944
FFFFFFF54690
0000017000B4
0000024AE098
000002FD64DC
000002E4C208
0000015EDD0D
000000036729
FFFFFEC9C487
FFFFFDDC614C
FFFFFE18FCC3
FFFFFF8163F2
0000013F7B1B
0000018322D6
000003B314D9
FFFFFADC3CD1
FFFFF7BBBA63
000009F91000
000000E7E038
000001A6E9BE
000002BA84AE
0000027F6869
000002669C41
0000027257DB
0000014EA5F9
FFFFFFF618A4
000001202DC6
00000260B53E
000001963B08
0000019B1423
000002361E68
0000015B206D
FFFFFFCD2CA6
FFFFFF2601FE
FFFFFFFA47AA
000001641088
0000022DDE33
000001DB4CF4
000000E50110
000000DE2589
000000D5CA9B
000000291AC7
FFFFFEEC09D0
FFFFFEE72DC2
000000678393
0000008F0D19
000002149C8F
FFFFFA0F6BE0
FFFFF85069EF
000009A4D299
0000008084DC
00000154BE6E
000002814B86
000002E3C5BD
0000033ECD5E
000002C77A2F
000000944FA8
FFFFFFACD43E
000001CF31F5
00000201CD5B
FFFFFFD0AC30
00000013AC12
000002BBE779
000003D2A2F4
0000017D829D
FFFFFEEACE10
FFFFFEDE3532
FFFFFFBDACD7
0000006833A7
00000137ED1F
000001D3A58D
0000024D4585
0000022358D2
0000019E9A25
0000000FA9CA
FFFFFE85991E
FFFFFEE4757A
FFFFFF13D5DB
00000191CA8F
FFFFFA3FB22A
FFFFF907D913
00000949F4CC
00000031E29E
0000013297E5
0000029AF8C6
000003ADCBC5
00000383A8B6
000001FE8F58
00000079B190
000000F03E52
000002155A10
000000DA45A3
FFFFFF3FB55B
FFFFFFB69CBA
000001E921B8
00000391AAEC
000001B499B3
FFFFFF21459A
FFFFFF1E9FB0
FFFFFFB569EE
00000046B457
0000017CBFE0
00000322642F
00000384DD09
0000018D2F7A
FFFFFFFA9B3C
FFFFFF817871
FFFFFE8BBAEC
FFFFFE335519
FFFFFE95453C
000002C2C85A
FFFFFBF4E85B
FFFFF9C09D53
0000094F1688
FFFFFFFC3886
00000107DC4B
000002AC5338
000004345BCA
000003F9DCC8
000001EF021E
0000004C05FF
0000009B8C99
000001AD1253
0000017F55E6
0000003C50D4
FFFFFEBD304C
FFFFFFB75A51
0000029EAC2B
000002E98D55
000000D0ADF5
FFFFFF10CB13
FFFFFECE6C21
0000009D3C54
000002757370
00000362ED70
00000392C133
000001B7A3B5
FFFFFFA26D73
FFFFFE9E3DCB
FFFFFDD5A254
FFFFFDB8914A
FFFFFEBE7453
000003C5E31D
FFFFFCF9B64B
FFFFFA26340E
000009C5FEAB
FFFFFFF739B5
0000006AEF37
0000025A7D49
0000047C1813
0000044BBE08
000001D80537
0000000F7A20
00000094F599
000001F7E330
000002179D76
000000903F37
FFFFFE64C3AE
FFFFFE7EABA3
0000018257F0
000004497BB4
000003569386
FFFFFE6DAAA4
FFFFFC3FC1CD
000000601956
000003C729AE
000002DDD7DE
000002621C24
000002E858F0
000002296827
FFFFFF34DAAD
FFFFFCBD9BC4
FFFFFCCFAA57
FFFFFF03CF02
00000418D902
FFFFFC7DA079
FFFFF97EA0BE
000009CC64E2
00000040A938
0000007395AC
000001FADD8B
000003B4F053
000003FF6FE6
0000029EDF53
000000F0D89A
0000009464A5
00000143A190
0000017B9EF1
000000E134FA
FFFFFF648D45
FFFFFE934200
000000816971
00000434C324
00000413229C
FFFFFE9C9EF9
FFFFFC46140A
000000472629
0000037573A3
000002CCB3BE
0000026601DA
000002F403A2
000002A7C32F
0000001E30A3
FFFFFD3A1190
FFFFFC77A7F2
FFFFFEC92C23
00000422C68A
FFFFFC160941
FFFFF8F44AD8
00000945DEB7
000000A26DB0
00000135A2D3
000001A1FAFE
0000026DBBA1
000003EB026B
00000433AB2C
000001DF0AAF
FFFFFFD196C1
FFFFFFCB1F0C
000000F277C8
000001CC3246
000000ACB01A
FFFFFEEB1D2F
0000000DD656
0000032F896A
000002F63CBF
FFFFFFECA86F
FFFFFF26569B
0000008BDFE5
000001C9AD52
0000032DEBDA
000003510C2C
000001461E6C
0000007537AE
000000D5DE39
FFFFFF0B380D
FFFFFC8383CC
FFFFFD5E7F87
000003350675
FFFFFC4AA39B
FFFFF95710E2
0000095A6767
000000FE0432
000001C46D68
0000017A50D2
00000185FD50
0000035F9C63
00000495E933
000002B3728F
000000454118
FFFFFF669536
0000001864C9
000001AD72C6
00000195F3A6
FFFFFF9BA574
FFFFFF903006
000002086825
00000296A732
0000015B9383
000000C50E11
0000008A5903
0000019D1170
00000374A8F7
000002C9E317
000000019DA5
FFFFFFE8D600
000001098FC9
FFFFFF40DBF2
FFFFFC6C54D8
FFFFFC6AD5C4
000002403A0D
FFFFFC67C0F5
FFFFF9C43FCA
00000A77752D
000001ACB48F
0000022C6828
0000018F5AF6
0000007F3041
000001D2E282
000003C5030A
0000037668E5
000001655B32
FFFFFF83469C
FFFFFFCCEA36
000001606033
0000014C03E6
FFFFFFED0B0E
FFFFFFDEA746
000001A3A72D
000002A9B45D
00000230A703
000001266D9C
0000005D4501
000001999346
0000032436CD
0000024DCCFB
000000C5F14C
000000A763A4
FFFFFF4CB878
FFFFFCED5521
FFFFFC5CA14E
FFFFFDD09CF3
00000326FF69
FFFFFD10FB10
FFFFF9EA91C9
00000BE32E97
000001DB1222
00000216426F
000001AA4714
FFFFFFC72ABD
00000074217F
0000027A786B
000003714137
0000026AE641
0000006534AF
FFFFFFFAAEFD
000000FF9F2C
000000F87212
00000080A359
000000539446
000001203E09
0000025B6165
000002C0561E
000001EDCDB3
0000007DB707
000000AE17B4
0000025BC080
000002E77300
000001A8F3F6
FFFFFF5EDFA9
FFFFFCEA4ADD
FFFFFBFF3713
FFFFFD544736
FFFFFFC94291
000003E89282
FFFFFD1AD92D
FFFFFA13936E
00000CF153E9
0000011BCA94
0000008BE7F6
0000012211C6
FFFFFFF476D7
FFFFFFFFD24C
0000014B8177
000003422113
000003DFDD54
000001C1412D
000000029218
00000049BD66
000000EA08E3
000001390890
0000006A601F
0000006BDB45
0000021EFE7F
00000320568A
0000025C2F0C
000000CCDCA3
00000090AA1E
000001E7046A
0000026B0E2B
00000026E136
FFFFFCF39AB2
FFFFFC792B97
FFFFFE178633
FFFFFF8531B8
000001393977
00000388415D
FFFFFB79393A
FFFFF9AD8CB7
00000D18CDF8
0000008F387A
FFFFFF25AA17
000000449358
0000003A610D
FFFFFFFF8585
000000921DAD
000002B94906
0000047741C5
000002FDCC88
000000973EB6
FFFFFFE6D0AA
000000626B94
0000012AB1DA
000000F706A7
00000082ECFB
0000018A3A5F
00000317DA69
0000033DBB06
00000141DF1A
00000033F2D5
000000D9A754
000000C7AAFE
FFFFFE8CA3E3
FFFFFC59391A
FFFFFD5A76D7
FFFFFFA67751
000000C9758A
000001EC5CC8
000003F357DE
FFFFFAE17E8D
FFFFF93BE4F3
00000BDB1B4B
0000000BD766
FFFFFF77316E
000000592B62
0000009E6268
00000058B142
00000029482C
000001C254D7
000003F5E043
0000039C8CD2
000001812FEE
FFFFFFEE90D8
000000109379
00000119F182
000000EB90C3
FFFFFFF19475
000000D3D052
000003760CBC
0000040FEC0C
000000FC1188
FFFFFF0DC5B3
FFFFFFA9E701
FFFFFFAD84C5
FFFFFE8D805C
FFFFFE133E95
FFFFFF06AB6A
00000039ECF5
000000866C6E
000000E213F1
0000040242B3
FFFFFC167910
FFFFF9B2CFE7
00000ADAA992
FFFFFF686382
FFFFFFA4E6FC
000000E0980B
0000017C68B4
0000014F48A8
000000A8B927
000001790C53
00000322F4DB
000003CBC278
000002822BC7
0000004C9C7F
00000006BE6B
000001487880
000000E147B5
FFFFFFA53070
000000B8DBAB
0000038AFD2A
000003CD117A
0000009F99BE
FFFFFEFC67B7
FFFFFF7C460F
FFFFFECE8CD7
FFFFFEB39237
0000005E3A42
00000130220D
00000148E3F0
000000F734B4
FFFFFFAF151B
000003157FA5
FFFFFDC41EF6
FFFFFBAB1C82
00000B4A075B
FFFFFF8F2253
00000051ABA5
000000FD0281
000001BBAAD3
0000015E5EBF
0000006BB5C0
0000007DA7A5
00000182750E
0000033491E5
000002EA8505
FFFFFFF1E6F1
FFFFFECE3C5C
0000009FFD84
000000C93DBE
FFFFFF889AB8
000000968B35
000002EB7ED8
0000028055EE
000000084C71
FFFFFF639316
FFFFFFBFC882
FFFFFEF2BE76
FFFFFF803A99
000001640A07
000001397645
0000006A742C
000000D37500
000000E2AE0D
0000036DD3DE
FFFFFCD343BA
FFFFF9E72653
00000AB4ADA8
000000A7477A
0000004FFA19
000000FD8426
0000014CE470
000000C02598
00000044E25E
000000280E7E
000000B5A8E4
0000025134EC
0000027B80CF
00000011A25B
FFFFFF17C085
0000004F5A02
000000573A3E
FFFFFF9C010A
000000D93142
00000274D3C8
000001BA6220
FFFFFFE1D871
FFFFFF6C69AF
FFFFFFFFCD14
0000008D7A0B
00000123A85C
0000018E3C90
000000E97671
FFFFFFC82B66
0000002609D4
0000012298C1
00000347319F
FFFFFD07740A
FFFFF9D5F19D
000006FE47B9
000000842400
0000016A0B0A
0000010B8A63
000001119206
000000BE519F
000000907FF3
000000680CF9
000000A2DD3E
0000016D3E04
0000018A7E99
00000098E7EF
000000431BA4
00000023AF32
FFFFFFA71776
00000013BAB1
00000185973C
000001B8EAFE
000000728D20
FFFFFFBEC6C5
0000000A196A
00000063E915
00000107EE5B
0000010047AE
000000B8B2D3
000001204282
000000CC18AE
000000087F17
0000011D9C6C
000002986516
FFFFFD7DA605
FFFFFB767056
000001BF6710
00000313FAE9
000005807477
000006A169B3
0000058343E6
000004D2BDA2
0000040A3E97
00000399F17D
00000377A0D6
0000034504AF
00000379BF31
000004142BDF
000004FDC243
000005ACC600
0000060D5C2D
0000064CE598
000006451583
000005B2F574
0000049E80C1
000003AD8EA6
000003DB2524
000005149098
000005AE9A60
000004B8035D
0000039A00E3
00000353FCB2
000004810461
000005D039B8
00000469B88E
00000550D3D6
0000037346C8
000003291454
FFFFFF6BC7D6
0000000311EF
000001C74E4D
000003BB05F7
000002BFD0A9
00000240C211
000001A69920
000000E7846D
000000871881
000000ACB05B
000000C8799D
00000103FAB6
0000017ED135
000001F1D5E5
00000226432C
0000023863A0
000002BDDEFE
00000340CF73
000002D63DCA
000001F02B73
000001AC7DF5
000001E43B53
00000274740C
000002BD9BA4
00000235679E
000001746A42
00000247E5E8
00000387F098
00000239CF9E
000003585707
0000027E26FC
0000037A7DE6
000001582BBD
000001C96960
000002A5EB5D
00000376850D
000002F3D97F
000002ABB662
000002C33554
000002E0DB8F
0000031459B9
0000040A3712
000004709268
0000040A2F4D
000003880739
0000034E16B3
000002C9B23A
0000020DD4C5
0000029AA309
000004113C5C
000004C0A9BB
000004487049
0000037C0861
000002A5D8C4
000002D2B3ED
000004993AD0
0000056AA65C
000003AE8CCE
000002C5D8FD
000003B5E105
0000029EEEB5
00000337C118
0000022E61E6
000003ADFF10
0000006B25D5
00000144ABB9
00000246B35F
0000028CE6AF
0000026565C6
00000293F015
000003647269
00000459C90A
00000487F80A
000004D1F685
000004A7066A
000003A34D11
000002A25B89
000002A78B71
000002CBA9F4
0000026C5263
000002860FB2
000003574A76
0000040078EA
000003EFC93F
000003AA2E36
000002D24789
00000220B0F8
000003E51A2B
0000055A84FE
00000307ACFA
000000BD6396
000001E84E04
000002DE75F0
000004F8546A
0000031C7162
000003AC3134
FFFFFFE4F322
00000122EA8E
0000016F3148
000000E568C6
000001401D46
000001EBBC39
000003A6F9CB
00000569C908
000005981D5B
00000526EDD4
00000484E0BB
00000380489A
00000271147A
000002A94C8A
0000033DC07A
00000389E888
000003AF15DE
0000035D2634
000002DDA2F5
000002F4C9D5
000003B3AB30
000003FB51CE
000003572F5C
000003CD5AF7
000004843DD1
000002F9BBB7
000000F706F0
000001748961
000001871620
0000051DAFA0
0000040CB5F5
000003AA6C19
FFFFFFAD259E
000000F99EAF
000001185A39
0000007E7DB2
0000008A96BA
000000E918A0
000001CB0569
000002991EFC
000002C614C5
0000030635EA
0000036F345B
0000033F34FB
0000028637B4
0000028F0AC7
000002F1B28E
00000355F246
00000336BD8F
0000025D9315
0000014E948B
00000118F3E5
00000234C7A9
000002ED82FC
000002718E3F
0000024A1BDF
00000332B504
000003C508A0
000002776D3D
000000BAFF15
FFFFFEFA4365
000003F406F5
000004736DDE
0000049FEF65
FFFFFF6ED55D
0000012E5D14
000001D8BFF4
000001A6F4A8
00000211966F
000001FAEDD7
0000015C6F58
000000B185A5
0000005C3414
000000DF8199
000001D4EF2A
0000026A837F
0000028D75DF
000002BD89D2
000003464385
000003B53604
0000032A8430
00000254CF76
00000194F755
000000FB1048
0000013D632E
000001F00BE8
0000014342FC
000000562C2A
00000148B8DD
0000038EAD5B
000003C1C9EB
0000010068A8
FFFFFDFE5A64
000002D34C09
0000048554A9
000004E6C5DF
FFFFFEFE5DFB
0000010C9901
0000020AD4D7
000001A3AB55
0000022F577B
0000025D3412
000001B2A849
00000142B349
00000101AF57
00000090485B
000000A3B3AD
00000186BA07
0000023BA904
000002B0EC2E
0000032D5942
000003902CFE
000002EE4769
00000235EC91
0000022C8ED7
000001F9D4F5
000001C48F98
000002359048
000001E371C2
0000006D7A26
00000030BC60
000001FEF780
000003CA0109
0000031D3BE4
0000006DD32F
000002A21266
000002F93EBF
000002E6617A
FFFFFEE252F1
000000F39C76
000002053AAF
000000F95A36
000000E8BC14
000001355A24
00000152A1BE
000001BFF23C
000002493C20
000001EF36CB
0000019AAC90
000002601A34
000002F01E16
000002B54243
00000228AC23
000001EFD883
000001C64EAD
000001641172
00000236FD2F
000002E961C9
000002BB4B07
0000031DA280
0000034999D4
000002342727
0000008CE5AB
0000003ED1BC
0000026475E8
0000046931AD
0000032D0C15
000003B06391
000001AA8D05
0000013375B5
FFFFFF22FA82
000000CA50B4
00000207C944
0000011C7C29
000000D6C625
000000EEF5D1
0000011FDD26
0000016BBDF0
0000028CA099
000003C6BB70
000003FC8B15
000003D8163C
000003999AD7
000002B3859B
00000166372B
000001427509
000001D559AD
00000207A797
000003108860
000003F59C8B
000003D5364A
0000043FEA99
000004CB66AA
0000043C90B6
00000213CE66
00000006A200
00000076E18D
00000253F960
000002717927
00000490BCF4
000002EDE0DF
00000222F05D
FFFFFF9D13D2
000000B7A54C
000001BDFE67
0000016CC0E1
00000169DADA
0000013AEC46
000000F07B75
000000A0E608
000001B4A83E
000003BA4CD4
000004DDCC38
0000046FAC6B
000003D5D6A6
000003467766
000001DE3B61
000001593AA7
000002137068
00000233B27B
000002B56746
00000388B890
0000042FBE71
0000045DD133
00000494DF1C
00000510FBF0
000004141EA8
000001A56558
FFFFFFD38F9E
FFFFFFA671FA
FFFFFFBD2866
0000032FF9B4
0000044B0379
0000039D961D
FFFFFFE1B4FB
00000130F2A9
00000234241F
000001FEBB98
0000020BB447
000001FD807E
0000019A3306
000000B5AFC7
00000052AF71
000000E512C3
0000028C3A76
000003F5FC57
000004EF647A
000005340333
000003E4CC9A
0000026E7E83
000001D26DEB
00000172C0AB
00000159B7E5
000001EF2522
000002E01283
000002893E13
00000262780A
0000040D42FC
000004ED98EC
0000034E8708
000001000A19
FFFFFFE90675
FFFFFF4B6A3D
000000FF4CF8
000002E8026C
000002AAD6FB
FFFFFF8316DA
00000125771B
00000280EC52
0000028DEB3B
000002A75B3F
000002EE0D82
00000318DE78
0000024D19E6
000000547257
FFFFFEC1C427
FFFFFF7303D5
0000018621B2
0000040299DF
000005BD7A3B
0000061E6D00
0000050A4008
0000032456C9
0000020F9FEF
000001A3E0C7
00000178AD82
000001978D0C
000001435311
000001A142E6
0000034A0580
0000045DF790
000003C4369F
0000028FBAD7
000001D7B6BB
000000EFD9CB
00000097662D
000000F528F2
000000B7A4F7
FFFFFF534C19
000000AC19BB
000001E4A926
0000024B0E82
00000273200A
0000025B2963
000002E44BCF
00000384975C
00000272B90E
0000007EA0ED
FFFFFF2072CE
FFFFFEDE00C2
000000A4D116
00000376D17A
000005FA6DA1
0000062CA66B
0000041867F9
0000029260B7
0000020F73F5
000002580269
00000294C922
00000283F110
00000309820E
0000037FEBE1
0000039108B6
0000030AB117
00000295F777
0000028C663C
0000021847F1
0000020C277A
0000015702F0
000000610A59
FFFFFFA465C5
000000CA880F
0000016B8040
000001AE70BE
000001EBFFD0
00000154E47F
00000166FACC
000002FAD2F7
0000042EA05A
000003B80E40
0000010B71D7
FFFFFEB8632D
FFFFFF2A5FD5
000000B72789
000002B7F12D
0000041A989D
0000040AF4A5
000002E95E32
000001C3F50F
0000029541AA
000003B0852A
000003AD6996
0000039EB856
00000344D1A1
000002EC84AE
00000287F385
0000026E8793
000002AEB76E
0000023C28C8
000003A685A9
000002D7A753
000000DBCEB8
FFFFFF9E0000
0000014E00EA
000001A9859C
000000F4932B
000001771853
000001B16389
0000017197B1
000001736E8B
000002F6341D
000004BB0877
0000035F4433
000000F6411A
FFFFFFCA1370
FFFFFEDB59A0
FFFFFF6B4D61
000001BB0084
0000044C91F2
00000470311F
0000028E9E4A
000001E42A8B
0000021024DB
0000021F6088
00000266D901
000002615E42
000002AF1483
000003A75B43
0000043090A3
000003C44EC4
0000024325E6
0000040D05F9
0000031C3814
000000C44D55
FFFFFF2078FF
000001834D66
000002323978
00000065F9DE
000000A49BEA
00000242B776
000002C98D93
00000103B48C
000000BB78E8
0000035D1112
000004B2CE8C
000003A9A873
000001499EF6
FFFFFEF980A6
FFFFFE741641
0000000DF73F
0000032B7D34
000004C96B74
0000040FBC63
0000023A1C8E
00000079A56B
000000511D4E
0000012220CE
000001931655
000002863E57
0000046788F1
0000052B7DC4
000004240D86
000001FE31C2
000003C8D1BC
00000270F7ED
000000C378F7
FFFFFE9D8613
000001241595
0000025BA2E9
00000068BF9C
0000001A04B7
000001D7762B
0000039E8DE0
0000025F4268
000000759458
0000010A2464
00000368CF66
000004DA0690
00000385FA0E
0000014FF8F8
FFFFFFA221D4
FFFFFEE8B7E4
00000035F1A2
00000247C93B
000003DB832D
0000037FC7B1
0000016684F3
000000D4FD0A
00000193AF97
000001E07661
00000232401B
000002EE97B4
00000330E137
000002A39173
0000010307DA
0000032EFF2F
0000026A06F8
000001A0382F
FFFFFE87D807
000000B5A7CB
000001F81482
000000C3F7C7
000000906AC8
0000010FA789
000002AB7A62
000003A500F5
00000252B212
00000000E8FF
0000009EE740
000003DA8780
0000052FCE4B
000003FCEC08
000001DC22CA
000000135C93
FFFFFF3339E8
FFFFFFE922FD
0000024DF39F
0000037B1392
00000250B3EE
000001CF024C
000002A393E6
000002EE8AD7
00000285E370
000002184F96
000001FDC26B
000001DF4CD0
000000861368
0000025B2CFE
0000026B7688
00000264AD77
FFFFFF09BA5B
000000CF16F5
000001D4AE92
000001184E38
00000124E586
0000005D2CC2
000000E3E61E
0000036FC5B0
0000044DE6CB
0000016555E3
FFFFFFBCF500
00000227E4B9
00000495F64E
0000043E2394
0000033B3F50
000002F182D6
000001C12932
000000CE256F
000001B363AD
0000027683EC
000001E63675
000001741914
000001DDBECF
000002641222
000002D4DF2F
0000036108DC
000003D49240
0000033FD96E
000001740E1B
0000023F1117
0000024D85EA
0000024FEE1F
FFFFFFA85931
0000011BE4D9
000001DFD00E
0000017389CD
000001A2C766
0000002AC1F3
FFFFFF9A6D58
000002372AFC
000004ADDECC
0000035FBEED
000001185ED6
00000147E922
000002521C00
0000025628C0
000002E4A0D9
000004737A39
000004698A5E
00000337B4A9
0000026AC79F
0000021423B3
0000023F317A
000001AFFD50
0000009701B5
000000BA7DC6
000002047336
00000354389E
0000043E6FFE
0000041530F6
000003223609
0000033DE308
0000027200D2
000001F33F62
FFFFFFBA56CF
000000F8AAA4
000001ABE253
0000019DBB2A
00000226EDEF
000000F9B463
FFFFFF98361C
0000010B6B40
000003F448D3
00000449BD85
0000029E747A
00000178BE4C
000001523A14
000001E0FC13
000002A4DFC0
0000031FE043
0000039568F5
0000044EE558
000003B35C4B
00000265D4FD
0000032CF37A
000003C4EF62
0000020F44A3
000000C579F2
0000010EF9D1
000001854EC1
00000248A5D3
0000038CB386
0000041B041B
000003A3D2F0
000001F2D73D
0000012F33C8
FFFFFF65A0BD
0000007B5998
0000019E61F5
000001B4C16D
0000020DA026
000001F32AEA
000000F094EC
0000009A80DC
00000242F2A8
0000040C280D
000003FF5C36
00000279EB5B
0000018C7B46
000002C8505E
00000352060B
0000015E11F6
000000F42BB4
0000036F1F7A
0000043674A9
00000263D314
000002B802AA
000004A200F8
0000042BF72C
0000029BB95E
000001A15F84
0000013FF5FE
000001C1A7B7
0000031738FC
000003502816
0000030AABBF
000001765659
000000D4D0E1
FFFFFF780D78
00000078D37F
000001E95688
000002598940
00000241B1C3
000002833D47
000001EF7C01
0000006118AF
000000708A08
000002FD0E63
000004BBAC65
00000312EE9B
00000140D626
000002FFC1A5
0000042EF0F1
0000018EFC74
000000086854
000002320FF4
000003ACFFD6
0000023C1C58
000001940CD3
0000029BDD98
000003581680
000004184D69
000004091D08
0000030B306A
0000020A2E63
000001911344
0000011D28AE
000002787E52
000002346ABE
000001E346F2
FFFFFF9D8201
000000DC0C32
0000024D7C03
000002F8699C
000002842C14
0000029F5B2D
00000231DAF3
00000064E59F
FFFFFF6F47E8
000001A378E0
00000437149B
0000033F8DF1
00000171F533
000002A2DC88
000003D7ADB0
0000028AB2BF
000001502699
000001BD173D
0000028281CD
000002467758
000001AF8A4E
000000F5F570
00000135CAF7
000003E0D42D
000005C4522B
000004A77487
000001F79287
00000000491C
FFFFFF7FD538
00000221FDB1
000003023B50
00000300C857
FFFFFFDB8A06
000001A58D19
0000027A8DD4
00000249DDBF
0000018EFB20
000001F974A8
000002338416
000000DB9B05
FFFFFF40C7C0
0000005ACD7E
0000031330D9
00000376C0D6
000002309431
000002034060
00000286FF2A
000002D6FD33
000002A56795
000001700B93
000000F8FAD9
0000023F334A
000003248FD0
00000219378B
000000D0879E
000001E604E0
000003C9FA0E
000003CBEBDB
0000020FBAE2
000000B6318F
00000049F4C3
0000028E37C2
00000302F99F
0000029AA754
0000002327F0
000002A41D49
000002E9F37F
0000018D8EAB
000000E0A955
0000013DAA00
000001C4BAA7
0000014D6C89
FFFFFFE40900
FFFFFF9B8696
000001389E1B
000002B8AA1C
000002D63382
00000188BAA9
000001064C00
0000025DB31D
000002EFA2D3
000000F13C28
FFFFFFD0E060
000001D11EE0
000004187988
0000041DDA25
00000274A8A2
000000E6FDD7
0000005767DF
000001147EAD
000001EA0D3E
000002103326
000001BC2779
00000366E4F1
000002B14201
000001B11287
FFFFFF18E93D
0000026776E7
0000030ED0E5
0000016FADE2
0000012EC1C2
000001384BF2
00000187E483
000001CDF4C1
0000010AE4C0
FFFFFF9082BE
FFFFFF7746F4
000001758D93
00000327EB01
000001E3B14A
000000490B58
00000123C44D
000002328353
000000DF7F33
FFFFFF6A971E
00000092D543
000002B19D3F
000003A2CCC8
00000344830D
0000019879E6
FFFFFFAA6D5A
FFFFFFF0B1AC
000001B9B7BF
0000025F74D8
000001B33470
000003564FF4
0000023F87C1
0000016685E0
FFFFFC99930A
FFFFFFEED0C5
000000E9FA18
000000333917
00000119DD9A
000001354606
0000019DBE24
0000024444CE
000001FC1CBF
000000694BF5
FFFFFF36C2F7
0000007B4233
000002B35E9C
00000232BD7D
000000A608CB
00000089D5AF
0000011CBB05
0000011774EB
00000050BB06
FFFFFFEEE55B
000000465C4E
000001158B16
000001EB9D86
000001AE305B
000000783E9A
000000663C2E
000001BEB890
000002422F7B
0000019B6179
000002E26F24
00000323D5BB
000002BDE3D1
FFFFFBC16154
FFFFFF90BB61
0000013E52EA
FFFFFFF81DB9
000001685E1F
000001669D8B
00000154EE17
000001CD3507
0000020386D2
00000122F0C1
FFFFFF83C32B
FFFFFF6B641D
000000F160ED
0000013C87C9
0000008CBE79
000000143823
FFFFFFE3ACF4
0000006DDFCB
000000C9F53C
0000007549DF
FFFFFFB3C9EE
FFFFFF6291CA
000000335FFA
000001552AC3
0000017296CF
000001393690
000001A5C1C0
000001D5D6D2
00000108C0B6
000001FF45EC
00000302E75A
000002C65607
FFFFFCC9C98B
00000047B94F
000000F23E03
FFFFFF4A3E88
0000014CE4AF
0000010D6B1A
000000AF77DF
0000009EC836
000000FF2AB3
00000132D918
000000347BB2
FFFFFF3F41AA
FFFFFF68C0F0
FFFFFFD933E5
0000000D1533
FFFFFFB23EAA
FFFFFF2366D6
FFFFFF9070B5
0000004B6024
000000605D00
FFFFFF590C52
FFFFFE70AF62
FFFFFF24F2B0
000000C36D03
000001C55E0C
000001513758
0000009350B2
0000009DF271
000001784513
00000160578D
00000305414C
0000018E2F1A
FFFFFB857D3F
FFFFFD4F64BD
FFFFFD6FBCA9
FFFFFB8A81D1
FFFFFE303C24
FFFFFE2BC9C0
FFFFFDE5CD8C
FFFFFDC902C7
FFFFFE263F7F
FFFFFECCFE67
FFFFFEC1EAA0
FFFFFE0D72F0
FFFFFD721877
FFFFFDB6FA1E
FFFFFE7A29DC
FFFFFE73FF7A
FFFFFDEC774F
FFFFFDDFD134
FFFFFE3E990B
FFFFFEB186FB
FFFFFE1EF8E2
FFFFFD338347
FFFFFD26288A
FFFFFDC453C7
FFFFFEC8EB96
FFFFFED56248
FFFFFDFA3754
FFFFFE0F39B8
0000008F2D8D
FFFFFEFF583B
0000006FB6A3
00000052A7E2
00000285C9B4
0000020AB9E9
00000180C2B1
00000206E8BB
000000F7F0B6
000001628BB8
000001675AFC
00000165DF29
0000019F84EF
00000180E077
0000019BD5E2
00000254EAA8
0000027B66D2
000001EA5CA0
000001F405E5
0000029650E2
0000022133DD
000000A45980
000000AAB7A0
000001D7DBB5
0000021EF471
0000026A2C9D
000002356886
00000007D0B8
FFFFFFD2B027
000002F3CDEC
0000038153D2
000000F26869
0000001A84ED
00000240641B
0000032400E9
FFFFFF9434E7
000002B2E11F
0000017D22BB
000001409C38
000001FF3ADB
000001C88EAD
000001EAEEDB
000001D5844E
0000020521EC
00000253C169
0000029A63AA
00000305E933
0000032C820E
000002B7F0A1
0000025ED66A
00000283B216
00000235D748
0000018BC688
000001CD3B1E
000002AD981C
00000286D63A
0000018AF462
000001345931
00000142CA09
0000014A5D39
0000028E15CF
00000336D045
00000141B127
FFFFFFFCC455
000001959AF2
000001C40E32
00000165969B
FFFFFF261C99
00000229A851
0000011E4444
00000070D925
000000570A4D
00000034BBE7
FFFFFFE754F2
000000284477
000000D5E020
0000011C1233
000001DA99F6
000002367100
000001C43718
00000119A2E1
00000147F5BB
0000012E93AB
FFFFFFEB6ADF
FFFFFFCE9137
00000170AC64
000001F8DA17
000000A6453E
FFFFFFA83EA1
000000039D24
0000010A1E85
000002B48F9C
000003360A45
0000006DE509
FFFFFE30E331
00000072FACF
00000309FA31
FFFFFEC67D7F
FFFFFE2110E7
FFFFFE1C9E61
0000020D85E7
0000008999A6
FFFFFFAE75B4
00000024E0EC
000000A3DD1D
000001232A2C
000001A7B010
000001D408AA
000001B1CA0B
000002147851
000001A3B94D
00000098D9D3
000000A42B8E
000001DFEA90
000001E94E14
000000961694
00000148B9DF
00000300A4F4
00000270E8CC
000001282A15
000000F4552A
00000104452A
0000028DCA22
00000525EEE3
00000394FCC8
FFFFFE4DC22D
FFFFFDF41708
000003C56E45
00000511F835
FFFFFCF3EA55
FFFFFE229AC9
00000061255A
0000002C1156
FFFFFE693185
FFFFFD383A8B
FFFFFF9B17F1
000000C0D22C
000001930060
00000188EF53
000000E90BC4
000000AFD2E2
00000080C9B6
FFFFFF483EDD
FFFFFDF5B828
FFFFFE689215
00000016C159
0000006080B1
FFFFFF4F601B
0000002F40B5
0000013DB5DF
000000838F79
000000A871B7
000000F1D6C8
FFFFFF5F7769
FFFFFFE484BB
000002B1F926
00000071CB8B
FFFFFBD765B1
FFFFFD84B21D
000002815708
000001BDEA51
FFFFFA29B564
FFFFFF700162
00000194FFA2
0000005546FF
FFFFFF2182CF
FFFFFEB4AD38
00000226DD67
000003518E0E
000002973974
0000018CD1C2
00000131AC95
00000176DCB3
000001560357
000000BA7FBC
00000021B654
0000005E17A3
0000015DA584
0000013D1910
000000140708
00000005E464
000000E9F225
000001A8B6E4
000002EFDBBB
000001FD586C
FFFFFEFB53AA
FFFFFFA00F8D
0000023A652A
000000D32016
FFFFFF0DDE0D
0000001E344D
FFFFFFD677B1
FFFFFDA8E7A7
FFFFFB50ACEF
000002C5FB83
000001889DE8
000000750596
000000A919C0
000000D0CAFC
00000352AD55
000002C33BCB
000000ED0077
000000320765
00000065D808
0000009C1F11
0000004D26F7
0000009F85B4
00000135CDEE
000001169EB6
0000011438CE
0000008D2888
FFFFFF208050
FFFFFEB3E930
FFFFFFD3EE21
0000017E7ABF
000001DA0F0D
FFFFFF6B60CE
FFFFFD56A45D
FFFFFF362960
0000005DE7B9
FFFFFF5A356E
000000EE4559
000000BC539D
FFFFFC63FEDB
FFFFFC53D083
FFFFFD076E13
000003AA0754
00000013A326
00000065F8B8
00000281A2A9
00000235D06F
000001D758DC
000000413D84
FFFFFF987542
FFFFFFF83E57
0000004256DB
00000035208B
FFFFFFB665FB
0000004A6C1D
000001C9BF1F
000001AECF21
00000037A3B1
FFFFFF61E0F6
FFFFFEA8A053
FFFFFEC5FE60
0000006006FE
00000100310F
FFFFFF653FCE
FFFFFD488144
FFFFFE34FCC1
FFFFFFFE6004
FFFFFDF13C31
FFFFFE28EE84
00000331B98C
000001A0693D
FFFFFB8DAA88
FFFFFE6E282C
FFFFFC475FCE
000000A92010
FFFFFF57ABFC
0000008E4F49
00000311B220
000000F6C1CD
FFFFFECD8D6C
FFFFFE38D8A0
FFFFFEE1F5BC
FFFFFF11AC45
FFFFFF08E4BE
FFFFFF51781F
FFFFFF1779DD
FFFFFF90575C
0000015F10EC
000000C11AE4
FFFFFDBB525F
FFFFFD23C297
FFFFFE680E19
FFFFFF596211
FFFFFF8737AA
FFFFFE4E5BBA
FFFFFCC6288A
FFFFFD46F3F5
FFFFFFA7E670
FFFFFF80A739
FFFFFC15B980
FFFFFE95FFD7
00000524C762
0000020F804A
FFFFFBF0832A
FFFFFF28A721
FFFFF9737B21
FFFFFE8F5CAA
0000011156E6
000000EE78AF
000002711423
FFFFFEF77AFD
FFFFFD694E1F
FFFFFE5A117B
FFFFFEDEF124
FFFFFE92F9F7
FFFFFEE80670
FFFFFF31576E
FFFFFED89052
FFFFFF57A2F2
0000005663A8
FFFFFE0DEA32
FFFFFA36AAEF
FFFFFB8A5284
FFFFFFE4E1ED
0000009F71FF
FFFFFDCBB9C6
FFFFFC2A7394
FFFFFD317B07
FFFFFEB4AFE7
FFFFFF19083B
FFFFFD67ACCE
FFFFFC2B8566
FFFFFFD56EEE
000003ADE839
FFFFFFC6082D
FFFFFC08D9F7
FFFFFE2C6F05
FFFFF7B392A1
FFFFFF990033
000002F93E15
000000AEF2A5
00000154C354
FFFFFE4908FC
FFFFFE0028A7
FFFFFF2ABBCF
FFFFFFE6FCD6
0000004A1E5B
0000004DCA66
FFFFFF62642C
FFFFFF1DB71F
FFFFFFDAF369
FFFFFF56E166
FFFFFC179EEC
FFFFF9BBD4E1
FFFFFD61F799
0000024631EE
00000102ADFD
FFFFFD9D589C
FFFFFEAD2D6A
00000117444D
000000960041
FFFFFE70999F
FFFFFDCB61AE
FFFFFF97BCFD
0000019A41D9
000000E4194B
FFFFFDB4BCF5
FFFFFD47F734
FFFFFF290AE8
FFFFF77A2756
0000002AFA1E
000002F9ED50
00000031B75E
000000CBC5EA
FFFFFED326E8
FFFFFEBC6A89
FFFFFF8002E8
00000193F6A1
000001C35FD1
FFFFFF4B2667
FFFFFE2B5275
FFFFFF55A17D
FFFFFFD5A8E7
FFFFFE34E3DA
FFFFFC9484EF
FFFFFD08DCBB
00000065749C
000001A2453D
FFFFFEAF5A7A
FFFFFE7838CF
0000020C0AD1
000002BDBA0C
FFFFFFCAAABF
FFFFFDCF5659
FFFFFFBB6C2F
0000029DB841
000001E75098
FFFFFED8C48F
FFFFFDAC6861
FFFFFF77D124
000001471903
FFFFF6FE8E6B
FFFFFEA3479B
0000027A234A
000000BBF988
00000119B598
FFFFFF528B3D
FFFFFFA21259
000000B3E538
0000026EC6DD
000000CC480B
FFFFFDF352F8
FFFFFEA49106
FFFFFFFBACB2
FFFFFEA20D1A
FFFFFD8379EB
FFFFFEFCAF85
000000DC315A
00000166D0D2
FFFFFFC256F1
FFFFFDF0981D
0000000951C1
0000023DB796
0000009EE44C
FFFFFDE96783
FFFFFD413B97
FFFFFFAFE789
000001CBAD41
FFFFFFF95D5B
FFFFFDB05FC0
FFFFFEBEF664
000000A22805
000001097CEE
FFFFF569C40C
FFFFFD1E92F1
000003006C98
000001918280
0000010ACDA2
FFFFFEEAD358
000000859C5D
000001EDA463
000000E79E29
FFFFFE7EBBEE
FFFFFF613B59
000001413A5D
FFFFFEEF7AF6
FFFFFC9312DF
FFFFFE5E05D1
0000014EC575
000001F78EBD
000000BA3063
FFFFFF21F1BA
FFFFFF17D069
FFFFFFD7C4E8
FFFFFF0F7999
FFFFFED5851B
FFFFFEDD74A9
FFFFFDDBBE97
FFFFFE78354B
FFFFFFBC033F
FFFFFEC67AB2
FFFFFE3B4CB7
FFFFFF7DC007
0000001CE2BE
FFFFFF41C941
FFFFF44AF4FB
FFFFFD623FB0
0000046972DD
000001CFE0D1
000000ACF0D7
FFFFFEB54D32
000000CF5919
00000148252A
FFFFFEA96A8A
FFFFFDF28AC0
00000141487D
0000013609BD
FFFFFD2DFF74
FFFFFD34ED22
00000067AD8F
0000010D5FD8
FFFFFFFA7A65
FFFFFF69E137
FFFFFFCD63D1
0000001E3044
FFFFFE003466
FFFFFC7CC70C
FFFFFF998589
00000106E272
FFFFFE304A11
FFFFFD85D6BC
FFFFFF226BC8
FFFFFF9F2E01
FFFFFF8138C2
FFFFFF2C6CA7
FFFFFE798233
FFFFFE1CDCC7
FFFFF4C00786
FFFFFE395F9E
000004F4435F
00000160B52F
00000080DB0D
FFFFFF32C455
0000006D69DC
FFFFFF4ED4AA
FFFFFE43ECC0
00000046943D
00000127E464
FFFFFE4FE3E1
FFFFFE3EA6AF
0000013FA57E
0000002F7BDD
FFFFFD2D42F0
FFFFFD270295
FFFFFF86EBCC
0000020E5603
00000172FDBE
FFFFFD8F80F3
FFFFFD402AB0
000000DE3F6F
0000000A13BF
FFFFFC6C2010
FFFFFD17D9F9
FFFFFF7FB1F0
0000005E1656
000000429A0D
FFFFFF160CB9
FFFFFDDDAD4A
FFFFFDA5D5C6
FFFFF5AFB792
FFFFFE6E5ED2
000003AAF659
0000009B8E76
000000B9D384
FFFFFF9FD74B
FFFFFF7146A9
FFFFFE4958D0
FFFFFFD11C5B
00000210C761
FFFFFF33DE19
FFFFFC5BF2A9
000000BD448D
000002EA27A4
FFFFFD6A2CFD
FFFFFA867837
FFFFFD3992C7
000000CE8264
000002F37C35
0000013D43B1
FFFFFE3B217F
FFFFFF6E03CF
00000076867B
FFFFFD2370D5
FFFFFBCE9667
FFFFFE9AAF51
FFFFFFF35695
FFFFFFED50E6
000000AEE331
00000057FBB5
FFFFFEBD3715
FFFFFDE6BD7D
FFFFF7747197
FFFFFF6C1543
000002BA703C
00000006EDF2
000001AE6A67
FFFFFFE1F20A
FFFFFE4AC8D7
FFFFFEA05380
000001B8FD7A
0000018ABC12
FFFFFCBC0588
FFFFFCEC73A1
000002324560
0000012BE541
FFFFFC6B151F
FFFFFCEFE49B
FFFFFF471B2E
FFFFFFF44D74
0000002425EF
FFFFFF66CD64
FFFFFFAE1B23
000000D09753
FFFFFE98DB34
FFFFFC8F56AA
FFFFFF489C0C
0000012B3462
FFFFFF4CAB04
FFFFFE960C99
000000BEFB59
000000AA5414
FFFFFE41DC8F
FFFFFDDC6B2A
FFFFF9C4EB77
0000015DA213
000002844755
0000000FFBD3
0000025FB341
FFFFFFC7E44F
FFFFFDE5BB88
FFFFFF3E0E70
000001BE1FD1
FFFFFFD4F43F
FFFFFCAC2EBD
FFFFFF1BAAAA
000001504E74
FFFFFE68F2E5
FFFFFDFBB77A
000000626343
FFFFFEFB0393
FFFFFC8EDEEF
FFFFFD1D0303
FFFFFEDAA5FB
000000764A01
FFFFFF57E2C8
FFFFFCE6B66C
FFFFFEB85AE7
0000024FD5BA
000000B28366
FFFFFD5DE630
FFFFFE072014
000000301760
FFFFFF0F756A
FFFFFC81980F
FFFFFD8F2100
FFFFFAABE1AE
0000018F42A3
000001A550B9
00000091D08F
0000025A0F0E
FFFFFF5EC475
FFFFFEE134F1
FFFFFFD3CE15
FFFFFF872CD6
FFFFFE29E6CE
FFFFFF97EA2A
0000014F4758
FFFFFE0175D1
FFFFFBF01E81
00000064EC74
00000220951D
FFFFFD4ADAAD
FFFFFA879E01
FFFFFD2695D4
00000024CD7D
FFFFFF70F0A3
FFFFFCE3C69C
FFFFFE0E7B73
0000019F7241
00000118930F
FFFFFD9259A0
FFFFFD0BAD00
FFFFFF271C10
FFFFFF62FAB9
FFFFFDD5726E
FFFFFCFBEB77
FFFFFE7DBBAA
FFFFF9C00F54
FFFFFFCA6A48
000001073C51
000000BDDB18
000001D3D2FD
FFFFFF78CE51
000000631A51
FFFFFFDE6063
FFFFFD039B54
FFFFFD86F2B0
00000298D350
000002125770
FFFFFB10FFB6
FFFFFB5CB3D0
00000248B4CB
0000025FCDD8
FFFFFD10C53D
FFFFFBAD1F6F
FFFFFE7B5D34
0000003D86C5
FFFFFE3A0895
FFFFFD2C9B81
000000B4DD3E
000001C49B47
FFFFFDEA63DD
FFFFFC796EBD
FFFFFE96329C
FFFFFF61D646
FFFFFE0D1C6C
FFFFFE7650A8
FFFFFFF46209
0000005D38B2
FFFFF85E59B8
FFFFFE97692E
000002147A4F
0000003E47F8
00000154B230
0000000C525F
0000014129D4
FFFFFF43F6AF
FFFFFBC56C22
FFFFFE311F93
000003EA53E9
0000014BF16C
FFFFFA642EEE
FFFFFC69A9ED
0000021B311B
0000010E0BAE
FFFFFE66CC83
FFFFFE9EB8F9
FFFFFE8C08BC
FFFFFDD6E5AA
FFFFFDEB33A0
0000000E9D68
0000019ED571
FFFFFEEFB40B
FFFFFD1F5587
FFFFFEDD00F3
FFFFFF230189
FFFFFD3A44BB
FFFFFD225DD8
FFFFFFF13EB2
00000212C61C
0000010A94F7
FFFFF6C38B8E
FFFFFDD6DD4C
0000035E8E6A
FFFFFFEE31A0
0000013DA03D
00000055C027
00000133BF34
FFFFFEF74E75
FFFFFC7473A3
FFFFFF55BD4B
000002B12B4D
FFFFFF90FF1E
FFFFFC41E9AD
FFFFFEB833E2
000000441BCC
FFFFFF31DFFC
000000C67E32
00000135E246
FFFFFD5AE290
FFFFFBE6B8B5
FFFFFFD3D6E5
00000324C4F5
000000B61CE5
FFFFFD4235DA
FFFFFF3EE01B
0000018450A1
FFFFFF25F90F
FFFFFCCDCD7C
FFFFFDCD2AA3
000000240089
0000017DBB3B
000000250B34
FFFFF5CD29E0
FFFFFDC9CA9B
000003DE1158
0000006FC1B1
00000185789D
FFFFFFE44E52
000000B84463
FFFFFF655A94
FFFFFE48C66A
FFFFFF52AFE2
FFFFFF4597C9
FFFFFDE8E1FD
FFFFFFDA50B1
000001489C82
FFFFFD7B019D
FFFFFD240A1F
00000318F6B4
000002A33272
FFFFFB7AEE8D
FFFFFC0AE74B
0000032D4151
0000040CDDD2
FFFFFEAB8B97
FFFFFD7E43E8
000001078E09
000001384951
FFFFFF7294C0
FFFFFEF529AC
FFFFFD95A1B3
FFFFFD600003
FFFFFFC125D9
FFFFFF76ADF7
FFFFF6C5320B
FFFFFF0AE87C
000003EE4A15
000001F0C661
000001D5C6DC
FFFFFF2EFCAF
0000007CB1F2
00000082BC6A
00000040B008
FFFFFF2E9790
FFFFFC8745F1
FFFFFD8F17EA
000002E21194
000001F06C94
FFFFFAE777D5
FFFFFC4DE113
0000042EB271
0000027745E9
FFFFFB13139B
FFFFFD8541B5
00000444F319
000002807C06
FFFFFDEE7A0F
FFFFFF2E39D8
0000013AA49C
FFFFFFAC4545
FFFFFF86FE07
FFFFFF6418A8
FFFFFB820CA2
FFFFFB4A317A
FFFFFFAC7949
000000169AE7
FFFFF7E02325
FFFFFF50BCAB
0000030F36A5
000003449E34
0000010509F3
FFFFFE07802E
00000029F98C
000000D87C3B
00000134D014
FFFFFF0B3EED
FFFFFBBA916C
FFFFFE408713
000003EB1788
00000122108E
FFFFFA67F753
FFFFFD73133A
000003993D44
000000CEEBC7
FFFFFC995FBA
FFFFFF781D49
000001D780DB
FFFFFF8A5347
FFFFFFA9D40C
0000015A929E
FFFFFFF15106
FFFFFE47B549
FFFFFEE0518D
FFFFFD64A47C
FFFFFA76C005
FFFFFD084867
0000014DAE6B
000000A10083
FFFFF82B0EFF
FFFFFE9A8430
000002225BE8
000002A6D3AD
FFFFFFB82647
FFFFFDA69335
FFFFFFC4F9F0
0000004A84CD
000000A96CFE
FFFFFECEA4AB
FFFFFC536449
FFFFFF01A3FA
000002A4E03B
FFFFFFA3DEB1
FFFFFC7FAC80
FFFFFFCF7099
0000018CF198
FFFFFEF9FD8C
FFFFFF5A2410
0000010C9A5A
FFFFFEBF162B
FFFFFE14C1C8
00000232F36B
000002349272
FFFFFDC4DA26
FFFFFCE12428
FFFFFD8206C9
FFFFFBCE2C38
FFFFFC375091
0000001D15CB
000001524937
FFFFFF52F21D
FFFFF83C4CAB
FFFFFF249176
0000027E3352
0000004166DD
FFFFFF5DD403
FFFFFEB55C69
FFFFFF4531CF
FFFFFF9162EB
000000630998
FFFFFF5ABA46
FFFFFE3EEDCF
FFFFFF865B5F
FFFFFF90E237
FFFFFE5FAA13
0000000DE7B3
000001AA2282
FFFFFE9D8D5B
FFFFFDFB7BBA
0000023F8405
0000017B94F5
FFFFFCB2DFFC
FFFFFE866035
00000344D702
000000CA1A06
FFFFFC2A7C54
FFFFFC257E33
FFFFFC356D0E
FFFFFC6B6248
0000001FEE3E
000001FB7BB8
FFFFFF7CC519
FFFFFDB1FD02
FFFFF8B5C723
0000004733B6
000002FE1A70
FFFFFE8B721B
000000269D69
FFFFFF1BCE9E
FFFFFE206B6B
FFFFFEBD1C1C
000000309C23
000000320C7E
FFFFFFF1466C
FFFFFF7CD2DF
FFFFFD48FACB
FFFFFE5D15F8
000002C11098
0000018553C6
FFFFFC3D5DC4
FFFFFE4FA3A8
000003E3B629
000000C8F086
FFFFFC060A60
FFFFFF09130C
0000018D4DF0
FFFFFDCECB1E
FFFFFB519C4F
FFFFFC3B2B65
FFFFFC2C9E2E
FFFFFE423CD7
0000023C81E5
0000011A3D50
FFFFFDA854EA
FFFFFD5E4830
FFFFF9861AB2
000000FF6A97
00000255DF28
FFFFFE085608
000001171929
FFFFFF74D155
FFFFFD661539
FFFFFED577F4
0000001E6E69
000000716783
000000D128C8
FFFFFF4DA2C9
FFFFFCACC5D9
FFFFFF217A40
000002E7042B
FFFFFFE3E6CE
FFFFFC0FFF3C
FFFFFF98FA4B
000003650B26
FFFFFFE9B0EF
FFFFFD1F6996
FFFFFEE6CD5F
FFFFFEBD2E90
FFFFFC39DCEF
FFFFFC1BA4C0
FFFFFD75232C
FFFFFE570485
000000525F0B
00000128788F
FFFFFE8B7930
FFFFFD5F12BE
FFFFFF4034EC
FFFFFB4C8D9C
00000076BB7A
000001AA41A5
FFFFFEEDB3CB
0000017D4C4F
FFFFFEE78D64
FFFFFD79B762
FFFFFDA9263D
FFFFFE098F95
FFFFFE0E14BD
FFFFFEA13A46
FFFFFCB0EB59
FFFFFA67240D
FFFFFC954FB7
FFFFFE847F02
FFFFFBE180CB
FFFFFA94B713
FFFFFD7B970A
FFFFFEA8DD9F
FFFFFC43F474
FFFFFB9499E1
FFFFFBFFFA08
FFFFFA8A5CC9
FFFFFA4FBE4E
FFFFFBF219D8
FFFFFD133B4B
FFFFFE77DBD9
FFFFFF023A94
FFFFFCF971ED
FFFFFB8B1994
FFFFFCEE54CC
FFFFFEE0692A
FFFFF90EDC82
FFFFFD1C03F5
FFFFFF492771
0000013964E9
000004F75EA3
00000340D7CE
000002B4D8CB
00000487CC9C
0000045E06A1
000004DCB9E9
0000059D2B1E
0000041D3630
00000248CE7C
000002F4404C
0000033CDD77
000001FB92A3
00000208655F
0000032E24E7
000003331F0A
000002014899
0000011F5E4C
0000009A13E3
00000078185F
000001E0EAED
0000033551E1
000003E33E05
0000049FF1A6
0000037E642E
000001C33D50
0000034BCA18
0000058031CC
000005BE2C18
FFFFFB500A7B
FFFFFF3D19E2
0000048D8610
000001C23F4B
00000218B0C2
000001465489
0000020EBB8D
0000034DD80A
000003C63856
0000037F78C2
000002EA5263
000002A544B0
000002AE9C7F
000003291813
000003CD8F8E
000003CB5AEB
000003B5745E
0000040482C8
000003FF5EA2
000003393D9A
000002D95CF9
000003FB8991
000004B26FF2
000003B01968
000002EAEB57
0000027A3FBE
000001C2FAB3
000002DAD6A3
0000049A0BE6
0000038509D5
00000276D804
000003C1157D
00000311F979
000002AA1CB9
00000001FFD2
000000690B43
0000017230BA
FFFFFF85F58B
FFFFFFD7A571
0000008EC523
000000B8E5A2
000000E096C6
0000011D61EF
0000011B335D
000000EB9A96
0000010F90AE
00000134FA9E
000000AECA0D
000000A2FB0C
000000FC0A3A
000000D21673
FFFFFFDF35D6
FFFFFFEA76DF
0000012C1582
00000157EEBE
000000A7E63C
000000DF7E8E
000000B940D6
000000090445
000000D604F0
00000128FD95
FFFFFF5689F2
FFFFFFCC575B
00000262E3F5
000001B43721
000000CA9815
FFFFFD6EC6D2
0000003F3951
00000184451E
FFFFFF8C0E35
FFFFFFF90C8C
00000090F927
00000096ABC4
000000FE684B
00000226CABA
000002B4B80B
0000029524C5
0000027A9D86
0000022D480A
0000016489E7
000001625E20
0000020D5900
00000238AF00
00000190B2C7
000001AB4CC0
0000028E65F0
0000022BE1BC
000001C6446C
00000283F7B9
0000027AF2D9
0000025EA9AE
000003AC6FD6
000002B85980
FFFFFF7D6149
000000201132
00000381D6DD
0000037C2115
000003C012BE
FFFFFE291B70
000001C4FB66
0000031A52B1
000000BFC67E
FFFFFFFC5593
000001765A9C
000001B269F2
000001D3EDCD
000002956196
000003453E2A
000003BCD740
000003EAA580
000003A0A5B9
000002FFAC15
000002F9D2FD
0000033AD7A7
000002D6E516
000002295DEE
00000223F72F
000002F4B74D
00000313BEC9
0000030DD682
0000039D03B9
000002B95A0C
0000026E5831
0000044070B5
000003ACAE83
00000159AE6A
000001DD6D02
000002208CB0
0000002AFA0B
00000375307C
FFFFFEA2B52D
000000C03E5F
000001F4964F
000000FB75E3
000000EF2EA0
000002E72FE6
000003D44E7C
00000319BBD7
000002632407
000002545E7E
000002EE157D
0000036D321D
0000038404A7
00000374912F
000003DF4868
000003FD79BB
0000037D73C7
000002B0E57F
00000290DFD2
0000037888FB
000003CB7AB2
0000037274F4
00000342FFB5
000002308CF0
000001F3301D
0000037EEB08
000003D24581
000003951E69
000003A90179
00000089A00D
FFFFFDA4CEC9
000002FF943A
FFFFFF3B5FFE
0000006F5E58
00000195D6D2
00000164E87A
000001F9E36B
0000030AA904
000003473D61
0000030F1AF3
0000031DF83C
000002D4E4DF
000002C57680
000002CAA0F4
000002B392E6
0000033FF114
0000041702DC
00000414EFE5
0000038F6526
0000032525C5
0000030F8C23
000003D0BD68
000004199E2E
00000381C768
000002CCF81E
000002601158
000002B07FE9
000002A63256
00000295E557
0000047F09E4
00000535F495
000000D1B002
FFFFFE9A5750
000003593A4C
FFFFFCE28A2D
0000001315F8
00000189C67F
0000026C671D
0000032BBF84
000002D33828
000002341EA3
0000029F7F82
000003D34450
000004088577
00000360A36B
000002CE5884
0000024C5439
00000321F9BE
0000046E73B7
000004150EF4
00000350FE7B
0000037BD98B
000003953A8D
000003FA0A1E
00000440C12F
00000351CB43
00000279D14E
000002B7AC12
00000327811D
000001E8D9C2
000000FFB039
000003691CDD
000005851133
0000035153AD
000001386D7E
000003D4A4E0
FFFFF9DE4B8B
00000028BDF2
00000211F548
0000030CC706
000003775195
000003349546
000003111CAE
0000032EF280
000003A44BC5
0000041CFB40
0000042F091F
00000417E7DD
0000037B920D
000003DC8B93
0000046B1A46
00000310D3B1
0000024D8966
000003AD440B
0000049B8902
000004370931
0000039B8F5A
000003680C7C
000003E98CFD
000003D40891
000002922A45
00000197A843
000001E2C3CF
000003E71BB3
00000527C6A2
00000353D234
0000011CD7D8
000003BF4428
FFFFFA27733B
000000922479
0000027E6B47
0000029AE429
000002AE581B
000003181D2A
00000340BB25
000002D11558
0000024EF3A5
000002B8B70E
00000411626E
0000051C7AA6
000004E492F0
000004831D33
0000037EEEB7
000001396969
0000007D7B66
000002D69479
00000486FCDB
0000037E56A0
000002209B75
000002A910D6
0000044266E3
000003C7D241
000001BDA216
000001FAF6DB
0000038EBA9D
00000456DCE4
000003E0394B
0000010E103C
FFFFFFB7E13A
0000041364FA
FFFFFB76935A
0000006C4E79
00000238101F
00000227231C
0000027EB202
000002E7BF73
0000027A3444
000002C13D90
000002F778F3
0000028EE4D3
000003038920
00000449EA3F
00000524DF5B
000004FD37C8
0000036175B0
0000018E3468
000001227D6A
00000283EC21
0000033230AD
000002F0A9B4
000002FEBA85
0000030C5348
0000035E85A5
00000300F45E
000002452EC7
0000031802CD
000003D57621
00000393AB19
0000035EBE8E
000001721727
000000C124CC
00000479A72B
FFFFF9EFF658
FFFFFFDF269C
000001B5711E
000002077633
000002833B07
0000029EE134
000002724722
00000423A475
000004E618ED
0000032F667F
000001AB039B
000002049175
000003C72A2E
000004CAAE6F
000003F2869B
000003927C3D
00000344FC8F
000002989827
00000258AF3E
0000037CE046
000004C4C4DB
000004563272
000003502484
000002E12577
0000030E75C7
000003EFF307
000003D95BBE
00000354D94C
000003B328EC
00000358D112
00000237F0A8
000003CFE54B
FFFFF808E722
00000010CA1C
000001F3E86B
000001DA4460
000001FB6C03
000002A7F84D
00000368E981
0000046F50CD
000004284A58
0000036B5DAB
000002C27ABC
0000018A1656
000001AAF6D5
000003302235
00000447D057
000004E1E20C
000003BA0F32
000002BBAB63
00000308FBE6
000003447006
000003627536
000003CC8C5E
000003ED7E8B
00000337A35D
000002F8516D
000003FB2519
000004039549
00000356BCAC
000003A31DCE
000003522171
0000017B7F1C
000002AAD9E5
FFFFF87EEA20
000000D5B642
000002841BA4
00000162C170
0000019C00CD
000003958603
0000042BCC5D
00000331EFAC
000002A53F46
0000045424BC
000005437FD0
000002E312C0
000000A26372
000001313899
000003AB26C0
0000055666E6
000004551E82
00000442C55C
000004411CCD
000001F62C65
0000010C59B2
0000031E7294
000004846D4E
0000032072F9
0000028E614F
000003E391E3
000003F06218
0000033918D2
0000038E6A6E
000002D27699
000000C6AEC2
000002726DFD
FFFFF94FEAC7
000000EB3D86
000002727E20
00000143F225
000001DF7F98
000003B5E98B
000003A462CB
0000030543CB
000003C7A816
000004ECA1D7
000004998FF5
000003ABBFC0
00000268B97B
000000F1AB04
0000018D7DAB
000003B64DA0
000004C57038
000005FCB375
0000057FB534
0000026545BC
000001A7891A
000003AA43D6
000004422FC0
000002580AEA
000001C1374E
0000034292CE
000003BB6A54
0000039F47AF
000004002479
00000364157C
0000017952E5
0000033E0A2D
FFFFF948BCA2
000000ADFE36
00000252228B
000001CE3054
00000247108A
000002B25370
000002A0A6B9
00000407012F
000004F310CD
0000033C6A77
0000027EEC89
0000054CE2C7
000005FB9901
0000024D9B90
FFFFFFF92120
000000E785ED
0000030A4F94
000005AD17F8
0000062156DE
000004638D65
000003DE2B50
000003FDE9E7
000003610908
0000020440B3
0000016586C2
0000022106CD
000002D4E94D
000003A2572E
000003FDD63D
00000378E753
000001569F36
000003A04626
FFFFF9ADA760
000000A52C99
0000023A05FE
00000233557B
0000028A15CB
0000020DA60A
0000021EDDAD
00000426A0E0
000004342055
000001F96A5E
000002D1B74D
0000068899F4
000006BD9BF0
0000037F5B23
000001667FEF
000000D8C171
000001CD413C
000003FAD2CC
00000452AC8C
000003FA67B3
00000486C0BD
000003D47DED
000002B8C88A
000002D1090A
0000031DAB0D
000002700737
000001B4DEDA
000002B81AD6
0000035988D7
0000027B77A8
0000004A6BE7
00000395D80E
FFFFFB14E235
0000008AC9B6
000001F25990
00000242E078
000002A20E3B
0000023AC784
00000262546E
000003AFA813
0000036F705B
0000029AC9CE
000003882F3B
0000046F3E5D
0000044433E5
000004C22C67
000004C340A2
000002ED01A1
0000022AD387
000002F85248
00000271C43F
000002A6092D
000004148302
00000399F9C4
000002D3870C
0000039B0B58
000004C3B42D
000003E2BE76
00000233FD22
000002BE7AA7
00000319E756
000001A44B7E
FFFFFFF74E02
000003C8CCFC
FFFFFC534900
000000460A5C
0000021F6DE4
000002ACEFE9
0000028A75E7
0000025CFBA6
00000318A3A2
0000038BA2DC
00000295EB63
000002E8A691
000003B3EF2F
0000028386AD
0000029608AC
00000598955B
0000063E5726
0000034AE732
00000230927F
000003610754
000003792DAC
0000032074DF
00000332B3B7
00000376666B
000004006AAF
000003933297
000003266A51
00000330E85C
0000038494F4
000003BEE922
000002BC6E5A
000001269C80
00000076CF1F
000003D1A906
FFFFFBE5D191
00000021416A
000002693962
000002E792EB
00000263200B
000002983C7B
000003B0F2BB
000003096ADA
000001A3E2CD
0000034A9E7D
0000046CFAAB
0000022A1564
000001C01CE5
000004D5A704
0000051736DF
00000254F155
0000022A85AF
000004061239
0000046F443E
00000344AD97
00000274AA7F
000003DFC02A
00000534A69A
0000035E1C05
00000131CA5C
00000196929B
000003A7EECC
00000413F867
0000023B4E3E
000001140FA7
00000120EE04
0000034C8916
FFFFFAC87F01
000000223C21
00000224A221
000002C6113D
000002AA8023
000002F5F382
00000374D920
0000026AA4DC
0000021C1DA0
0000046635B6
00000462F6AB
000001535915
0000014019F1
00000403DEA3
000003FC36A1
000002C7D756
000003A735D2
000003B59BAC
000002887BA1
0000029D5B15
00000345A659
0000043CCCAD
000004DC6D3A
000004180DD5
00000335FEA5
0000022BE69C
000002620F20
000003139DE1
00000290FF94
000002451B84
000001C94A08
000002A3331B
FFFFFA299CA2
000000364EDF
000001E8FB67
000002A0625A
000002F1C09E
00000331BA6F
0000031FB970
000001FD3868
000002A82E2C
000004E7760B
000003E14FAF
000001551467
000001C02DE4
000003575AB5
0000033A56EA
000003EA0637
000004D8AD6A
000002320799
0000009A815E
000003435341
0000047A66BD
000002F574E0
0000033B019E
0000054499DB
000005B18A5D
000002E4854D
000000F22207
000001A69E40
000002D78D71
000003FA05A6
000002DF6FFB
000002BE0E74
FFFFF9C228BD
000000262BE2
000001FE3CDE
000002590953
000003096222
000003AE95C4
00000332B70E
000001CE66D2
000002BB53CA
000004731183
0000036AF282
000002824C09
000003152135
000002490303
00000174394D
000003F082AB
0000051495F2
000001749883
0000009DDCE2
00000490ECCC
000005275731
000002371FDC
000002820C4E
000004EBC279
000004F5C1D5
000003150CF4
00000215BF0D
000001AF04D3
000001C3988B
0000038C1BE0
000002DE50F4
000002DADC74
FFFFFA051703
00000042E596
0000021E4B1A
0000016D530F
0000029611AE
0000043E21AD
000003A9D6B3
00000241B260
000002D29723
0000034A9181
00000297F118
000003C4F372
0000047B1F24
000001B16556
000000803BC0
00000413B295
000005490C90
000001AEE43D
0000014CBD1B
000004D8A409
00000542C91B
0000036F261B
00000318CFF3
0000031161A5
00000344BAF7
000004828850
000004F33DDC
0000026DDE27
0000006F6089
000001EFE054
000001C6C7E4
000002AB6DAF
FFFFFACC01BA
000000D2CC85
000002D6FD74
000001408C09
000001D4F463
000003FF81AE
000003E3CDF5
000002D6BF08
000002E2A81D
00000231D335
000002245E4E
0000048BAC0C
000004B0B48C
0000019A029E
000001641384
000004B1D27B
000004A99ADD
000001A6EAC1
000001FE9FB4
000004166CB8
000003E66DD2
0000040E5E1D
00000481466B
00000315BB85
0000031DDBB4
000004BA82B5
00000477EB78
000001E8E34D
000000AF250B
0000020CAEF1
0000019A8298
0000029BDF05
FFFFFAA4BBFB
00000129B09C
000003AE578C
000001F94243
000001C4B46D
000003619F66
000003BC482F
0000039DB417
00000335DC55
0000019401AD
000001F79AEF
00000476C549
0000042D4A3A
00000203E289
000002813BE3
000004260594
00000366AFA8
00000264E3A9
00000351FAFF
0000034543CA
00000249841B
000003E3B2D7
000005B2094F
000004933BE9
0000039905D2
00000306A962
000001DC6C92
0000017A1908
000001F53058
000002BB9970
000001A63EF0
0000028BB836
FFFFFA6BD6E3
000000F0AA94
00000303B3AC
000001EA99DB
00000236D2EA
000003047477
00000348C5F8
000003EB57C5
00000379D077
000001A1B17F
00000222945B
000003BF1E56
000003146B9F
0000027734B6
000003844571
000003BB4EA0
000002BB0205
000003723270
000004881E57
00000341BCC0
000002779639
0000040D0392
00000501E4C4
000003DDF0E1
00000301A549
000001F271A5
0000012A9B0A
00000231C2CE
000002EF7180
000002548323
000000928756
00000235BCC3
FFFFFB42AD2D
00000059468C
000001DCEC2D
000001E7D2D9
000002A747D9
000002CFD77F
000002C090B7
000003BF45F6
000003ABEF8A
000002799DE0
000002D80DBE
000002E23311
000001F0B047
000002E85E10
000004608D20
000003B6FBA0
0000026BDEAF
000003B9E23C
000004FC8D09
000003CAE17C
0000034B038F
00000401D232
000003DD73FC
000002EFE7A3
000002846296
000001CC8441
0000015D55D0
00000279C5E3
00000326C61D
0000021A2BDD
0000001E364F
00000229D11D
FFFFFBCC600C
FFFFFF8DCD2E
000001AAB33A
000002585EC5
000002794278
000002516CC1
0000026EF860
0000039C977A
000003D278B5
0000034BABFD
0000036EA539
000002AF1643
0000020582C5
000003492E98
000003D80AA0
00000300E0D0
000002B35975
000003EFBD6D
00000488F47B
0000036DEA46
000003278ED0
0000036FAE30
0000035149D3
000002E64BCF
0000024EBBF6
000001CE17E7
0000019DA246
000002220DA5
0000026061FF
0000021A59E0
000001282389
000002EA19EC
FFFFFB6250B1
FFFFFD962E9E
0000008F245E
0000023C8A19
000001458BC0
000001641A03
000001AAB1F8
0000028B7D52
000002B06599
000002A0ECB4
000002DC9A25
00000214509C
000001C84EC7
000002AFD400
00000263EC19
000001C35FB9
000002595459
0000037E98B8
0000036D1438
00000229E087
0000021FAB64
0000024A50AD
00000196CE08
000000D48F5F
000000CAA09C
0000018A0613
000001E3695C
00000161FD88
0000009CF933
0000006991C8
00000170C756
0000030C582F
FFFFFBCB7C35
FFFFFD7570F0
FFFFFFBEF6EF
000001874E6E
000000F0F8B3
000000DDEE7D
0000013D0E6E
000001A87F2C
000001E6CA74
00000273D53D
0000029DF245
0000019217E9
0000012B5BDC
000001FD3B78
000001F65723
000001884348
000001DCDA7E
000002E37233
0000030FB4AA
000001A6C560
00000144D9FF
0000019F6952
000001213FE1
0000004A8459
0000003C0BD4
0000014BC548
000001DD7601
000001389825
000000C75539
FFFFFF9DF9DC
00000048023E
000000D5DDD6
FFFFFA68890E
00000007CC9F
00000130A22C
00000316A60D
000002590325
000002054E4F
0000022C3FBB
00000262B20A
000002AD22C7
00000360AF8A
00000367D57E
0000023D1D6F
000001D52DD6
000002A01F8E
000002861CA2
000001B23AE4
000001D05D1E
0000031AC70F
000003AB931D
000002181709
0000010C8C19
0000018B208C
0000021E46BD
0000023E4E89
0000020E9EBB
000002032659
000001F02C3E
000001E45833
0000025317D6
0000022F95DB
0000015E66F6
00000062A9B5
FFFFF8E4C0E4
FFFFFFE29AC8
000001B3771E
0000041023E0
0000030C5B55
0000033ECB86
000003358749
0000035CD31B
0000039ADB95
000004504D84
00000451AAE1
000003629B5C
00000331BEFA
00000392A1FD
0000034B8513
000002B5693B
000002D4D1C7
000003B6C977
000003F9F0ED
000002B04F2A
000002364466
000002E8FCDE
000003201BAE
0000032ED2F1
000003208505
000002D469C2
000002F41BBB
0000032C7930
000003384129
00000372FF96
00000253255C
000000F7EFE4
FFFFFB76DBE3
000002D6C0DA
00000330384C
00000342B194
00000018F491
000001B3F25E
000002ABEE12
000003B5ADCC
000004E2BB8E
00000561EBC6
0000052F14A9
00000504F563
000004D8FBAE
0000047D0945
000003D62624
000003B28419
0000041182B0
000003CA5A79
0000037E089F
000004A954D7
000006183E45
000006935B30
0000060B8F05
000004D2CB70
000004788A07
000005D6A056
000006F8DE95
000005C86197
000002EC6AD6
0000015CCECD
000001AD642B
FFFFFEEE97A9
FFFFFDFC48F9
0000000AEED7
000000ED3B57
000003019CC6
000001909ED0
000003FB1B33
00000576AA59
00000611C3D9
00000688FF75
0000062DBA95
00000549E0B3
0000050F9183
000004F2B13E
000004C4B159
000004255A12
00000439D30C
0000051AA707
0000049C364F
00000410A235
0000050DC245
000005F653BC
000006678413
000005ED3A93
0000039D22B6
0000023C8FEF
000003EF4E26
0000060E9D9B
00000566D039
000001EB2BE7
0000004F9756
00000184ACC1
FFFFFDFD8AF7
FFFFFDFA8945
FFFFFC9F1227
FFFFFEB78DD2
0000021F908A
000001A3A9D6
000003894A01
000004E1EC49
000004875B5F
00000351913A
0000026774F6
000001FABE3D
0000021CDBF1
000002700656
000002968C72
000001D13ECD
0000016ABD06
0000021D078D
0000020C41B0
0000019F2FC5
000002041CFE
000002173B82
00000205EF18
0000018739D5
FFFFFF447587
FFFFFDF3E077
FFFFFFDB58AB
0000023C53B5
0000029AF864
0000002412C4
FFFFFE6F59B8
FFFFFDBE5C00
FFFFFA4C7069
FFFFFD709A65
0000022D2557
0000045C3915
0000071B85B7
00000592C971
0000051E03B9
000005DE181D
0000058991B0
00000421E393
0000040BE320
00000492C235
0000055F1698
000006A9EAA5
00000759F693
000006010626
000003E48D20
0000037BD015
00000362C708
000002218329
0000021668A1
000002E2EE82
000003183DBA
000002644478
00000057F7CC
FFFFFEA014B3
000000565391
000003BACF13
000005C53821
000004754384
000000E330C6
FFFFFD9175B4
FFFFF8A36E46
FFFFFB5E7732
000001595A25
000002A82119
0000049EE3EE
0000032E3CA5
00000233331F
0000022B34C0
000002984121
000002376DC6
000001DBCD0A
000001955082
0000019CB60E
000002B5E5A8
0000038AC25A
000002564C27
FFFFFFED1E34
00000020A397
00000109B3F7
FFFFFF75B060
FFFFFE8230A1
0000002DCFF9
00000131C520
FFFFFFFEAB03
FFFFFDC38A19
FFFFFC57E85C
FFFFFD1BE0C1
00000047F9B9
000004A5ACC4
00000542D6CD
000000D5F62C
FFFFFE3DC769
FFFFF9322D39
FFFFF8E4F2EE
000000D24AFF
000000E3F06A
00000220026E
000000C32300
FFFFFF66763E
FFFFFEBBB258
FFFFFFB99B9E
000000B7C881
000000C5AFF2
000000D4724C
000000906971
00000085A1FB
000000A2FD3A
FFFFFF5F01EB
FFFFFCF1D0CE
FFFFFD64B218
FFFFFF7B046A
FFFFFEEF1E89
FFFFFDB1934C
FFFFFEEA95FB
0000003A3B6E
FFFFFF538DE6
FFFFFE43E190
FFFFFEA99EAA
FFFFFEAE0989
FFFFFFCBD7DB
000003F7AF83
00000517A69A
FFFFFFE82938
FFFFFDF4A7F2
FFFFF9211A02
FFFFF75417FB
0000006D0114
FFFFFFFFE550
0000010EBFE5
FFFFFFBE2C17
FFFFFE50E06D
FFFFFE373BDA
FFFFFF457E15
FFFFFFF7B465
000000471EA4
0000011ED2BD
000000FFA1D8
FFFFFFD55C6B
FFFFFF2DA7E4
FFFFFE098062
FFFFFC01F411
FFFFFC2AFC00
FFFFFEC5E426
0000000E1049
FFFFFF1CB890
FFFFFED4AEA4
FFFFFFF05448
0000009F1D27
000000B03D57
000000F59A9A
000000A23618
000000FB6BEA
0000033A947C
0000031A5F8A
FFFFFF0F3131
FFFFFDE7E319
FFFFF8C3B86F
FFFFF83172A3
0000004CE7C5
00000032BDCF
000001F58010
00000196C8AC
0000011BB944
00000286D8BB
000003F0655D
0000038B3551
0000024F5161
000001CF8DBA
000000C3CDC0
FFFFFF869CA2
FFFFFF968B12
FFFFFFF2D6F1
FFFFFF5CCE3C
FFFFFF7BAAE1
000001BA8C6C
000003ED7DC7
000003404508
00000257031E
0000031A3BAD
000003BFED32
000002DFC196
0000020AEA96
000001F1539C
000002163EB6
00000319D886
00000379325E
0000016D12E2
FFFFFF0E2708
FFFFF68CF58E
FFFFF7A5F4FF
000000AE4501
000000B5DCD4
000002590910
000003117AEF
0000039427E6
000004DADA5D
00000637C192
000006390907
000003DED99E
0000010220E2
FFFFFF7E0BA7
FFFFFF9E05EE
0000012B9E04
000002CAC562
0000030FA1D6
0000035628D3
000004E56207
00000544B687
000004227DAE
0000046F0258
0000053748FF
0000044EA321
0000023ADF9C
000001CF8D44
000002A5DFBD
00000259C3D2
000003099FF4
0000056694E9
000003C26477
FFFFFFA5C310
FFFFF4C39730
FFFFF4B3A8F6
000001E83DFB
000001C374F9
000002757438
0000036A3021
000003D737D1
0000036225C1
000003DF1B94
000005343D5C
00000448AA58
000002057B06
00000106A520
0000010C427D
000001B8DFE0
0000033FE804
000003937D6A
000003FDC7E0
000004F0FA16
0000037957C5
000001865BD2
000002804B9D
0000039BB969
0000020D8203
FFFFFF9B0039
FFFFFFAF1C7C
00000132F7E0
000000974766
000000FAB5E2
000003E0F160
000003084EC8
000000E5F594
FFFFF6FE378A
FFFFF2601E55
000002AC4872
000002942B3B
0000030087DB
00000336EB53
000003237B37
0000025417B6
000002813C13
00000353762E
00000416F41D
000004E48E14
0000040816DC
0000012E3034
FFFFFFEE9BA3
000001918A4E
000002AEF92A
000003026A1A
00000400623E
00000374691B
00000182FB16
000000F2C2D9
000001F5F96E
000001868FF0
FFFFFEDADC6F
FFFFFE2A4554
FFFFFFA17F6C
FFFFFF55364D
FFFFFF50DC2C
0000011E9775
0000013BB6CB
00000254B2F7
FFFFF9D1EB53
FFFFF244AE67
00000267CDFA
000002D62BAD
0000039936D3
000002641645
000001B8B713
000001B2AB4E
000001FB586B
0000011AAE32
000001BCDBA6
000004654FB6
000004A3B7FC
00000210A9AE
000000401606
00000091854E
000000B9B7AD
0000003DEC77
000001940819
000003847383
000003137695
000000D68F39
000000E76D3A
00000224133D
00000073001B
FFFFFEB6E5B1
FFFFFFCE4910
000000CAF6D8
000000CED879
0000005F7CA5
FFFFFF758F34
0000011BAF8B
FFFFF94703B4
FFFFF3A7535C
000001AB17CC
000002B0E1F2
000003E73D63
000002098DA2
0000013E7957
0000013D2B87
0000012013FA
000000706225
000000B3A1D2
000001938BAA
0000031E350F
00000481E351
000002F85A9E
FFFFFFF64A88
FFFFFE262364
FFFFFD86CB71
FFFFFF9F9F0F
000003726C48
00000440D911
0000013442C7
000000147F6D
000001BB201A
0000015B38F2
FFFFFF25E5F4
FFFFFF738FF3
0000020A9829
00000309C51B
0000013065C0
FFFFFEF6F21F
FFFFFFF8C82D
FFFFF92ED2E2
FFFFF548AF69
00000088CA35
0000016310E0
0000031D98B5
00000226D573
0000023DC92F
000001D29519
0000015AD308
000002974493
000002E62479
FFFFFFEEE8F5
FFFFFF865B66
0000029DE3E3
000002C66C58
FFFFFFD72CC8
FFFFFE6DD507
FFFFFE7FD891
0000007BE87D
0000037876E3
000003F32F7E
000001ED620D
0000012BC4FD
000001F1303E
0000016AAAD3
FFFFFF605DD5
FFFFFF20EE0E
000001904FA3
0000037B491C
000002CC7284
000000DBAC21
000001812C75
FFFFFBCBBEE5
FFFFF68090A7
FFFFFFE1DDC6
0000000A560D
00000242364B
000002C3F7B4
000002F5656A
000001939469
00000123A64F
000003BF4A82
000003FEF26D
FFFFFFA33A67
FFFFFD570EFF
FFFFFF740FE3
000001CCFB77
000001B5F4FB
0000005FFBDC
FFFFFF65D02E
FFFFFF97E754
000000236BBD
000000B25168
000001E52425
000003173DBA
000002F5A9B4
000001E23466
000000DA15CD
FFFFFFF34DF5
FFFFFFCFCB03
0000012556FD
00000277F358
000001D8FB48
00000228726B
FFFFFD19269D
FFFFF740E871
0000000F5763
FFFFFFF3B8EB
000002951B31
0000035FB4D0
00000270AE0E
00000076ABB8
000000355D86
000002478CC5
000002DB3310
0000013BA9CF
FFFFFFE751D1
FFFFFFA2E2AA
000000C4A47B
000001DBF3BE
000000963867
FFFFFE00C172
FFFFFCA11255
FFFFFCD10ACA
FFFFFE4C912C
0000004EAFC0
000001E18537
000002A77495
000002669910
000001DADB31
FFFFFFF388B7
FFFFFD8954BF
FFFFFE1142E0
0000003A015F
000000AD4DCA
0000008D9DF9
FFFFFB5600FD
FFFFF7420BD0
00000006C7FE
0000005A914C
0000030D0786
00000363402E
000001F9E52B
000000D9708E
0000006FED20
0000005EE499
000001843FB2
0000034E833D
0000026FF704
FFFFFF705180
FFFFFE82D035
000000ABB5D1
0000017F93B0
FFFFFEAE4B5A
FFFFFC6A1AFD
FFFFFE183EDC
000000340B8F
FFFFFF2453E4
FFFFFF28835A
000001D49E81
000002A02E56
0000011D69F3
FFFFFEEA1F02
FFFFFD644834
FFFFFDF25D31
FFFFFFDA1DC3
000000B608B6
000000537E81
FFFFF9C6DF9F
FFFFF6A709F4
000000202BDA
00000076698A
000002BA4BE4
0000036144EB
000002E856CC
00000225C1FC
0000007D6009
FFFFFF3DC6BD
000001298FBB
0000036EDB14
000001FADB58
FFFFFF4F98CF
FFFFFF8FA722
0000026A4854
0000038E9037
0000001E1D09
FFFFFD3FBB73
000000419FA1
00000332F086
000001460398
000000268006
000002225D1D
000002767FB4
0000004385E4
FFFFFE9891B0
FFFFFE2DDBD1
FFFFFEAC5DBA
000000DAFE9F
0000028F32C7
0000026545BC
FFFFFA7637E2
FFFFF69A9154
000000A17990
000000454D57
000001EB4CFE
00000364B84C
000004172558
000003002918
00000042CAC4
FFFFFF58A555
000001728900
00000293CE63
000001305387
0000006EB7B1
000001C4BDCA
000003DB63D9
000004064BBF
000000A4F24C
FFFFFE0D31EB
000000329867
000003B82682
00000491CC41
000003FC140D
000003153A24
0000023E78BE
000001B4F450
00000067A861
FFFFFE12498C
FFFFFD738E1B
0000008F27A7
00000329F68A
0000036F1110
FFFFFAE0754F
FFFFF6AC8445
0000015DC432
0000006C245B
0000012F7B46
000002A7C31C
00000466E93C
00000410B3A8
0000015B5F4E
FFFFFFC63531
000001062891
0000022140AC
0000017E75FD
0000003A461C
000000CDBCA2
000003664EA8
000005066C9A
000003C93CE0
00000100FA8C
FFFFFFBCCC62
000001C46FBC
0000053AF383
00000667F965
000003F1CB6E
000002A20BB0
000004849996
0000043C6637
000000332330
FFFFFD450833
FFFFFEA7DCDD
000000E13D9E
000001B51663
FFFFF9A6B9F9
FFFFF600641C
000002122DAE
0000014008A6
00000156FC29
000001F9DDAC
0000043888F3
000004E4A756
000002B00F54
0000002F7D45
FFFFFFFC6052
000001C1BC4C
00000279C162
000000A2DEDB
FFFFFF939514
00000196CBDB
000005607C15
00000750615A
00000431A171
FFFFFFA8A7F6
0000001E0540
000004B7ADAD
000006813915
000003F9EFC4
00000296B527
0000048889A4
0000050BF5C4
00000266894B
FFFFFE35B125
FFFFFC378845
FFFFFE23B749
0000007A676B
FFFFF96C1AE9
FFFFF637E66F
000002778F74
000002AC22DF
000002BFDADA
000001D72651
0000035C4879
000004BF9A5C
00000404FFC3
00000110D5D8
FFFFFF3DABC3
000000F13886
000003415605
0000025CFD71
FFFFFF377E2F
FFFFFE5A86D2
000002B9CF09
0000071F1FC7
000004F617F3
0000008823C0
0000011B4827
000004CB9EC5
0000058C5541
000003B785E1
0000024D93CC
000001170D58
00000012F0D1
FFFFFFFCE611
FFFFFE0D4059
FFFFFBAC392B
FFFFFDEF12BD
000001895684
FFFFFB054AC4
FFFFF6DCDBCF
0000022F574B
000003723961
000003AC0AEE
000000F23BFE
0000017DBCC9
000003D197BA
000004CE5944
000002274DC8
FFFFFF098EB6
FFFFFFF2623A
00000310F9B6
0000036B07BA
FFFFFFE027A3
FFFFFD4379F7
000000B99EE0
000005547A98
000004A30700
0000022240D3
0000022CAB38
000003574E49
000003EA0DA0
000003EACC2F
000002155BA1
FFFFFDF180B5
FFFFFB8C5EE0
FFFFFCF35670
FFFFFE2A2818
FFFFFDDDC8D9
FFFFFF2A6FB3
0000023C0B21
FFFFFC371CE8
FFFFF670838B
0000017C6E26
0000028D3258
000002DFB77E
FFFFFF963837
FFFFFFCFF110
000001EDCCFB
000003E07E8A
000002FACA6E
0000000E1B49
FFFFFF4152CD
0000019F17CC
000003BA1853
000002058FE3
FFFFFF18E2DB
000000675C3A
0000042DE647
000004BF5D3B
0000026BCF43
0000006D225F
0000005CB969
0000022C496E
000002E22895
0000007D8756
FFFFFD8158BF
FFFFFCBFD90C
FFFFFD7A82D2
FFFFFE970C91
FFFFFF5A996C
FFFFFFB51CBD
000001EEF81E
FFFFFCD93A2B
FFFFF6899B77
000000AA499F
0000005C6C58
00000170B80E
FFFFFF7BFC8A
FFFFFF79D91E
000000500BD6
000002665789
00000374381F
0000019F0B84
FFFFFF4CCA44
FFFFFFCAA001
000002627E15
000002FA59B7
0000008E4B68
FFFFFFB1F70E
000002ABA54C
000004D12770
0000023E70B4
FFFFFE41B089
FFFFFE3BB857
0000009CC2F1
FFFFFFFA334F
FFFFFD9E62AC
FFFFFDF4D1E9
FFFFFF2DA5BB
FFFFFEB8C4FE
FFFFFE4CCAF4
FFFFFEEE7312
FFFFFF798520
0000016065F4
FFFFFCD2E0DA
FFFFF7C1E9A3
FFFFFF93F1A7
FFFFFE2CBB22
0000005F682D
FFFFFFE2962D
FFFFFFB0441C
FFFFFFCEA457
000001694487
0000037C33EA
000002D7D89F
FFFFFFCC5720
FFFFFE1C95DD
00000034A647
0000026776E8
000000CE489B
FFFFFE33024E
0000003F64DB
0000044EDEEB
000002B88611
FFFFFDA76692
FFFFFCB32F4C
FFFFFE8197FE
FFFFFD39BC86
FFFFFB62FFF6
FFFFFCBDB67A
FFFFFEAED285
FFFFFFA49856
FFFFFF9B8D61
FFFFFF3BCB57
FFFFFEE209BA
FFFFFFDA1233
FFFFFB3B51F7
FFFFF860CF52
FFFFFF067DE9
FFFFFDB69303
0000005C63BC
00000064E7D0
FFFFFFE613BD
FFFFFFC25A67
000000D4E2DC
00000302396C
000003A96CF4
000000A4B4CB
FFFFFD6EBE0B
FFFFFEF1936A
000001A92F6C
FFFFFFF6E0AD
FFFFFCA1C26D
FFFFFE396CC1
0000029CC79A
000001DC4037
FFFFFD1DDBBB
FFFFFB7AB423
FFFFFCBAFA90
FFFFFCBDF7A8
FFFFFC0ACA82
FFFFFC421420
FFFFFDDC7C31
000000B036CE
0000019BC95E
000000084C19
FFFFFEB7CAC2
FFFFFF4ACA8A
FFFFFA96E966
FFFFF876A43E
FFFFFFB6CCC1
FFFFFF37E961
000001D6627C
00000219B840
000000B662DE
000000266E69
000000938043
00000250EA15
00000392CE52
000001754D10
FFFFFDB2BDE5
FFFFFDC356D8
000000030C45
FFFFFF18023B
FFFFFC5CA8F7
FFFFFC6F9110
FFFFFF647B4F
FFFFFFE5061D
FFFFFD084FF0
FFFFFB3D73B5
FFFFFC4C909C
FFFFFE715BEA
FFFFFF69AA2E
FFFFFEF59BE0
FFFFFEC0A16F
00000007A34C
000000C18607
000000087317
FFFFFFD0F720
000000FC0978
FFFFFBC16B44
FFFFF89AAFC4
0000029EFC67
00000195FA51
00000306D8F6
0000049130A4
000002869CAD
000001B54F39
000001BF095A
000002C45629
000004148099
00000343E5D0
0000002CF74E
FFFFFE9ADAF9
FFFFFFBA1C10
000000A01DBC
FFFFFF31D67E
FFFFFD203644
FFFFFE59891B
000000C560F2
FFFFFFDAE3ED
FFFFFD2A8273
FFFFFDDE9F43
00000197719F
0000037E6349
000002C8DD8B
0000014BA6F9
000000247321
0000005DAF63
000001D0382F
0000022502D4
000003738616
FFFFFD25D801
FFFFF7D7610E
FFFFFEDBB901
FFFFFA69B6B1
FFFFFA053826
FFFFFBAC032A
FFFFF9512D6C
FFFFF89C158D
FFFFF85F6855
FFFFF9019AC1
FFFFFA406B0E
FFFFFAE597A0
FFFFF96E3D2B
FFFFF7101183
FFFFF744238D
FFFFF9CDA10F
FFFFFA4A69FE
FFFFF7B6E1CB
FFFFF7B157FD
FFFFFA92FB65
FFFFFAEB32F7
FFFFF88AD1AF
FFFFF86459CA
FFFFFAAF97BA
FFFFFB48AB02
FFFFFAB199D4
FFFFFA1B061F
FFFFF8A29182
FFFFF853E11F
FFFFFA577963
FFFFFA723B37
FFFFFCBDF68B
FFFFF84DAC4E
FFFFF3FC786C
FFFFFDA38304
FFFFF9F3C24F
FFFFF79AC69E
FFFFF9878D13
FFFFF7C631C8
FFFFF6F3F900
FFFFF640460A
FFFFF631BE29
FFFFF73A5A18
FFFFF8D8C83E
FFFFF87C9330
FFFFF5F83A14
FFFFF57F5F64
FFFFF82A60C1
FFFFF998AD34
FFFFF7C9FC56
FFFFF743DBB7
FFFFF926755E
FFFFF9D90BB2
FFFFF9028C18
FFFFF89727BB
FFFFF8918893
FFFFF853FEEC
FFFFF87C708D
FFFFF8C16284
FFFFF7DFCFA1
FFFFF71B2CAD
FFFFF7F58C03
FFFFF994BD53
FFFFFBC82764
FFFFF8B983A1
FFFFF46B19E1
FFFFFEA44695
FFFFFCB6A027
FFFFF9F79552
FFFFFC443342
FFFFFBB32098
FFFFFB5A0273
FFFFFAAD12FB
FFFFFA522E16
FFFFFB1FF178
FFFFFCBDD7B4
FFFFFCE98CEA
FFFFFB5B0ACC
FFFFFAB97EE6
FFFFFC0564C2
FFFFFCDFE417
FFFFFC1A35DD
FFFFFBD6651B
FFFFFCA87246
FFFFFCD39953
FFFFFCFCDDBA
FFFFFCB88791
FFFFFBCB9211
FFFFFB5B2EBC
FFFFFB8131F3
FFFFFBC4DD3B
FFFFFC22B643
FFFFFBDB1A9A
FFFFFB6410BC
FFFFFBE87455
FFFFFF78957C
FFFFFCB7FD6D
FFFFF96CD9AF
FFFFFE8B356B
000000FFDA72
000003DA8038
0000053F15AC
000004A93437
000003EF0298
000003212AA4
000002D32696
0000030EA6A0
000003BDF438
000004AB52C5
000004EC55E0
000004F189A3
0000056D2595
000005C5A93A
000005BC53E8
0000056D0FAB
0000056066DA
000004AD6DF8
00000372AE10
000003916493
000003EB221D
00000374EEAB
000004517368
0000057BC558
000004111D4F
0000030FB815
0000040869A0
0000045D6161
000005142E67
000002A9B98D
000003618829
FFFFFDF2A786
00000047ABBD
000003854B11
000005F0CC7B
000006CECE1B
000006D00FA2
000005C0BDAF
000004A43747
00000445D5FE
000004875FEE
000004FB2D85
000005240967
000005703CB0
0000061950C2
0000068DCE51
000006C9A6A6
00000714FB3D
0000075FA493
0000071F0D91
000006100507
0000051ACE0A
0000040B9919
0000031736FA
00000478F9F7
0000067C560E
0000059D284D
000004E15305
0000055AD2D0
000004ACBB2F
00000643537E
0000045ACB23
00000549F418
FFFFFAA3271A
FFFFFBCC790C
FFFFFF4FBEA6
0000014D3667
0000032A8377
000003B6720C
000002FB1FC6
000001C87B65
000000DE4C1A
00000067C81D
FFFFFFE7F0ED
FFFFFF932B3F
FFFFFFEF9C68
000000C30707
00000147D657
000001CA7F70
000002E3A6EB
0000041FC150
000004822A70
00000392EBB5
000001B3F760
FFFFFFF12F0A
FFFFFF98F2ED
000001DB8530
0000036BC443
0000023C9A9E
000001F1F872
000002E69C26
0000026A8CE3
0000053C2BA4
0000036E13FD
0000051FBC02
FFFFFA680513
FFFFFB6E563A
FFFFFF31C912
FFFFFF575B73
000000025C64
0000002D6152
000000D8E189
0000014FFEFA
000000CE4895
000000A4CF36
00000028B1CA
FFFFFF960472
FFFFFF9A6B27
FFFFFFC6E35F
FFFFFF7EE8CA
FFFFFF3F39E8
00000001CC2B
000001634B37
0000020B2E3D
000001DE9A63
000001370FAD
00000030C988
0000006216DC
0000025C7730
0000027C5B2A
000000D9A08A
000000ED8D37
00000188CFBC
000001E4FBA7
00000598EB24
00000234B876
0000041C6B0D
FFFFF9735898
FFFFFAF1CE80
FFFFFF5BC990
FFFFFFC7EF20
FFFFFF7F8A82
FFFFFFF5ED05
00000157DDF3
0000029CCCE1
000002E60EE5
000003236666
000002A6403A
000001C20F72
00000172F409
000000D5B6ED
FFFFFFCF32B7
FFFFFFB687BD
000000C3B767
000001AE3C3B
000001E80036
0000020BD439
0000024A2302
000001FC9F12
000002C52E97
00000454F627
000003AAE3C2
000001E56AE1
000000D6F389
FFFFFF090F08
FFFFFF9EBE77
0000050C449B
000003540713
0000064C6BC3
FFFFF934EECB
FFFFFB9E7E4E
000000622827
00000056B8D8
FFFFFFDA79FF
00000045ED67
0000008C91B0
00000112FF1B
0000021066A1
00000319A789
0000036FB90B
00000393E8AF
000003E7D4E6
000002EAA891
000001384070
000001538267
0000029366E1
000002ADE8DF
000001AE12EA
0000019AB8E3
0000028F8BDC
000002B9FFF0
0000027A2732
000003A3F3F8
00000529C4B3
0000055AD393
0000033B20AB
FFFFFE6C326E
FFFFFCDBFA96
0000017B9A7D
000002005A64
0000082AC86A
FFFFF93E43B0
FFFFFC5C1952
00000173A213
00000120FE55
0000003CB231
000000115519
FFFFFF66A632
FFFFFECAC9BE
FFFFFF056982
0000000F346B
0000017D5F05
000003943EDE
0000058BDD15
000004C93533
000002955A00
000002ED3A19
000004420FC0
00000369F179
00000142C01C
000000DBD83C
0000020D13FB
00000204B8A8
000000B9C12B
0000018A71F4
000004E7488C
0000078AC5F5
00000693C89B
0000007ED07F
FFFFFB784928
FFFFFE99C104
FFFFFF3E07B0
0000077B352C
FFFFF92A5007
FFFFFC6BC9B4
00000208DF62
000001CF2F26
00000038C159
FFFFFFE2BF47
00000095700F
000000534111
FFFFFEE6686A
FFFFFE2F4B38
FFFFFEEA8B04
000000FA6F4B
000002DB897B
000002B64C7A
0000021373C2
000003DA8A72
0000057C5BCE
000003F3AF75
000001E7F8C7
00000198C0AB
000001987681
000000777E3F
FFFFFF078B07
FFFFFF3B1AF4
0000015C0E5E
0000045F1E1B
000005DD12DE
000001F433F1
FFFFFD2F19E1
FFFFFFA1A0AC
FFFFFD201E44
000003DEF08E
FFFFF95C896B
FFFFFC958446
000002644192
000001AC2227
FFFFFF855F34
FFFFFF8D1BB9
000001989755
000001EB06F2
000000BC2E1C
FFFFFF9F4EE0
FFFFFF1A7F5B
FFFFFF5D820F
FFFFFF545AD7
FFFFFF0D7DA3
0000002D2288
0000030E68E7
000005579B60
000004345D16
00000216DE40
00000188B3B0
00000149D7B3
0000000B14B7
FFFFFE7C5389
FFFFFDF49826
FFFFFE8A214D
000000818F93
000002795109
00000140891A
000000556AE6
000001B5767C
FFFFFB6B75FC
00000124C73B
FFFFF9E4940F
FFFFFCF205A4
00000211AE78
000000B618A6
FFFFFF2FC734
FFFFFF7F1F91
00000005E8CD
FFFFFFC7B6FF
000000F1E4E7
0000021F3E2A
000001E607B7
0000015BDC99
0000002F96FB
FFFFFECC7877
FFFFFE648A04
000000229311
000003385974
000003231FB8
000000697D11
00000017383E
00000238A0E1
0000028DEDA4
000000913680
FFFFFFC213AF
00000095FBC6
00000102CBB2
0000006FA726
FFFFFF422657
000000EC1237
000001AB58FE
FFFFFBB11BD4
000003322B4D
FFFFFA0C114B
FFFFFCA5E2A3
0000011D898F
0000005D1A35
000000150180
FFFFFFFC77EC
FFFFFE8F0F2B
FFFFFDC1FF1D
FFFFFF8CC168
000001FD84BB
000003C6141B
0000046B9F59
0000031CFE61
00000097A0E9
FFFFFDF898F4
FFFFFE474491
000001683B7D
000001D3B0DB
FFFFFFFDF415
000001031722
0000040E5133
00000497D6CC
00000331B0D9
000003CA3C45
000005289473
000003977A0C
000000213210
FFFFFE0776DB
FFFFFFD74FDD
000000DA49B3
FFFFFD0A3D79
000005E80250
FFFFF9C8575E
FFFFFC1E2BB4
000000E580A6
000001471309
0000013B7449
000000A6EE9E
FFFFFFB5D7B5
FFFFFEC737C5
FFFFFD535517
FFFFFDC1CAE4
000001AA5B9D
000004CD40D6
000004B66EBD
00000345FB7F
0000015CE218
000000B38F2E
000000FC489C
FFFFFFCA8C77
FFFFFF706B7A
000001E7C0CC
000003FFBBD0
0000034710A2
000002B0654A
00000509679E
000006C3AA56
000004CB2430
000001606CFE
FFFFFF5F6B43
0000000482CC
0000003CE519
FFFFFC2BDB85
0000049F4C59
FFFFF92E2B2F
FFFFFBB77189
0000015F04A5
0000024B9012
000001D58884
000001BEC9CE
0000021D135E
00000090A9E4
FFFFFC49E487
FFFFFA61053F
FFFFFD164BB9
000000D31554
0000042248D9
0000063F790B
000005FD2FD3
00000461E668
000000FEFB81
FFFFFDA7784D
FFFFFD9CDE96
0000001239D1
000001B39578
000000D0C37F
0000006CA0F0
00000304B049
0000051D7D9F
000004A8E118
00000334C672
000001A83534
000000F70B34
FFFFFFC27E29
FFFFFAABDA1F
00000272207F
FFFFF8A59592
FFFFFB471BC9
00000136A259
000001D67BC0
0000011E555D
000002269B0E
000003351408
000001D09ECE
FFFFFF36B9D9
FFFFFD4BDBDC
FFFFFB4A8445
FFFFFB36E5A6
FFFFFFEAB44B
000004D491B9
0000066C44EC
00000608E96F
000002FE60A4
FFFFFF663EC8
FFFFFE1AFA13
FFFFFE73283D
FFFFFF6A91F7
FFFFFF8ED40E
000000069BD0
000001E8EC36
00000345AFF5
000003FCB7B3
00000463C1CB
00000308044E
000001421315
FFFFFF40DB38
FFFFFA55F708
000001D400A6
FFFFF84847FA
FFFFFADB2BD9
000000A70B14
000000D14435
FFFFFFE63A6E
00000102CA8F
0000022E33CC
00000299A9AF
0000036B3FEC
00000238D53B
FFFFFD44BABD
FFFFF99393FA
FFFFFB041AFD
FFFFFED70F58
00000306CD84
0000062D5B62
000005D94EE5
000002EDC83E
FFFFFFF06D02
FFFFFE713C3A
FFFFFEAB9D71
FFFFFF5D376A
0000007B9CA2
000001A9B433
0000025F5A37
000003B0FF0B
000004E037BA
0000036C3119
0000011BB00F
FFFFFF6EAF31
FFFFFAE4077A
000001AD0582
FFFFF83FB5DA
FFFFFB2AF78D
000000B3598A
0000005ADEFD
FFFFFFB1EE80
0000000B221C
00000027769D
000001949086
0000045EEABF
0000043D8247
000000A15986
FFFFFD801364
FFFFFB8B4F08
FFFFFB00A38B
FFFFFE3709ED
000002FD435B
000005A67EA4
000004FBC981
000002157E2D
0000001A519B
FFFFFFDEBDAA
FFFFFFCAECAB
FFFFFF9008CB
00000009D3BC
000001B979B5
000003F5DA6C
000004C29090
0000036E23D8
0000026E4939
0000020F9CDB
FFFFFCE28463
0000022B6C7B
FFFFF83DF8E6
FFFFFB94ED4F
0000011A5F14
0000004D04C5
FFFFFFF391FD
FFFFFFFBC44C
FFFFFF1133C4
FFFFFFF0F752
000002B2D838
000004003A9F
000003A5A8FA
000002B9531B
FFFFFFAAC5E3
FFFFFB96998A
FFFFFAF10ECE
FFFFFE86FA38
0000032DB438
0000059209D5
000004BAB7FE
000002A8B0E6
000000D24B6C
FFFFFF419695
FFFFFE651525
FFFFFEC40A20
000000E999E6
000003A7C381
0000047F0089
000004244273
000004F3F601
00000515B9D0
FFFFFEF0ADF6
0000033AACFD
FFFFF8279386
FFFFFB81B40F
00000143142F
000000610939
FFFFFFD96A09
FFFFFFDCAB02
FFFFFF3E2DB2
FFFFFFD3AC7A
0000014E3429
00000266780F
000003A8B19D
000004878E6F
00000305E06C
FFFFFF941196
FFFFFD4F6C1C
FFFFFD6508F4
FFFFFEECAF54
000001D30ED5
000004A00178
00000447DE78
000001106C50
FFFFFEE7C6AF
FFFFFFAAA12B
00000084220C
000000D12476
000002294E9D
000003596339
000003DFCE99
0000051ED2FB
000004B4CCF0
FFFFFEA97F75
0000038E5AAF
FFFFF83E7F3E
FFFFFB87742E
0000013F56EC
000000719B48
FFFFFFD906A7
FFFFFF7A2506
FFFFFF39B0B5
000000970078
00000185A9CE
000000AC1E63
000000EB49B1
0000038FE22A
00000528C85A
000003F660F1
000001AEA8FA
FFFFFE5F0D1E
FFFFFB960C29
FFFFFDD4D1B8
00000304AB24
00000434BEC5
000001861649
0000003596D0
0000015B29E9
000001E15034
00000151B3A7
00000176892F
00000179873E
0000018E8B56
000003206F8E
00000287BD7C
FFFFFCD81124
000002E8F802
FFFFF8CB17C3
FFFFFC1D9934
0000016BD3B4
000000965CF5
FFFFFFFB4C0E
FFFFFF05AC71
FFFFFEDA6A4E
00000126919D
000002604D26
00000063E9BB
FFFFFF7684B3
000001E197B1
000003EA1BF1
0000047790A4
000004517730
000000FA67B8
FFFFFD024AB1
FFFFFEB711DC
000002BA6CC0
000002CBBAAF
0000011AED2E
0000008BDBF9
FFFFFFB7E71F
FFFFFF3B20D1
000001293A81
000002C2F55B
000001DBFCAC
0000016ADA62
00000353D5DA
000002074D60
FFFFFB1F60A7
00000175BA37
FFFFF9757CC3
FFFFFCA2DBE3
000001C653CB
000001541EE9
0000005BF56F
FFFFFE796150
FFFFFE77B13D
000001502965
000002C10D0D
0000012D2753
FFFFFFFB8BD7
0000005E3FBA
000000CDAE87
000003000140
000005C2A55C
0000037B3E4E
FFFFFF91CA46
000000B8ABA8
000003039A7A
000002343259
00000113B0E2
FFFFFFC7D5CA
FFFFFD1A924A
FFFFFC814BF4
FFFFFFCF0070
000002992D4B
00000375556E
000004F1233F
0000066CA59C
0000033A171D
FFFFFA746D24
0000003F7C4A
FFFFF993275A
FFFFFC879193
000001F5D322
00000218D539
000000E87936
FFFFFE5AC3A9
FFFFFE288F51
0000007A63C5
000001A32B6C
0000016F618E
000001374D53
0000003E271F
FFFFFF96FA12
00000232C072
000004B72CF4
00000284495D
FFFFFFEA601C
0000016A30E7
00000318D7BD
00000311B1CD
000002EF9E88
000000E110CA
FFFFFDF42104
FFFFFDD2559E
FFFFFF064FAA
FFFFFF8540CB
000001BF0E49
000005EEFD9E
000007CA1F7E
00000445864E
FFFFFB894E82
000000E48B8F
FFFFF8C9EAA9
FFFFFB938276
000001C6487A
000002667E54
000001608A18
FFFFFF038E6E
FFFFFE51C7A5
FFFFFEE71399
FFFFFF9E2EBA
00000198861B
000002E13C95
000000D848F3
FFFFFF211ED2
0000017626DC
0000033A0C2C
000000D55473
FFFFFF3A2697
000001184C1E
000002C48B7F
00000354BB3C
0000039FB831
0000028AC663
0000013E9CFF
000001101AA3
FFFFFFE32EC0
FFFFFDEE1FF9
FFFFFEB978D5
000002DC78C7
000006340465
000004461642
FFFFFCE1CA8B
000001F5D53A
FFFFF80B5389
FFFFFA859C4E
00000166E139
00000272B5C7
0000014F0BB9
FFFFFFFA7432
FFFFFF4F7CA9
FFFFFE3EEB5C
FFFFFE64A974
00000194C51F
0000037AA51B
0000012960C1
FFFFFF6BCCAD
00000197B952
000002A1EDF2
0000004D960E
FFFFFF0EF203
00000028AEBD
000001451CBA
000001C5FAA8
000001CD3589
0000019B117C
0000021D3A32
0000026CA8B8
000001B68357
0000005DEE9D
FFFFFF7A4452
000000D77C60
000003C03625
000002EB1546
FFFFFD3482A7
000002A62116
FFFFF7BC3346
FFFFFA7A0F4D
000001372E2E
00000288381C
000001829F53
00000148A37A
000000633D16
FFFFFDECC233
FFFFFDA68AEF
000000DC296F
000002EA8FA1
0000016E54B6
000000345DF5
00000149D32E
0000015B7952
FFFFFFEA1021
FFFFFFB29465
FFFFFF559108
FFFFFEB65377
FFFFFFA97520
000000A67FBA
0000004123E6
0000001A6268
0000016430CF
000002FED5EA
000003247877
000001AC446A
000000C42CDF
000001CAB217
00000164A22C
FFFFFD3454FD
00000313FD9C
FFFFF79BB05C
FFFFFB35B81E
0000014C3F04
00000235DF46
000001C356D6
0000025B400E
0000014651DB
FFFFFE4CAA2A
FFFFFD896AFD
FFFFFFB86DA9
000001569E6B
00000156588C
0000011F4A93
0000010CD42F
0000004F6780
FFFFFFDFE435
000000681E30
FFFFFEFF74B7
FFFFFD36C2CD
FFFFFEF107AC
000001BA7BD7
0000010A3C0A
FFFFFEBC6801
FFFFFF623CB3
000001D89C5D
00000307D87C
000002BB7FE5
000002239060
000002230FB5
0000017CD26C
FFFFFCDA1720
000002571A6F
FFFFF75FB6D5
FFFFFBBAD818
000001DDB1F4
0000021E99B6
000001697BAF
00000247730F
000001C7D90C
FFFFFF702F81
FFFFFE23E72E
FFFFFE690661
FFFFFF39237D
000000EFE602
0000027C5FB9
000001690151
FFFFFF4B276F
FFFFFFF9FD5E
000001813594
FFFFFF5EEDBA
FFFFFCB528F4
FFFFFF15BCD0
000003529FAA
000002D980B0
FFFFFF45E1A0
FFFFFE37FC24
FFFFFF8DEF37
000001509728
0000032706EA
0000038E7FF7
00000321F4F8
000002445754
FFFFFCD14436
000001C72F5A
FFFFF694CD8F
FFFFFB5023B4
000002663D97
0000029576C4
000001827B07
000001DCE455
000001C2762D
00000085909A
FFFFFF192E12
FFFFFD9A4CDF
FFFFFD1D8172
FFFFFFDBB1B7
0000031F8D3F
000001E18952
FFFFFED8A84B
0000002D4AC3
0000029F810D
00000011EB8B
FFFFFCB9B14F
FFFFFF078900
0000033F3975
0000033D8C8C
000000ABFA88
FFFFFFA77222
FFFFFFC99454
0000008E62C9
0000024BB3B6
000002BB6B89
00000220AA60
000001BF4B8B
FFFFFD48FC69
000002919456
FFFFF49253A8
FFFFF9071CDE
00000063754E
000000643222
FFFFFDA4C28A
FFFFFD68E365
FFFFFD134D50
FFFFFCBB90FE
FFFFFBA54D4A
FFFFF90E9AB0
FFFFF784A25E
FFFFFA53FB16
FFFFFE4B7976
FFFFFDAC268F
FFFFFB30E597
FFFFFCA89C4B
FFFFFEF46B1B
FFFFFCC4D3C2
FFFFF98FB420
FFFFFA97FEA4
FFFFFD3B2F14
FFFFFDF31218
FFFFFD9F6385
FFFFFD850034
FFFFFD5B623F
FFFFFCEFED90
FFFFFCC3B1FA
FFFFFC8B8B5F
FFFFFE2603E1
FFFFFDBEABEE
FFFFF9B063EC
FFFFFECEF67A
FFFFF233AFCE
FFFFF6DDDA9D
FFFFFD6908D4
FFFFFD23E6CC
FFFFFC320A2B
FFFFFC9308BB
FFFFFD15E2D8
FFFFFDBE01A0
FFFFFD4CDAB1
FFFFFA88DF22
FFFFF89B6FA7
FFFFFABC8BC3
FFFFFD93600C
FFFFFD1EB980
FFFFFC0F0F0D
FFFFFD776147
FFFFFE6A337F
FFFFFC7B895E
FFFFFA8F5DCB
FFFFFAD044B1
FFFFFB32B30F
FFFFFB6918A1
FFFFFC4665E2
FFFFFCD11A02
FFFFFD14E288
FFFFFD0BA555
FFFFFBF2A0EC
FFFFFB6EE0F4
FFFFFE80D047
FFFFFE53F1E8
FFFFFBAE2C57
0000021AEFD7
FFFFF70A20FF
FFFFFAB486FC
00000072E52A
0000007E46F5
00000121CDFB
000001C11A5A
0000026B6C0C
0000037344C3
000003A1CD1D
00000199E139
FFFFFFCDCBCF
00000054F576
00000125B904
000000ED4EAF
000001294F75
0000023E2F06
0000023B2AEC
000000A1F393
FFFFFF64C7B8
FFFFFF757E20
FFFFFFA0A274
FFFFFFB37579
000000654733
0000011E772E
000001CE2488
000001CFFE86
000000C36A8A
000000DE59A6
000003437103
000001830501
FFFFFE7BFD5D
000003E113FA
FFFFF91719FE
FFFFFB7A51D2
0000003E6749
00000090720A
0000008DACE7
000001121186
0000016B486D
0000024CAA72
000002A59EA9
00000170608A
0000002BB374
FFFFFFE248BC
0000000725F7
0000005CA232
000000FBD760
00000114E416
0000009DEE5E
FFFFFFEF1755
FFFFFF3D12EE
FFFFFF47B46D
FFFFFFD8DE79
FFFFFFA63C07
FFFFFF58ED62
FFFFFFFCF0DC
000000DC077E
000000C9FF1E
00000070CC80
0000010F468B
000001D249F8
000000094037
FFFFFDC4BB94
00000298D866
FFFFFEE0B1B5
00000549ABCE
000004297CB9
00000130EDD8
0000000AA5B4
FFFFFE6F7B51
FFFFFE82902C
FFFFFF6813C6
FFFFFFDD05DF
00000018FB0E
00000037DADE
000000CF3400
0000017EA83E
0000011CA1BC
0000003A5D6F
00000056A4E8
0000005DB3DD
FFFFFF3F7D91
FFFFFE09B05E
FFFFFE3241C1
00000006C10E
000001CC087D
000001DA98FA
0000001132CF
FFFFFDA857E5
FFFFFE4CD1F9
000001B4DDD4
0000022F43A7
FFFFFFAD0E58
0000007F6B5F
0000017CD4F5
0000021E7A6A
0000011FB73A
000005B962C8
000002D8D36A
FFFFFE062AFE
FFFFFD6CF72C
FFFFFC63AED3
FFFFFD616CBC
FFFFFF336CBA
0000007B8325
0000018C9704
000001FD464F
0000023511E3
000001F89F5E
0000002E5D9D
FFFFFEB85090
FFFFFF2E6F37
FFFFFFBC5198
FFFFFF15733D
FFFFFE8035F9
FFFFFF29332B
0000007EBF4B
0000011A34DB
000000E2401F
000000365CB6
FFFFFF567E67
000000C91C39
000002A8A217
FFFFFFD7CFCE
FFFFFC5432BE
FFFFFEFCA0A6
00000167F9E4
0000024DB603
000001B90075
0000048875C8
0000007A82D1
FFFFFC7F6D88
FFFFFC8AD8AA
FFFFFD4D2164
FFFFFEF31543
00000024FE08
0000011A8BAE
000001E0AB0D
000002015DBE
000001D4CAE8
000000F7E8B0
FFFFFEE35938
FFFFFE3D494E
FFFFFFD19768
000000A9D9FF
FFFFFFD88E33
FFFFFFD4414D
000000AC8641
000000AE1733
FFFFFFE48AB8
FFFFFFD96ED5
00000033D519
00000102F666
000002CF3117
000001E3AB22
FFFFFCCEA11A
FFFFFBC0AD5C
0000004491EC
00000202F181
000001BD0F5D
00000194F132
000003A07825
FFFFFFD4BA44
FFFFFCD5A8CC
FFFFFD9B69E6
00000052496D
00000234437A
0000026FFEC8
000002052E49
000000F2E992
FFFFFFF0CF94
FFFFFF452556
FFFFFE85B38E
FFFFFDC763C9
FFFFFEEFF07B
0000018FD9C4
000001EB571B
00000027C708
FFFFFFCD79A7
000000554596
FFFFFFB1D87B
FFFFFF3BCF24
00000004AD5E
00000051D057
000000545F7A
0000004028BF
FFFFFE16C718
FFFFFBAABD2C
FFFFFE080F2D
000001C0E3A3
FFFFFF97DDE2
FFFFFE7C749B
000001472802
00000377B364
FFFFFEFDDB9F
FFFFFDC53DD6
FFFFFF949E8B
000002C17D18
0000042B2F99
000003347436
0000014F1BD4
FFFFFF906545
FFFFFEA62D45
FFFFFDFF202A
FFFFFDBAEB32
FFFFFE9EA55E
00000104D818
0000035FD56C
00000243B0AE
FFFFFF39FC44
FFFFFE744380
FFFFFFC5D52F
000000B17ADE
0000008B4DC2
0000001B9060
00000017337B
FFFFFF964D52
FFFFFDB5355B
FFFFFC3D896D
FFFFFDF356D4
0000021959CB
00000361FB24
FFFFFE7E8FB1
FFFFFDAF93E4
0000019257A5
000003463FB5
FFFFFF030F47
FFFFFF276029
000001AC1003
0000036B563A
000002A7CD10
0000002CF9E0
FFFFFEA8AA15
FFFFFECD467B
FFFFFF7DD798
FFFFFF60FF11
FFFFFF1BA655
0000005A96FD
00000268B92B
000002BE8EEC
FFFFFFF18645
FFFFFCDC9B3A
FFFFFD496D02
0000001CA868
000001A0C0DF
000000B86092
FFFFFF22CD8C
FFFFFF2AB22B
FFFFFF744815
FFFFFD9C550F
FFFFFC31B656
FFFFFEF6DBBC
000002E88DAF
000002C6DEA0
FFFFFE8C1299
FFFFFF86423E
000001BB0850
000003113A71
FFFFFF7F3160
000000B637F3
000002CA4736
0000026188E4
FFFFFF8CC83F
FFFFFC92F077
FFFFFCF53147
FFFFFF660DD2
0000010BC0AE
0000012C3DF0
000000C78412
000001E9764F
000002EF9DE6
000000A5CC49
FFFFFCBB5063
FFFFFB67AA27
FFFFFDD8EA76
0000011B6536
0000019CEB62
FFFFFF9E6000
FFFFFE782626
FFFFFF8A8CA9
00000080A47C
FFFFFF176C84
FFFFFDC12F9D
FFFFFFDF74E8
000002068F4D
000000F53E3C
FFFFFEC8FAEF
0000023102A8
000001A2E068
00000319677F
000000075228
00000153A623
000002457845
000000559EAF
FFFFFD77095A
FFFFFC4121B3
FFFFFDF470B8
00000037DA16
0000013257BA
000001993385
000001E2BEBC
000002A4557F
000001EF2C27
FFFFFDC45861
FFFFFA6398A4
FFFFFB8F5ACE
FFFFFF45E162
0000018D72C9
0000005C36DE
FFFFFE6F8ECA
FFFFFEF38DFA
000000F47DAD
0000013847D1
FFFFFFBB8A6D
FFFFFFD8DEDB
000002332FC6
000001B6E725
FFFFFEB2128F
FFFFFDF26440
000001B9C79E
00000108FB94
000002D4BCC6
0000000B1349
00000124DF18
00000111768C
FFFFFEEB44BB
FFFFFDE903FB
FFFFFF5D8E69
000000D2680D
000000AC12E3
000000026248
00000075457A
00000187364B
000001DD8A80
FFFFFFF2B885
FFFFFC5C61A7
FFFFFB783710
FFFFFE4B8F93
00000166DE74
000001AAC9E0
FFFFFF577736
FFFFFE5E1694
0000007B3768
0000019D9591
FFFFFF9FF116
FFFFFEB86804
0000018CEC15
000003F6A321
00000139A5B6
FFFFFD635C07
FFFFFDC5A290
FFFFFFBE1A70
000000364A03
0000023C461C
FFFFFF9F1858
000000540F5E
FFFFFFC89A80
FFFFFEE9D839
000000112EE7
0000027BB71E
000002F7F92C
00000164D3C3
FFFFFF785434
FFFFFED45A6D
FFFFFF589EFF
FFFFFF3CB2BD
FFFFFDE5722A
FFFFFD3959A3
FFFFFF1D8198
000001F6C0D5
000002E588F7
0000014ACD07
FFFFFF6F80F6
FFFFFFFB42F2
000001CC9EB2
000000F586E8
FFFFFDD37CF8
FFFFFE3A95CA
0000021DA206
000002938BBD
FFFFFEEE2D9D
FFFFFD964BAD
FFFFFF934E11
00000085BCA5
FFFFFFE425B9
00000277E29A
FFFFFFE9B645
FFFFFFCF2A93
FFFFFF1210B6
FFFFFF95E81E
00000183102F
000002D5781D
000002A912E6
000001BCE711
FFFFFFE49B91
FFFFFE72E8D3
FFFFFDF5DD98
FFFFFD46A04A
FFFFFD0E2456
FFFFFF2851E8
00000206A669
000003258D63
000001BA2B4C
FFFFFFB3FE90
FFFFFFB25317
00000140F8A1
00000175A54D
FFFFFF90D0B2
FFFFFDFAD57A
FFFFFF937DBB
00000150354F
FFFFFF424229
FFFFFD0C08D1
FFFFFF5AFE67
000001BDCB3C
00000231595A
FFFFFFFAD37B
0000037709BD
000000C4836F
FFFFFFF33188
FFFFFF81BD8A
000000906294
000001ABEDE9
00000173BC48
000000EC986D
0000006BCE05
FFFFFFCD0366
FFFFFF3D1165
FFFFFE5930BF
FFFFFDA3ADD7
FFFFFEADE039
0000013E0DDF
000002C12ADC
000001CF9007
FFFFFFBB2646
FFFFFE6589BA
FFFFFED48613
FFFFFFBF0DC3
FFFFFF90C469
FFFFFF098EEF
FFFFFFAC1133
000001499B09
000000B34E9A
FFFFFE41D936
FFFFFE84E8D1
0000015F86DC
0000018AD4B0
0000006432A7
00000063D16C
00000480A824
0000016E2037
FFFFFFE9C3A2
FFFFFFDB0A0F
0000010C1C33
0000014D547C
00000049B95B
FFFFFF6457A6
FFFFFED08103
FFFFFF9CAA55
000000709C8B
FFFFFFA54232
FFFFFF56154A
000000C33F60
000001B3152E
000000D6C2D0
FFFFFFBEAB30
FFFFFF9D6BCF
FFFFFF35B281
FFFFFE2089BB
FFFFFDDEF1FA
FFFFFEB2C049
FFFFFF461ECB
0000001A57CF
000000DCE961
00000035E705
FFFFFF85B21F
0000013B9F8A
000001F3B4BF
FFFFFFC3F5D0
FFFFFD4E91F6
0000012A7C22
000004E6A396
00000113E1DB
FFFFFF5106E9
FFFFFFAB9A17
00000077AB28
000000711EED
0000001E685E
FFFFFFCADA25
FFFFFF6BDAEE
0000003A1C15
000000F484D4
000000C6031C
000000B13E92
00000070B2AB
FFFFFEF2DD5F
FFFFFDC35F16
FFFFFED440B5
00000156FDFE
0000015EF8F4
FFFFFF65FB59
FFFFFF20A191
FFFFFFB289EC
FFFFFECB3937
FFFFFE1282F6
FFFFFE5F9594
FFFFFEE7A443
0000002328DD
000002454A89
0000017E98A1
FFFFFEB1AF0F
FFFFFD81414A
00000207FF50
000004ACBFEB
FFFFFFEA0E57
FFFFFE99BC8C
FFFFFFB11837
FFFFFFA007AC
FFFFFF17930E
0000008572F7
0000020B3933
0000011E8A2C
FFFFFFAF2D68
00000020D5A9
000001873F73
0000014E0655
FFFFFED6171C
FFFFFCB82272
FFFFFD42382C
FFFFFFE6D320
000001F65CD6
0000015757A0
000000A0E8A9
000001145A3F
000000124DBF
FFFFFE2341CF
FFFFFD89FB40
FFFFFE117720
FFFFFEC4C0DB
000000508258
000001F367F9
0000000CEDA0
FFFFFD7700B1
FFFFFF30BEA6
0000028C0236
00000442C351
FFFFFF261E1D
FFFFFE6EAD79
FFFFFFBF1E6D
FFFFFF493808
FFFFFEB4B588
000000FA0D79
000002D7875D
000000E0F0E0
FFFFFEAD1357
0000000F572F
00000208C94E
000000AE0197
FFFFFE3653F7
FFFFFE038D0B
FFFFFFBBD2F9
0000019960BC
00000100EACA
FFFFFED7ABF6
FFFFFF47A02E
FFFFFFF921EC
FFFFFE31636E
FFFFFE025FE6
000000165B8E
00000161AA10
00000109EBD6
000001169573
000000E35592
FFFFFDD7BA45
FFFFFBD82CCD
FFFFFF914A28
00000264D791
000003BC7925
FFFFFF1E69D4
FFFFFF104880
FFFFFFEDE4DF
FFFFFF8270DA
FFFFFFC869AB
00000148BC6F
000000D3A019
FFFFFED2DBD3
FFFFFF7B791C
000001C3FE01
000000FF7548
FFFFFE891F15
FFFFFEDAC196
00000080F54C
0000014E5AC2
000002101820
0000005A6C2D
FFFFFD7FC584
FFFFFDD62809
FFFFFE253371
FFFFFD511FA6
FFFFFF17A47F
00000212CBCE
00000302D439
000001D1A002
000000F4588F
FFFFFFA9F3E7
FFFFFC89910C
FFFFFBD78DD5
0000003B0986
000001A9E765
00000310A495
FFFFFF46539D
FFFFFFF3F83E
0000005B6227
00000030BD49
000000FE9047
00000106152C
FFFFFE521ABE
FFFFFD90E788
000001402AAD
00000291BE09
FFFFFF07730F
FFFFFDCEC069
000000659895
000000C6F94F
FFFFFFC64A19
000000B5BB41
000000198211
FFFFFE5BFC0D
FFFFFEF3BE4C
FFFFFF669FE8
FFFFFFD47E0B
000001474102
00000140CD38
FFFFFFADE3F3
FFFFFEDDDBF1
FFFFFF56BBFB
FFFFFE931831
FFFFFCEAD381
FFFFFE0DE250
000002763179
000000DF4F73
000002A2216F
FFFFFFB1B4E2
00000080B063
00000045BF8E
000000BF6D51
000001FAAE93
0000004512FD
FFFFFCD8E89A
FFFFFE5E48C3
000002933FB5
000001256844
FFFFFDB0858C
FFFFFF97924F
000001C34489
FFFFFF157496
FFFFFD830C41
FFFFFF6F8DB4
FFFFFFE082FE
FFFFFF33547E
0000002526AE
000001645387
000002D0A1FA
000002F97936
FFFFFFB64DC6
FFFFFCA14F4E
FFFFFD550E01
FFFFFEE7FC12
FFFFFDF2BC7C
FFFFFDCE8C38
000000AB17AC
000003CE1B7D
000000A17973
000002D479D4
000000119C04
000000BEDF15
00000036DE98
000000B6F10F
0000017C83BA
FFFFFF5A8A92
FFFFFD6117D7
0000005C79BA
0000028BEB87
FFFFFEED3151
FFFFFD800560
000000FDB83E
0000011BAFCE
FFFFFE35B202
FFFFFEC3DD16
00000079405A
FFFFFF4CB6C4
FFFFFE40A41D
FFFFFF5A4A57
000001239BA4
000002E50595
00000282DA1D
FFFFFF92B996
FFFFFE592F19
FFFFFFA1C31F
FFFFFFDA09E6
FFFFFE1DDEF5
FFFFFEDEC057
000001C2A8E7
000002A25CAF
000000A00671
00000336F11C
00000020366B
000000ABE309
000000AE8709
000000B76261
00000031E200
FFFFFEB806DD
FFFFFF7E4175
0000023177F3
000000C21F15
FFFFFD067641
FFFFFE7BA991
00000133EC2D
FFFFFF6786EB
FFFFFEDE86CC
00000230D4A1
000001D48A5F
FFFFFDB31F23
FFFFFD510659
FFFFFFB43F72
000000AE4374
0000009F5DBF
0000002490CB
000000405847
000001CAA34B
000001EDA717
FFFFFFDAC267
FFFFFE5AB960
FFFFFF5C728D
000000E349CF
0000003C23B3
000000070BBF
00000310DE38
FFFFFFE5EA2E
00000098FB30
0000015CAF21
000001085FB1
FFFFFFB14D00
FFFFFF2157D0
0000014522D8
0000023F5A99
FFFFFE5A9E1D
FFFFFCA7ECBA
00000094B58B
0000018DEEDA
FFFFFE2DD1A7
FFFFFF1E8BA4
000002ED8499
000000944CE7
FFFFFC842E87
FFFFFEE8B6DC
000002ACAE58
0000019308A7
FFFFFEEFDE45
FFFFFEB69DFA
000000A7AD19
00000268A11C
00000196FFA8
FFFFFF4CFCCB
FFFFFE4CF441
FFFFFEAA2226
FFFFFF0B4CE2
FFFFFEB15027
FFFFFF468F7F
0000035EAFEC
0000009CB22B
0000010AB5C9
00000185F985
000000C2F103
FFFFFF7B0519
FFFFFFE53F67
000001BE6B99
000000624553
FFFFFCACDCAF
FFFFFE5F5ABB
000002D67DFA
0000011B61D0
FFFFFD51CFAA
FFFFFF578DDF
0000019E9A04
FFFFFE336A41
FFFFFD0E679F
000001FB3C91
000004508207
000001666919
FFFFFF32BC3D
FFFFFFEC5D31
0000009D619C
0000003DCF93
FFFFFFAA015D
FFFFFE5C1AD0
FFFFFD6875EC
FFFFFDD2C56F
FFFFFEBE4932
FFFFFF408EAA
FFFFFF0585BB
000004BFAD8B
00000250ED03
000001C58E5F
00000138003B
0000002DF969
FFFFFF7075C5
FFFFFFF384C7
0000008D5574
FFFFFEA2AC77
FFFFFD1DB6CA
0000009DA2E2
000003015EA5
FFFFFF64E562
FFFFFD7D6CE7
0000009D8349
000000D8FC52
FFFFFD3D9B70
FFFFFEA37283
0000033E11AE
0000024B9539
FFFFFF36556B
000000714907
000002D6185B
0000018A809B
FFFFFEF0CC1F
FFFFFDAC9021
FFFFFC1DB94F
FFFFFBC091AF
FFFFFE5CC766
0000006F9CD5
0000011634BE
00000018F3C7
0000065CBF2D
000002EC7953
000000D6569D
FFFFFFEA7012
FFFFFF8A0C6B
FFFFFFBA9523
FFFFFFEA72BC
FFFFFF743A3D
FFFFFE471659
FFFFFF2708D6
000001FB4CAA
0000010E0867
FFFFFDD16351
FFFFFF7E179E
00000268AF5C
0000001331C1
FFFFFD7CF560
0000007953BD
000002BF264F
FFFFFF3ABAC4
FFFFFD73D465
000001456889
000003C377EA
000001B6FC3E
FFFFFE64FB62
FFFFFBD4929B
FFFFFAA7B727
FFFFFCC9D402
000000EE7FF3
000001E0CE3E
000001AFE90D
0000027F6FF0
0000075ED01E
0000019308BA
FFFFFE130843
FFFFFE370AEB
FFFFFF300627
00000023549A
000000345356
FFFFFF65F0CC
FFFFFF3C4F4D
00000120BE1C
00000228624B
FFFFFEE3C28F
FFFFFD232976
000001696DAC
00000357F54C
FFFFFF3EE436
FFFFFDE69D90
000001BE18AF
000002747492
FFFFFEB959C7
FFFFFE90652D
0000019F2715
00000145027F
FFFFFE8D7672
FFFFFC1ED232
FFFFFAADCAEB
FFFFFCC177DE
00000172AF64
000003A3D40E
000001368AF4
FFFFFFE9A59B
0000048B80E7
0000069723EC
FFFFFEDC54B6
FFFFFBCE2ED8
FFFFFDE0D273
FFFFFFCD28D4
000000A7B3AC
000000705EE0
FFFFFFEE335F
0000007B9D43
00000220C022
00000171C7CA
FFFFFDD45001
FFFFFDFF8014
0000023F3995
00000239FA70
FFFFFE64B7F3
FFFFFEAF678E
000001D1A44C
000001DABAB8
FFFFFFF0D7EF
000000928590
000000B98765
FFFFFD87DC20
FFFFFB33944E
FFFFFAFBFE1F
FFFFFC9A9E19
0000013A86FB
000004CDF71D
00000303851D
FFFFFEEFB754
FFFFFE1ADEB7
0000049E5E1A
000003E7F43A
FFFFFC47D425
FFFFFBCB0F46
FFFFFF30D569
000000B7752A
000000E349B4
000000A93EFF
00000065EE59
000000E7F7FB
000001EB661A
000000C2BA44
FFFFFE80549A
FFFFFFC6C72F
000001DFCD78
00000010071F
FFFFFE4643BF
FFFFFFFE7DBE
000001707653
000000A24FF0
0000003A6B6B
0000006775F8
FFFFFE294F32
FFFFFB1E5A63
FFFFFB33D725
FFFFFDB2489B
000000CA453C
000003D62D3C
000003449E8B
FFFFFF409C82
FFFFFD2E786D
FFFFFF0D3E94
00000323A61C
0000001AB308
FFFFFB050364
FFFFFDC7BE6F
00000082C26C
000000DE3891
000000B583BD
000000C5492B
000000BDBB80
0000009C961C
000000D16939
00000026082E
FFFFFFA238F7
000000F9A4C7
000000B6AAAC
FFFFFE74F9CF
FFFFFEE43031
0000013329FA
0000013A9E12
FFFFFFCC65A5
FFFFFFA2D520
FFFFFEFE8E33
FFFFFCC9A760
FFFFFBD0A43A
FFFFFDE1FAF7
0000014AB220
0000037BB080
00000314140F
FFFFFE734577
FFFFFC1F3074
FFFFFEE16B83
0000015E6BF0
00000543B2CC
00000263EA46
FFFFFEECAFAB
000002135878
000001ED4826
000000B3B24C
00000052DB41
00000060D4E0
00000047A871
0000000B7B2A
FFFFFFE254AB
FFFFFF68FB3D
FFFFFFD5A4C7
000000565EE2
FFFFFEAFD442
FFFFFD814056
FFFFFFAE476E
000001997743
000000A3154A
FFFFFF099438
FFFFFE89BD20
FFFFFE0A6D52
FFFFFE2D6D4D
FFFFFFA0FE5A
0000016FE67F
000002FE7119
0000030B076B
00000065437B
FFFFFCDAFE28
FFFFFCFA456C
0000003B78DC
FFFFFF8258D8
000003CDB127
000001AEFAB3
FFFFFFA6764A
00000286E68B
000001460785
00000015F975
00000001ECFA
000000316851
0000004C0412
0000004E280A
000000079A76
FFFFFFAF9759
FFFFFFE8D315
FFFFFFC35FDA
FFFFFE865E00
FFFFFE857682
0000006C9393
000001691D20
00000089763E
FFFFFF2D1CE2
FFFFFE4F337C
FFFFFE2E19DD
FFFFFF9CF18A
000001C872C7
0000029074D5
0000024AF655
000000F4E0D4
FFFFFE601269
FFFFFE01A3BA
000001006836
000002595048
FFFFFEE0E995
0000034813C6
000000203BF0
FFFFFDD53CB7
000000D25405
FFFFFF4F4813
FFFFFE96689A
FFFFFEBFE5B5
FFFFFF02714C
FFFFFF608C9A
FFFFFFB3C184
FFFFFF789EBA
FFFFFF33B348
FFFFFF3B077B
FFFFFF0FB580
FFFFFECF0693
FFFFFF5E1A45
00000005F5C1
0000002E7F94
FFFFFFFDD051
FFFFFF130115
FFFFFE4A9314
FFFFFF2EA2B4
000000D697B1
000001AC6F42
000000FFA600
FFFFFFB9A74F
FFFFFE58DE1B
FFFFFD9DFF64
FFFFFF6109BB
00000150475D
0000003D0355
FFFFFC841B19
FFFFFC5643B4
FFFFFAA4EBEF
FFFFF9B2DB41
FFFFF837E60C
FFFFF8A6F98D
FFFFF98D5B0E
FFFFFA44AC8B
FFFFFAB85943
FFFFFA771D8C
FFFFF9AAB136
FFFFF8D17FF3
FFFFF7AB0EBF
FFFFF60E032D
FFFFF540EAB2
FFFFF5A27BCD
FFFFF64D94C5
FFFFF6849629
FFFFF71425DB
FFFFF8319D2D
FFFFF8C8069F
FFFFF8825CD5
FFFFF8298871
FFFFF7A5ACA1
FFFFF811C5F5
FFFFFA0400B6
FFFFFA1723E8
FFFFF6E2EF7A
FFFFF5B93FB6
FFFFF854586F
FFFFFB8B3A6A
FFFFFD5B0E52
FFFFFD4D1C99
00000103BC58
FFFFFE2063D8
FFFFFE216465
FFFFFCBCD2DC
FFFFFD56FAB7
FFFFFEB67BCB
FFFFFF77250A
FFFFFFAC894A
FFFFFF603A9B
FFFFFF083C50
FFFFFEE338BD
FFFFFE27DEAE
FFFFFCF68406
FFFFFBF84BF5
FFFFFBA9BED5
FFFFFBA3E68B
FFFFFB6FB037
FFFFFB7DAB98
FFFFFC2A1E08
FFFFFD0EC6E5
FFFFFD1397AA
FFFFFC11BB72
FFFFFAE226C7
FFFFFB346B12
FFFFFD6FA141
FFFFFE0BF50E
FFFFFB4EFFF8
FFFFF9389272
FFFFF9502593
FFFFFB4A30C4
FFFFFD54655B
FFFFFE248B01
0000031CFCC3
000001D6E00E
000003689507
000002713D20
0000022FC7C1
000002C3604F
00000203D823
0000010BA157
00000089AAC3
000000C426FE
00000181863A
000002067BB6
0000027E8D9D
0000026BA104
0000027C0BB1
00000212FF25
000000BE3409
FFFFFF103734
FFFFFE2EEDE0
FFFFFF12FA46
000000776F06
0000005631E9
FFFFFE9180D6
FFFFFD7B0EC8
FFFFFE937A84
0000006C7256
00000145216A
FFFFFFAEBF49
FFFFFD5E28F6
FFFFFCE8D25A
FFFFFFFF646A
000000F8A6AA
000003AF6409
00000213030D
000002AD255E
000001260509
FFFFFFAA41ED
FFFFFE99E40B
FFFFFD516D9D
FFFFFC819302
FFFFFC8070E7
FFFFFCD60BB6
FFFFFD892376
FFFFFEAE574F
00000000F784
000000445A42
FFFFFFFD73A9
FFFFFFE18E5D
FFFFFF3964A4
FFFFFD3D122F
FFFFFBE12E37
FFFFFCD428D3
FFFFFECA5756
FFFFFF8313B1
FFFFFE3BD8A4
FFFFFC64F6CA
FFFFFC317023
FFFFFF3C5463
0000037D8D3A
0000021B14CA
FFFFFC5CA26C
FFFFFB4B073C
FFFFFFADF778
000000347801
000003854184
00000137E54E
00000203B1D9
0000014602C8
FFFFFE6C8638
FFFFFBCCC787
FFFFFA7965A1
FFFFF9DDF908
FFFFF9FF3C09
FFFFFA7AE3EA
FFFFFB11A73F
FFFFFC3ADB41
FFFFFDCD7E5B
FFFFFE4C71F9
FFFFFD59E650
FFFFFCFAF26B
FFFFFDBC43C9
FFFFFDA03EE1
FFFFFD1812C5
FFFFFD421CC9
FFFFFD5E68A0
FFFFFD55BD5D
FFFFFE35E54E
FFFFFE6E26A7
FFFFFD1C3D93
FFFFFE8F0C59
00000351786B
0000038E6F62
FFFFFE9C035B
FFFFFC0424F0
FFFFFDADE66C
FFFFFE113D50
000003AD9B47
00000159AD3A
000002D5F4E7
000002FAB8B2
000000E49B23
FFFFFF401C9B
FFFFFF147436
FFFFFE63DC85
FFFFFDD8AAC4
FFFFFDB4C693
FFFFFD97A1C7
FFFFFE0806F4
FFFFFF043A48
FFFFFF43F6BE
FFFFFDF88927
FFFFFDA95457
FFFFFFC37E5F
0000017E408A
0000018345B6
000000CF1EBB
FFFFFFE8C4CC
00000001835A
000001B74EB2
0000017AAEA4
FFFFFEE88E48
FFFFFF794ACD
000003681F71
000004B0A96E
000001A96C48
FFFFFDDA3685
FFFFFC49647C
FFFFFCED1315
00000416B129
000001512C50
000001D0D56F
0000025D85FF
000002D91390
000003B4612D
000004F23C1E
000004F46C12
00000472E0AF
0000038F9969
0000023790AD
000000EFA66E
000000CBDB0C
000000BCF3F3
FFFFFF678182
FFFFFF486D94
000002495132
000004F58355
000004A7D586
000003D5530C
00000436427C
000005070673
0000059CFAED
000003FAC3F9
00000144E9CD
0000008600B2
0000021AFD0F
00000454917A
0000037AF2D3
FFFFFFCB52D4
FFFFFD8322AE
FFFFFD8AF9D8
0000048E8E62
0000015D703D
000000E2608E
0000017A3FE2
000003140944
0000044FD7EB
000005AE599F
00000675E1C5
000005ED823F
000004B2C359
00000365A3EC
000002461A19
000002477CC0
0000027952FB
000001FB86D5
000001A3A83E
000002DA5EFB
0000042C4C1C
000003619CDF
0000036D8564
00000531B677
000005D8E831
000005187FB5
0000042F61DB
00000356EFFF
00000114A71D
FFFFFF981886
00000260B071
00000500822A
000002EEECCE
FFFFFF7B9D00
FFFFFDAD3147
000004EF3818
000001D60465
000001BE1896
0000029D46DA
0000034AB4E1
000002EE9EB0
000003B71629
0000044363FD
000002B01F01
00000180131E
000001CF1B1C
000002C0643B
0000036B6A67
000003FC363F
0000054BBA25
000004693BEA
0000022BCD0D
0000013C76BF
000000FBE5A2
00000187A7F0
0000023E74E9
000002160A1A
000001C52838
000002CD756D
0000044BFFF7
00000276A494
FFFFFECDB89E
FFFFFF32E38A
0000037E48E6
000004635EE1
000000B14206
FFFFFE0C38BA
0000054C57E8
00000287758F
0000023F5E58
000002EF54FD
00000360F4BA
0000029399FD
00000226BDBF
0000015B8E21
FFFFFFCD2AEF
FFFFFF66B804
0000003617BB
0000014BB327
000001AF46AA
000003325C9B
000005D5BC8D
000004AD8BF4
000000C35A12
FFFFFF2EAEE4
FFFFFF6819F6
FFFFFEF9D06A
FFFFFDFEA5BF
FFFFFDD14421
FFFFFE31EABA
FFFFFFF5EDD1
000002EFA38D
000003726ADB
0000005550C9
FFFFFE6831CD
00000124E6E6
00000347E600
00000091EE74
FFFFFE4A99F1
00000542FEA9
00000303A5FB
000001AB8ACB
00000191A5C9
0000031D71BC
0000035685AE
000001864196
0000001C9273
00000068FA84
00000031D12A
FFFFFE80BBFE
FFFFFDC5A71D
FFFFFE85CAC6
000001477295
000003D4058E
00000346777D
0000013CDB89
0000002D99CE
FFFFFED4DAED
FFFFFCE25316
FFFFFC4736B1
FFFFFCD0409A
FFFFFC4B60C2
FFFFFC9A2953
FFFFFF8F87AB
000002CC2377
0000034C7CB6
0000028ABE20
00000253014C
000001FFDE71
FFFFFF6EBEA0
FFFFFDB4DE81
0000043BB0CE
000002153844
000000929692
FFFFFFF0D9C2
000001A54F62
000002A1AE81
000001CBB668
0000022D401C
000003D12C97
00000253EE8F
FFFFFEDD811C
FFFFFD3F1E34
FFFFFD6D1929
FFFFFEC2A978
FFFFFFC27F63
000000E1F751
000002977AD1
000003241A68
000001B65D55
FFFFFFB842F3
FFFFFF74CDEF
FFFFFFEFBD36
FFFFFE817B15
FFFFFCD10787
FFFFFDEC9B2B
0000020706D8
000005AB141C
000006825E2F
000004A48B9C
000002995CAC
0000009926F6
FFFFFF441833
00000373E5D2
000000CF0A83
000000178A57
FFFFFF3B986A
FFFFFF0C3836
FFFFFFB365CC
000001B0E536
000004557CE1
000005948D33
000004BB11E0
000003E84DEF
00000205F470
FFFFFE126FBE
FFFFFAFAD0A5
FFFFFA5295DE
FFFFFD643014
000001DD75B2
00000478329A
00000515533C
0000040F8D2F
00000333BE93
00000331BE32
00000258AD4B
000000160D1C
FFFFFEC6E10D
000000C138D5
0000044AC9FE
000005748449
000004C7D9F6
000004840A77
00000413D547
000002810DFA
000003DF620B
000000F6D440
000001033309
0000003E0A66
FFFFFEADB96A
FFFFFE5C9AA1
000000CFE3FC
0000034F9BEB
000004012A36
000005520027
000007B548BC
0000060FA202
0000007B2DA7
FFFFFB8F47F4
FFFFF9ECA8B4
FFFFFC6D07C7
000000258638
000002A29388
000003C88E14
00000354B282
0000028690D3
0000026E2C75
0000027D50E9
0000013C4AF0
FFFFFF281FFA
FFFFFF13A6C4
0000013E25AF
000002A4A6C9
00000339C81E
00000447EA5C
0000052A2E9D
000003BC7198
0000044D0817
000001B0E2A0
0000028995FA
000002684FDD
000000F889BC
0000000C0E9B
00000071F9F2
000000C227D2
000000DD51F6
00000283D45C
000005355CAB
00000665E3F0
000005A5F824
000002B3C074
FFFFFF306EDE
FFFFFDDA084C
FFFFFE5C527F
0000004491D5
000001F1A353
000001946CC0
FFFFFFDA6694
FFFFFF24A518
00000085D848
000000F9B4EF
FFFFFF3294B9
FFFFFE73C02B
00000011C97B
000001C4CD00
000001992A8F
0000015F14BC
0000030A4F18
000002C75750
0000045D32E2
000001FF632C
00000378FA7E
0000038CA555
0000025D083A
000001ADCE84
000000FB35B3
FFFFFFA1D512
FFFFFF11F65F
0000000CCB77
00000203CC8E
0000054E40A2
000008BAF7E3
000007F44B19
0000038DCACE
FFFFFF309B62
FFFFFD79FBCB
000000123A37
0000036A841D
0000032164F0
00000062A0A3
FFFFFFB158D8
00000159FB6C
0000015D6BF4
FFFFFEFB920B
FFFFFE0770EF
FFFFFF71718F
000000E9CD9D
000000A33F6A
FFFFFFCCC721
00000129C03D
000001400A93
000004BA9E4A
000001E623B1
0000031B8C05
000003862FEE
000002F2C2A1
0000020DC817
000000FEADE3
00000083E6B9
00000108BBA4
000000C575CD
FFFFFFB4021D
000001B0C277
000006852B65
000008BDFC5C
00000667BF3F
000001F62272
FFFFFF2F330D
00000069928A
000003396CED
0000041C8BB3
0000040C0779
00000465FD75
000003A64A05
0000017E2523
FFFFFF57438D
FFFFFE77E6C8
FFFFFEAD614E
FFFFFF79059E
000000CA9B26
000000DB9F4F
00000093C3A5
FFFFFFEA816B
000005719237
00000203857F
00000230B2A0
0000035AAECD
000004177E6A
0000026F82AA
00000012168D
00000118276A
000004086B59
000002922B8A
FFFFFDA69C34
FFFFFD7EF816
00000343A1F0
00000811C371
00000830B29B
000005595E2B
00000231FD65
000000D1E4FB
000001BC2153
000003D2A1DA
00000604028D
000005EA7C9F
0000035D0170
000001C76E6A
000001A15A80
000000D45C50
FFFFFFB95D26
0000007E45EB
000002ED0155
000003146D27
000000A810C1
FFFFFF15969E
000005CF6677
000002640B24
000001DE6A72
000003177A53
000004A570CC
0000033C7983
FFFFFFE0062C
FFFFFFF678C5
000003E04764
0000049652E7
00000021DC96
FFFFFD2BA8B3
FFFFFF2E4702
0000036A228E
000006CA6F50
0000074748C8
000004C06BBC
0000027A3230
000002DB0EA0
0000040C1358
000003DBE07F
0000025FFA7F
00000194F33A
0000023F69DC
000002CCFDCC
0000023B252E
000001CA15BE
0000032DE3E1
00000525D726
000004BCF805
000000F0EF0E
FFFFFE7C2730
0000055ED308
0000025C2569
000001A3F62D
000002A4CF52
000004954226
0000041CB585
0000012D4093
FFFFFF5D0888
000001508A53
000004796242
0000044A41FD
FFFFFFFB0E64
FFFFFC04C9FB
FFFFFD86B918
000003623C5C
0000067CD24E
00000430232E
000001EBCA69
000002E3B541
000003C4CE8D
0000024A9EA4
000000EE9E5E
0000019FF6FF
00000238BBD4
000001E3C5E1
0000016EA6CE
000000D4FA4E
0000016C2DE8
000002E67B6E
0000038E79FE
000000FADC3A
FFFFFEC94190
0000049B9ABC
000001E9B4B2
00000128075D
000001DA7F7B
00000448860F
000004EED6EB
0000036260EB
0000006B92B2
FFFFFE6A6E1D
0000010C67BA
000005998F2C
0000043D6F1A
FFFFFDFD699C
FFFFFC2AC8B6
00000094E112
00000318A81A
000000845F43
FFFFFE6B717F
FFFFFFFCB0A6
000002852AC7
000003384B56
000002FEB3AD
000002C523D2
0000022FBE22
0000021B7BDC
000000F22FBD
FFFFFDEBB1EA
FFFFFC8B578D
FFFFFE77F5C1
00000188E7B3
000001F073D3
0000006FDEB2
000004563494
000001FB5D19
000001120E73
000000D57675
000002DEF056
000004A33A02
000005213593
000001DFB47A
FFFFFCCAC2D5
FFFFFE217699
00000533D2FA
000006D92591
00000100843A
FFFFFDA51D69
0000000718DC
00000161DBB7
FFFFFF326B03
FFFFFD26D73C
FFFFFDC054C3
FFFFFFC9B0AA
0000014C53D3
000002416FCF
000002637B2F
00000244D9E0
000002A1E045
0000014B1568
FFFFFE3EDE68
FFFFFCB7A1B7
FFFFFE9DDF12
0000025344F4
000004009A44
00000206F10C
0000048458BA
000002646D90
000001534E30
00000028EC6D
000000FE9D5F
000002DB60DB
000005317A78
0000037348DF
FFFFFE19802D
FFFFFD4EB3D9
0000027F5E97
000005485CFF
0000024DB26C
FFFFFF741308
0000006A34B8
0000028899E5
0000028C7068
FFFFFFA3C96C
FFFFFCB735C1
FFFFFCCDB3F6
FFFFFE4FE471
FFFFFF485082
FFFFFFF65D2E
000000E21516
000001ACF7E4
0000020E3204
000001F50EC0
0000012E5887
000001501CA6
000003555114
000004B62339
0000028E0D95
000003F3D28B
00000181ABE8
000000641366
FFFFFF86D5B3
000000150D1F
00000195CBF4
000004748617
000004975EEA
000000D332D1
FFFFFE023D99
FFFFFF1B7800
0000021E3BE2
0000036005C0
0000016E3997
FFFFFFC0A4F9
00000236B334
0000056D1430
000002BC74E1
FFFFFD00936A
FFFFFCA0DDA4
FFFFFFB516BE
FFFFFFB9B9FB
FFFFFE4C0289
FFFFFED5ECD2
000000B1A276
000002D63CE0
00000482D14B
000003D73D02
000001ECCFA6
0000022A94E7
00000355A551
0000022A0BDF
000002DBD218
FFFFFFD79D58
FFFFFFB4DC10
FFFFFFBF242E
FFFFFFEB1F18
000000EC1AFA
0000038359DA
000004F2338C
000003D84219
000000831115
FFFFFDA0D650
FFFFFF66A887
000003B12045
0000030D4DB2
FFFFFEEBDB58
FFFFFF9ABE4F
0000047111F1
0000045B34DD
FFFFFF5548D1
FFFFFE997D8D
000002481A78
0000030B6CE7
000000877E77
FFFFFEB07B10
FFFFFF51F0C9
000001874144
000004720440
000005035455
000002691995
000001225A53
000001D4E836
0000013634D1
000002593D55
FFFFFF282E05
000000E29DA7
00000188F66F
000000CFB088
000001265CC1
000003129EE5
0000053EA0CB
000006135901
000002F0D75A
FFFFFDC8EDFA
FFFFFE39F7DE
00000383F996
000003D16319
FFFFFEBBCD0E
FFFFFDDAD8EA
00000289AB67
0000047CCFCB
0000015E5830
FFFFFF913306
000001BAE08F
0000044EB410
0000040603CF
000001617C45
FFFFFFCF3BED
0000010D59CB
000004094D1B
0000050C6F79
0000026FDB0C
000000AE04ED
0000016E86CC
000000EEA49E
000002FD3BA2
FFFFFF46D409
000001F589B2
00000323ECE0
000002AC77F1
00000271C2F2
000002E9BF96
0000048D3EE8
0000068031BA
000004CB3C73
FFFFFFFEB62A
FFFFFEEEAB90
0000025F4DFA
000003AC2CF1
0000007E864A
FFFFFF1BD322
000001C55F90
000003EFE11A
000002C21653
000000507D26
FFFFFFC96B75
0000025C5ED7
00000528CBDB
000005661630
0000046402FE
000003AE7F2D
000003445AF0
00000286DBC1
0000013593ED
000000D9743A
000001E6BCAA
000001466DF6
000004F77D9A
00000054726B
00000214CF05
00000353E0C7
000003562322
0000028D2127
000001FFBFD0
0000032E3013
000005D11F68
0000061D6945
00000312837D
00000085BBDD
0000013C35C3
000003A1A4F6
000003C8A19E
000002096526
000001BE5989
000004184AC3
000005A3C7A9
0000034A5753
0000005A0C27
0000017AE48B
0000053CA43A
00000785CBFB
000007294272
000004C739EF
0000019E8329
000000AF8F47
000001EA54B6
000002958DDF
00000268C861
0000013505F2
0000087E3C5F
00000238A831
000000EC28D5
00000220FE17
000001F3D6D9
00000141FD0D
00000083BFDC
0000015A1981
0000040F1137
000005B2BFCA
000004DB7174
00000268BDCF
000001168920
000002F9C153
00000524F926
0000044BFB53
000002CEA54D
000004A100A4
00000761ECA6
000006510673
000003BC96EA
000003A77A8D
0000057F2807
000005FF4EF3
0000049524BA
000002A56BAC
000000DB2FFC
0000014A4300
0000035CC104
0000044A6BDD
000000C66E6D
FFFFFE497CD2
000009CEA9D8
000003BE7ACB
00000121E465
000001A500F0
000001B344C4
000001495436
0000003562C4
0000002FC12D
0000020686CC
0000046326DF
0000059BF169
00000418E8A6
000001EDD076
000002BCDDFD
0000055A9539
000005A27426
000004178261
00000482E21A
000006C3DEE8
00000779A3B7
0000067469D2
00000509ACBA
0000040A30F0
0000031BD024
0000023EE841
000001E9AB32
000001AFFEBA
000001EA2853
000003862595
0000044CB92B
00000009D397
FFFFFECB9DCC
00000917577A
0000037F8E14
00000088FE52
00000054B608
0000015B1989
0000014D1EBB
00000089C32D
000000412046
000000D72225
000002AFD812
000004E0B543
000004CE4369
000002F4C8A2
00000311046D
000005542007
000005F31F5C
0000048375DC
000004414721
000005B539B2
0000068DC5E5
000006776257
0000053E32CE
00000307BE77
000001815211
000001465DC7
000001C36881
000002201494
000001DF7D35
000001825A7F
000001D13806
00000033B59E
0000003CC58B
00000C1ED5C1
00000926633D
0000066C52DD
000006B51A08
00000836CE0E
0000085F4EDD
0000083CA5A1
000007CD0065
0000072FB591
000007BABD22
00000987C43C
00000A4F0F7E
00000937DEC1
0000086480BF
000008F3376E
0000097B00C6
0000091B6DDE
000008FDE235
00000969728F
000009570613
0000095AFEED
00000979EA9D
000008945838
0000077E874E
00000746455A
000007D6F9FC
000008624C85
000007F9C27E
000006D01F68
000006EF8A97
0000068B6324
00000511F19F
FFFFFFE9D441
0000000597B2
00000266BDB0
00000234068B
0000025AD9A2
000002331E40
000001DB9AF8
000001D37CC9
000001EF2CB9
000001AF98A7
0000010BCFE5
000000F8ACF8
0000016A3EF4
0000018045A7
0000019E7A4D
00000280DF97
000003AFC360
0000036472AB
000001C13F74
0000008627A7
FFFFFFE25445
000000D8D7FD
0000037706F6
000003885EC8
00000068E61D
FFFFFF6FD359
000000BD25B4
00000150F4C1
0000022AC2F5
00000300FAA7
000003EB86FE
00000311F0E6
FFFFFE0D2200
FFFFFFA223D4
0000022A03F0
0000028533B1
000002951BB5
00000201C9A7
00000138B153
000000D5CC79
000000F637D9
0000008322DE
FFFFFFE7827E
00000013DC42
000000DE3E0D
000001684EEE
00000191067C
000002C1FA10
0000044C1128
000003D3059B
000001F22418
00000011B6AC
FFFFFF16C776
000000E99169
00000472B2B8
0000044AC2CA
000000531670
FFFFFEBED04E
000000761B97
000002339900
00000326A7C6
000003B42E20
000005D0B5D2
000004F99D52
FFFFFFA81348
000001A5A55F
000001C67110
000001990297
0000024D9537
0000022BC84A
00000146CEAE
FFFFFFEA41AF
FFFFFF5AD9BC
FFFFFEEBDDBE
FFFFFEF195D5
FFFFFFA6FCD4
0000008ECAAE
00000133D711
0000014143BE
000001991023
0000019840A5
0000012A589F
000001685480
0000013D8571
0000007AC40B
000001076547
0000021B11F7
00000160ECE7
FFFFFFE7B8FB
FFFFFFD47359
0000012EF512
000002D7883E
000003452C6F
000002C8AFC3
000004CCC32F
0000050ABD77
0000022EE403
000004415FE6
00000310BC82
000001A5371D
000001BCCA1D
0000019F0B19
0000015E1720
00000076F08D
00000022AAB8
000000585AD8
000000A1B0B5
000001127386
000001300319
000001628D41
00000179A2CB
0000010FF271
00000021ABC8
FFFFFFF55B2B
00000109DD48
0000021B8D04
000001F59CEF
0000015E188E
000000F7EC2B
0000008D4737
000000E4C559
000001239952
000000B120D9
000001D55E18
0000037D6693
0000024F376C
00000489AAD6
000004C7E0A2
000001B8FCD6
00000243C42E
000001D8A4AB
0000010C94F3
FFFFFFD2ACDA
FFFFFF73F630
00000054B9A9
00000186E9FD
000002DCB312
000004008743
00000415816B
0000031F9EF0
000001835B70
000000C79917
000001406011
00000185A793
000001619315
00000178B0C5
000002133D7B
000002ECEDE2
00000260A3FE
0000015FF0B3
0000023BB44E
000004584AC5
0000057FBF43
0000032D64C0
FFFFFE3A8C9B
FFFFFDE95BE6
000002ED05B9
0000055453A3
0000084A73A3
000006564BFA
000001D68B9D
0000021CBE63
000000D3CC4B
FFFFFF904BF3
FFFFFE5CB8EE
FFFFFE0A47B0
FFFFFF43576E
000001931193
0000036590A7
000004BD849A
0000052D41D2
000003D3EDD5
0000018B875E
000000A5A85C
0000018A938E
00000214F1D3
000001F1A406
000001CDFB27
00000170BDB1
000001B57DED
000001DF722C
000001A925ED
000002982E2B
000005292CD5
000006ADC906
00000361F752
FFFFFDA56DDC
FFFFFD320C53
0000022068A0
000004E5B1AE
0000091F218D
000006F5E840
000001F44602
0000024C58CD
0000001E7130
FFFFFF496E8F
0000005E44B3
0000017D2945
0000019BC39E
000001771FD0
0000012436EF
0000015A95BC
0000024BF69B
00000238AFCA
00000110CF11
00000162F57A
00000316D4E0
0000038DF007
000003097B8F
0000028A92A0
0000015736F5
000000CE92CD
000001D27064
00000245C8B4
000001817976
000001FA98E6
000003771E7F
00000340647F
000001353FD7
00000040DF77
000000245B3B
000000680DF1
000006F8E235
0000086D1CD9
000001974D54
000002071F94
0000000E6E65
000000151AD1
00000256B85F
000003B83A89
000002CFB36B
000000F28870
FFFFFF72CB96
FFFFFF04E025
FFFFFFC2ED87
0000005AC065
0000005AB9BB
0000018FBCA9
000003EAC283
00000453DD4E
000002AE3E23
000001BA08D8
0000015336E7
000000FAC9CF
0000017864BD
000001CEBCB5
000000E51B79
FFFFFFF4F720
000000371977
000001D38D65
000002BB1FA9
000001DCC5F1
FFFFFFDC348D
FFFFFF46C4AA
000005F5C264
0000082D612F
000000C8A51C
000001545AAC
000000C36E96
000001476C5C
000001E811B5
000001AC63EA
000000FF11B5
000000E46296
000000FC0AC3
0000007EF23E
00000025781F
FFFFFFFEAC7A
FFFFFFC9A0A3
000000E107D8
000003642B1B
000003FF43CC
00000146CA5A
FFFFFFE27881
0000018C3E31
0000025E7B1C
000001197E27
00000081B785
000001BF5080
0000011AFADF
FFFFFEBEFC67
FFFFFE780139
FFFFFF759E55
000000C8FEF1
000003237918
0000036329C9
000007EA8766
000006C1E65A
000000590BCC
00000111B80D
000001338446
000001840A67
0000014C0DC7
000000210DFA
FFFFFF6A199C
0000006117DE
0000020190C6
000002350EF6
000001BB2F3E
0000017211C3
00000158E025
000001B0637B
000002651C93
000001F6E6D6
FFFFFFE5BFAB
FFFFFF68708D
000002256A8C
000003A0E75A
000001A6178D
000000EF4827
000003917263
0000037ABCFC
FFFFFFD6C8FA
FFFFFDBA6EE4
FFFFFDEC9547
00000058433F
0000047986AB
000004A436D9
000009788CB1
0000076911D7
0000011933A1
000001C4204D
00000120C4FD
000000C8CC43
000001517C2B
00000079735D
FFFFFE80CF1A
FFFFFDD1B072
FFFFFF8C2C23
0000021264A5
00000378F220
0000040A1169
000004F3AC29
0000040FAB21
000000E6EA0D
FFFFFE844A74
FFFFFE4338AF
FFFFFFB21466
00000170E14B
000001FA3056
0000016E2851
0000026ADA85
0000051854FD
0000055F0389
0000030E8368
0000010137BB
00000062F447
0000010EB6B7
000000E14FF4
0000004C1D6D
0000088D8F55
000009734393
000001940095
000002024534
0000013C5D58
0000009A8CF6
00000117E9D9
000000AD7BA4
FFFFFF2B6CF2
FFFFFDDA7B48
FFFFFE49C1B8
000000F45E39
0000031B3EC9
0000045999C4
00000600FD58
0000050F51D4
0000017285D8
FFFFFE87D9E3
FFFFFE4E7829
FFFFFFBEC06F
0000004665C0
FFFFFFF28107
0000007B03FE
000002818E1B
0000044CF47D
0000048D65C8
00000464F102
000003A2FF72
0000027A0C1F
0000013E67A5
FFFFFE2F2CB6
FFFFFDB5D594
0000071863A6
0000095DC22F
0000009D18AB
0000010FDD4E
0000015D8062
000000FE87FE
00000091951D
00000101C02A
000002A9F301
000002911591
00000020B0E6
FFFFFE8DCDF7
FFFFFEF7694B
00000121F354
000003363548
000003B33CCA
0000045CB7F4
0000030D97DA
0000009DFA63
00000067C8C4
000001097ACE
000000D69615
000000DEF4F3
00000195A249
000001AA3229
000001876798
000002952713
000003219552
0000021869F3
000000BD530B
00000006C019
0000008057CB
000006FBC645
000007526342
00000024104D
000000A9ED01
000001015BD4
000000D69214
000000AA30FB
000001C06859
0000040B0507
0000049E24C0
0000024B2502
FFFFFE9B449A
FFFFFD1573CA
FFFFFEE7F471
FFFFFFE0C8BC
000001419746
0000055E2E4C
0000064FE2D8
00000369E9B4
000001DD0247
000001F0C30F
000001C29F53
000001743701
000001403EC2
000000F0D2E3
0000010F9CCC
000001C9FB71
00000206CA61
000001006C14
0000003C61BC
00000219695E
000002BBA640
000006F30F7B
000006160E63
00000138B7FE
0000018BAE59
0000004A620A
000000417FBE
000001905C92
000001C57234
000000EC994B
000001D28FD4
000003C0EAD7
00000280EC9B
000000068E54
FFFFFEFE2EB3
FFFFFDF3106B
FFFFFFBB2C24
0000041651DB
00000621DD5B
000004CEFB29
0000020BB6A4
000000398218
000000065498
00000060973B
0000011EB6D3
000002B1AAE2
0000044F170B
000004201C2B
000002AA395C
0000010353A9
0000004E83D2
000001A66D74
000001535B59
000005876AA2
000006315C42
00000226D102
0000026EDF45
000000194B53
00000018B4C7
000001C9565B
0000014B2FA4
FFFFFF24E423
FFFFFFF44557
00000314C2DB
000003F0FA5B
000002DB681E
000000B3B580
FFFFFECF158B
FFFFFFFCF2DA
000001963792
000002E63746
0000042E1848
000002B3E671
00000005BEFB
FFFFFF3A531E
FFFFFFD29283
000001383CD0
00000335E430
000004F1BE53
0000050C54B2
00000386D79D
0000020D789F
0000019E55C6
000001D049C8
000000EF3913
00000518605C
0000066463DC
00000207DF1B
000002DEFA64
0000009B5AEE
00000019C258
000000EDBCEC
00000154FF0F
000001432C51
000000A9D67F
00000017ECD0
000001B1C42A
0000043CF767
0000037F5C36
000001A77980
000000723C81
FFFFFDFD1F4A
FFFFFE583ECA
000002CB528E
00000558806F
000003D195E0
000001980467
000001748180
00000229C5C8
000001377D9A
00000036E5FA
00000183DBAF
000002B75486
000002F47B8F
0000034BA458
000003A11830
000002D6AD0C
0000068CDBDD
00000697A253
000001915771
000002A3D2AE
0000010E58D6
0000002939A8
FFFFFFAC246A
000000D65752
0000036A8039
00000250FEC3
FFFFFEB7AAC2
FFFFFFBF8D71
000003929737
000004314080
00000350DE33
0000010A358E
FFFFFD3E6938
FFFFFD1CF7AD
0000013CAA99
000004FCD70A
0000053FDDB8
000002F84952
00000218C10F
000001EB02F3
FFFFFFDE6CC5
FFFFFE10356F
FFFFFF7BAD4D
00000202117D
000003436993
0000037D89FF
00000337DED5
0000025973A4
000006E54A41
000006AB80B5
00000159391F
000001F71517
000001256498
0000001C584E
FFFFFE6F6BCF
FFFFFFBA600E
000003F6EAD3
0000041782E0
0000003F950E
FFFFFF367DA8
00000116719E
00000278BA0F
0000032E074C
0000026505E4
000001094A11
0000007F38B4
00000043A563
000001202A14
00000214AC2A
0000014FE369
FFFFFFDEE5BC
FFFFFF9020BA
000000E0245B
0000028BC509
000003148110
0000036AA6F0
000003CCE9EB
000002C4EB71
0000001EEF9D
FFFFFEC3DBED
0000054582AC
0000063EA7EE
00000159B282
0000019FAEF0
0000013ABD9A
0000004F6A04
FFFFFE68506D
FFFFFF324D63
000002CE3969
00000408CC49
000002230193
000000453271
FFFFFFEB33C2
0000011DFA4E
0000028ED097
000002FDB83A
0000032CA05E
000002B55529
0000013FD3FF
00000015B678
FFFFFFC2289D
FFFFFF9DF3A0
FFFFFE54E90F
FFFFFE364367
000001634E1B
0000050DA00D
00000537C2ED
0000043387B9
000004828E64
0000033D3879
FFFFFF4B0985
FFFFFD753165
000004BE9D60
0000066F0747
00000154D365
000001EA869D
0000019B88D3
000000E94B25
FFFFFFB0BC1D
FFFFFF8173E9
00000090AFFF
000002034BBE
000003160FF8
000002246722
0000007E9212
000000F385BE
000002522CF0
000002081610
0000006B630D
000000A901AD
00000315876E
00000324FD25
0000012E0E56
000000E3F6AC
0000009C77C5
FFFFFF6DEA17
FFFFFF767061
0000008ED6F3
000001272921
0000026698EB
000004AE696B
00000465E2E9
00000139D255
FFFFFFC27E33
0000063A304D
00000782BA1F
000001239DAC
0000022222EA
000001A6A166
0000010DFDF2
0000010BE614
0000002AEB41
FFFFFED3AFD2
000000093D3F
0000034933C7
000003AE998A
00000165DC7F
000001015497
0000024CB925
000001317BA4
FFFFFE2D510C
FFFFFF1594D5
000003AA0A99
000004CBEED4
000002B58884
0000027F2474
000002B60ECD
000001128415
FFFFFF69FFC8
FFFFFE6661D1
FFFFFE6E3E2B
000000A78EB1
000003AA4D49
00000401C6A1
000002CE82FC
0000026E7845
0000077825CB
0000076290E7
00000108EB56
000002232E1A
00000188381B
00000093050B
0000014430ED
0000005010BF
FFFFFE1B864B
FFFFFF2196E8
000003451A11
0000047E210F
000001A5DBA2
0000006929EA
0000023F592B
0000024120EE
FFFFFFE1044F
FFFFFFE186C4
000001DE7C6F
00000262AE5A
000001B6F5EB
000001517D89
000001403927
000001E7A996
0000032FA9A5
0000029E719B
000000A374D9
0000005E9D68
00000185DB8B
000002556DAF
0000035F8A03
000003C01BFE
0000077842C6
000005DBEC7D
0000011091CE
000001CC5377
00000197E7F5
000000A03A0B
00000191705C
000000EBF79B
FFFFFEE974F8
FFFFFF695F6C
00000278D7E9
000003B5292C
000001F17F47
000000C3A677
00000210F9D0
000002E9C37D
00000200C248
000000F5F9FC
FFFFFFD62A6E
FFFFFFAE6B60
000000DF3257
000000ED52EA
0000003460A9
000001D10350
0000046576B0
000004B11A2E
000003834B61
000002419C46
000001780223
00000206DCC6
000002C14951
0000027430AA
000006672948
00000540BC53
000000EB82C1
000000B97AA8
00000106EF5A
00000121DF7A
00000259A419
0000020F1D30
000000A9B6C4
0000003D4110
000000F4832A
0000022B95EE
000002D5BC46
0000022BF892
00000156C638
000001B3B847
000002C01433
000001F81793
FFFFFF4A28FD
FFFFFF11131F
00000226086B
00000352B56A
000001515C32
FFFFFFDA75A6
00000019CA8C
000001E4213B
000004C56CA8
0000058C6DC7
0000043DEDE1
0000034CD324
0000013D8ACC
FFFFFF967705
0000050783B7
000005FD312A
000001130274
00000104567A
00000121AE91
000001D1C7F0
0000026ABF1F
000002351486
000001BF1CE5
000000DF62DA
FFFFFFA005F0
00000091A241
00000360C294
000003852EA2
0000010EEB88
000000BB910D
000002E50749
000002C9A6D4
00000006392B
FFFFFFC4440E
000002F1C4E1
0000047F2BA5
0000026265FF
FFFFFF5C0852
FFFFFE4DB2D9
000000B318DE
000004A917FA
0000060FC0F9
000004E0C507
000002EC824A
0000007D534F
FFFFFF4C832C
000004ED0BB5
000006808A55
000001B6BB07
0000034C804B
0000027F0D62
00000271F8D0
000001EB5D39
000001C364F8
0000020E72EA
000000E7A4DA
FFFFFE97B2FB
FFFFFF49EAA1
000002FEEA44
0000046F145F
000001DAFDFA
000000559C14
0000023ABC93
000002F403B9
0000010533C2
0000000C8E2F
000001615F1A
000002EF68C3
000002F29E1F
000002353A5D
0000026D64C6
00000360FE17
000003C4169F
0000036B6932
000001D7A313
0000003A6CD3
00000100D80C
00000233213F
0000068BD53D
0000068D82B4
000002010F83
0000049C01B8
000002F27536
00000236F554
00000173CED1
0000016205DE
000001B47F0C
000000ACAB6D
FFFFFEC1700E
FFFFFF28A895
00000201D93D
000003AD5F32
0000023F41D3
000000B5C8C7
000001B8EA8C
000002BB2628
0000017C9DDE
00000010128E
0000003C919F
0000018746C3
000002BEE70B
00000408EE04
0000059AD28D
000004F719E3
00000237DCC2
0000007B86E9
FFFFFF73733C
FFFFFF2DE0F8
000001C2C672
000003B239FD
00000743FF00
0000062E2784
0000019AAC4C
00000342866D
00000178EC93
000001A74D69
0000012FD5FD
0000015CDB51
000001ADE444
0000012912DE
000000740A83
0000002F86D7
000000A4BF6F
000001A0BA82
0000023F0397
0000023E5CF6
00000280136C
0000024E8042
000001618FD4
000001165F63
000001883757
000001C1291F
000002408B45
000003D829E0
0000050C04B8
0000039F15C9
000000BF1445
FFFFFF8AFA58
0000009ADF64
000001D92D91
000001DDD200
000001B6B562
0000063F6989
0000049BD549
000002249204
00000233C746
FFFFFFF5BA14
000000FFB6E2
000000C4B043
000001027DD8
00000101C674
000000E5809E
000000E30B2C
0000004A5C0E
FFFFFF978B6E
000000052093
0000012F01AF
000001FAE193
000001C4DA5F
000000BDF83A
000000453C12
0000011C3876
000001F96001
00000168B3B9
000000E447FC
00000202EBC1
00000288368C
00000115D85D
FFFFFFBC64E8
FFFFFFEAB966
000001B9E746
0000030C6E2C
000001CD94CB
FFFFFFDA91A2
00000474BB02
000003240D74
000001F743A0
00000242B8CA
000001E50380
00000537590B
0000053394CE
000005A52AD4
000005A9FF60
000005D187C9
000005BEC884
000005504E08
000005115DA5
000004ED0C1E
00000507CCF3
000005ADB22E
0000058E3CAC
00000450F7E1
00000354041E
0000041C0808
0000059BE1E9
000005A5F4A7
000004CB7E6B
0000045DFB42
000003491918
000002C98872
00000420075E
000005A610E7
0000069B2AC9
000006A936C9
0000036FD5FD
000001D6039C
0000080D6843
00000997C17B
FFFFFDF5531D
FFFFFE5C41A5
FFFFFDBA506E
0000003605E5
000000EB496E
000001144D2C
0000014A39CF
0000018C8DDF
0000016A374A
000001724E6C
000001FA66AC
000001F1BB91
000001820F34
000001DE9EC6
000001CE5BD7
000000E020BA
0000003A8EBD
000000F2884B
0000021AD917
0000020D2D6F
0000011CF8A6
FFFFFFDCF26B
FFFFFEBD658C
FFFFFF63231E
0000013AE479
00000256E9B8
000002300171
00000143FF4B
FFFFFF99EBA0
000000B9733C
000006831146
000007994F8D
FFFFFF3422A6
000001C88625
000000FA2F2E
FFFFFFA61E9A
00000036A368
FFFFFF71BB6B
0000001E3A13
000000D043CD
0000006FA21B
000000296F06
0000002F1858
0000004BD11A
000000875BB8
0000008CDB54
0000002F93A0
0000006F7995
000000D11780
0000008D3BDA
FFFFFFA740B8
FFFFFF1CBA00
000000DD9AFD
00000271F470
0000008C6EA1
FFFFFEABA71D
FFFFFF14AE1B
0000002D8513
00000200A747
0000028C557F
FFFFFF58ED03
FFFFFFA22E27
FFFFFFAF51AC
FFFFFEABB3C4
000000904284
000003FB5C20
00000233D347
000001A7A8E2
000000DDB8DB
FFFFFFC29D2F
0000005C62E3
00000105B376
000001440D16
0000011B79A7
00000094F7DC
000000A7830B
000001C9BF02
000001C01137
0000003AFB07
000000A46C4E
000002891484
0000022A61D9
FFFFFF691079
FFFFFE42080A
000000A7DE77
000003377F46
0000034E70BD
000000D7C0D5
FFFFFD26958A
FFFFFDD04894
00000458B738
00000640D740
FFFFFF395982
FFFFFE8092C3
0000012BD7D3
FFFFFF943B15
FFFFFF936E94
0000026A07E0
000000A392ED
000001BF166E
000000E08BF4
0000009BABA2
000000B2183D
0000007EF141
000000D57944
000000C4B23A
FFFFFFBD234B
FFFFFF947746
0000012B6A09
0000014D6B73
FFFFFF6B7A75
FFFFFF8CA74C
000001FCE747
0000024EEF01
0000000779B3
FFFFFED5FE23
FFFFFF816469
000000F5CA6D
000003698B06
000002A54F04
FFFFFCBE1A4B
FFFFFB784F10
00000354C193
0000068A0EC2
FFFFFFE8EDA6
FFFFFE6653CF
0000018A2041
FFFFFEFD945F
000000340C1C
000001A67359
00000063BA90
000001DA92C8
0000018D22F7
000001E09DB1
000001F8D846
000001C7547C
000001C1D864
000001B96849
000000FE6743
000000AE8344
0000020CF059
00000298AFBA
0000010F7148
0000008044C5
000001CFE4D9
000002DC06BB
0000027B7B73
000001ADA0AF
0000003C72D4
00000010A9DB
0000039FE948
000005294C2D
FFFFFFD58931
FFFFFC7B1CA9
000001793BA4
000005499F4E
00000310D4C9
000002B255C9
000000E48EAA
FFFFFCD21282
FFFFFF8C0CBC
000000F0F4F4
FFFFFFE00FB0
000000912B58
000000B2BF67
000000D1C0AF
00000112EBF3
0000016652DC
000000F04839
000000F45B40
000000D17CD5
00000033B754
00000091A806
00000185C259
0000013C2C53
0000003B6883
FFFFFFDA7D87
000000ADB365
0000023DE057
0000023AA464
FFFFFFD6838F
FFFFFE921E0B
000000F79875
00000446F85A
000002E20C25
FFFFFE1F94B6
FFFFFC44705F
FFFFFF82C969
000005306E41
000007FF221B
FFFFFFBADE2E
FFFFF96C03A7
0000003C82D7
0000021D022B
000000164544
0000003F80EC
0000009CB960
000000F4FA6B
0000014B5CD4
00000156F6F1
0000010A5517
0000014DEBA4
00000183E6FF
000000801143
FFFFFFFD311A
000000FEA103
0000020089A2
000001412370
0000003D78C6
0000003CEECA
0000014A2A2C
000001E004F1
000000FE960B
FFFFFFBC2230
FFFFFFA99DFD
000002584667
00000502E4E2
0000015080D3
FFFFF9E4BA5D
FFFFFB2D4215
000005A9D49F
00000A2E02F9
000000AC1B63
FFFFFAA19492
000000D2FE26
0000032784A4
FFFFFFE8D14E
FFFFFFAC4CC1
000000E43B28
00000198CC57
00000149065F
0000008F5E18
000000CCAAD7
000001902C0D
000002162A9A
0000013C7FC1
FFFFFFB3D41A
00000036A054
000002030681
000001A56167
0000009BCFD6
000000589D84
00000052213C
00000100EB3A
00000203937E
0000010A6E92
FFFFFE250321
FFFFFF18D319
00000528D17A
000004FA7D5F
FFFFFBCCBAC5
FFFFF9CDFEE8
00000235A642
000006E7C981
0000024E7AD9
FFFFFF6F3E57
000000EF3BA8
00000357A263
FFFFFF874765
FFFFFFCC4561
00000195557F
00000196F914
000000A4D9CE
00000040CFD6
00000091780E
00000153E9B9
0000022A52E2
000001F83BEC
0000000C3739
FFFFFFB66BED
000001C89D7B
000001D53D16
000000321E72
FFFFFFC79472
000000338C2D
00000131651A
0000025AF7C0
00000111DCCD
FFFFFD65C865
FFFFFD59EEAE
0000033B449D
000005CB7747
0000006F2A2D
FFFFFC82E18B
FFFFFD569840
000001574BD7
000004863ECB
0000030999A4
0000001FEAAF
000002BBB001
FFFFFFD4662F
0000004A5A93
000001198E84
0000005159BE
00000009A84C
0000010DC9DF
0000014A9580
000000EF7550
0000010D0851
0000013FE8F3
FFFFFFD8AFD6
FFFFFF1EC2FD
0000015C178B
000001F6E7F8
FFFFFFC69644
FFFFFF2C73BC
000000D0393F
000001A33514
000001756D09
0000009F1E42
FFFFFF0EDA85
FFFFFE280662
FFFFFF935711
00000244F938
000003A9EF96
0000012EA0F5
FFFFFC5D8DE5
FFFFFDE4C3AD
0000047F9EC0
000002D34075
FFFFFEFE95EB
00000221AC61
000001219F10
000000964280
FFFFFF8B568C
FFFFFF2C4CBD
FFFFFFB5D1B1
000000E4FDA1
0000021FFE2D
000001D8E677
0000005CFD04
0000001E3A18
FFFFFFD0D103
FFFFFF13D287
000000547136
000000EBD4E3
FFFFFFD45C6E
00000050EC4C
0000016C0147
000000C1E52E
FFFFFFB01713
000000DA05E8
0000025187AF
0000001D9553
FFFFFC624AF6
FFFFFE1003B1
00000418AB51
0000042505E6
FFFFFF099BBE
FFFFFE24DB23
00000194301E
0000016ABF9F
FFFFFE81C484
000001EE0D1F
00000222FE0E
000000FAFE60
FFFFFF73B612
FFFFFFBF89B4
FFFFFF5A449E
FFFFFEE46932
000001697399
00000306D4A4
0000014EE0CA
000000D27FAA
000001079BF5
FFFFFFA1C28A
FFFFFEA5B671
FFFFFF0E4B2A
000000F657A7
0000027A633A
00000171F8A7
FFFFFF73C1D6
FFFFFEF10210
0000014FF8B3
000004129ECF
000001F20EF4
FFFFFC4D8285
FFFFFC888DC9
0000025AA459
00000354E680
000000A185A6
00000048693E
0000002CB4BB
0000019AD611
FFFFFEAAB5D5
000001C4C96C
000001D8334C
0000017444D6
000000CC3AD3
0000009B3DD8
FFFFFF398436
FFFFFE2B8314
FFFFFFB2708A
00000163A486
000002519462
00000352A37C
000002B358E0
FFFFFFF823E5
FFFFFD3A3448
FFFFFDD30251
000002432845
0000031F25BF
0000009A2F7A
FFFFFFE6690A
00000012EB9F
000000D51D45
000002F18FD3
000002E858FD
FFFFFF1E6FF1
FFFFFDA06AC1
FFFFFFE39133
0000005D41BD
FFFFFFC8395D
000000FFAB09
0000021453FC
000002C406E8
FFFFFEC2B34C
000001A262A4
0000017FB0C8
000001B6A54F
0000011404B1
000000A70F8C
000000C41A3A
00000050A453
FFFFFE0BD338
FFFFFD3D20F3
00000186F6BE
000004FC3882
00000416053A
000001E575DC
FFFFFE89E469
FFFFFDBC9936
000000A0C80D
00000099C39D
000000838B21
0000026569DE
000001712E0A
FFFFFF962D9B
000000E1F5B8
00000319340D
00000235AB10
FFFFFFB2F7DD
FFFFFE80DAE9
FFFFFE6D9CFB
FFFFFF8115E8
FFFFFFDB9646
000002C7A3CB
0000030B5DFD
FFFFFE91917F
0000017ECED1
0000019EB026
000001C66304
000000285844
000000A177F9
0000030A46BE
000002389B1D
FFFFFDA424B6
FFFFFBD8EBBD
FFFFFF5FE47F
000002318B9B
000003D125E9
0000053482D8
0000029CE602
FFFFFF614FF2
FFFFFD2D14EC
FFFFFCB36909
0000016B5DDA
000004760FD6
00000156E0B6
FFFFFED84B35
00000045A1C8
000002F08A6E
0000033D3922
0000010E9464
FFFFFE8D3409
FFFFFE75F519
000000BADE82
FFFFFF4FCBA1
00000048FD3F
000001E23121
FFFFFF03413B
00000162B74E
000000CD5625
0000015AADF6
0000007D6015
000000FC2646
0000024EF0D7
000001D3BD04
000000AB86BE
FFFFFFD59BCF
FFFFFD344E2C
FFFFFBE1A6E5
000000E53AE6
00000620BC4D
000005F96BFA
0000031C4EE7
FFFFFCCE2033
FFFFFAB88B09
000000C705E1
0000037933EB
000000F531B3
FFFFFFCEAD10
0000004F3A2F
000001CB75BF
000002B760D0
0000019EC943
FFFFFF2DCA95
FFFFFEF12827
000001C23FBE
00000014874A
FFFFFDEC0670
000000690CA1
0000001E6EE5
000001E33714
FFFFFF398097
0000002E416B
0000025AF5E8
00000228D53F
FFFFFEDA2DEA
FFFFFF6E6297
000005184204
000005121309
FFFFFC730C5D
FFFFF88FFDC7
FFFFFE374996
000002FF466C
000005935A73
000006415A73
0000007CC339
FFFFFC9611B7
FFFFFE2432E7
FFFFFF8BF401
00000195BEB7
00000261152E
0000002698EE
FFFFFFD8EF3F
0000021F3157
000002762834
FFFFFFAE304C
FFFFFE8B04A1
0000018FACC3
000001465289
FFFFFDF2B9FB
FFFFFF3EE4F2
000000DEE8F3
000002DD8016
FFFFFE5E1904
FFFFFEB4428F
0000033662EF
000003D2ACA5
FFFFFD99AF6F
FFFFFCFCEF77
000004A64AFA
0000065FAD54
FFFFFFC6ADA1
FFFFFC730613
FFFFFCF6BB74
FFFFFD1E1B41
000001C81F39
00000671314E
00000469FF64
000000BE0D77
FFFFFCB48352
FFFFFBFACDC3
000001F4031D
0000041C71E3
00000040A218
FFFFFF0F2F13
000001E980F3
0000031B0266
0000001CD9DC
FFFFFDFE723D
000000DEE490
00000216E724
FFFFFF194103
FFFFFECAF68A
000000AF8A1E
00000350441E
FFFFFEF22366
FFFFFE3F1926
000001A2F621
000003E60E5D
00000084B280
FFFFFDBE30EA
FFFFFF2CD55D
00000249DD8E
000005571E2F
0000042785E2
FFFFFC7D0BB9
FFFFF82A309B
FFFFFE59076C
000004C0C155
00000581BC7C
00000359FD04
FFFFFE17BE8D
FFFFFC426D77
000000BCB960
00000226EBB3
00000059C1C9
00000097AEC6
0000020339BF
00000288D80D
0000006B39D2
FFFFFE9979DB
00000067C5AB
000001CF62E0
FFFFFFD4A364
FFFFFF4C0968
FFFFFFE8B5A7
000003003914
000000763A3F
FFFFFEE3B1F6
FFFFFEEA07D7
000001E260E3
000004917E05
000001DC54DC
FFFFFA99449F
FFFFFBE25026
0000073A74A9
000009389BA2
FFFFFDFBE990
FFFFF869B651
FFFFFD9F9B35
000001F5A6D3
0000031BA1B7
00000300D0AC
000000F6133B
FFFFFF81F282
FFFFFED07E45
FFFFFE861DA4
000000975D8F
0000028F1FF4
0000019656FD
0000010A7D11
000000CA4B76
FFFFFFB53227
FFFFFF7C5893
000000ABD0EC
000000F30644
0000010405A2
FFFFFF0C6D92
000002985EA4
000001D7A991
FFFFFFC66A2F
FFFFFD0B1080
FFFFFF6A7509
000006231804
000005A30E9A
FFFFFAD8D6A3
FFFFF8897101
000003E43102
0000087C49D6
00000123E28E
FFFFFCEB0FA1
FFFFFE5A3F3F
FFFFFF004E04
FFFFFFFF207D
000001FDF27D
000002EAA3E0
00000168F901
FFFFFDD0528E
FFFFFDC68A46
00000154F6B1
0000022542C5
0000004DDC56
000000CB12B9
000001ABD2B2
0000002859C2
FFFFFE1421B9
FFFFFF32D5F6
0000028E0BAD
000003264937
FFFFFEC8ECA6
0000027DFAE6
00000241B612
0000007E8BF5
FFFFFD0D5DC2
FFFFFD9A6D6D
00000437CAD0
000006BA9392
FFFFFF3D7C26
FFFFFA6D2D84
FFFFFEA260E3
00000353FC91
00000402CFD4
00000210760F
FFFFFE4F0820
FFFFFCF29B5A
00000001C42D
000002959532
000001F5FE4B
00000022802C
FFFFFF519504
0000006DB35C
000000D002EB
FFFFFF253FC1
FFFFFF9B73BF
000002638115
0000030B3A16
00000090B5C9
FFFFFD60A174
FFFFFD5A2A3C
0000026E11D9
000003DDEFB0
FFFFFEF2A2C9
0000028DAED6
000001D66ED8
00000131732A
FFFFFE7D7A0C
FFFFFCCB7C34
0000006DD5CD
0000052AE025
00000441F3EC
FFFFFF5E23E2
FFFFFB257AAD
FFFFFD8E84C5
0000053F33BE
000005AFA16F
FFFFFD57CDDE
FFFFFB4C3B44
00000284C2C2
0000049A461D
FFFFFEFC6D37
FFFFFD870C63
0000025FAC17
0000035172FA
FFFFFEEC4201
FFFFFD08BFFB
FFFFFFED5143
000002A879E4
00000386DE31
000002685192
FFFFFEAD2C34
FFFFFC6E3C2F
000000674ABB
00000288D4B0
FFFFFED4B65D
0000025C0D46
0000017F7986
000001F19E30
0000005CE0D0
FFFFFD29E61A
FFFFFCEB6991
000001F0F8E2
00000747F9FC
000004647ADF
FFFFFA85588B
FFFFF9D76473
000004E1B443
00000785BEF1
FFFFFD4697C7
FFFFFA32F342
000003607FF7
00000622E950
FFFFFE63C026
FFFFFCA30E35
000002E5D3E8
000003BA5112
FFFFFF65B118
FFFFFEBC248C
FFFFFF94CC2C
FFFFFF71545A
0000022805FB
00000457C73B
00000168EFB5
FFFFFDBEC55E
FFFFFEA931F2
00000081DCA5
FFFFFE260374
0000018E372B
000001B5B9CC
000002C2009F
0000017114DF
FFFFFE1EE36C
FFFFFBAA9232
FFFFFEF526E7
000007182DD5
000007399B00
FFFFFC5CEC13
FFFFF9556AA1
000003198480
000006E5FCE0
FFFFFF4CF2F2
FFFFFB52E69D
000000FA22EF
00000474A068
0000015814B2
FFFFFF75E649
000000092DAC
000000BB5710
000002713C45
000002C79932
FFFFFE965D9F
FFFFFC1DA029
0000007DB97A
00000429AFD8
00000310F475
00000026AFED
FFFFFE488077
FFFFFF60B2F9
FFFFFDF634F2
000000FA30EF
00000179102D
0000029B79CF
000001DE9162
FFFFFF896C6D
FFFFFCA6180C
FFFFFD0A1230
000003E6A92C
00000747BDB6
0000005B2F6B
FFFFFBBCE591
FFFFFFAE1EAA
000003929603
000002B78D73
FFFFFF182C68
FFFFFD4F1101
000000077A81
000004C8BA59
000004471744
FFFFFD8F5776
FFFFFC565761
0000033D0119
00000569E728
FFFFFFD6220E
FFFFFCBAE9E9
FFFFFF132322
000001477DF3
000002C9615A
0000023E3940
FFFFFF1FEE14
FFFFFF5C992E
FFFFFEFDDFFB
000001FED4C2
000000B825FC
00000137AFAF
000002055ACA
000001637A92
FFFFFE6B5A94
FFFFFC3A1AF5
FFFFFFED8C85
0000050E041A
0000047370CC
FFFFFFE21BAC
FFFFFC3A402E
FFFFFEEE7873
00000556989D
000003719B0C
FFFFFB5BD490
FFFFFC5136BD
000005E1FA8B
0000074844E6
FFFFFE067D04
FFFFFAF6314D
000000CAB6DA
00000431A6D1
0000031B465C
0000009928D1
FFFFFDA57937
FFFFFDD3E019
000001DDA536
000003226B5F
000000682CF9
FFFFFF9C5B84
000000A96E7F
0000040A9922
FFFFFFA84F22
FFFFFF3D4794
000001B481AF
000002E691D3
000000B2F92D
FFFFFCEECC03
FFFFFCBD07C3
0000015CB46D
00000680944D
0000041B9BA5
FFFFFB560CE6
FFFFFB868DC0
00000529E9D5
000005C05ED2
FFFFFC6F58E6
FFFFFB3641A7
0000039C9060
0000065E6DED
000000C11CFA
FFFFFDB80E23
FFFFFE32934B
FFFFFFFEF678
0000043E0189
000003F97552
FFFFFE004947
FFFFFD16CF8D
00000171E524
00000249220D
000000A0DEEE
FFFFFFA2909D
000002436296
00000599C7F8
FFFFFED48947
FFFFFE2A7115
0000010D8475
00000330324E
000002274CDF
FFFFFE9EAABC
FFFFFBC9B28B
FFFFFE497916
000005B7F02B
000005EBDBAE
FFFFFD319A71
FFFFFB6A3988
000002C86C72
000004CD756E
FFFFFF80A5F1
FFFFFCE8CEE4
FFFFFFC1E13A
000002D66CBD
000003740ED1
000001BDBB9C
FFFFFDE589DE
FFFFFCE41D9B
000001C608D0
000003A82113
0000001AF277
FFFFFF67A766
0000015716F5
000000B623C6
FFFFFFAC6349
FFFFFFBD37FC
000001FE26B6
00000545C687
FFFFFF4B80D1
FFFFFF17562D
000000870B87
000002173AD8
0000026BD3BD
000000A2AE84
FFFFFD42DFA6
FFFFFD194D8A
000002923F34
000004D77C24
000000CADBDE
FFFFFE537E2B
FFFFFFC52E74
00000192FD9F
00000238096E
0000003243E5
FFFFFD5F9D36
FFFFFF12A565
000003CBA4DB
000003D97979
FFFFFFB491C9
FFFFFDADE470
FFFFFF02044E
000000E1FFB3
000001FFCBD6
000001CAA122
00000065C9C5
0000002D10E4
FFFFFFF17E60
000000D63494
000000AB1072
000003CAF1F1
000000BC1B21
000000688F1B
000000132BE2
000000A62B35
0000020082BA
0000021E21BB
FFFFFFB25ED4
FFFFFD8A3C89
FFFFFF6659FF
000002AE7699
000003B4C60F
0000016F682B
FFFFFE2005A4
FFFFFF356A7B
0000030F88F8
0000024483AB
FFFFFDCC948A
FFFFFDBC0D59
000001B989B9
000002E2A730
0000019B1E23
00000056A3C9
FFFFFE516B31
FFFFFF2C6F76
000002B27046
000002461413
FFFFFF78CCB8
FFFFFF6E5AFF
000001B9F423
000002EF475D
FFFFFEAE3B39
000001E6B3E3
000001EE85D6
000001C1462A
FFFFFFF87AE5
FFFFFFCC97BD
000001533DEA
00000256A427
00000158B201
FFFFFF0BD0F2
FFFFFDE12F30
00000067150A
000003FB3EEC
000002B93A06
FFFFFE5E517A
FFFFFEDFD6BD
000001F2C403
000001B985FF
FFFFFFA0DFDF
FFFFFF30463C
FFFFFFDB26EA
0000005A2A70
00000191AFD0
000001CDDF2A
FFFFFF57F73B
FFFFFF71DB03
00000213810F
00000160C171
FFFFFEE37F38
FFFFFE6C81F3
000002C696DB
0000060DE3B8
FFFFFE62EA7B
0000003F3F69
000001C65168
000002112184
FFFFFFC38293
FFFFFF469623
000000304008
00000130B43F
00000143D11B
FFFFFFD24104
FFFFFDFBAF3B
FFFFFEC4E0FE
000001918307
000001AE8209
FFFFFF72C35B
FFFFFF4BCC31
FFFFFFEC37AF
0000001E308F
000000AAB1CD
00000058BD5B
FFFFFF0ECD8F
FFFFFEDC2AF8
00000067F7F1
0000018EC3D1
000000BAEF8C
FFFFFFEEB73E
00000002E23D
FFFFFFEC45A0
FFFFFE7FD6F7
FFFFFD4E0D80
000001BDB5A9
000004BFF03B
00000321A021
0000044A608B
0000061EFD9A
000006822527
0000057B420D
00000492FC5B
000004348760
00000431DEDA
0000048E9446
000004F8BFAD
00000544DD7C
000005B362E8
00000685BCF9
0000074F5CCA
00000778943C
000007016BBE
000006E8795B
00000668E299
000004C238CC
000003ADE3F2
0000042AA392
000005736298
000006D740D7
0000065EA228
000003FC25EC
00000289BC2C
000004279992
000006ACA27E
00000686652B
0000047B16A5
000004A0B2D3
000003E0A2AF
0000024E2B33
000000E82E09
000002056AB0
000002AFC721
00000276748B
0000022FD137
000001B25F39
0000016C396E
000001B3500E
00000224223E
000002554830
0000027E4AB4
000002B24978
000003155C5D
00000346F2AB
00000343BB3D
000003AF8779
000003F90B0C
00000399B075
00000304B6B1
00000237FF4E
000002225BBE
0000035C1437
000004169D42
0000038E356C
000002BE37CD
00000288DBE3
0000034EF04A
0000030FB8A8
000002FB212C
000004293073
0000032B8402
00000543F845
0000059D4AB0
0000062BC595
0000060B57F6
0000044B7F91
000002F22063
0000023C6EDE
0000025B408E
000003007379
0000039985AF
0000041B864D
000004D46AF1
000005AC1A15
00000634536A
00000620FBF7
00000652AC28
000006DFF271
0000062172EF
00000478BB65
000003DA4393
00000425D9B8
000005AC0305
000007A4F96E
000006D86878
000003F24D19
000003BD928B
00000643FA33
0000080FDAC6
000005EB24AD
000005CA26F2
000007DA26F5
000004EA35C9
FFFFF823DD89
FFFFE916C5FA
FFFFDE8E1E95
FFFFD9D66690
FFFFDB61E572
FFFFDEE5E539
FFFFE33BDF7D
FFFFE5477EBF
FFFFE43C3464
FFFFE1587763
FFFFDD96AA4C
FFFFD90C2F9D
FFFFD4CF15C7
FFFFD17EEF78
FFFFCFAC3980
FFFFCFB00977
FFFFD2531C94
FFFFD6D1458C
FFFFDB6DFB79
FFFFDF09A56E
FFFFDF774888
FFFFDD178C26
FFFFDB9F25CA
FFFFDBFA7C5E
FFFFDC9D7F95
FFFFDDB5F0C8
FFFFDDAC3DEE
FFFFDC043636
FFFFD96EB5AB
FFFFDD8507A7
FFFFE4F66A8D
FFFFEB682B1D
FFFFFD707ADD
FFFFF3C84489
FFFFE92437DF
FFFFE3B2572C
FFFFE73B0B76
FFFFE98BEC63
FFFFEE778CDD
FFFFF1BBB4B7
FFFFF1582726
FFFFEEF3E5B9
FFFFEB8A2F79
FFFFE75CDCA6
FFFFE3A23EE1
FFFFE1620993
FFFFE05EB32D
FFFFDFA79363
FFFFE0577D8E
FFFFE2EDBF05
FFFFE5567BA4
FFFFE70EFEEF
FFFFE8B66C8D
FFFFE8F01F1C
FFFFE72FEE01
FFFFE56F8986
FFFFE4673149
FFFFE437C071
FFFFE4CF4476
FFFFE51AF9E3
FFFFE28AA5FA
FFFFE572B4A4
FFFFEAF27AD4
FFFFF1230787
FFFFFDFC616D
FFFFF513AC39
FFFFEAABC9CC
FFFFE5A82AF1
FFFFE9E7CDF0
FFFFEBAE9C85
FFFFEEC8BF1E
FFFFF12E6601
FFFFF19F6027
FFFFF00D1742
FFFFED310679
FFFFE9658F6D
FFFFE5DB4BAC
FFFFE405DED7
FFFFE36B5E9E
FFFFE19EA8C1
FFFFDFA38AA1
FFFFDF44DE5B
FFFFDFC39238
FFFFE0733BAD
FFFFE254AD45
FFFFE3A94B77
FFFFE2E1BB6B
FFFFE0E8F94A
FFFFDF8B7B4A
FFFFDE1053B3
FFFFDCB39A00
FFFFDD0ACA90
FFFFDC2EB297
FFFFDECC6F5B
FFFFE5800C75
FFFFEDB88D84
FFFFFE0728D4
FFFFF54D35E5
FFFFEA939C4E
FFFFE4D0007F
FFFFE84A2BDE
FFFFE771B152
FFFFE6422CC7
FFFFE4CB0CFF
FFFFE36EB66E
FFFFE2605688
FFFFE1CA376F
FFFFE0F75267
FFFFDFE858E9
FFFFDFA562FB
FFFFE00F894D
FFFFDDDE84C7
FFFFDA20307B
FFFFD813A2D0
FFFFD7BE09D6
FFFFD7F57078
FFFFD8F55221
FFFFDA03B8C9
FFFFDA27A319
FFFFD9B70456
FFFFD9FD5CBC
FFFFD9997A5A
FFFFD92C3349
FFFFDAB96208
FFFFDA68DE09
FFFFD99C42CE
FFFFDE27B38D
FFFFE7DBE6AA
FFFFFDCCAFDE
FFFFF4BEC4BF
FFFFE9B4EBDC
FFFFE2F2DF1B
FFFFE3FAD0DB
FFFFDDFEA1FD
FFFFD6A14559
FFFFCFBDBB43
FFFFCAE9E131
FFFFCA1ED587
FFFFCCECD8A6
FFFFD0EDD234
FFFFD3CD92A2
FFFFD5EF517C
FFFFD6F0D53C
FFFFD45026A5
FFFFCF822C01
FFFFCE0F172F
FFFFCF521802
FFFFCF292D28
FFFFCD52EE03
FFFFCC303154
FFFFCD027E01
FFFFCF140679
FFFFD27F7B0A
FFFFD72950AF
FFFFDB76B809
FFFFDDADA75B
FFFFDA059A92
FFFFD56BB031
FFFFD4FDDD23
FFFFDEC12BA4
FFFFFD44DDD2
FFFFF38C082E
FFFFE803ACCA
FFFFE1B6EF6B
FFFFE3D7D462
FFFFDDB2DCE1
FFFFD5F35560
FFFFCF61F01D
FFFFCAE49540
FFFFC9609195
FFFFCA6DD15F
FFFFCC9E83CC
FFFFCE837D1D
FFFFD0572E2E
FFFFD1F6E5AD
FFFFD0619732
FFFFCC8E89A5
FFFFCCFE008C
FFFFD103B3FB
FFFFD1E3E71C
FFFFCFACBF46
FFFFCD7AA0DA
FFFFCD7429A5
FFFFCF1832E0
FFFFD14905B9
FFFFD61B3D41
FFFFDBED01E2
FFFFDEC1E64D
FFFFDAE5B951
FFFFD80116EF
FFFFD399DD17
FFFFD94EF915
FFFFFC573B8D
FFFFF26A7EC4
FFFFE6BC214B
FFFFE053F536
FFFFE4A2D8B1
FFFFE26A43A4
FFFFDF0595D9
FFFFDDAF003A
FFFFDD4E7180
FFFFDA3BD83C
FFFFD4EBFA43
FFFFD007AC17
FFFFCCBCC106
FFFFCB962A47
FFFFCD347C14
FFFFCEBB1541
FFFFCF9812CE
FFFFD4FBB10E
FFFFDC38553F
FFFFDE81410A
FFFFDCFDEDDC
FFFFDBA4ECA0
FFFFDACDBF52
FFFFD90CC4EE
FFFFD6C8052D
FFFFD740B46B
FFFFDA4A8F01
FFFFDE00578E
FFFFDE2A74F3
FFFFDD9559B7
FFFFD7C3B29F
FFFFD981EAD8
FFFFFC15A237
FFFFF289B62B
FFFFE74AB0FF
FFFFE0097B92
FFFFE3F21DD0
FFFFE3276B08
FFFFE0BF9774
FFFFE075F54D
FFFFE209D29A
FFFFDFB144D7
FFFFDA2CC809
FFFFD4EAD7B2
FFFFD0902AC8
FFFFCDBE5856
FFFFCD9E8525
FFFFCEE2056C
FFFFD1182E44
FFFFD80287C4
FFFFE04815C2
FFFFE23C198F
FFFFDFBDA5CD
FFFFDFE982EA
FFFFE1AF1A53
FFFFDF6A07DD
FFFFDB5F35C9
FFFFDA542FDE
FFFFDA89EB08
FFFFDB3E49AB
FFFFDAF2DEE6
FFFFDAC418C0
FFFFD930E722
FFFFDEAEE57B
FFFFFD234952
FFFFF3B43737
FFFFE8CBCF6C
FFFFE218C38B
FFFFE57A0277
FFFFE4282671
FFFFE12B1F25
FFFFDEAF1E1B
FFFFDD9E4081
FFFFDCC6A703
FFFFDC2AE133
FFFFDB9AE7D0
FFFFD9A6B47C
FFFFD6C29145
FFFFD53BC98A
FFFFD51C3F0F
FFFFD4FE1ED8
FFFFD7E00D0A
FFFFDDB55258
FFFFDF7D5900
FFFFDC80B629
FFFFDD149456
FFFFE1BD2517
FFFFE2DAC431
FFFFE038B4C5
FFFFDE835F7E
FFFFDC46EF81
FFFFD78B1C54
FFFFD21C7E19
FFFFD3A2AD5B
FFFFD97FAFDE
FFFFE49EE798
FFFFFDF8EBE7
FFFFF48CD5AC
FFFFEA0B2038
FFFFE48C49E7
FFFFE7CACF01
FFFFE5923D0E
FFFFE2B5CF6E
FFFFDF6C5328
FFFFDAD7BD9F
FFFFD74479EB
FFFFD5D58C60
FFFFD6AAD4C2
FFFFD89D450E
FFFFD9BA6C61
FFFFD9F584F2
FFFFDB36C0FF
FFFFDA9E90C6
FFFFD892DE13
FFFFD8DAE777
FFFFD904B61D
FFFFD5798027
FFFFD427C684
FFFFD8037D7C
FFFFDBD14E1B
FFFFDC4D371D
FFFFDC7A2A32
FFFFDCFA4FED
FFFFD9CC9D07
FFFFD1440F8F
FFFFD1550C26
FFFFD782D913
FFFFE19E96C8
FFFFFE2AF9F2
FFFFF53D0F1A
FFFFEB2853CD
FFFFE5BEEC75
FFFFE903C817
FFFFE7917B7A
FFFFE4DD1FE5
FFFFDF8C4594
FFFFD8084069
FFFFD01B04AB
FFFFC954B773
FFFFC8AE5D39
FFFFCFB08402
FFFFD8BFA20D
FFFFDE360017
FFFFE056637D
FFFFDE045CBE
FFFFD8196C08
FFFFD2D53748
FFFFCF212D64
FFFFCAD90D06
FFFFC809AAFA
FFFFC9718B79
FFFFCD70F6B5
FFFFD154F45D
FFFFD67352D9
FFFFDCBC1673
FFFFDEFAF945
FFFFD762299E
FFFFD31AF8CE
FFFFD292172E
FFFFD9AB067A
FFFFFD68EA00
FFFFF3FCFC07
FFFFE922586A
FFFFE21FD3D8
FFFFE4996E42
FFFFE529A1BA
FFFFE4647CCD
FFFFDF2EBB86
FFFFD99594DD
FFFFD46ECFB8
FFFFCCDBDD10
FFFFC781F992
FFFFC954F16A
FFFFD0C62408
FFFFD88AB471
FFFFDC9AB4D8
FFFFDC149224
FFFFD96ADA45
FFFFD4C691E4
FFFFCF4ADB9B
FFFFCBCC1DAB
FFFFCA538E69
FFFFCAF2A73A
FFFFCD0746D5
FFFFD03CF4E9
FFFFD5711C03
FFFFDB83D630
FFFFDF31971B
FFFFDB7E1AF6
FFFFD8834674
FFFFD58C9404
FFFFDC000463
FFFFFCF46392
FFFFF177853F
FFFFE3F4B508
FFFFDB53F743
FFFFDDA2D1B5
FFFFDE1B711C
FFFFDF5ECC27
FFFFDFA2015E
FFFFE04A35FC
FFFFDFC63246
FFFFDA32D4E1
FFFFCFADDC89
FFFFC5660481
FFFFC220A868
FFFFC783C287
FFFFD013B7ED
FFFFD7855334
FFFFDC24E6B1
FFFFDBDBA2DA
FFFFD7FC2D51
FFFFD4B6978D
FFFFD3B4334A
FFFFD411C2B4
FFFFD41555CF
FFFFD4E466D4
FFFFD7D42D4A
FFFFDBED9163
FFFFDF8BEDDE
FFFFDF5684C0
FFFFE02756F1
FFFFDF27AC1D
FFFFE55BA2FB
FFFFFD06F223
FFFFF1226AE1
FFFFE2BE7A63
FFFFDA4EE037
FFFFDD26D99F
FFFFDB734F3E
FFFFDB2B9931
FFFFDDAC0B08
FFFFDFFC6E6E
FFFFDF7944D4
FFFFDD80BE14
FFFFD7B517CD
FFFFCC99E700
FFFFC32EA16E
FFFFC2028EAE
FFFFC8C31ED3
FFFFD25B60E0
FFFFD90C35F1
FFFFDB99E7FF
FFFFDA58B23C
FFFFD5C93DFA
FFFFD1FD1468
FFFFD1A4EEB1
FFFFD245E651
FFFFD365967C
FFFFD6BC1662
FFFFDB694DEE
FFFFDF493F1F
FFFFDFE9BA74
FFFFE2408B8B
FFFFE2DE9333
FFFFE88E16F9
FFFFFCE8867C
FFFFF1DCDFE3
FFFFE42C8BA4
FFFFDC18DD8A
FFFFDF2995D3
FFFFDCB85A92
FFFFDA528DBE
FFFFD958826C
FFFFD8C76162
FFFFD93F90B7
FFFFDCE5D7B9
FFFFDF665F35
FFFFDAD97E49
FFFFCFE28E89
FFFFC5AA5684
FFFFC43C83BC
FFFFCA1A34C8
FFFFD0B99CF0
FFFFD6215454
FFFFD7EB795E
FFFFD30233B5
FFFFCCF00D61
FFFFCB2100F2
FFFFCC2AF130
FFFFCE31C957
FFFFD2191D36
FFFFD76ED55E
FFFFDBAAA929
FFFFDC735807
FFFFDFE7C6AC
FFFFE30C0ECB
FFFFE9778942
FFFFFC50C564
FFFFF17EE9AD
FFFFE46CC46F
FFFFDCCF17FB
FFFFE00861BE
FFFFDDA9C2D1
FFFFDB5FD14F
FFFFD863CDEA
FFFFD5924B1A
FFFFD6B34F09
FFFFDAD8265C
FFFFDE7D1096
FFFFDF2E1E6D
FFFFD8F57943
FFFFCE2C288B
FFFFC889F2D4
FFFFC91DD799
FFFFCB8720FD
FFFFD0487145
FFFFD5246759
FFFFD5558FF3
FFFFD22986D8
FFFFCF439BE7
FFFFCE3C1A09
FFFFCECDF981
FFFFD013B378
FFFFD2649369
FFFFD548FDCC
FFFFD65C83BA
FFFFDB2C22C7
FFFFE1815824
FFFFE9EF661E
FFFFFC09B5C1
FFFFF199CD06
FFFFE4F144D6
FFFFDD7335B5
FFFFE107DFCB
FFFFDEE6E59F
FFFFDCAB8D66
FFFFD9763457
FFFFD5FA35A5
FFFFD52562C3
FFFFD627F747
FFFFD88CB02B
FFFFDD7D3F90
FFFFE0C1AC74
FFFFDD86AAEB
FFFFD5EFD2F6
FFFFCE596B5B
FFFFC9D55DC2
FFFFCB0A81BF
FFFFD15872C8
FFFFD8D1D05F
FFFFDC3AE399
FFFFD99BFD9D
FFFFD4DA8AED
FFFFD1FE300D
FFFFCF5186D2
FFFFCD13FC8C
FFFFCD506BC5
FFFFCE8C7F5B
FFFFD5C03AB9
FFFFDF1A33C8
FFFFE8F28033
FFFFFC449182
FFFFF2BE7F9F
FFFFE725C650
FFFFDF3CA135
FFFFE1F1955F
FFFFDF77CDA2
FFFFDCCA1C46
FFFFD94BF889
FFFFD6149191
FFFFD5291046
FFFFD5E22F08
FFFFD732F515
FFFFD9BC56B7
FFFFDED5E1C0
FFFFE27D86FA
FFFFDF09A96B
FFFFD7950722
FFFFD2844EA8
FFFFD092EBB7
FFFFD2042BD5
FFFFD83649D2
FFFFDD90C313
FFFFDBB8A096
FFFFD56F3820
FFFFD12F124D
FFFFCFD22DDC
FFFFD0147C3A
FFFFD147C670
FFFFD1A14105
FFFFD8800432
FFFFE1B24440
FFFFE9CDBAE3
FFFFFD892B71
FFFFF4391345
FFFFE94053F6
FFFFE1ADB3A2
FFFFE37EEDF6
FFFFDFBA601E
FFFFDC096FAC
FFFFD8E82038
FFFFD741F256
FFFFD76E1E4F
FFFFD839B494
FFFFD717506B
FFFFD4EAA43E
FFFFD76BB83C
FFFFDE6810DF
FFFFE3A66AD1
FFFFE4B8842B
FFFFE25A2B2E
FFFFDD15B0D2
FFFFD924472A
FFFFD9F679C8
FFFFDAAF18FC
FFFFD7F321F5
FFFFD2E0D52E
FFFFCF57C9DA
FFFFD18B83AE
FFFFD836FAA1
FFFFDD38259B
FFFFDBEE8533
FFFFDF768E8C
FFFFE51EE2B7
FFFFEA52DD08
FFFFFDDB9DDF
FFFFF3C843B3
FFFFE92DC83B
FFFFE30476D1
FFFFE572A78B
FFFFE0F44BF7
FFFFDC1F56C5
FFFFD95A414F
FFFFD809867E
FFFFD777C790
FFFFD82B107B
FFFFD7B964BB
FFFFD5DA44CE
FFFFD6425809
FFFFD9FF30F7
FFFFDFB04553
FFFFE4961FA9
FFFFE3A2934E
FFFFDE583AF9
FFFFDD0635B6
FFFFDED62469
FFFFDD2FFD02
FFFFD9BD469B
FFFFD60FB8A2
FFFFD0F8DAC7
FFFFCF6CFC0D
FFFFD48164EE
FFFFDA6C8FB4
FFFFDA3EAF4B
FFFFDE6F8218
FFFFE3E80441
FFFFEA094A5C
FFFFFD24D4C3
FFFFF2B60DB3
FFFFE87ABD04
FFFFE35D6694
FFFFE70FD5E3
FFFFE3745214
FFFFDE465402
FFFFDA427FC7
FFFFD79190FD
FFFFD60A910A
FFFFD735306B
FFFFD98766FB
FFFFD9DBA86E
FFFFD7BCDF9E
FFFFD50AB92F
FFFFD5C8DD2A
FFFFD9D48070
FFFFDB18E7C2
FFFFD98ED0D6
FFFFDC59BDC6
FFFFE16C27F6
FFFFE2411EFC
FFFFE03AF70C
FFFFDC5DB70B
FFFFD4FF215E
FFFFCCF592CC
FFFFC9A97E02
FFFFCBEBA293
FFFFCEEC5CA8
FFFFD785770F
FFFFE114E350
FFFFEA66C41E
FFFFFD3BC378
FFFFF2EF706D
FFFFE834D91F
FFFFE293FCD8
FFFFE6E04EE0
FFFFE46D7FE4
FFFFDFB37793
FFFFDB32DE6B
FFFFD8165D4A
FFFFD5DF8F74
FFFFD5B28B48
FFFFD84CFA36
FFFFDB31724E
FFFFD9F5C2AB
FFFFD59A01BD
FFFFD4411692
FFFFD6D0247B
FFFFD7FF549D
FFFFD68D01C0
FFFFD77B49CD
FFFFDB354686
FFFFDD923F13
FFFFDC9C915E
FFFFD8E0B572
FFFFD4DAFCC7
FFFFD02B41FE
FFFFCB94B93D
FFFFCA9D8698
FFFFCD327E1F
FFFFD615EC51
FFFFE1152BE3
FFFFEBB8C471
FFFFFE684B5F
FFFFF3E8B425
FFFFE7497E57
FFFFDFFDDFF8
FFFFE4160AE4
FFFFE2F08FBE
FFFFDFF2AC96
FFFFDBA7B357
FFFFD7C3BDB5
FFFFD551491D
FFFFD48D03A4
FFFFD6AD87BF
FFFFDADAD652
FFFFDC2D313E
FFFFD96A226B
FFFFD78D4F35
FFFFD8694156
FFFFD80C3E5D
FFFFD45E4EC8
FFFFD086C31D
FFFFCFC03FE7
FFFFD09991C3
FFFFD045D595
FFFFCF88A9D9
FFFFD1315BED
FFFFD38918DC
FFFFD3BE5940
FFFFD31563AF
FFFFD288A35A
FFFFD8FD9EC8
FFFFE367EF92
FFFFEDE57007
FFFFFE3EC336
FFFFF333697B
FFFFE541D388
FFFFDC94848D
FFFFE000B5B6
FFFFDFD5FF7D
FFFFDF256D1E
FFFFDC1CB8AD
FFFFD84456A7
FFFFD5F373D4
FFFFD53BD77B
FFFFD553D639
FFFFD7DD3D51
FFFFDADCF804
FFFFDA973D08
FFFFD8463133
FFFFD71A380D
FFFFD76FF473
FFFFD5A75E78
FFFFD0899D12
FFFFCCD6F527
FFFFCC78ADD8
FFFFCCEF1E5F
FFFFCCAAC99D
FFFFCCFD7FDD
FFFFCF70D182
FFFFD3FE4C0F
FFFFD870EFB4
FFFFD8C2728A
FFFFDD7B62B2
FFFFE56B27DB
FFFFED776146
FFFFFC89CE25
FFFFEF754C5B
FFFFE00E800E
FFFFD71F9112
FFFFDAEBEE23
FFFFDBF051FC
FFFFDDE2D5EB
FFFFDD4DD35A
FFFFDA3D9C4D
FFFFD74BAE39
FFFFD5168482
FFFFD369C177
FFFFD4B98AC0
FFFFD890DC92
FFFFDA3A02E9
FFFFD80E59EB
FFFFD568CB59
FFFFD60534D9
FFFFD7257B38
FFFFD39C6645
FFFFCEA9189E
FFFFCDA96CC3
FFFFCEB42AA5
FFFFCBEF8D93
FFFFC765C074
FFFFC8A0BE9F
FFFFD1B17CEB
FFFFDCBB5F26
FFFFE0BE176F
FFFFE378C18F
FFFFE5E6FF0C
FFFFEAB9BBDA
FFFFFA2AD3F0
FFFFEC308609
FFFFDBBD3FFE
FFFFD3FB36A3
FFFFDA206586
FFFFDBC12BC2
FFFFDE142DCC
FFFFDE446354
FFFFDBF2078A
FFFFD90A4994
FFFFD5A0FE53
FFFFD226A4DE
FFFFD1029086
FFFFD41F8EDF
FFFFD825D5F1
FFFFD7E4E3F5
FFFFD3C816FF
FFFFD26EDDE8
FFFFD4435DF1
FFFFD2874F39
FFFFCC7E3B49
FFFFCA1E9CE5
FFFFCD646DE0
FFFFCD7161E8
FFFFC9E26FA1
FFFFCBB8AAF1
FFFFD3FB7991
FFFFDD46F461
FFFFE1EA9C2E
FFFFE3B4E6CE
FFFFE2CD1BD0
FFFFE8574B1E
FFFFF7AFC914
FFFFEA27B18C
FFFFDAC28D37
FFFFD598164E
FFFFE01FB880
FFFFE2713F9A
FFFFE37E3171
FFFFE3556BA1
FFFFE17BD905
FFFFDE1A1100
FFFFD9704025
FFFFD477E283
FFFFD0CEEA24
FFFFD20C41CA
FFFFD7044461
FFFFD7F2A08F
FFFFD2FE0AB0
FFFFD09D8C5B
FFFFD2C38925
FFFFD10DF115
FFFFC9DF5B5C
FFFFC79A2DD4
FFFFCE4A3A6A
FFFFD56854BD
FFFFD7F68E29
FFFFDA6B8666
FFFFDD31D014
FFFFDED6C26C
FFFFDFBE4F98
FFFFE1FAFD09
FFFFE36CCA68
FFFFEA235DAC
FFFFF8340EB0
FFFFED113678
FFFFDE762CC1
FFFFD90817BB
FFFFE479E377
FFFFE6DA5CBC
FFFFE6FC58CD
FFFFE6B8E463
FFFFE618AF3F
FFFFE30EE488
FFFFDE651A20
FFFFD9F33E02
FFFFD5398B16
FFFFD3F508C3
FFFFD8146CF3
FFFFDAB5CFBD
FFFFD79DDABA
FFFFD53F77B6
FFFFD6CC3D1D
FFFFD52CF11D
FFFFCF8B7E1A
FFFFCE32311F
FFFFD3B4433F
FFFFDAD62BA8
FFFFE0805B76
FFFFE49BDE42
FFFFE5C5C68C
FFFFE3E1E410
FFFFE1BBAE4E
FFFFE2603C6B
FFFFE6105D1F
FFFFEBDBBC0E
FFFFF71E3671
FFFFEC5BDDF0
FFFFDE3E33AE
FFFFD6BB30DC
FFFFDF8856E3
FFFFE0FB4278
FFFFE0E7A0C2
FFFFE0F2976F
FFFFE176D15A
FFFFE0DB41AF
FFFFDEDE1ACC
FFFFDB4FB1BD
FFFFD6497182
FFFFD38F6C5F
FFFFD624B096
FFFFD9B33718
FFFFD9B42E6E
FFFFD8A58EA5
FFFFD9909D75
FFFFD8FD6EEB
FFFFD64BA825
FFFFD5711EFD
FFFFD7875EE8
FFFFDB3F5989
FFFFDFD6F25D
FFFFE324C051
FFFFE422466D
FFFFE2C38B87
FFFFDF2AF2A9
FFFFE015E6F7
FFFFE4B172F0
FFFFEC607AF2
00000578D455
000006708EE8
000005F80E0E
000004FFF6E2
000003CB0702
00000303ECB9
000002C93EA3
000002FF68D7
000003A50AFB
0000047263DC
0000050FD167
000005A61D5E
000006571961
000006DAAD09
00000716AC6A
0000068FEDF2
000005FCCD04
0000058D9186
000004BC9EFD
000004CBF170
000005BB0DF5
000005BC4940
000005A98303
000006040BE0
000005934463
00000588A573
000006B67FCF
000006CAE4B4
0000076D64C2
00000471ABCA
000001BE0E3C
00000037F787
000003AC3929
0000035F92C8
000001C01480
0000017D6DD7
0000010EF195
000001BEB646
0000024ACE44
00000205C7D4
0000020097C9
00000227EE64
00000255E30E
000002F8CA0F
00000388659D
000003C3D0FE
0000040632D4
000004A2EAB1
000004FD211E
0000043FF7A3
000003C8847C
00000517623A
00000617623D
000005BA9458
0000058403E4
000004A06379
000003923087
000005538DDB
000007ACBE4A
000006C7887C
000006E51898
00000459EC9F
0000026E3061
FFFFFFD6B60A
0000057B6B38
000005249311
000002853ECD
000001EC1046
000001E2E648
000003760722
00000508C1C0
0000056E86E8
0000054A1DDF
000004C62EE3
0000042AA175
00000448D3FE
00000462AEA8
0000040C391C
000003F1A2A4
00000463FBFD
000004733A8C
000003A150A3
000003D1816F
000005D22C25
0000074B9F5D
00000733A8C5
0000064CC87B
000003CAA78F
000001C284CD
0000040B3840
000006FD9C05
000006399F62
00000728E42E
000003B2B46F
000000B8F984
FFFFFD1CBC7A
000006344897
000005816893
000003D81908
00000425BD2F
000005C9BC1A
00000774E8FA
0000094E1165
00000AE9A1D6
00000B6B01EF
00000A3D656C
0000085939FB
000007B0A737
0000074A23E8
000006947EFA
0000065BAACC
000006C78151
000006B0FD05
000006279669
000006BC9B7F
00000823289C
00000885AB22
000008E29E9D
00000889EAA1
00000533CC98
0000025499E9
0000043373D8
0000059E3CF1
0000048773AD
0000070F3E5D
000005D05D2F
000002C9430C
FFFFFD1CF9BC
000004F716AB
000003865326
00000224A8A2
00000378FEE5
000004E768C3
00000648EAE7
0000073665CF
0000086AC3C4
00000987A6C7
00000941574A
0000080E0BF0
0000079D44B6
0000073A0AB5
0000069CE935
000006456F95
000005EC7E5F
00000512E48A
000004B47251
00000565523C
000005E916A5
000005A51C5B
00000601363E
00000687A32F
00000486EEE4
0000027345AE
0000032AAF04
000002C6C533
000002B9281A
0000079353A4
000005FA38AC
000002ECBF88
FFFFFE50E737
00000505799E
000003A3D944
000001CE164A
000001F756FA
00000250264D
000003849B2B
000003B93032
0000037A4F8D
000003E49A04
000004A3FCF6
00000571C042
0000063F7BE8
000006C16F83
0000065F66F1
000005749EB2
000003CFCD88
0000021F94C9
000001E2A6C5
00000252FBF4
000001C71CF6
000001545DC9
000002972695
000003629A0D
000001E51EFA
000000FF593B
0000018806CF
000001B12F69
00000411FDDD
000008E193D1
000002ED9382
FFFFFFF982EC
FFFFFEF68ABF
00000547BE74
000003AA6182
000001F8A1E1
0000027EF509
0000027E2F73
00000329B9E9
000002E39526
000002146FA4
0000016E7602
0000016E69F4
00000240C736
00000332EE46
00000420AC2D
000004AE62F9
0000041D3ADE
0000025179D7
00000098AF2A
000000B099DC
000001409170
000000B6717D
FFFFFFFBAFFC
000000516010
00000049AAF1
FFFFFF8EA0D4
FFFFFFCF088E
00000022428B
000001599437
0000057A78F6
000009B85415
000001B2FFC1
FFFFFEEB0746
FFFFFCBC5FFA
00000588EFEF
0000032DAC77
00000190C278
0000036F1346
00000379CB88
000002B4A72B
00000225554A
000002CC1B38
0000030053FD
00000240041D
000001897580
00000120206C
000001546BBD
00000204AE24
0000021FAF70
00000174350D
000000D9C6AE
000000D94CC9
00000191AFC1
000002876C31
00000266ADA7
000000764C82
FFFFFEB95810
FFFFFFC1E3D4
0000011C748E
000000267E3F
0000014BD307
000005B3F254
000009439342
0000036B9208
0000014485AA
FFFFFA13681D
000005358D95
0000029FACE3
000000EC5B4C
000002AA6347
00000289F69D
0000019D08E3
000001A08316
000003957822
000005901CFA
000005D5332E
000004931E9D
000002C40D2A
00000140887A
0000009CC149
00000024C337
FFFFFFE5710C
000000FB21DF
000002B352D7
000004209A04
0000057939C3
000005CA2A0E
000003EEBDF3
000001E3AE45
0000023B5EEB
00000287FB1C
00000157179D
0000021500DC
000004B56DC3
000007A00EDE
000004B3D9EE
000004630F7E
FFFFFC08AE13
000004D3A568
000002E6DE72
00000143FC0F
0000019B2BDF
0000012299CE
000001E1C92D
000002FB3F79
00000407ED9F
00000628B8E3
0000081DF367
0000084924F7
000005EABD0E
000002A5414B
000001181B2E
FFFFFFD6F5F7
FFFFFE8799C0
0000009D5DD9
0000053CCE55
000007DA3859
00000799A3A2
000007323B63
0000076C20D1
000006EF4992
000004ADE041
000002139F1E
000001EC5406
00000314A516
000003992BE1
000005E1E666
0000039A1E95
000004868166
FFFFFEBF057A
000005622BCF
000004198C4E
000002C5D051
000002A14301
000001BF22B4
00000255F656
00000340A90B
000003C036F6
00000492F022
00000612B457
000007C61D75
000007405D84
00000538BEE4
000003C6B866
000001C2C417
FFFFFFDCDFC5
0000011A2F1A
000004882E99
000006767674
000005D4669E
000005503EF4
0000064D11B9
000006F5D8C6
00000451F982
000001623EAF
00000206349A
000003689810
000002F33C28
0000042D53BA
000000D228D3
000001D02CA1
FFFFFCD3A55F
0000062DC89A
000004FFF651
000003F9A5E4
000004CD4EC4
000004091F75
00000284AD57
00000214EE4A
00000397E193
000003864312
000002368215
00000389D2F6
00000662BA86
00000850868A
0000071A23B2
00000432B8E5
000002EBD435
000002CE9302
0000023E4DAD
00000246F185
000002F6A1D4
000003402C0B
000003AC7CC5
00000409E10B
0000025D83E5
0000011F6E5A
0000023B5B9D
000002BC6234
000001C22023
000002827449
FFFFFF26527B
00000017B027
FFFFF9690BB7
0000061A1EE6
000004E0A2DF
000003CF9529
000005024FAD
0000050A2F26
000003EAB845
0000032410C2
000003D754FE
0000033F49F0
000001AA8B4B
0000016EEBE4
0000037ECF4E
0000069BCB00
000006C40EED
000005713ABA
0000057EBE9E
000004EA0112
00000367E242
000002C32B80
000003138E77
000003965DD6
0000044D0AC4
000003E594A5
000001DE03C0
0000010A97FC
000001A5BC82
00000148AE1C
000000AE1C0E
0000025C0C21
00000038BE5C
000000C26371
FFFFF8CB28DF
000005BFFC79
0000048AB9CB
0000031806C4
000003C34551
0000044CA528
0000058C9305
0000057DD09C
00000371C1E1
00000230CBEE
00000347A95D
0000028C02AE
000000BFE6C6
000001D5C54E
000003FCE08A
00000635D8F3
00000722E941
000005BC6090
00000531A2B3
000005239AD5
00000412A331
00000441AAD5
000005D61596
0000058D260F
000003AF0E91
000002A2EEAE
000001F83952
000000F01DFE
0000013421C2
00000353A255
0000013BCDD2
0000010E97A9
FFFFF9D88013
000005FDD77A
00000476D574
0000028D1770
0000032527A7
000003B86682
0000050966BB
000005019DE6
000003132218
0000024509F2
00000353AE61
000002ED1232
000001C910C3
0000015BE103
0000023EAC94
000004F94088
0000059570BE
0000041C4272
00000486A8F4
000004AD1F2E
0000032B3756
000002FF5DA8
000004A1DCC6
0000058B07F0
0000056F592E
0000053B66AD
00000420C9C4
000002AE53C7
000002AA5900
0000042300E6
0000010E7318
00000094BA64
FFFFFAB94006
000005F90690
0000041E7CDD
000001DBD8DA
000002D3D1C1
000003A7FA01
000003FFEB2D
0000037424AE
000003B34AC3
0000042448F1
000002BAF282
0000020AC266
000003828697
00000279F479
000000E2F62E
000002099A99
000001FDC20D
0000021EF170
0000040B8339
000003C02560
0000017B935D
0000010C680E
000002AF6B2E
000004336916
000004C8EE23
0000055F18C0
00000546D654
000004808B75
000003D0CD03
0000047CBE0A
00000136DA32
000000CFE645
FFFFFB8AA1C8
0000059AEF1E
0000031944DD
000000C8E992
000002BD5C89
000004291318
000003EF765B
00000330BCBD
0000045CF393
000004F9C0C2
000002A65083
000001B48D2B
000002C1537B
00000195480A
000000D46944
000001467534
000000452A47
000000D9C3A8
000002766BCA
000001E3EF66
000001482AB7
0000020199D0
000002FA7593
0000036DC280
000003962AB7
000003C98B0B
000003288B4C
0000026BD4BD
0000023A6A40
0000035D9E37
00000092892B
000000EA6DA3
FFFFFC9DE15B
00000593A7C6
0000023A8F83
FFFFFFAC2DD3
000002BB12D1
000004A35D19
000003C900B7
0000032B0C5A
00000474FFE5
000004295094
0000029C1BB4
000002D7C062
00000248E3F2
000000A2D39B
00000179D43C
000001EF7BC9
000000CEEDCE
00000084A25E
FFFFFF368A68
FFFFFE4ADAA6
00000155854A
00000421EFC0
000003677BBA
000002BC3D3C
00000416772B
0000043CF03D
00000144C142
FFFFFE91E603
FFFFFF04E4FA
000001BEE880
FFFFFF7A6139
000000A21FDA
FFFFFDA6FA87
000005B5750F
00000255CCED
FFFFFFC0DB9C
00000246F8FC
000003B104A8
000003A3375D
000003FA018A
000003F8208A
0000029BE9A1
0000032FB11C
000004DA4E21
0000027845E3
FFFFFFE84379
0000019151C4
0000033111D3
000003331C0D
00000291C95B
FFFFFF97343E
FFFFFD25954D
FFFFFF4DC168
0000022B338E
000002A52098
00000346AAAC
000005566D1A
000006207975
0000037958BD
000000256E83
FFFFFF59F0E6
0000018C33D9
FFFFFF66BF4D
000000E856BE
FFFFFD6AEEA7
0000058ED8C0
000003049208
000000F4053E
000001DE7AE2
000001DF6B36
0000039D63E2
000005657C7F
0000035CEEE0
000000F945C6
000003AD51A7
000005AF5F9F
000002542024
00000058ACF2
00000284620F
000004298394
00000492BF3B
000004B8DAA0
000002F5EF27
000000094C0F
FFFFFE99E573
FFFFFFA0D219
000002BE4994
000004C6AAD5
000004D619F9
0000053CC6E3
000005C5F209
000004E613B6
000002858A7D
0000024FF589
00000036F7F5
000002129DA7
FFFFFCF3BF97
0000057A8A09
000003815D13
000001E69523
0000021C228E
00000132A236
000003731979
000005A221F2
00000316A0E8
000001001D5D
000003AB10C0
000004C8E741
00000264473E
0000020876C0
000002E334B5
000002645321
0000034ECB7B
0000054F2DE1
000005356AAE
000003D2A0E6
000002D96C10
000002D16D7E
000004619A4F
0000051BDC41
000003D736C4
000002F865BC
0000038111D7
000004571DCA
000002ECC990
000002A53437
00000128F565
0000031D7C6C
FFFFFC917322
000005C425C9
0000041E20B0
000002B6A54C
000002B4B8BA
00000157DC23
0000033CFD3E
00000512EC84
0000038437D0
000002D5A93F
00000421AD45
000003531DB9
000002312D20
00000313C4D1
0000025EE38A
000000AE0B5B
000002869F9F
0000058857E2
000005840B9C
000005510C32
000006D865D5
0000074A68BE
00000622D01F
0000055EDC33
000005381103
0000035D179B
000000C038DE
0000005BF805
000000A90547
0000022A5280
000001E1239C
000002E162F2
FFFFFB4E41AD
000006A5D763
000005434FDC
000003B35ED9
0000034521C3
000001DF0F8D
00000304D246
00000412E232
000003EC1EE7
000004CE9497
0000044DF5E4
000001EA46B0
0000027428D6
0000047616B1
000002A42FEE
000000A9094D
00000361EA3F
000005932275
000003EB7EAE
000003A4FBCC
0000065C62C5
000007AA5EBB
0000069ED036
0000064D4CFF
000006A3E687
000004CE39AB
000001F60BF7
FFFFFFDF73D5
FFFFFEAB6D84
0000009AD337
000001177440
000001B3B37C
FFFFFADC3BEC
00000802F0B4
00000647BF63
00000452BEDB
000003EE782F
000002FA1B29
000002F9270E
00000294DE81
000003BA067B
000005CD0D35
000003EC5E90
0000015257DC
000003B7E940
000005E94CF4
000002ABA084
000000C234FA
000004425893
0000057247C6
00000294B4E9
000002C3627E
000005CFCAB9
000006983F24
0000060ED3E3
0000067C132C
000005B99507
0000040DAD7E
0000038AFE8A
00000193D07B
FFFFFE67A0E8
FFFFFF9B807D
FFFFFF9FD224
0000009E5E89
FFFFFBFFB7EE
0000089F5B6C
000006AF6FD9
000004134F9E
0000037B809B
000002AE842B
0000020C521B
0000011F2E3F
0000031A7A92
00000580E437
00000384C63C
000001F13066
000004AAC23F
0000058EDD99
0000028B53CD
000001D6A767
000004972F87
0000050A906E
000003EFE839
0000056BFFFD
0000069FD158
000005398852
000004CC0418
000005083D55
000002BF0144
000000BDD5F4
0000016F0F17
0000017C66B1
000000106209
00000172D02F
000000087916
0000007A1AE7
FFFFFC648C27
00000872E193
000006BDD4EF
0000038BB069
0000026D6859
0000014ED84C
00000099C8CE
FFFFFFE9285A
00000228E6CF
00000436D4B4
000002D99ED4
000002CC215D
000004DFB433
0000046CED08
000002CC943D
0000037BA83C
000004519E50
000003FFD6D3
000005C43F07
0000082B67DB
0000063B3458
00000332FDFA
000003B4708E
0000035C05C9
0000002CA1C3
FFFFFE18DCCA
FFFFFE992BC7
FFFFFFB5551B
000000D8A0C3
000003819C5F
000001A364C3
00000150E70F
FFFFFC0EC1E5
00000833D219
000005D886D8
0000024BD273
0000020D0204
0000012CAEA7
000000306477
FFFFFF773A03
00000126B363
0000028C5259
0000027BA8FA
000003905C25
000003F9177D
0000028288AC
000002ADAC3D
0000041D48C0
000003188AEF
000001FE101B
000004BA4310
0000070EBB9A
0000042D331F
0000017C96D3
0000024D1C6C
000001ED11C9
FFFFFFD03E58
FFFFFE791E79
FFFFFDB8D2D6
FFFFFE098A65
0000000A5307
000003AD92E9
000002577C24
000001F2B566
FFFFFC5FC27B
000007B5FF52
00000425AC00
00000069D9EF
0000020D357C
000002284A4A
0000010BA124
00000048FC10
000000DD19AB
0000013FA735
0000028B984B
000003FA0C51
000001ECC5B5
00000006B415
00000238107D
000003D59BD7
000001326996
FFFFFF9C7734
0000025DD347
000003F24882
000001A3FE32
0000001B1120
FFFFFFFB905F
FFFFFF6A3D9B
FFFFFF96E55F
FFFFFFA2A06A
FFFFFE15E401
FFFFFE04B4E5
00000059D00F
0000039FE7D0
000001A17BF0
00000104861F
FFFFFC5C67A8
0000082BABE2
000003E80DAF
000000DE0B40
000003F6462A
00000591084B
00000560DD2F
00000508C18A
000004CA987A
00000443AA3F
000005A464CB
0000069A6543
000003CE1769
000001F58A4F
000003E2A4C0
000004B2BA61
000002701227
000001A738CA
000003989434
000003D1EE93
00000215EFE0
0000015D9F21
000000FC3EC6
000000662DDC
0000016B55C2
000002C540BD
000002CE73F5
00000370FD93
000004D27413
0000063B4980
00000457DF83
0000035C4F35
FFFFFE72A6EB
000006AD800D
000003A4680A
000002115C51
000004CF12A6
000004D71244
000004FA02B2
000004CED12F
000003ED9C5C
000002F35EAF
000003B22B2B
000003CD5DA4
000001D7CE77
000000B6BEEB
000000E3AEC5
0000009CE5BB
0000005974DD
000000D64B74
000000FA1E04
0000001E0385
FFFFFFEE0777
0000001CBA3F
FFFFFFB5EA87
FFFFFF6B25C2
000000257720
000002113ABB
00000429DFDD
000004E9C046
000003EF08D1
00000366B413
000000CFB8BF
000001BF1215
FFFFFDDD6024
0000023E1657
FFFFFF52FD7A
FFFFFF897979
000001F7AF9D
000001A48770
000001F1DE0C
0000022B2649
00000183AEC3
000000C0A97E
00000118865D
000000E4C042
00000005E087
FFFFFFC7AC45
FFFFFF428747
FFFFFE291BB3
FFFFFE69B4DB
FFFFFF9E22A0
FFFFFF68A84C
FFFFFE17E54E
FFFFFDD9DE90
FFFFFE122E0A
FFFFFE5221A2
FFFFFEDA0DD6
FFFFFF228C3E
00000014236F
000001EBAA4A
00000254FDB5
000000F369F1
000000FBA0E4
FFFFFFB5A229
000001F235CC
FFFFFE6889F4
FFFFFD0DBBA3
FFFFF896BD8C
FFFFF6EEDDF2
FFFFF7E9F174
FFFFF646E462
FFFFF62898C1
FFFFF67BB5A8
FFFFF646B148
FFFFF638BAA6
FFFFF69435D2
FFFFF693E94E
FFFFF69B60EA
FFFFF710D617
FFFFF6F257C6
FFFFF657AF46
FFFFF661F88F
FFFFF74C7266
FFFFF80A164C
FFFFF77BDBBA
FFFFF63F8B8D
FFFFF6090BA2
FFFFF714E228
FFFFF7DE1C71
FFFFF79872E1
FFFFF747C529
FFFFF75D2908
FFFFF72B3453
FFFFF6BE8538
FFFFF66EC6A4
FFFFF798C1D9
FFFFFB5721E9
FFFFF6795016
FFFFF9CE35EB
FFFFFC241F15
FFFFFCA49F79
FFFFFB455DE4
FFFFFC12E3F3
FFFFFB9981EC
FFFFFBB0E2EE
FFFFFC0D9D96
FFFFFC256861
FFFFFC062778
FFFFFBB3EFA1
FFFFFBBC7A99
FFFFFB8867CC
FFFFFB6C9647
FFFFFBA0D7D8
FFFFFBC925BE
FFFFFC0101FE
FFFFFC16E494
FFFFFC36498A
FFFFFC4B3EDE
FFFFFC4521E6
FFFFFC751D3A
FFFFFCD390D9
FFFFFCA22C36
FFFFFC35AA12
FFFFFC17E413
FFFFFC192B38
FFFFFC0290BD
FFFFFD858D54
FFFFFD7F2D76
FFFFFEE0B554
000000657BF0
FFFFFF551147
000003F01EB5
000005ADC7E3
000002FC8DAC
000001AD6593
000000808006
0000002EB4F7
000000F00F47
000001E9F540
000002D0BEEE
000003483AB0
000003EAAC2D
000003EE134C
00000373157B
00000358CAEB
000003168512
00000258CC50
00000171B7D2
000000D6D603
000000BF0D8C
0000013E4A13
000002253430
000002D58C10
00000206ED8E
000001296975
0000017B690E
00000124A47E
000000AFAA8A
000002EBD5AA
00000217E55E
000001B8CD38
0000019C937B
00000065DDCD
00000446CAF4
000006385729
000002FD5FCB
000000F2B9A8
0000004E5345
0000002CFAF6
000000C8A32A
000001AA01BE
0000028A6581
00000329DAC7
000003F953AD
000004209A64
0000032B3420
000002E1F4C2
000003A5331F
000003A06E7B
0000020E1341
000000937622
000000402EA9
0000006CFEC8
000001CD9D6A
00000335CCDA
0000023D227C
000000F19A9B
000001DF1B21
00000159B1DF
FFFFFFFB8B92
000001E52318
000001F9D71B
000002BF2F56
000002110C69
00000028497B
0000028CBD0E
000002D448E1
FFFFFF7F4329
FFFFFDB6EC6D
FFFFFE0993A5
FFFFFE74DA33
FFFFFF4B7B85
0000004F99F5
00000104B8F0
000001F1DBD1
000002B18849
000002909062
00000184D90A
0000017A89A5
000003002572
0000030D3EBE
0000013ADE8E
FFFFFFEC675B
FFFFFFE4268C
0000005E8AF6
0000017BA88C
000002866B24
0000023B0C47
000001902553
0000020A6F81
0000018DDCB4
0000004A45F3
0000014C8741
000002195B77
0000038877C9
00000296F614
FFFFFEFEDCB9
0000017D1407
0000007859C8
FFFFFE56E04F
FFFFFE56F25E
FFFFFF6087A9
FFFFFFD1812D
0000002EFE0E
000000A0C2BD
000000AE4A34
00000114F825
0000012E33FD
000000D121C7
000000A66038
0000017BC8BC
000003342F6C
00000328CB5F
00000195EBEE
000000FD3D4E
0000015A0AFF
000001D90661
000002140429
000002343AA7
000002901FC4
000002730BE4
0000017C4460
000001155971
000001935AE1
0000026A8D3F
00000322DC3E
0000053FA64F
0000039B1A27
FFFFFF485EF7
000001BCAAC6
0000017C4097
0000008B5901
0000018BD985
0000036DE95A
00000420EDFC
000003907DB6
0000031FB6F8
0000025D2521
0000017B6F3A
000000A2C3A5
00000056A19C
000001644689
0000035A6C1B
000004F7CB42
00000456EB06
000002A43A9D
0000029014E7
00000375E15F
00000372BA20
00000322618E
00000330D508
0000033A73C6
0000024D0BBF
0000002BF7D5
FFFFFF1F4E82
000000D6C690
000003ED386D
000004B3ECE5
00000648A969
0000039806D1
FFFFFF8812F4
0000022F0B48
000002C5561E
000001FDA54F
00000278E756
0000045523B9
000005576760
0000048F374A
0000043A6B33
00000464D403
000003CE50EA
00000297E167
00000204FF62
00000357B52E
000004FFC7CA
00000506609B
00000391FA10
0000027188F0
00000348D73D
000004B09441
0000047E53ED
000004253F7F
000004F3CC8D
0000055BA2F6
000003BAC447
FFFFFFF2818C
FFFFFDBF66CB
0000007609E6
000005EBBE78
0000053AE748
00000687FEFB
000004A0D9A4
FFFFFFD3246E
000002482703
00000280A6C7
000001B68CC4
0000020AFBF0
000002AD7AC7
000002B41006
000002387EAD
00000296AABB
000004224AAB
0000054DAAEE
0000053A0EA3
000004D15313
0000057D9B51
0000054D8D09
0000034AE09E
000001894ADF
000000DA8709
000001C3F393
000003D5E131
000004794A5A
000003D0FFD4
0000045D28F9
00000562083A
000004568DD3
000000D28908
FFFFFEE3F5FC
0000018C5E86
00000579A591
00000410DE42
0000073A2822
000006F28CDF
0000002856C8
0000021C99AC
0000019F699E
00000197C5A1
000002A8E220
000001BC9637
0000008A9045
000000BE69A9
0000018A6104
000002E976BA
000004804923
00000583D88A
0000061952BC
00000677995A
00000557ADA0
000002E88A6C
000001663D1E
00000083549D
0000007E5326
0000025A5C67
000003A68FD9
00000298FF29
0000023DEC9B
000003C9B279
000003EDB05D
000002575FF0
0000018C2A4E
0000029F3F60
000002C6C0FF
000002D08BA0
0000079E9A2A
00000707B39C
FFFFFFF8528A
0000021A5B92
000001E29E1D
000001A45A06
000001CDE4C8
00000075EC85
FFFFFFCCDCFD
000000D31A1A
0000019ECE00
000002769856
00000385A1DD
00000406A7BC
000004D2A071
000005647515
000004D8C8FF
000002E4BE92
0000009724A2
000000161E2E
00000099E9DB
0000014AA5E5
000001FEF5BB
000001D2262C
000001E1D623
000002D9A767
0000035C171D
0000033E2AFA
000002F983A1
0000030D540E
000002649451
0000025BF899
0000060C7C55
00000447B303
FFFFFEF0D4A2
00000204B90F
0000029DF60D
0000013D4C45
00000007C568
000000298BDA
0000014BF9D0
0000022E8C25
00000266D75F
000002E641F8
000003389EDF
00000271A6EF
000002411AB1
000002C170AC
00000399E0F5
000002C693CB
0000006C857C
0000010F903C
000002FAD734
0000024D0DAC
0000016A2C17
000002730004
000003B15B6A
000002C2ABC9
000001CBE85B
0000027044A0
0000029CEF69
0000028ADEBD
000003F2CED4
0000031239FB
0000058B8617
0000032240C2
FFFFFE24AB24
000001C3B954
0000023C8624
0000009ADD28
000000678E17
000001A79F1E
000002B1BDC7
0000034AAD4D
0000040A6216
0000044EFB51
0000037ECDB3
00000248E381
000001123916
0000003BD143
000001A49E06
0000030B73B1
00000324F5ED
000004C9D615
0000065FD1B3
000005170CFC
00000359DF58
0000044AF15A
00000582DD4A
0000038797B2
0000012B092D
000001550205
000001DCFBFA
000001AD8CD0
000003BBB473
0000044681AD
000007D59573
000004A5E11B
FFFFFE95CDA9
00000229966C
000001F1DFF8
000000BA1617
000001D8E024
0000022BEA73
00000167840A
000002777C1C
000004AD9549
000004F2A44B
000003AB7A80
000003A59213
00000310C607
000000F65145
000000767AA5
000002223688
00000417A78D
0000054A17FC
000005989F9D
00000565FD19
0000049C7427
000004BF4E76
000005094F94
000003D4B02A
0000024DDBE3
000001A9ECBB
000001C66D0D
000001B5252E
00000294B1E5
000004B2D9EC
0000094E8628
0000058E2BF0
FFFFFF644663
000003252034
000002FE460A
000001934DC6
000001F486EC
0000018921B2
000000F36127
000001C03827
000002BF15C1
000002D33599
0000034AC624
0000053C0148
000006223896
000004BF79CA
0000025C9473
000000D76FC9
00000194FB5B
0000020C38AD
000001E7A3FC
000002F0B036
0000037BBEAC
00000376146F
0000039A17AB
000003C64FC3
000003E98616
000002F55185
000002059D69
0000020434CD
00000235F773
00000361E4C6
000007200581
00000464D509
FFFFFFB1C286
00000386F356
000003ACE0EE
000001A125C8
000000EAD94E
0000015FC7E7
000002983C74
00000251E8A2
000000BF9A27
000000BE5E15
0000031DC15D
000005A3CB79
0000069559F7
000006BE146C
000004FA5446
0000013F0CEB
FFFFFFC5602A
0000004626CA
000000B66114
0000018E03CF
0000029AD95E
0000031633F2
00000359548E
000003BCB8D2
00000440A10F
000003225CCB
00000180999C
0000019E1ED7
0000025E66E6
00000174E5A0
000003EE256F
0000034AAC73
FFFFFFD95CD8
0000032A4E7F
000003437FA0
00000145078F
000000B2C2E0
00000178D1B2
0000032F41BC
0000033D331E
000001A7EE69
00000123A5C5
000002775FE2
0000038278EA
00000403737F
00000599F16D
00000638869D
000003841B34
00000122ACD6
000001650778
000002512A04
000002461D8F
0000028DFB4B
000003805050
000003C4EBE8
0000034F2A7C
000002F71627
0000024D1C7C
0000016D5708
000001BBBE92
000002934075
000000998EAA
000002D6833A
000003718187
00000032FE75
000002B89204
0000029488A9
00000154E5B8
0000014C99AF
0000014873B8
000002511D66
000004229FE4
000004140CD1
000001ED3971
000000FC5D89
0000018B1B67
0000022C39F5
0000040829B4
000005E301F5
000005A4F063
0000046314D2
000003FFFA1C
000003DFAD63
000002671493
000001463FC3
0000024A5FFB
0000038C57E8
000003C0427E
00000337A158
00000324601F
00000371C25A
000003463EBA
000002ACF9B0
00000038FB98
000002A14958
000003953000
000000862810
000002994908
000001EB2423
0000012460AF
00000166859E
0000019037EE
000002372036
000003D5159A
00000454CEEA
00000299DB6A
0000018A8146
000001CB33E7
00000214860C
000002906CF2
00000363EABF
000005256B0F
000006C90ABB
000006677804
000003AF3553
000000C2944E
FFFFFF8B32DA
0000008C84D6
000002A46828
00000509A3C3
000006298E73
000005EF1CA1
000005FACC3F
000005354BCE
00000313001D
FFFFFFCF1007
000002289343
0000030C4731
000000775B2C
000002874677
000001A9476F
000000F9FF5D
0000014420CC
0000024F3910
0000032489A4
000002B7DAC6
00000285D8C4
000003AB6229
000003F9A4D1
000002847987
000001CEF404
0000016FA869
000000993CF1
00000266A20F
000006208A6A
0000069B9F5C
00000354490F
0000010DC38D
000001405704
000001A7B30F
000002775304
00000555BB14
00000765AE9E
0000064C45FA
0000055B878D
000004BFBA83
000002FC0B5D
0000001CCF43
000002B8DAAE
00000319CA97
FFFFFFCE793D
000002579BAA
000001EEE4A4
0000010885A4
00000141386F
000002CE5440
000003C0A8A3
0000022948DF
000001888C15
000003DA8FD8
000004A09AF3
000002854A9E
000001B3D082
000001549021
FFFFFFAA1D5D
000000071BDB
000002FD32B6
000004A77E68
000003F5CC48
00000333A239
000003610408
00000330C52F
0000034DCFB9
0000047C5026
00000507ADA0
000003C1539D
000002A7B096
000002036578
000001C25898
00000114D492
000004969091
0000041AC25B
FFFFFF2B7DED
00000246E7E6
000002AB28FF
00000122A931
000000E784B8
000002CDFE82
000003F3DA0B
0000025F2220
000001CBD749
000003728D2A
000003ABE3B8
000002621D0D
0000024D1B75
00000222E0B7
000000B227B5
FFFFFFFC42F6
000000CF9848
000002891EF1
000003D8752F
000003187B5A
000001D7EDC0
000002B85127
000004865D87
0000046561F2
000003597B04
00000387E5AB
0000034DF8D0
0000015868E4
00000079723E
000000CC88E6
0000052E77FA
0000042AA739
FFFFFF2C07E1
0000029173D5
0000033E1F97
000001477F1F
000000977D81
00000228F7EA
0000035C182C
000002D054E3
000002B37B3E
0000032C01AC
00000304341C
000002B28DE8
000002E2D4D7
000002E10EE8
0000021EAC11
000001A93E9B
0000015295CE
00000142E252
000001DC8A3B
000001505983
000000833409
0000022AB968
000004503F98
0000048204D3
0000047BFAAF
00000661D7FA
0000069C7FE2
0000039753B7
000000ABFFEB
FFFFFFE95D69
0000044D5963
0000037524C5
FFFFFF428EC7
000002CC649B
000003613D53
00000193A98D
000000E966A5
000001462C4E
000001B3AEE9
000002D9698B
000003AEC675
000002A74ACD
000002203221
0000032DD6A3
0000038797F5
0000027A5CCE
0000020FC815
00000330802A
0000031C224F
0000010AFC77
0000009061A8
00000201D6A2
00000288F369
000002041058
0000022E56C3
000003BF234A
000005776CB6
000006E2F474
000006817567
000003F6E565
000001317413
0000000DAE40
000003A9FEB8
0000031AAD30
FFFFFED83291
00000316C9BF
0000038E97B2
00000230802F
0000019B95EE
000000E46906
000000B92F9E
000002DAA125
0000041BC784
000002575CD7
0000017D7826
0000035028B6
000003E19556
00000205500B
0000018000C3
000003804E67
0000042192A4
00000221D5B8
000001C47D02
0000042BCBAB
000004DA931B
0000028922F3
000001C89441
000003BC0147
000004D19723
00000446925E
0000038EE1E8
000002451963
0000018663EC
000000E72C07
000003347750
0000027153E3
FFFFFEC2DB24
000003EBEA3E
00000404727A
0000024B279F
000001E0BEBE
000000E492DE
000000706A20
0000026259EC
000003A191B3
000002421D79
000001AADD1D
00000351072F
000003C9630D
000001D7E187
00000160F303
0000032704F8
000003B00937
000002A66088
000002C07436
00000450E603
0000048AAD49
0000037B26A1
0000039AD640
0000045D79B2
000003A14FA5
000001FD2368
0000013A164D
00000088C3CA
00000175E3C8
00000197AE6D
000003990AF1
0000027137BE
FFFFFF877A46
00000515DC7F
0000054E0860
0000029805CE
0000023146B2
0000012EA23B
000000484428
00000157083F
00000272EE77
0000026F43B6
0000026C56D6
0000033ADCBC
000003448B48
000001AACE48
00000170D7AF
0000028E580C
00000264DF83
000001DF7FA9
000002D99C36
000003FDF786
000003EFC162
0000041AE92E
000004EC9CEF
0000052046D0
000003BDFC72
000001650643
FFFFFFABEEC8
FFFFFF050964
000000320AEB
00000168FE5B
000004E2AEB0
000003A670FA
00000069FCE0
000005180CDE
0000057301DE
00000243BB70
000001D485B0
0000016514EC
000000F00C6D
0000011C37ED
000001B747FB
000002E4924D
000003C842EF
0000035C2D13
000002908893
000002218900
000002457BCA
000001DE276D
000000CBE32B
0000017DF12B
0000038AC61C
0000041FFF1C
000003AE033F
000003DDD556
0000045EBE0E
00000474861D
000003A66A14
0000017604E6
FFFFFFD58ACE
FFFFFFFFD755
000000845B60
0000013FBB70
0000054838B8
0000041F5C04
000001AFB0BF
000004ABA59B
00000434496B
0000012BF31B
0000009DBE83
000001270ECC
0000018D1473
000001508B96
000001404B8D
000002F62907
000004AFD318
000003C99C73
0000024931B0
000002B43043
000003502DE8
000001EAF651
000000B1D32C
000002357C66
00000450BF71
000004876491
000003D57271
00000383B7FC
000002CDCF08
0000019FE9A9
0000014909F3
000000E8B7A9
000000D0F6F1
0000025B78E4
000002ED52A9
0000019425E9
000004257128
000003736252
00000342280A
0000047A082F
0000028569AF
000001596980
00000085F775
0000012AC3A4
000001A1CDF7
0000010A40F1
00000074DD6B
0000024F6FFF
0000048E03B8
000003F8D5F9
000002620775
000002F036DE
000003B55F59
0000024271E4
00000115D38D
00000268AF63
0000040F55BE
000004B0372D
0000044EC5C8
00000345CA82
000001D3AE30
00000031F8B4
00000005434A
000000F267BC
0000019DA582
000002F17F47
000002A3C5C3
0000011D36EB
0000030C1333
000001B8D4E4
000000BB6DAF
00000148C2E1
FFFFFED98B5F
FFFFFDC3B712
FFFFFDA3F624
FFFFFD9350FB
FFFFFDA46BB0
FFFFFD19BB52
FFFFFCABB916
FFFFFDFD85BD
FFFFFFC012EA
FFFFFFF88A46
FFFFFF669C3D
FFFFFFCA62F9
FFFFFFFC19CF
FFFFFEAC0695
FFFFFDD41740
FFFFFEBE0412
FFFFFFDAF567
00000075AEF5
FFFFFFE37B49
FFFFFE670F9D
FFFFFD912FB9
FFFFFD3DE774
FFFFFCF90BA7
FFFFFDD353C9
FFFFFEA3EB81
FFFFFE97F098
FFFFFE381CF2
FFFFFE2D06C4
0000004A8046
FFFFFE8CE115
FFFFFF46419C
000000E148F8
000000972ED3
000000C8188D
000001C0B129
000001AFEEBF
000001B1C6D7
00000146AF70
00000123B972
0000015B4567
000001CA0F22
000002BF0E82
00000336C7D7
000002C2B29E
00000206AACE
0000016A65C3
00000152750B
000001A4A3DE
000001F753AE
000001CC6BFC
00000123C246
00000086384C
000000B2CEE9
000000DC6BB5
0000007D9F63
00000158CF62
00000260BB24
00000157E91D
000001C24A93
000002B8CBA6
000005372B6D
0000011DF5BA
00000210784F
000002FFCB96
0000023549AA
00000279C3C3
0000019A6484
0000010501B3
0000006AAE90
FFFFFFC3B098
FFFFFF864B6D
FFFFFF2C0E8C
FFFFFEFB7781
FFFFFFB134B2
0000004B1728
FFFFFFAD6013
FFFFFF2A3AC0
FFFFFF795357
FFFFFFB30E54
FFFFFFA8DA3E
FFFFFFEAAF5D
FFFFFFDD0A03
FFFFFFA3DBEC
FFFFFFF58326
000000A19980
00000106D6E0
00000100D71D
00000120DCFB
0000011EFE4F
FFFFFFC0250E
FFFFFE7C62FE
FFFFFEFA1B0F
0000017A0368
FFFFFD596F7F
FFFFFB1BDC35
0000005938FA
000002E2B040
000000652B32
FFFFFEBE72F7
FFFFFD07DB23
FFFFFB54BAD5
FFFFFB2D06A6
FFFFFBEF8420
FFFFFC570570
FFFFFC972A71
FFFFFCC468DD
FFFFFCEB631A
FFFFFD5D116A
FFFFFD7C3247
FFFFFD7411BF
FFFFFD518DEE
FFFFFD006376
FFFFFC4F3835
FFFFFA7A5935
FFFFF94BADF7
FFFFFB1BAA08
FFFFFDC00142
FFFFFE9B27FF
FFFFFD7D31E1
FFFFFACC51C2
FFFFF9A21DC8
FFFFFC677A7E
FFFFFEDC7B0B
FFFFFE502D83
FFFFFD3E04A1
FFFFFCA62C30
FFFFF955E2F4
FFFFFE687022
00000065268E
FFFFFE472755
FFFFFC5206F8
FFFFFB853933
FFFFF9E240F6
FFFFF8CBF660
FFFFF87E4EEC
FFFFF8208706
FFFFF82D5525
FFFFF850D1DF
FFFFF84AD559
FFFFF8A1FFBB
FFFFF905DF44
FFFFF982F7A3
FFFFF944AB0E
FFFFF9506842
FFFFF9F1D0F9
FFFFF8F45584
FFFFF75C2BF2
FFFFF786F5D4
FFFFF8DED599
FFFFFA4E4DA8
FFFFFB27BAF3
FFFFF94DA415
FFFFF6CF7B36
FFFFF82401D7
FFFFFB2E68FA
FFFFFCD9C0E8
FFFFFB638854
FFFFF9CDDC34
FFFFFA40F84B
FFFFFFEE56C8
000002C8C053
00000192EB30
0000010CFD84
00000177375A
000000A157F1
FFFFFEEFC627
FFFFFD5F833E
FFFFFCD586A3
FFFFFCEEADF1
FFFFFD29C981
FFFFFD56F783
FFFFFD7DB596
FFFFFE50D406
FFFFFF9DC6B6
FFFFFFDB4307
FFFFFFD1C737
00000077CDA9
000000523FFB
FFFFFEB78F65
FFFFFCFF1A09
FFFFFC3FDB1C
FFFFFDF555D9
000000AA0C41
000000078257
FFFFFCD79AD9
FFFFFBA49785
FFFFFDDB3DE6
0000017B5473
000001DD5284
FFFFFEEB45C7
FFFFFB85FD0C
0000006B0B55
000002FD1163
000000DC4256
FFFFFFDCE50C
00000152DC5F
000001EA5C03
000001748F91
000000AC7A99
000000694F1F
000000166042
FFFFFF80DC00
FFFFFE93831D
FFFFFD83B4A9
FFFFFDD12566
FFFFFFB95726
0000005C26A8
FFFFFF76DAC1
FFFFFFD56C7B
000001585CD7
0000018E6060
FFFFFF9D2707
FFFFFD769D25
FFFFFE614D9A
0000019C4E82
00000206AF2D
FFFFFE3C301D
FFFFFA235B6C
FFFFFB2F65B6
000001A53A39
000005400120
000001128F04
FFFFFB8C207B
000000CDA36E
000002EDF5D7
FFFFFFDD6ACC
FFFFFDCEE8BA
FFFFFED77A8F
00000009D9D8
000000DEF6F0
000000F5ABF3
000000E1DFF9
000000378763
FFFFFF22799C
FFFFFDF4D717
FFFFFC91D7E8
FFFFFC89F24C
FFFFFEAD1B1F
FFFFFFE000D1
FFFFFE460204
FFFFFD5145B9
FFFFFF18395B
000001299B58
0000009E644D
FFFFFEA366A6
FFFFFF52647D
0000014155A4
000000E56080
FFFFFE9DFCE6
FFFFFAF44250
FFFFF9D91F9A
000000C9FCF7
000006684B0A
0000038B58DB
FFFFFB6636C1
000000B38B8C
000003049190
00000008BA90
FFFFFD643B9C
FFFFFE08291F
FFFFFEB43568
FFFFFEB9EE5A
FFFFFE70DD97
FFFFFEF1BD4D
FFFFFF975327
FFFFFF824A49
FFFFFF2FB366
FFFFFE385337
FFFFFD77C93C
FFFFFF049900
0000001B2E3B
FFFFFE04FB7A
FFFFFC0F280D
FFFFFD4ADE6B
FFFFFF8A5D9E
FFFFFFC41EF5
FFFFFED85F90
FFFFFFA9B46E
000000F66A88
00000193C292
000001BC4FA9
FFFFFE6E27D2
FFFFF954FB4A
FFFFFCFBD5E7
0000034D8DA3
0000049F932D
FFFFFB2B25CB
00000077AC4A
00000339B9F5
00000100E57D
FFFFFE7CDC11
FFFFFF3D9028
FFFFFFA9331B
FFFFFE5D5D9C
FFFFFD87FC84
FFFFFF01BF8E
000001017EA4
0000018ADA49
0000019E99E8
00000111D308
FFFFFFD7270E
00000039BD58
000000E97FB7
FFFFFEEFF1F1
FFFFFCF26787
FFFFFDAA6742
FFFFFF370501
FFFFFF7E8A9F
FFFFFF697BB9
0000000F249B
000000928C8D
000001E447B5
000003F8DBB5
000001AB64CB
FFFFFAE48780
FFFFFA414D41
FFFFFEE16F32
000003EBBE1B
FFFFFAA62709
FFFFFF9364E7
000002BCB578
0000019EF7E0
FFFFFFB36DDB
0000004946BB
00000103CE81
0000004343B1
FFFFFF838E41
0000002E9831
000000CAEFCC
0000003D15E1
00000056F30C
000000C5807A
0000007DFAB9
000001005027
000001E287B3
000000FAD8BB
FFFFFF56FF66
FFFFFFA7FCAA
0000005D529E
FFFFFF9EDD26
FFFFFF3890C7
FFFFFF6FF87A
FFFFFF00FF26
FFFFFEF00B80
0000019020F7
000003723DD3
00000051D2F6
FFFFFD57215F
FFFFFCFE16C5
000000861277
FFFFFA6574F0
FFFFFECEA256
000001D72DCF
0000019DACE9
000000571E5E
FFFFFFCE9CAA
0000003B374F
000000F84135
000000E09F06
00000025D317
FFFFFEF6957B
FFFFFE2CF8D1
FFFFFE905A10
FFFFFF8583AB
000000065F47
00000076B97F
000001B36AE4
000001AB9B6F
00000085CEEA
000000F4F0A0
000001296F57
FFFFFF676F0C
FFFFFE6382C9
FFFFFEECF91E
FFFFFE6D7759
FFFFFC53819A
FFFFFD6998A7
000002657D25
000004318FBA
0000021373C6
FFFFFDFD459A
FFFFFDBB5709
FFFFFAD07736
FFFFFEFE7C93
000001830B1F
00000123C3C9
0000001C5E66
FFFFFECA3588
FFFFFE85C747
FFFFFF5F37B9
00000013E37D
000000AE1AAB
000001028D82
0000010993F2
00000073C2AE
FFFFFF69973C
FFFFFE7F452E
FFFFFD9BB221
FFFFFE92F31B
00000023BC53
000000A05CE0
0000015BF85F
00000189267E
00000052B712
FFFFFFA310EF
0000008B75A5
00000094D7EF
FFFFFD54C107
FFFFFB2F0DDA
FFFFFE3676A1
000001C8A3B7
0000036EB630
000001241CB6
FFFFFF8F7202
FFFFFB3EFC2C
FFFFFFADF5E2
000001E5CF1B
0000008C9A18
FFFFFF606EF7
FFFFFECF56A2
FFFFFE54A09D
FFFFFDC1D15E
FFFFFE0A5588
000000625888
000002BA1D0F
00000362F3E0
0000022C1BA8
FFFFFFF34A8E
FFFFFDD3941E
FFFFFB8D5405
FFFFFB9BA896
FFFFFDCD0C53
FFFFFF7CA8CB
FFFFFFFC7AF2
0000003AB292
0000009F0C31
00000058511A
0000006A39E8
0000011F56C5
FFFFFF1C27F4
FFFFFBAA51B6
FFFFFB06822C
FFFFFD15E163
00000195DEDA
000002E61E17
0000029FCA94
FFFFFB0B1811
00000024E34D
000002A11026
000000B7E73A
FFFFFF6C846D
FFFFFFB2F59D
FFFFFFA4076D
FFFFFE380F07
FFFFFCFCE080
FFFFFD5B75C9
FFFFFEEC8097
0000018C9657
0000036766AC
00000368C790
000001C7FE18
FFFFFE4DF471
FFFFFBCCFBBA
FFFFFB7A7491
FFFFFCB422C9
FFFFFE25F908
FFFFFF3CEDBC
FFFFFFD9614C
FFFFFEE01C74
FFFFFE7C7673
000000063FF3
000000821ED7
FFFFFE47042B
FFFFFB7A5922
FFFFFB1985AA
FFFFFF28C56C
00000145BA6F
00000214E170
FFFFFA75064C
000000104418
000002D69E10
000000DCA715
FFFFFF7465B9
FFFFFFFD93EC
000000380177
FFFFFFB2EBE6
FFFFFE74FC4A
FFFFFC03B4E0
FFFFFB5F5540
FFFFFF289A9D
00000387A01B
000005B7DC2B
000005729609
0000029D6175
FFFFFECF3E5F
FFFFFB44D122
FFFFFAE1CC20
FFFFFD974F6F
00000025F791
0000008018C9
FFFFFF0A9449
FFFFFF2EEEC0
000000EFA191
000001F7A5DB
0000010778BD
FFFFFDDE6317
FFFFFBFAAB69
FFFFFE47AB02
FFFFFF6ABFE2
FFFFFF97F53E
FFFFFA4A2D9B
00000002227B
00000271101B
0000004C8B92
FFFFFEF64A23
FFFFFFBF9AE1
0000001EB14E
000000BB79AA
00000124880D
FFFFFEF4EC79
FFFFFC97C26D
FFFFFCA5A9AA
FFFFFE89CAAC
00000224DCC4
00000552F660
0000065FD54F
00000431E801
FFFFFED861DB
FFFFFB209BE3
FFFFFC2D96A5
FFFFFF905B60
0000019B6843
00000148ECB1
0000015C4A28
0000021C0962
00000273D9AB
000001ED1F06
FFFFFF6453FB
FFFFFD97653F
FFFFFE2123A5
FFFFFEDA7962
FFFFFE352DE9
FFFFFA90AD0B
0000005FFC8C
00000295DD55
000000446DDD
FFFFFEB97812
FFFFFFD39C45
00000063C9F6
000000FA76A2
000001EB0BC0
000001AC6C11
FFFFFFDD4137
FFFFFC31D0D1
FFFFFA4528FF
FFFFFDB2EE18
000002E48F73
000006CFEC6E
000007B4845F
000003D3A08F
FFFFFE198DB6
FFFFFB755F7A
FFFFFD434089
000000994A37
000002041A7C
000001A14698
0000012B47FD
000001206AEE
00000137D463
0000000D820E
FFFFFEEF4985
FFFFFE382545
FFFFFE9D18D0
FFFFFE747ABC
FFFFFAA547B2
000000CB71D3
0000037B36F8
000000ED4456
FFFFFE859C49
FFFFFF7A3CD2
000000AC2A34
000000CC9C14
0000005BA330
00000105E9A4
00000244FE36
0000008D0C73
FFFFFCE776F8
FFFFFB30D2C5
FFFFFCA60772
0000013A84A4
0000064468ED
000007BA355D
00000451F2B0
FFFFFEA9A93E
FFFFFC1F5503
FFFFFE2D4CB5
000000789792
0000006D577A
FFFFFF89A0C5
FFFFFFD22455
000001410AA7
0000018C20A5
000000A22541
FFFFFF0E4508
FFFFFEDC6A73
FFFFFF7D05E9
FFFFFA6E31D1
000000968418
00000419F8B9
000001A6B16F
FFFFFE3A9A93
FFFFFEA5A17B
000000BA514C
0000016CD245
FFFFFFBC8184
FFFFFEEC2B05
00000159A5A8
000003F5B9B1
000002321557
FFFFFBD44DFE
FFFFF7EAA34F
FFFFFB4823CE
0000022F1449
000008171648
000008E04EF8
000002D540F8
FFFFFCFB57C3
FFFFFCD81F85
FFFFFF2B553E
FFFFFFF89C7B
FFFFFF8BC700
00000050AE80
00000213D0F8
0000025934CF
000000F4E3CF
FFFFFF0159C9
FFFFFE61D6D4
FFFFFFA23F30
FFFFFA4C5370
FFFFFFEC73B4
000003BDE1DB
000001DC5DF9
FFFFFE6F7DD7
FFFFFE3C77C9
00000053B319
00000273CF2D
000001706117
FFFFFDDA9A86
FFFFFD54B0E1
000002461E5A
000005D1FAAC
0000015A5D2D
FFFFFAC0631B
FFFFF9079831
FFFFFC42CA3C
000002C37CBC
000006E4F9C1
00000416A12A
FFFFFF57C9A4
FFFFFDE95EA2
FFFFFF249DDA
000000F0F48F
0000014BD107
00000135A7FE
0000013D34AE
000000FF1BA3
FFFFFFB92F95
FFFFFDD7C3DA
FFFFFD1180D0
FFFFFF9C21A7
FFFFFA7A956C
FFFFFF79572F
000003077ECB
000001BB9AB9
FFFFFF10EC25
FFFFFE675A47
FFFFFF47889D
000001ED95B1
00000332E5F2
FFFFFF74FE95
FFFFFB5D3E37
FFFFFE64A003
000004F226CA
000005DF8F70
000000AA4061
FFFFFA50CF09
FFFFF84F26C6
FFFFFD18FB05
0000029471BE
00000349CC1F
00000157E5AF
FFFFFF30FC74
FFFFFEAD2386
000000EE7329
0000022242A3
000000F98205
FFFFFFE952AB
000000ACE690
00000071F0D0
FFFFFE88A282
FFFFFCF35992
00000035DFC3
FFFFFAB5F307
FFFFFF922527
000002AE40D3
00000169A352
FFFFFFAD766A
FFFFFEB75177
FFFFFDC83537
FFFFFFFC9416
000003C9E8E0
000002E4C3AC
FFFFFD62CE48
FFFFFB1C2A24
FFFFFFA948A5
00000521EFA4
000004CC99B0
FFFFFE816918
FFFFFA116487
FFFFFCB6DF8B
000000CE1317
000001648D5B
0000004DE433
FFFFFEAA91BC
FFFFFD6A2752
FFFFFE975CD9
000000432ABD
000000EA713F
0000017B1BAD
000002CE9230
0000027ACB69
FFFFFFD70800
FFFFFCBFA404
FFFFFF0D2AAC
FFFFFA7EC281
FFFFFF9B82A2
00000282914F
000000F44979
FFFFFFED4207
FFFFFEED4931
FFFFFCC06672
FFFFFE097482
0000029D8507
000004C033BA
0000010DAB04
FFFFFB6125D3
FFFFFB3326D6
000001292340
000005097E59
000001DDAB80
FFFFFD6150DF
FFFFFE1CEFFC
0000004DD5A4
FFFFFF6293E0
FFFFFDD73C34
FFFFFD910FDE
FFFFFD6F5C4B
FFFFFD1735AE
FFFFFE0368EA
000000B386A6
000002DCFC13
00000348FCD2
00000276E5F8
00000024204E
FFFFFC74CF2F
FFFFFCE7573E
FFFFFA2AB72D
FFFFFF9BBA98
0000027EDD07
000000E8F0F6
00000040E346
FFFFFF5327F8
FFFFFCC87EB7
FFFFFC9E4574
000000062971
000004601DE0
00000478C1C1
FFFFFE89A617
FFFFFA153103
FFFFFD4D2F72
000002D9C508
0000026BDDC9
FFFFFE257991
FFFFFDBB9516
00000022ADE5
00000049048E
FFFFFE8FE3BF
FFFFFE27E748
FFFFFF225081
FFFFFED3B80B
FFFFFDDA9EBA
FFFFFE7CCD49
FFFFFF939329
000000B5E890
0000024B316F
000001D2A596
FFFFFE7E8319
FFFFFCAB2006
FFFFF9E6BFD9
FFFFFF7EB4CC
000002959C2E
0000010ED9B4
000000B602E0
FFFFFFE4AA2F
FFFFFDC58B01
FFFFFCD7380E
FFFFFDFC45E2
00000231BADA
0000056FF336
00000204DA83
FFFFFBF36A77
FFFFFBD3997B
000000A44190
0000020EAD31
FFFFFE71BD9B
FFFFFC8D0A00
FFFFFF65B86D
000002340857
000001656335
FFFFFEF04054
FFFFFEEA8D7A
0000004ABAE5
FFFFFF9923F9
FFFFFD724C7A
FFFFFC681C01
FFFFFEE001EF
000002FEF66C
000003EF4852
000001412246
FFFFFE888CF1
FFFFF9C66561
FFFFFFC26FBE
000002898F7A
000000CACBBE
0000007C5C05
0000008078CA
FFFFFF948C76
FFFFFE1C3E2F
FFFFFCD98268
FFFFFF79CED6
0000047E8CA7
000004CF1424
FFFFFF79FDFF
FFFFFC0BC656
FFFFFED792A4
0000024860FF
000000717195
FFFFFC6E6F76
FFFFFD1DF1FA
0000020412D7
000003643B4A
FFFFFEDF608B
FFFFFC388546
FFFFFF8B40CC
000002BE0973
000001637DF5
FFFFFE5E2ECB
FFFFFE22D48B
000000B06B62
000002BC66B2
00000250FA36
000000A6D4A6
FFFFF9689B71
0000005EA346
000002F88AA0
000000A925DE
FFFFFFC4A88F
000000A350EA
000000EB1783
FFFFFF4CA960
FFFFFC975493
FFFFFDD8BA8D
000002CDA776
000005BD33E7
000002B75576
FFFFFD9B84A8
FFFFFD9248C1
000001BEC660
000002C59058
FFFFFE395F8F
FFFFFBCBC0B4
000000975936
0000049AE6F6
000000A19EED
FFFFFBEC467B
FFFFFEFE2A13
0000049A7424
00000596F3D4
000002562A6F
FFFFFE389681
FFFFFD50FC94
000000103010
0000020DF3E5
000001F040BA
FFFFF8E6558C
00000140267C
000004418D61
0000010661B3
FFFFFE49C6A0
FFFFFFBA5859
00000182CF43
000000691C22
FFFFFD69425C
FFFFFD00F427
0000004E2A39
000004FDC9A5
000005870DB9
0000006D6FDD
FFFFFD0CCD82
0000002C9411
0000040369D1
000001037F2A
FFFFFC5FCBFD
FFFFFF2F6C9A
000004BD313D
000003D57A57
FFFFFF10FA3F
FFFFFE9A0E28
000001E0D791
0000046A7A29
0000042FEB77
000000BA74A0
FFFFFE035BE2
FFFFFF5092BB
0000013420F7
000001BE184B
FFFFF8860DCE
000001B7D1A3
0000059B6752
000001CFA2A4
FFFFFDA2DCF3
FFFFFF22DF2A
000001B3187C
00000155793A
FFFFFEDC104A
FFFFFD625549
FFFFFE555B0A
000002ED8C84
0000066196C6
00000305A276
FFFFFE011855
FFFFFF07CCE2
0000038F209B
0000029B4860
FFFFFDFC95B7
FFFFFE8B4C31
000003490947
00000571BBEC
00000313031E
FFFFFFB7B017
FFFFFEBA3466
0000009C29E4
0000034E6A09
0000036C285C
00000134CA21
0000002776DF
000000032DF2
000000238C8A
FFFFF856DEC4
000000AD7080
0000055FC65C
0000031E323F
FFFFFED101AD
FFFFFF2DF53E
0000010CCE0E
0000015B1DFC
00000055DB9B
FFFFFE5BCC31
FFFFFCCE8E7B
FFFFFF8AB80E
00000480469C
000004AB536C
00000079246B
FFFFFECCE1AA
000001802701
0000028E433A
00000002459C
FFFFFED89D36
000000FE1D3F
000004736457
000005850BFB
000002BF9865
FFFFFF6FF1D7
FFFFFEAE6350
000000EE6CA9
0000034FC773
000002D9C9EB
000000B529E7
FFFFFF19D075
FFFFFF26D37D
FFFFFBDC27B2
000002C03F47
000006B9788A
0000074E756F
000003C8D266
000002A121E4
000002ACCF4A
0000033FE678
00000398E65D
000001B19EB9
FFFFFEF26AE7
FFFFFFDA2C13
0000042887DF
000006BD1B62
000005010D9D
000001D68128
000001F2A872
000003FAC9B1
000004217698
000002D0AAB0
0000025E0535
000004CFD7EC
000007A03C99
00000716FCBE
0000046CE4EA
0000022590E6
000001DA6381
000003D96298
000003C9B001
000002E78EB0
0000000A4952
00000001310F
FFFFFB8F2E19
FFFFFF2304CB
0000030794B3
00000659AB3F
0000059DED80
0000048B06E5
000003A9270C
0000043CA8FC
0000056D7829
0000048C4E62
0000021E048D
0000015D8376
000003570C0C
00000645F9D9
000006F38C2E
000004ABE5CA
000003051FCD
0000041AF84C
00000595645E
000005855EB6
0000045438CA
00000440AD5D
000005A3C4F8
0000068D8B3B
0000064D6663
00000519610B
000003A6175C
000004002D9B
000003DD4275
00000413DC0A
000002819123
000003437C21
FFFFFC7C3FF0
FFFFFF6870C5
0000022865BC
00000538B395
000005B5FD46
00000521041B
000003E2EDCB
000003FA792C
000005218120
00000503FD05
000003B366AF
00000280AA5F
000002777896
000004249562
000005CDCC48
00000555E0BB
000003CF4C49
000003B18879
000004B1965C
0000059C4B6A
000005240833
000003682E59
000002D6827F
0000046588BC
0000060428E3
000006419B77
000004D46DD7
0000033F1892
00000294E592
000004C43DBD
000003A0951C
000003091A6A
FFFFFD36AB89
FFFFFDC311D1
FFFFFE422FA3
00000046B13A
000001B2D930
000001BD575F
0000011C1B1E
000001057ACF
000001BB9388
000002325FBD
00000219D97C
00000185D21A
000000C626D3
000000F969AE
0000023AEF3A
0000030FB64F
00000297A175
000001E9AA69
000001E18D5B
0000029B4947
0000030E3734
000001D0850F
000000703C66
000000C74C04
000001EF343A
000002AF8DE9
0000023AF571
000000C7C2B8
000000C0AAAB
00000251AA82
00000246CC3E
0000004FAF2A
00000474D809
00000389BCAD
0000038CB8D5
000002B5B6F4
000002731E6F
000001C2FA79
0000019A4DF6
000001BBE2FC
000001D687DF
000001E3296C
000001D506FE
000001CDFF01
000001242769
000000B7E03F
000000C977A8
000000C37B98
000001142861
0000014102A3
0000011F958C
000000A209D8
FFFFFFDF0CF3
000000655126
00000193DDDA
00000152A3B6
000001349988
0000014C76BB
FFFFFFFF00E7
00000016A020
00000139A84B
000001495094
000003E98CB7
0000049481F6
000005F843C4
000005A67F60
0000057FCB07
00000506EDD6
000005218BE6
0000048659ED
0000046DE113
0000047C565C
0000046A8580
000004A9C486
0000050443A5
0000051D2A0F
0000048B5490
000004A608C3
000005B080EC
00000614A2D5
000005A8B6A8
00000523C544
00000492B6F8
000003F2A3B1
000003D5506A
0000045BF990
0000048EE208
0000048161E3
0000056DE336
00000560B852
000003261B86
0000036DD419
0000057468F1
000005EF55B2
000007DEF9D2
0000079EF8B0
000008A59460
000006BE4B22
00000568C107
00000354AEE0
00000499BB7F
000004AF5395
000004B20377
000004FFCEFE
000004E5FE46
000004ED716B
0000055F372D
00000541A8ED
0000049C3639
000004C60EB8
000005E08D21
000005FEBCC0
0000050C4265
0000049BCBC7
000004D0FED3
000004CE586A
0000050D6D29
0000058000FF
000005078A8F
000004F6DFFE
0000060DF9DB
000005CAE3DB
0000042A9A4A
0000053E2153
000005251603
000004667602
000006E2CDF2
000006C941BF
000006FF9066
0000048490F7
0000032AE1CC
000001851838
0000028C4321
000002796A11
000001B661C0
000001942835
0000018CDA7E
0000015BA651
000001A6FB92
0000013C526F
0000006FD2CB
000000FA217C
0000022CDF7F
000001FB7F7A
0000013116A4
000001AB4FFC
0000025B5FEF
00000210A87D
0000019B1CBD
000001E9D9E0
000002C08C12
000003ED4296
0000043D5465
0000024EE862
000000F1DA4A
00000304DFA6
0000028A58F9
0000016C2956
000004C04E1A
000004FDE9F0
000003469D18
000001CD2611
000002504A45
000002A9D29C
00000329BCF9
000002B170DE
0000017A77F4
000000D9C9F1
000000FEFF8E
000000E885DB
000000D513AE
0000002D1AF6
FFFFFFCEC198
0000012E1F0B
0000034114DB
000003930707
0000027DCC23
0000027A4F2E
0000032BC888
000002C3D0F0
000001E16964
0000022C43FB
0000042CCA3F
0000058F1DCE
0000049B00ED
000001CE57F4
00000089ACB7
00000243E9E5
00000379697A
000004D489B8
0000089A583A
0000074B5622
0000030B9A0A
000001F16105
000002EAB8E4
000003586ADA
00000442D6D1
0000048335A6
000003D755B8
000003562FD2
000003C0DA8F
000003F3BE55
0000035995AA
0000026F73AE
0000024320A4
00000374C23E
000004F28D89
000004B272DD
0000034672F3
0000034B5555
000004A0EBBC
000004DAB4E1
000003A2DF25
000003AA9B37
0000058429FF
000006320C21
0000042DEAD8
000001BB6E91
0000014AE5B8
000002985604
0000037A8E7B
000004A23160
0000092083AC
0000077818FE
0000039D9494
00000342D17A
0000046F56F7
000004BF644F
0000060CCB10
0000065322C6
00000509FABB
000003C88A66
00000369C07E
0000033DC269
000003039850
0000034A124D
000004040C3F
000005252B71
00000531A254
00000445F840
000003ADE286
000003F0DC74
000004A3FF0A
000004A6BF12
000003827C5C
000003209DA3
000003D8629F
000003D02F7F
000002BE258D
0000026B45D7
0000032534FC
000003AC5421
0000029C5579
000002C116E4
0000093DB23F
0000086A6BEF
000003EEEE8E
000003B5BAE2
000004F77B07
000004ED756A
00000508575C
000003DBD11C
0000022FA904
0000015E4082
0000013B0BCE
0000011D9A0B
00000188B1EA
0000027CAF71
000003736217
0000040F4322
0000035B3A65
0000028FFAC5
0000029D93C5
0000028DB451
0000029EADB8
0000023C965F
000000E19917
0000005E3409
0000016A3999
0000021B300E
0000024A5DC5
000002E91A65
0000028A0372
00000190E1D9
0000005B7CDB
0000028365BF
00000A1E546D
000009C56E39
00000381E64B
000002B32F5A
0000037A216B
00000274A06D
000000E2D642
FFFFFF8C7724
FFFFFFFB5F8E
00000115BFD8
000001BDF292
00000211E7BC
000002247C42
000001EAF8B5
0000015CB430
000000E248BA
000000FE6736
0000014AC7F7
000000BD63BF
000000600391
000000AA9D44
0000006F9CF6
FFFFFF71975F
FFFFFFBC6960
0000017CCB88
0000022324E7
000001E1D6E3
00000223194B
000000C1D248
FFFFFFA87B0F
0000004BDA69
000004452B17
00000AE34AED
00000A2AFD16
00000307EA0C
00000250A736
00000263BD8E
000000A25700
FFFFFF497008
FFFFFF9D4F00
0000013E69DA
0000021A6A4C
000001E3D752
0000020CE4AF
000001E58136
000000EB9AE4
00000029479C
FFFFFF88C533
000000370296
0000011F8626
000000A1450F
000000BF5F43
000000D5AFA3
FFFFFFD8D27C
FFFFFFB5590C
000000F514A2
000001EE3292
0000015D4E5A
0000014D03AB
00000220E2A1
0000018DDE21
00000131EB5F
0000016FBECC
000003511FCB
00000A19580D
000009E1FD92
000002FEDF47
00000286D726
00000224161D
000000C043CD
000000EA5153
000001CB9594
0000016B379F
000000A72315
00000086DF91
000000F4A8D8
000000F79C3A
000000D03317
000000E31DEF
0000005E24AA
000000D55326
000001B0CAC9
000001A16033
0000021A993D
0000019FF5AD
000000537328
0000007ACF5E
0000018C30D9
000002404F86
00000247CD2C
000002F2F238
0000035E835D
00000282EC8C
000001C9BBF2
0000013E9F88
0000011F7EA3
0000091D8EDF
00000A3546C0
00000327ED5E
0000023A5157
000001E60DAA
0000015811D7
000001D0F43A
000001A16EDF
0000007B0F8B
00000078DF64
0000019AF770
000002018F6F
000001A26092
000001FD692C
0000018FA949
000000ABACBE
000001AC4B46
00000279D788
000002026984
000001EC40FD
000001A2DB6E
0000021C529F
000002D5785B
000002D0E11B
0000034E6D2C
000004866910
000004C4B066
00000336E75B
0000014DDEC1
000000E9B0E4
000001D87618
000002D5D57B
00000955ABF8
00000A369530
00000341AAC1
0000022B46AC
0000022E0359
000001F84EE6
000002261D87
000001B859E6
000002087A4A
000002BD58F4
0000026139CE
00000172238E
000001377C05
000001D9C1F2
000001B20BE3
000001D1A966
000002D88BFB
000002C94F0F
0000025896A4
0000021FA2ED
000001F33EF6
00000334AC9C
0000042719ED
0000034B5E94
00000258B9A8
000002C02485
000002D42BA5
00000145334A
000000618B3C
000001C3EFFB
0000038AB498
0000051ED3B0
000009426A36
0000094CC794
000003CB281C
000002F93832
000002FCD5E6
00000271B0B3
000002C0306E
000002D54CFE
000002FF031E
0000020DD487
000000314FDD
00000007FA9D
000001998CF1
0000024B489D
00000292B435
000003CD9FF5
0000037709BE
000001E17A96
00000271444E
000002DEF796
000002294452
000002615DB0
0000024BFF08
000001469501
0000008D023B
0000006024DE
00000094389E
00000041244E
000000A2D38A
0000025DE9E9
000002E42ABC
00000335200D
000007FB302A
000008D1D17A
0000046E4677
00000373BE62
00000386DEAF
0000024BAF6D
000001C2A78F
000001549340
0000015A4C3E
0000006FDE72
FFFFFFB2EF38
0000015E62D7
000004110B52
0000041FDC17
0000030C1F80
00000349AF96
0000028CE8E6
0000012B2DBE
0000019038DF
00000158F02A
000000F4D57C
0000015D32E0
000000EF94D2
00000087549F
0000018FAC33
00000212B7BE
000001AD4A97
000001272C31
0000011329BF
000001179FB7
0000005FEB89
0000004E1604
0000076F04B1
0000099FEDC8
0000040D6B4E
000002CF4B9B
000003673CC7
0000022A9443
000000ADBDEB
FFFFFFFCDA66
00000175C434
000001DCC21B
000000C85F6C
0000013F4450
0000030712D3
0000039BAE92
000003662121
000002F73F60
000001F64880
000001E55EF5
000001D0CA9B
00000056E735
0000004C669F
0000018D9F7F
0000020F2BCB
00000275A146
0000036AD6A5
000003E4E885
0000037EBAEB
000002F7DE42
00000235D051
000000B9569A
FFFFFF4E6257
0000002412F1
0000082EDFC6
00000A4A1EFE
000003552654
00000261176C
000003361130
00000242A506
000001A880F5
000001ECB532
000002DF6C6B
000001FF714A
000000067C37
FFFFFFCC9EA6
000000C54CF1
000001FCC834
000004022C57
0000042B0D6B
0000022F3B78
000002A6848F
000003E1DEA2
000002ABD6E2
000001762755
000001FC312E
000002E4FD91
0000036DF575
000002EC9E17
000002B37620
0000031D6155
00000390C642
000003837EC1
00000220C751
000000678B7D
0000019E9118
0000090669FD
00000A172DE8
00000328B183
00000269CCDE
0000031E4F6A
000002474F9F
000002564832
00000332C5DD
000002A94A3B
000000A4BF76
0000004F6C4E
00000145581D
000000DF76D9
000000C486AC
0000026436EF
000002A1E81D
000001CC4887
000003856501
0000055FB686
0000041FBCEB
000001C8CB63
000001334B92
000001B7CD9B
000001CD0EBC
00000179E9DA
000001B1F0B4
000002521D19
0000030493FB
0000040D8347
000003986553
000001C3756A
000002ADF8E5
00000984E005
000009E9858F
000002EEE026
00000244D89F
000003047F11
000001FDCDDB
000001B5FDC8
000002ADF5F6
0000026E4908
0000014FD311
0000023DE634
000002832D00
00000018EEBA
FFFFFF74ABCA
000000FDDA5D
000001050D45
00000199C98E
0000041317FC
000004BDC788
000002A955AA
00000063949F
FFFFFF898076
FFFFFFDC38B8
000000C997EF
0000026ADE38
00000365DC73
00000331089D
0000032A8D7F
000003D60F5D
000002C3CD29
00000104E805
000002502FD4
000008E057ED
000009223E3B
0000028FDF6A
00000226E612
000002D94550
000001AF89FB
000001763C36
00000242021E
000002298271
0000021BA370
0000030E9D5F
000001F598DA
FFFFFF99DC9C
0000007F65DA
0000025DA67A
0000015AF08A
000000537244
0000018405AB
00000262720D
000001A661C6
00000059C18B
FFFFFEF37DCB
FFFFFF1E5D8A
0000016790D7
0000038502B0
0000036D8DEB
00000285EE34
000002FCD5D5
00000346D6F7
000001732F56
000000360DCD
000001E66557
000007D3FB12
00000825F137
0000028E0FE4
000002268878
000002E07619
000001EDD180
0000017E8DD1
00000185F336
0000014C9289
00000257F850
0000036AF5E3
000001BB03F6
000000E2407E
000002863703
00000291B672
000000387D85
FFFFFEABC4ED
FFFFFF4E663E
000000DFF24A
000002795F32
000002F2E4F1
000001263B3D
FFFFFF9756A0
00000048A7FB
0000009E02B5
FFFFFFACEC2C
000000325556
0000027EF96C
000003C8519E
00000361277E
000002464C57
000002AFF4FC
000007EE6239
0000088D4A19
000002D84544
000002048A4C
000002B5332E
00000240C25C
0000018A4C0E
000000BC5354
000000EEBBCA
00000305F12A
0000039E33A2
000001705E71
00000141A607
000002A58C51
000001D70993
0000007EF138
000000888E05
000000BA9819
000000DC31F0
0000026DE7F2
000004402FB2
000002FA06D3
FFFFFF9F216F
FFFFFDF4FFBE
FFFFFDDBD08C
FFFFFEFB8357
00000181626C
000003A2A561
00000468B8FB
0000052AD534
000004452554
0000036A6FF9
00000825A65C
0000097D5671
00000311674E
00000207BB4D
000002314160
000001EC302E
00000193650C
000000AF5175
00000122FB9C
000003183516
000002E75078
00000131A366
000001AA36D9
000002971540
0000026BF9FF
000003175C03
000003718C13
000001966210
FFFFFFC489D4
000000D16707
0000029F486E
000001A13D8A
FFFFFF2D950A
FFFFFEBC6846
00000086DE97
000002FB66D3
000004C1547B
000004965FB1
0000038318FA
0000038FEB0E
0000039A4BF9
000003245B20
0000078C6EE3
00000919A10E
0000038A921F
000002769ECC
000002424433
000001B569DF
0000018EAC15
000001016348
000001765DAC
0000029D5CDB
000002122804
000001E3F91D
0000030E2CFA
000002A6B219
000001FE4A72
000003581BF3
000003C1B267
0000011510F6
FFFFFF0FD1A1
00000094D098
0000023EC2AD
0000016039B0
000000729BD5
0000019A8EFB
0000038843CD
00000497ACD9
000004771F2A
00000387841B
0000030C62F3
000002D77615
000002AD16F3
00000279D5FE
0000070CD684
00000822DA1B
000004011FBF
000002DE1184
000002ABB9C3
000001E72B38
000001FC9F45
000001A87F3A
000001DA867E
0000020A7068
000001CE2F0C
000002F0AE90
000003A8FBED
000001A6FACB
000000738C82
000002505A54
0000037BCE1E
000001BD9209
000000536122
000001F9090F
000003CBF5C3
000003103783
0000019E74C5
00000187314A
00000223A146
000002AA96D3
000002899AB9
00000278EFBA
000003C7D2C5
0000046382B0
000003163E34
0000023A7907
000007162BD1
000007E6C158
000004362FE7
00000322A122
00000345086C
0000021557CB
0000029B77E4
0000027B21E8
0000023FE158
000001884DA7
000001CE2DE1
000003C0CC42
000003E1D0A5
0000014AB80E
0000007A18D9
0000024F7290
000003A0BF4B
000002935A23
0000015DB90F
000002610A4F
000003E7EBA0
000003687030
00000193665A
000000AFDA3B
00000190BE3C
000002A25F78
00000274C91F
00000247EFEA
0000039D26E6
000004C83F4C
000003C92A51
000003230F58
0000076C0F72
000007C5AEB7
0000045B46E2
0000033E4487
000003C97E00
0000021BD1EE
000002819C40
0000027908C6
00000235926D
000001579C1C
000001916497
0000039E9ADF
0000042DEA06
000002721D0F
000001A2B9F4
000002616A96
000003204366
00000295A8D3
0000016E4544
0000019DD138
000002E6941D
000003B155E0
00000361E22E
000002B765BC
00000313B0C9
0000034C16FA
000002A91768
00000259B385
00000310911D
000004228EDD
000003E95E9A
0000042A7C23
000008133792
00000808A21C
000003FA09E9
0000028A4AA1
0000037CE967
00000203B575
000002444E16
00000229484B
000001AFB235
000000F546F1
0000013950F7
000002D612B6
000003DC9CD3
0000038B94CD
000002C588B3
0000025E4026
000002BD1AD0
000003017DF7
0000020FF8DD
0000019C9DB9
000002F1D9AC
000004E4B92E
0000052835FD
000003CFD1C3
0000027066D4
000001E4F970
00000297C5B1
0000037921B0
000003CECCCB
000003DEF370
000002E13C00
0000030E8D6E
0000083D1260
000008DA6699
0000022295E2
00000193C79D
0000038EE506
0000023F78D4
00000271AC97
0000026D5422
000001D686AD
0000013B4373
00000165CEF2
0000025A714B
0000033B01FB
000004070CA9
000003EA6CC2
000002FBBC60
000002CCC6D0
00000367BA85
0000033DACD1
000002AC587C
000003142812
00000415FD28
000003ABCB07
000002218369
0000011A0043
000001A084E1
000003A9D559
00000548F531
000004D379B8
0000035D355F
000002590474
000003213283
000007A788E0
0000082E489C
000000B78658
000001FF4CF5
000003B5C31D
00000253BDB0
00000217A785
0000023186CE
0000022C7BF8
000001BFE52E
0000015CA802
00000154E02E
000002762637
0000042AA072
00000443FF83
000002D18A21
000002181A2E
000002DD9A39
000003780B8A
000002DAD3AA
0000021122B7
000001DAA654
000001C613E3
00000188FF32
000001C7F8A0
0000028F21EB
000003DCCEDC
000004ECD889
0000042111FD
0000024BED8A
000002C8697C
000003E58C3F
000006E9A470
00000600EB88
0000032B5AD0
0000059A3C4B
0000086218D5
000007433050
000006A01B83
0000066D9339
0000067BD11D
0000063742EC
000005960529
00000507FF45
000005FE443B
000007866215
0000077A7909
00000618A538
000005597336
000005A72121
000005D2D5F9
00000534320F
000004C22FCB
000004E241EC
000005B474A2
000006644BD0
000006837E96
000006B4527B
0000072769CE
000007587B10
000006E9CF11
00000631B998
0000065BC844
000006174A63
000008E03336
0000089CBF54
0000028BD718
00000491020A
0000071C006B
000007A862B9
0000065C7313
000006362336
0000061766DE
000005EF6DFC
000005939B10
00000516FB1B
00000542B075
000005E83070
000006305126
000005CED2D8
00000529085F
0000048ABFB9
0000043C7A85
0000043FE785
0000043F7D3A
00000442AB7E
0000051978EA
0000061EE45B
0000069FA31A
000006CBE337
0000065FC23F
000005A6BDD4
000005B44F46
0000064831F3
00000714716E
00000722BC68
0000087F9AF4
000008DCD788
0000063EF9EC
000006DFDC8D
000005ECE465
000005DA68C5
000004861D00
000004855B53
00000507230A
000005318F6F
000005742559
000005B99A29
000006518D81
000007243291
000007E554CF
0000081C329F
000007DDDBF6
0000079DA58B
000006B846B7
0000051398C3
0000043BE372
00000545FF51
0000071E280F
000007BD343A
0000068E1EDD
0000046F7474
00000397CB74
00000561119D
000007AE256F
0000077E257B
0000056CDE11
0000046211A9
000003E7A1DE
0000010453E4
000008A3236F
000007DB86D5
0000060AA0C2
000005B10C8A
000004514228
0000044EB230
000004F4D0CD
00000576B464
0000060350A6
000006A2A413
0000076A3CAA
0000082C7F6B
0000089A0D7A
000008733C80
0000082D4318
0000079567F9
000006593F1F
0000052F729B
00000505E41E
00000699AD6B
00000869030D
0000083420A0
0000065CCF2C
000004A45785
000004F08008
0000076F7E00
0000090AC047
0000077CF9CC
0000059BB63B
000004CB2CB9
000003DC4A7D
FFFFFFCFFFC5
000006050957
000003B96457
0000032F088C
000003A841C6
0000036AFC11
0000034ADE84
00000358D3F4
000004035AE0
000004F55A23
000005C24111
00000658D3C9
000006822673
000006245A3E
0000060F7A9E
000006389CD3
0000060B4EC2
000005DB9E4A
0000063CAD81
000006C70A15
000006E985F2
0000065F25E1
000005F2B387
000005DA6556
00000647DE14
0000078C90A1
00000831F293
000006D60C33
00000563122E
000005ADD6F3
00000627A38B
0000045433EA
000000054F4C
FFFFFBF99D69
FFFFF87115EB
FFFFF976F40E
FFFFFBAA3E57
FFFFFE44ED73
FFFFFF8D888C
FFFFFFB771A3
FFFFFFEB72CC
FFFFFFB6E961
FFFFFF0D7C19
FFFFFDDE9DD3
FFFFFC1F5CC5
FFFFFB1799EC
FFFFFB9DCE45
FFFFFC773523
FFFFFCE73E41
FFFFFEAD2909
000001B78A96
000002F1EEFF
000000882CE0
FFFFFD52B185
FFFFFD2A9BF4
FFFFFFC169E2
000002901081
000002A0720E
FFFFFE79625E
FFFFFB360799
FFFFFDDA77B6
00000198D8C5
000001634294
FFFFFF5D91C2
FFFFFEFF885F
FFFFFE46502D
FFFFFD1FCEC3
FFFFFDC86020
FFFFFFE1453E
000002B750DA
000004EC7AAD
0000063C42D9
000005F1CA41
000004576B7C
00000281C286
000000B36462
FFFFFF3E78DD
FFFFFF6240EB
000000E2F7A5
000001E560D0
0000015FCB03
000001B29165
0000035E9CF6
0000039C1412
0000022C85FE
000001D1DD47
000002A88847
0000030DA3C7
00000289F372
00000015C6E9
FFFFFCAD4AB4
FFFFFD8E47A5
0000034C4A2E
0000063E5D23
0000024164DF
FFFFFE273581
FFFFFEDE2297
FFFFFEBE6E32
FFFFFDE8B189
FFFFFF24D648
000001FBABED
000005105116
000006ABC684
00000717054E
000005FE053C
0000043387A9
000002B74981
0000016B2A04
000000BC5604
0000017EDBF9
000002E72345
0000031F2A70
00000192B664
0000006C7F16
000000CCFE9C
00000178DDFA
00000234BF8D
000002E24C2E
000001F3993A
000000596EC8
FFFFFF816A81
FFFFFDE40290
FFFFFC1DD23D
FFFFFDD4DCC4
0000021358C9
0000034ECDCE
0000010AEBDE
FFFFFF11C4A4
FFFFFFD1CE08
FFFFFEEDC894
FFFFFE67F28B
FFFFFFEBAA94
0000020637AC
00000293CBD3
0000008334D4
FFFFFE7100D1
FFFFFE79AC0F
FFFFFFDB5FD8
00000130FDB7
000001EAB0BD
00000243C142
00000290B8B0
000002373028
000000A72A64
FFFFFE8E913B
FFFFFD1675FC
FFFFFD2A3B4F
FFFFFE61440F
FFFFFF8656A0
FFFFFF62D39F
FFFFFD7DABE1
FFFFFCC9C59B
FFFFFE75E65D
FFFFFF734BF9
FFFFFEB15704
FFFFFE23F23B
FFFFFDA98746
FFFFFD9630F8
00000039BCCD
0000031B45F6
0000022474BD
FFFFFEAACE13
FFFFFEEF4D8B
0000007B52B9
0000001D8C39
FFFFFD4FFC1F
FFFFF93090AE
FFFFF6D3433C
FFFFF820AF04
FFFFFB5E4B5C
FFFFFE406417
000000589333
0000017C2B04
0000012CCD55
FFFFFF5DD5AB
FFFFFCBA7AA4
FFFFFA9F86DA
FFFFFA51FC8B
FFFFFBB96B75
FFFFFCCCC804
FFFFFC1BB1C2
FFFFFA88B583
FFFFF9C40D30
FFFFFB0418F5
FFFFFDA6B8BD
0000004008E3
0000017DC573
FFFFFFC1D5F1
FFFFFB36F831
FFFFFA26D10D
FFFFFEE54C33
0000034E7DCE
000001DE6BC0
FFFFFE1F9E3F
FFFFFF2D6ED6
0000006C19F2
FFFFFE1FD4D9
FFFFFB156A68
FFFFF9CD7112
FFFFFA31B9EE
FFFFFAC41243
FFFFFB36F55C
FFFFFBE69BBC
FFFFFD056104
FFFFFE2F7C10
FFFFFE86BD45
FFFFFCE78667
FFFFFAA775C7
FFFFFA0E6F95
FFFFFB9769B0
FFFFFDD72AB7
FFFFFDE1AB27
FFFFFB5D68B5
FFFFF9A5D43D
FFFFFAB9C676
FFFFFC23BFA7
FFFFFC19E4BE
FFFFFD72006F
0000016B9A30
000002BD29FF
FFFFFE3D216C
FFFFFAE87113
FFFFFC99F0FD
FFFFFD0DD1C6
FFFFFDD706E9
FFFFFDE91F78
FFFFFEEEC1AB
FFFFFF7112D2
FFFFFD0403CA
FFFFFBEEEA91
FFFFFDB32960
00000014A820
0000004FD396
FFFFFE8B2E27
FFFFFCAB6DB1
FFFFFBB09DF6
FFFFFC0C0523
FFFFFC1287FD
FFFFFA397994
FFFFF97ADC2C
FFFFFC56D7F9
0000001647C1
00000163671D
FFFFFFC54DB5
FFFFFDBFFA6F
FFFFFDD04B0A
FFFFFF60FAC2
FFFFFEBDE586
FFFFFBD48EC0
FFFFFBD2794F
0000008EF2B0
000003A43C89
00000094C63C
FFFFFC0DB8B9
FFFFFAFEBCDC
FFFFF930DF7E
FFFFFCBA3FBA
FFFFFDC6AC7C
FFFFFE17AB92
FFFFFE4A26D8
FFFFFD0C4BEF
FFFFFD5E5432
FFFFFEDD09E7
000000840189
000001D8F42C
000001CB6672
FFFFFFE41F69
FFFFFDE72EB6
FFFFFCE146B3
FFFFFAD9AB93
FFFFF8757A34
FFFFF9D34917
FFFFFF0FEB7D
00000321D27B
0000022A3490
FFFFFFFC051C
000000FF8E55
0000034CE7B3
000003473B2D
000000752CE9
FFFFFDE0D862
FFFFFE0A19F0
FFFFFF780093
FFFFFECEC5B1
FFFFFCBDC761
FFFFFC99C78B
FFFFFDDDC564
FFFFFDA22EB0
000000809CC2
FFFFFE255D38
FFFFFE0C7722
FFFFFE9E7186
FFFFFE969D8E
FFFFFF15E7C5
FFFFFFA5E8D7
FFFFFFD16554
000000098F48
000000BFB5B6
0000010E8543
0000009FBF88
FFFFFF0D1952
FFFFFC1B0770
FFFFFAF7A387
FFFFFD644CB1
0000014F5DD3
0000029436A6
00000035DC4F
FFFFFF6FE589
0000024D7290
0000043D9E7D
0000029894AC
000000AB85DB
00000110A42B
000000E8D23C
FFFFFD793BFD
FFFFF9601EEE
FFFFF95A1C58
FFFFFDE29832
000000CDDA0F
000000BA47C0
000001A9C7D0
FFFFFF6DB38B
FFFFFFA88209
0000006EE6A7
00000074514B
0000007D1D9F
000000AE0DB0
FFFFFF4A1AC8
FFFFFC15FFE0
FFFFFABCA01D
FFFFFD7B4CA3
000000C9DB29
000000F8294F
0000002D6155
0000011D3FF9
000001D21CA5
0000011C7C05
FFFFFE9ACD2E
FFFFFCBAF402
FFFFFDC37819
FFFFFF0542F0
FFFFFE29CCF0
FFFFFD4C4799
FFFFFEF46482
000001E13390
0000019C8C4A
FFFFFD9F50B2
FFFFFAB76121
FFFFFBD3E95B
FFFFFDBEBCC4
FFFFFD0D2613
FFFFFB2C4ECA
FFFFFE3A799A
000000693BB5
000000965BE5
00000119712A
0000012EB128
000001649812
000000FBE528
FFFFFE381B97
FFFFF9BA8C94
FFFFF768A409
FFFFF9A51A51
FFFFFD76DB68
0000004ABBD9
00000393CA9A
000005E2205F
000003D733A5
FFFFFF0C55E0
FFFFFB069862
FFFFFA972134
FFFFFBD4FA56
FFFFFAEB2A77
FFFFF9715362
FFFFFA802802
FFFFFD878D7C
00000048246D
000000B20C40
FFFFFF50EC22
FFFFFE9ABDAF
FFFFFE879647
FFFFFBC2ACC0
FFFFF80430C7
FFFFF65917CF
FFFFFCD41D53
FFFFFFA4EE60
FFFFFEE40F83
FFFFFF4B0E1B
FFFFFFFDBCF5
000000AA34DA
0000002AFAEE
FFFFFE81FF47
FFFFFD3D6F35
FFFFFC79180C
FFFFFAA599FA
FFFFF93D965D
FFFFFBF173C6
00000134759A
00000352E3ED
0000018FD2E8
FFFFFEC0BB70
FFFFFCEC6540
FFFFFCCC3AA2
FFFFFC842A3B
FFFFFC375B69
FFFFFD63FF9F
FFFFFE49142D
FFFFFE318094
FFFFFE74BF0C
FFFFFEEAC182
FFFFFF0B323D
FFFFFF275789
FFFFFE361C9A
FFFFFB75A23E
FFFFF934B4A4
FFFFF9390022
FFFFFF0A6A7F
FFFFFE5BB0D0
FFFFFC899A94
FFFFFD14F923
FFFFFE719AC0
FFFFFF134C76
FFFFFEBCC953
FFFFFFC33379
000002371FD2
0000021DDB27
FFFFFD1E92FD
FFFFF80B6FD1
FFFFF83388E6
FFFFFADE9DC9
FFFFFC19C344
FFFFFE0D8EE0
0000010602A9
000001CE3001
FFFFFF824992
FFFFFD713EA8
FFFFFF127CB2
0000018043F1
FFFFFFEA6746
FFFFFD526AB1
FFFFFD9F867D
FFFFFF23BB80
FFFFFFEEE087
FFFFFFE8CD7A
FFFFFE96EAB0
FFFFFD4B68CF
FFFFFCBD80DA
FFFFFD331CCE
0000008EE085
FFFFFDF7FE45
FFFFFC7CD5A1
FFFFFD2B11DA
FFFFFE0C97C3
FFFFFE22184A
FFFFFE4656D2
FFFFFFE748BD
00000170F0C8
000000933FC7
FFFFFE7D98B7
FFFFFCD8ED31
FFFFFA17DB13
FFFFF69AAB9F
FFFFF71F21D6
FFFFFCE1228A
000002CBDC93
000003BD1160
FFFFFF6E12D9
FFFFFC04A870
FFFFFD2DBDA1
FFFFFDA8EBA1
FFFFFB4F5062
FFFFFB82C037
FFFFFF35AF1D
00000249573B
000002EF9E29
000001B7EAAD
FFFFFFA5CB73
FFFFFE14D479
FFFFFD981504
FFFFFDB75D9A
000000031BA2
FFFFFDABC731
FFFFFD60D6E6
FFFFFE1A022D
FFFFFD9BC1B0
FFFFFDD84A74
FFFFFF1ADF21
FFFFFF2AC104
FFFFFD4F11BC
FFFFFD238918
000000D7EAEC
000002D3E9D5
FFFFFD720B2F
FFFFF66AAD84
FFFFF6786758
FFFFFBB273DF
FFFFFFF13E74
000000CEC53A
FFFFFE1A0F0A
FFFFFB557552
FFFFFA6DF39C
FFFFF9125593
FFFFF971C673
FFFFFCF8307E
0000008051D4
000002106A10
0000022722EC
000000DCC20E
FFFFFEAB1CB6
FFFFFD4BAF66
FFFFFDD10ACC
FFFFFE5DA807
00000018D6A9
FFFFFCBAD9C4
FFFFFDA22BE0
FFFFFEE341A2
FFFFFD8B1CF3
FFFFFDC349D5
FFFFFF86D630
FFFFFF0327D2
FFFFFC073245
FFFFFC294E65
00000095059F
000002546BF7
FFFFFED40485
FFFFFB718142
FFFFFA9241EB
FFFFF9C87126
FFFFF9972E77
FFFFFAB8435E
FFFFFC1C8799
FFFFFD44032F
FFFFFC7E592A
FFFFFB9DD5D4
FFFFFE426546
000000876B36
FFFFFE888660
FFFFFBFFB234
FFFFFC6B68B5
FFFFFD0FBE44
FFFFFC059C5A
FFFFFC4FD732
FFFFFEF336D4
0000005A11D1
00000122BF94
FFFFFCB02710
FFFFFE1FBDFC
FFFFFF6FCEBF
FFFFFDE07914
FFFFFDB79FD3
FFFFFED6DE81
FFFFFEA6B84E
FFFFFD20C79F
FFFFFCBB0A09
FFFFFDB35FA5
FFFFFE8FE34A
000000581971
0000021F88D9
FFFFFF3B6D8C
FFFFF93FE502
FFFFF6A6C33B
FFFFF83A0DD0
FFFFFBC22268
FFFFFED280E0
FFFFFF5040BB
FFFFFFE46CF3
000001885881
0000005101FF
FFFFFBA00701
FFFFF8D2093D
FFFFF9C6A53A
FFFFFAF96476
FFFFFAF0FE07
FFFFFCB584D4
00000016570D
000000DD3A04
000000AF5BEF
FFFFFDFB5361
FFFFFF00E205
FFFFFF73DAD7
FFFFFE01B388
FFFFFD6F0B5D
FFFFFD1E6B88
FFFFFD319469
FFFFFEB3F60C
FFFFFF655223
FFFFFD1B3C91
FFFFFBC56852
FFFFFF7742C2
000002D54BD8
00000043863A
FFFFFC829333
FFFFFC3DCC1C
FFFFFD501B85
FFFFFD9AE603
FFFFFD3E31AB
FFFFFD942678
FFFFFEFA1722
FFFFFE71C772
FFFFFC24A55E
FFFFFBE927C4
FFFFFE0E3CA1
FFFFFEFA27E2
FFFFFDFC8703
FFFFFDBFC806
FFFFFEF472EF
FFFFFFBD445D
FFFFFE3312DA
FFFFFE975E6C
FFFFFF2BAAEB
FFFFFF2F475A
FFFFFF7C7B06
FFFFFEAB84C7
FFFFFD460307
FFFFFB72D23C
FFFFFC4D9CA5
000000A6BA0A
0000021E77B0
FFFFFD09156D
FFFFF99D003B
FFFFFD5172FE
000000F4905D
00000074E957
000000D290D6
0000027F6435
00000198C031
FFFFFE9E71CE
FFFFFCCF7B07
FFFFFDC35315
FFFFFE4D3D4B
FFFFFBF12966
FFFFFA935F55
FFFFFDC2CAF5
000001F98BEA
0000027B61DE
00000121CFB7
0000013C9DCA
00000090FB07
FFFFFD963A58
FFFFFA952128
FFFFFD56BAF0
FFFFFEFB90AE
FFFFFED21D49
FFFFFFF83EC1
FFFFFF97DC21
FFFFFDCC1B1F
FFFFFB8FE32C
FFFFFCC38046
000000D6FB02
0000011CE795
FFFFFC9C9ADE
FFFFFAEBA94E
FFFFFE17F387
000000129EAE
FFFFFFBE4A92
000000686C55
00000093CA77
FFFFFF4F193C
FFFFFF6AD6B2
0000017968CD
000002C35190
0000011B9B6C
FFFFFE73EBF1
FFFFFD877876
FFFFFD92904A
FFFFFD3D1D56
FFFFFDB1C49D
FFFFFFC9A9AC
00000172269F
FFFFFFD65C23
FFFFFBF638D2
FFFFF991C84D
FFFFFE26B0B8
FFFFFEA207AB
FFFFFF3B1E14
000000E3964B
0000007ADE28
FFFFFEC33586
FFFFFCE4C881
FFFFFD120882
FFFFFEA5F62F
FFFFFEB01148
FFFFFDEB2825
FFFFFEA7C11A
FFFFFF0EB21A
FFFFFE0896A9
FFFFFE31331F
FFFFFE6BF5C3
FFFFFC533D7E
FFFFFC35F39F
0000016CAB77
000005E486EE
0000047DD4CC
000001859091
0000013724DF
000000E864AB
FFFFFD306826
FFFFF8F82850
FFFFF8E5BC26
FFFFFBFEF7AE
FFFFFE37302C
FFFFFE01A4FB
FFFFFC407869
FFFFFB4642BE
FFFFFFA0E0CF
FFFFFF9F231F
000000687C28
0000017C5F77
000000D52A1B
FFFFFF5E8DA9
FFFFFDDB7204
FFFFFCF3C6BF
FFFFFC92182E
FFFFFD287AF7
FFFFFF8512D8
000000FA6E04
FFFFFE5EB974
FFFFFC1C9D11
FFFFFEAA2630
000000063E47
FFFFFC41FB02
FFFFFB6E229B
00000136C59D
000004287BEC
0000002BF942
FFFFFD968853
00000021E466
000001B6C4DC
FFFFFF519D33
FFFFFC3A5695
FFFFFA2157BC
FFFFF90D4264
FFFFFAD69876
FFFFFDCCF959
FFFFFE37E5DC
FFFFFDE6CA24
0000009E2BCE
0000014265BA
0000007BE5B9
000000127E7D
FFFFFFAD6595
FFFFFF37A5B0
FFFFFE65B77B
FFFFFCAD70DC
FFFFFAD738ED
FFFFFC052EE1
00000084E7DF
000001F9FD37
FFFFFD9D37F9
FFFFFB892CF2
FFFFFFEE4D11
000001C50485
FFFFFD8098C6
FFFFFBB4D8B1
FFFFFF11567B
FFFFFFD6FBA3
FFFFFC726D58
FFFFFB36FC54
FFFFFD7E1E1E
FFFFFF9A51ED
00000006A23C
FFFFFED3CB86
FFFFFB2575CD
FFFFF862CAEA
FFFFFB52E4A7
FFFFFFCF4835
00000026F7A8
FFFFFF214594
0000005B5B9D
000001A72CAF
FFFFFEC63BA4
FFFFFCF222E8
FFFFFD9EDC3B
FFFFFEA5DDFD
FFFFFE81E5FE
FFFFFCC7DB82
FFFFFAD01459
FFFFFC2599CD
000000601AAE
0000011ABD5A
FFFFFCF7CB63
FFFFFC24A07A
00000024659D
000000EF5502
FFFFFDC8E669
FFFFFD0F14C0
FFFFFE5A577B
FFFFFDF8C571
FFFFFD852E06
FFFFFE11DE56
FFFFFCCF4890
FFFFFAA81344
FFFFFAA00AC8
FFFFFB31844E
FFFFFAD715ED
FFFFFCBCE08F
000000904AD3
00000187AB71
FFFFFF12745D
FFFFFCE07778
FFFFFE9822CE
FFFFFF6D6CC3
FFFFFBE87DB4
FFFFFAF2CE85
FFFFFC817314
FFFFFE3303B3
FFFFFEBB00FF
FFFFFDC555FC
FFFFFC333B94
FFFFFC5CCB19
FFFFFE22AC7F
FFFFFE65936F
FFFFFD6F8B9C
FFFFFE0F6A85
FFFFFEF72E42
FFFFFE2C2003
FFFFFDF0383E
FFFFFEB3FFCF
FFFFFD8DD403
FFFFFC84B587
FFFFFEB5F286
00000002BE03
FFFFFB8A90E5
FFFFF5EB166A
FFFFF545DFEE
FFFFF8612615
FFFFFD6EC326
000002C2C17C
000003AD34A4
FFFFFFD735D6
FFFFFC41C1FD
FFFFFB09DCA0
FFFFFE301BED
FFFFFB37942B
FFFFFA889757
FFFFFCC60DE4
FFFFFE2BFA93
FFFFFE98A235
FFFFFEF23014
FFFFFE994402
FFFFFD5B0021
FFFFFC3F58A5
FFFFFBB580A7
FFFFFBEC0D61
FFFFFDDFAE8C
FFFFFF602B87
FFFFFD5B5F04
FFFFFB4D4B01
FFFFFD920F4A
FFFFFEFB9C3E
FFFFFBB75B4F
FFFFF9E6D48C
FFFFFC707A04
FFFFFD205AF1
FFFFF983BFEE
FFFFF6B5C6F8
FFFFF7A9A1CE
FFFFFB3B078A
00000036710E
000002AB4F8E
FFFFFFB7403E
FFFFFC051F86
FFFFFB046C89
FFFFFC07B4B6
000000BC2689
FFFFF7F2A494
FFFFFA83B8E4
FFFFFF507ED4
FFFFFF0F938A
FFFFFEA3E722
FFFFFEBE8186
FFFFFF1FB796
FFFFFE49E280
FFFFFC39EC01
FFFFFA1C2487
FFFFFA118060
FFFFFD2D5DF9
FFFFFEA13BEB
FFFFFB5DE775
FFFFF943FD92
FFFFFC0CD5BD
FFFFFD5474C5
FFFFFA3AD63E
FFFFF7F7593B
FFFFF872303E
FFFFF8C5A3BA
FFFFF8FC7695
FFFFFADC7712
FFFFFD61CF35
FFFFFF1A315B
000000097739
FFFFFE74AC96
FFFFFAE86EAC
FFFFF97765E6
FFFFFCB04DF8
FFFFFEFEA063
00000176E554
FFFFF94B674F
FFFFFDF4D0E0
0000016DE395
000000590896
FFFFFF5D17F4
FFFFFFC11412
0000001B24DB
FFFFFF8FAF18
FFFFFDCFAFFA
FFFFFB454AFC
FFFFFAA55A4B
FFFFFC7CFF9A
FFFFFCB60768
FFFFFA6F7C29
FFFFFA3A1A80
FFFFFC57AF23
FFFFFC7C6FF1
FFFFFA452441
FFFFF89D9E2B
FFFFF80AF71B
FFFFF8602809
FFFFFAA694C5
FFFFFE32C73C
00000089157B
00000108D862
FFFFFF7FBDAE
FFFFFC9549FB
FFFFFB7B0910
FFFFFDB3698B
0000000F9FA6
FFFFFF14529D
FFFFFFD27273
FFFFFBBEF85A
FFFFFED42283
00000066C77A
FFFFFF282732
FFFFFE969919
FFFFFEE87DD0
FFFFFF121C14
FFFFFF2C2B1E
FFFFFEA63EA2
FFFFFCDE146F
FFFFFB8D72A9
FFFFFB6643CC
FFFFFB149D4A
FFFFFAE4DF1F
FFFFFC20F06C
FFFFFCDFC953
FFFFFC01BCBC
FFFFFAE92C10
FFFFFA8C1CD3
FFFFFA294242
FFFFFA6802F2
FFFFFCBAEFEB
FFFFFF9EBDA6
000000BFDE13
FFFFFFF96B96
FFFFFD6C6F7F
FFFFFBBA932F
FFFFFDAA1B9A
00000074627B
FFFFFF3DEFA0
FFFFFC6443F4
FFFFFED29F5E
FFFFFF4E61E6
FFFFFE6B73BC
FFFFFFCFCA9F
000001B5E8EF
0000012854AF
0000017BA632
000001F54A00
000001BA7C99
00000114BC96
000000550B9E
FFFFFFA75DF8
FFFFFF68BB0B
FFFFFF90AB9B
FFFFFFA21F86
FFFFFFAC7ED1
00000055DF35
0000016DB9D8
000001D61A68
000001135B7D
0000007F6100
000000F262D6
000001233A67
0000003B3DAA
FFFFFF66477C
FFFFFF54F702
000000395E4C
000001584DC2
0000013354DE
0000002FB419
0000012C44B9
000002E84C6A
0000031A0095
00000168207C
000002128200
0000035C85F8
0000058997ED
000004618700
0000046FDAD7
000004D3BE1B
000004BD843D
0000049187E7
0000041F3CD8
000003ABF8C5
0000037E6C4B
000003FAA262
000004594114
000003E97F74
000003A8D282
0000041CE0DA
00000476BC57
00000394D758
000002B16D53
0000037B2E2A
00000428C619
0000039C1A9F
000002CFEA32
000001B10DF0
000001421A10
0000035FACF4
000005197041
000003BC2DBF
00000315CBE1
000003F351C2
000004EBE92B
FFFFFF7C7407
0000015A2C07
000002B512BE
00000474B935
000002E0B0D3
0000025C7FCF
000002D5C0B4
0000031C4F0F
0000032C9303
000003411135
000003411231
000003304215
000003AFA1DE
0000040E0704
00000353B260
000002872D94
000003106760
000003CCB16B
000002E16192
0000017CB356
000001E46427
000003394009
000004573BC2
000004C0BCC5
000002E358A5
000000234519
000001C4F7CC
00000522F157
0000052FA679
000003EA79BF
000003964353
00000520D7D5
FFFFFFC098DA
000001295D5D
0000018E547D
000001835FAC
FFFFFF85038A
FFFFFDFCB59B
FFFFFEBC2A3C
FFFFFFBC4765
0000002469C5
00000121F153
000001CCB53D
000001DED485
000002683DC2
00000286BECC
00000117C332
FFFFFFB28B90
00000084F8B6
000001DE99AF
000000E9F179
FFFFFFC18174
00000048386A
00000123872B
00000317D452
00000531E464
00000358AFD9
FFFFFF9E935F
000000CB333F
000003FDAA7C
000004512B03
000002B39738
000000F8DDF6
00000381C0E8
FFFFFEC726D1
00000035CA37
000000EB3527
000001440BCA
0000008F005C
FFFFFF5D4CCE
FFFFFF8A0CF4
0000001A29B6
0000004E5145
0000015FF755
000001D626CD
000001E2DEF4
0000026F7AD1
0000028C0E7E
000001A9482B
000000EA4C2F
000001F35350
000002F8450A
00000211C9BE
0000014D7D2D
0000019CF533
000001319925
0000022E3D6B
000004FD3167
000004621411
000001936757
00000161CEDC
0000022B8A0B
0000035AD618
0000040C36F0
0000018810AF
000003505481
FFFFFEF8E619
0000012BECE2
0000016DD661
000001CA125A
000002E54F77
0000032A758B
000003578A7C
000003E70E3D
000003F7E2CD
000003EB8BA7
00000373DB60
000002D29397
000002DC7F87
000002D6B140
000002F38214
0000036A4CDC
0000045B928C
0000051802CA
000004A98CEE
0000043FE533
0000048F8408
00000370AEAB
000002951B7C
000003F8F9E0
0000046E9796
0000034A80F4
000001E22FFA
0000006B28D4
0000023EF954
000005382576
000002890F17
0000039B2DBA
FFFFFF01CE5C
0000021F00C2
00000233DF3E
000001BF7D65
000002CC8513
000003B043BD
00000414E3B3
000004D82110
000005282CC2
0000047D1E3A
000003F60C71
0000034BFF2B
00000278A319
000002305F01
000002DA92B6
000003FE8851
0000046786D7
000004B865FB
000005851188
000005662558
000004B29789
000003B793DC
000002BCF7F9
0000029BE9EF
00000301CD5C
000003286718
000000F97317
FFFFFE654F82
00000169E6BC
000006277539
000003881A0F
000004E1D7C7
FFFFFF379DF5
000002ECC5D4
000003253D71
000001F027EF
000001B00ACB
000001FE2E90
000002576AFD
000002D09F2A
000003053C3E
0000030DAAC6
000003D9A833
0000043EE3A3
000003509981
00000215C899
000002948642
000003FA0CDC
000002EF6E32
000002016819
0000039019E8
00000431E57B
00000336EB9A
000002EB7D00
000002B7EFB7
000001BAC493
00000201316E
0000031721D5
0000007569BD
FFFFFCD25D99
0000003FFF2D
000006310C2B
000003AFD37B
000005ECD105
FFFFFFA6A09D
000003694784
00000363B707
000001DEB516
00000132627C
00000100820B
000000703929
0000001B749B
000000A9BDF5
000001D7B4FC
00000344F5AF
00000490EDFB
0000048B7A1B
000002ABE210
00000203235F
0000032DC533
000001E90FBF
FFFFFFC07C5A
0000003F163C
0000014C915D
000001B6B730
0000025ED100
0000026104E6
0000016DD9C4
0000024DC95E
000003C4850B
00000157368F
FFFFFD6B971E
FFFFFEC38467
000003678622
000002B6E0C6
000006B6AECF
FFFFFFD8E54A
000003809233
000003086059
00000167EE65
0000019D4021
000001A9E2C0
FFFFFFD85D8F
FFFFFE4FFBD2
FFFFFF50DC36
000001155CB7
000001FCA8C5
0000036A8DB1
000004556A7F
000003165158
0000022E4350
000002B23C68
000001B0D38D
FFFFFF16A369
FFFFFDB92CC0
FFFFFEF467F4
000000DE71B3
000001B4AC57
000001461879
0000015D0699
0000030365BD
000003F79320
000002807B85
000000300FE0
FFFFFEFBAFE5
00000021941A
000000CB161D
0000070A7551
FFFFFF35A6C8
000002784340
000002867D0A
0000015C14D8
000001C35C64
00000294DE53
000001A4AC48
FFFFFFA38B6C
FFFFFF69FE79
0000006D5F0D
0000011FB871
000002583ED2
0000029A1155
000002823CE2
00000389AAAF
000003E3D84F
00000296F5C1
0000006AF113
FFFFFF11BECE
0000004170D0
0000020597FC
0000020B13A7
000001E9B00D
000003423072
000004044AEE
0000032F2BAE
00000298EED1
000002698C12
000000AAF3AE
FFFFFFBE15C8
FFFFFFC03D24
00000744D63A
FFFFFE59D39D
000000E1E264
000001DD265E
000001824A66
00000118E09B
0000022B28D0
000003A22323
000002E15615
00000114997F
000000A80AE6
00000188A442
000001E1D22A
00000084CFD0
000000FA5B6B
0000038B7C09
0000041ED784
0000034E2094
000002A84F39
000002FFD3A0
000003DA5471
0000034828EF
00000292D59B
0000045EDFCB
00000674DCA8
000004FADA78
0000023EEBF0
00000244B7CB
00000349A901
000001D424DE
0000009D3000
0000001C3955
000007D739A6
FFFFFE708BF4
00000084E2FD
000001CB0A35
00000221A989
000001740A7F
000001C14C4D
0000034D9581
000003E61550
000002C58E15
0000019A536F
00000193E640
00000131CE56
0000004CAD42
0000016A2FC6
000002EC8FD5
0000032E454C
00000354518D
0000037B3182
0000048B3E2C
0000049D67A6
000001D885FC
000000D84DD2
0000045B930F
0000071FE531
000004F73BBA
0000022623E7
0000028D8867
00000345E63D
000001BD7BA8
0000004EA03F
000000023DA8
000007815C23
FFFFFEFE75E0
00000132786A
0000021996D1
000002CFF39B
000002CA68D2
00000255A3F7
000001EEFAB9
00000297756B
0000039539DF
00000286D692
00000091200C
000000170F35
000001E33266
0000039F04F3
000002D59438
00000291626F
000003384927
000002D100F7
0000032BFD7F
000002F2C5AF
00000009A623
FFFFFE943A2A
0000018D85D1
000004C59149
00000440DA02
000002F94959
00000322A4AC
00000306D15E
0000017076AC
FFFFFF8EAD8B
FFFFFFA326D6
00000690F42A
FFFFFF363B60
000001A7CE1F
000001F07A4D
0000029F019C
00000353711B
000002B274FB
0000015A392B
000001B72D93
0000038890D8
000003349A8A
00000085503B
FFFFFFD0350A
000002ED6B44
00000456DD8D
0000022C23A8
000002495A3C
000002DE7B4C
000001AD449C
0000022C6A54
0000032D7074
000001A84C0B
FFFFFF95C51F
000000103A69
0000029A4DCE
000004115233
000003DB35F0
000002E43A7E
000002031C47
0000017BEFA8
FFFFFFF47559
FFFFFFE8FA75
000005DACF13
FFFFFF2F6B73
000001FF297A
000001AFE1FE
00000197DCEF
0000027AB2B4
000002A1C96C
000001E8BB3C
000001A949B3
000002E81B14
000003F16D9A
000002679EC8
000000A1B448
0000020511FE
000003265DF6
000002A6C67E
000002F3DCCF
000001EF1BEB
00000065BB5C
000001F59668
00000455E088
0000042ABD43
0000027975DA
0000016B716F
00000223E497
000003D550B9
000003D3A103
000001C16831
00000066E0B6
0000014E16A3
0000014D2D92
0000008AEC7C
000004F352D2
FFFFFF1C7A09
0000026A1194
000001C81DAB
00000082DF37
0000015365F7
000002B96064
000002C8F54F
000001C04EEB
0000023FB3B4
000004405A64
000003EDFE85
000001757DDB
0000003EFD5A
00000159B8F5
00000443EC07
0000050DB3B7
000001DE3030
0000001A6D5D
0000021919CD
0000039F664B
000002F9890E
0000028B51A1
000002B57A3C
000002B26B82
000003BE4724
000004324B4D
000002B175D8
000001363941
000001D52391
00000259FDE7
000000F2EC0F
00000450B8FD
FFFFFF3AAB42
0000031BC65C
00000245D6E7
FFFFFFDFCC8F
00000097863D
000002C751AA
000002F32580
00000172566C
000001E0B58C
000004012697
000004463E27
00000266C4C1
FFFFFFD79C54
FFFFFFED81B1
00000472DCEA
000006707EB8
0000033D1D4B
000001C0EC5A
00000329C1B5
000002777E6F
00000032995A
0000002A4CC5
000001F0ABC0
000002ADCCD4
0000038E68FB
0000054AB91F
0000053256A9
000003A123EB
000002D6A896
000002C42050
00000104FC87
0000040A6F21
FFFFFF537EC0
00000380524F
000002BD6B86
FFFFFFDD045C
0000006B91A2
0000023201EA
000002658BAF
000001DCE721
000001DE5D13
0000026B888A
000003FC45A0
0000048CBCD0
000001012DEB
FFFFFE74B905
000001E3CE7B
000004D52303
000003C3CB7C
000003471637
000003A39EA1
0000024258DD
0000006CC40B
FFFFFFFC1C07
000000A9346D
00000144406A
00000266DA4A
00000497509A
000004C15FF7
0000034FE29D
000002873540
0000027E2F41
000000AFB824
0000045FE02F
FFFFFF50804C
000003674B14
000002E51324
000000815C01
000000A66219
00000126D775
000001E5A930
00000359CC3D
0000020E660F
FFFFFFAFB296
000002B8FE0C
000006A862D0
0000030F9037
FFFFFE0BA723
FFFFFF072DB5
000001A33EAE
000002B74D95
00000332ADFB
0000026EDD01
000002223A37
00000368AAE3
000003027402
000000ABCC4C
FFFFFFFE7339
000001952470
000002C7A84E
0000017DAABA
000000BF5AAE
000001258D9E
00000141A8A1
0000004C212D
000005C3543E
FFFFFF6A88B2
00000328DADE
000003362218
0000018A6249
000000D1915E
0000000207F5
0000013F38A9
0000044B266D
000002829667
FFFFFE694FB4
0000013915D1
0000066A3F5F
000004F9B84D
00000094A7B3
FFFFFEA89D6A
FFFFFF3DE36D
000001CA2988
00000349C906
0000015815CE
00000127B791
0000047282B8
000004B731F3
0000015483F8
FFFFFFFFD9D9
000001AF3344
000001F4E973
000000A8A2EB
00000117E27E
000001524816
0000005415DE
000000823140
00000771E38A
FFFFFF4C8284
000002C4B40F
000003B58DB1
000002C0D7FE
0000008FB17C
FFFFFEB75AF1
000000A2C3FE
0000045EB06D
000002DEE9A3
FFFFFF373F91
000000959169
0000043A2118
00000565DE8D
000003DAC4BB
0000002D7C8C
FFFFFE4B5B21
000001A71332
000004738287
000001AF52D8
FFFFFFA79C4D
000001F4EB13
0000031A741B
000001CD7DA9
0000011DA96E
000001B7A0D3
0000020818BD
0000031AEB73
000004893F20
000002B028D3
FFFFFFF018B6
000000F30C7B
00000839A083
FFFFFED16728
000001E01898
000003D4B317
000003882764
000000728EA2
FFFFFE61779D
0000005E6F6E
0000035E84C1
000002C9960D
00000154D79F
0000011AC44A
000001754CC7
000004422CAC
000006252C65
000001F6B4DA
FFFFFDFA4027
0000014C8936
000005B5F7FD
000003657460
FFFFFF98C9D4
00000060CA25
000002214E5C
00000265158A
000002219CAB
0000019857F1
00000212A847
000004C542D5
000006567295
00000304D805
FFFFFF51DFD8
000000C53A49
0000079E50A3
FFFFFE771D15
000000D4BE0A
00000339B99A
000003A7634F
000000F17F2D
FFFFFF688F79
00000057E980
0000017C21FE
000002765E9B
000003C17382
000001E86463
FFFFFF17335A
000002B7C5DF
00000763B7E4
0000034341D9
FFFFFD6FC171
0000003EB92B
000005B14DE3
000004BFC4C4
0000012E1BD3
000001867A00
0000033431D2
00000319DC20
0000024E0E11
0000017A50C2
000001980EF3
000003D1B1CC
000005B83F57
00000343F520
FFFFFF6E3EC3
FFFFFFFD9CAB
0000062BEA15
FFFFFEC6980A
0000010D5892
000002E7FAC0
000003CF58F6
0000027310E8
00000150BB2C
000000BA04D4
FFFFFFD93979
000001BB0022
000004FDFAD7
000002AAEC42
FFFFFE791394
00000173E65B
00000681DAFA
000003C0F1D4
FFFFFE899220
FFFFFFCC23EF
000003CBBDB1
000004451EE4
000002C84976
000002C99AFF
0000034A2097
0000037DBA36
0000033B5ED9
000001F3EB3A
00000105B407
000001FC7449
0000040AE243
000003CA73F5
000000CABC3D
FFFFFFB9F5DF
000005255C42
FFFFFF2FB9D9
0000020C15D4
000002E190C9
0000041B7625
0000043682A6
000003755184
0000016547DC
FFFFFF155572
00000109789B
00000485A368
000002A26331
FFFFFF39E217
000000F4E8DC
00000472BD07
0000039449F2
000000D68FAA
00000078443B
0000015A6E2D
0000027C99A3
000003B82F42
0000033436BD
000001F09783
00000304393D
000004C4C614
000003A299CA
000001CD3A3F
0000018A5B98
0000022DB1D0
000002A1A5D9
00000169007C
0000000EC7A9
0000050F9539
FFFFFF1CB270
000002FD5725
000002A15B1A
00000357556F
000004BE2098
0000046CE30E
000001EF7B1C
FFFFFF525B1D
000000C6DAFB
00000317B776
000001F308F4
000000D719E1
00000197D7CB
0000026861D9
000002ECDE9C
000003419C0D
0000020CFFC2
000000085C22
00000152099E
0000047E8431
000003DDA028
000001700602
0000023A6D52
0000047A8EAE
0000044A09E0
0000032E875F
00000272A944
0000013BDDA0
000000FB98C0
00000133CB99
000000B9817A
00000557F4BD
FFFFFEEEED8A
000003FD0F9B
000002C5E92B
000001D22572
000003828F51
000003F7D140
0000023CC229
0000006BB54B
00000105282B
000001B65A79
000001C69865
000002E32494
00000296F788
000000D4779B
0000024A8036
000005405278
000003B1750B
FFFFFFEAB24A
0000017BD0E7
000005662E14
00000493CF28
000001DC2E86
000001C04005
000002C3DBBB
000003194BB5
000003230B52
000002C9138F
000001661701
000000D39C93
000001AA37FC
000001B2DF4A
0000057BD3A1
FFFFFCF1DFD6
0000030B0C19
000000A2D103
FFFFFE3AABC2
000000D9A314
000001F268BF
000001B86163
000000DEE4DC
0000007600E6
00000000F895
000001558077
000003BF8D71
000002A1B3A4
FFFFFFBFFF63
0000016BDACD
000004F9191E
000003912E78
FFFFFFF4B7D1
0000012D7716
00000400E38F
0000030DE8E3
0000010827F3
0000007932F8
000000810226
000000EC46C7
000001632046
0000016F868A
000000C0460E
FFFFFFDDA9DC
000001ED26B7
00000214C464
00000587BC45
FFFFFCB1C4A9
0000036A0944
00000066C52A
FFFFFCD6B4BB
000000466EF4
0000019D051C
00000219E733
0000020986CC
000000E1EFCB
FFFFFF878660
00000180B065
000004491694
000002E00AD5
0000006DDD4E
0000021DED6D
00000496D5C2
000003064960
0000006DDA59
0000013CD160
000002B4EDEC
000001D427FC
000000BA4CA4
0000001ED8EC
FFFFFFCEAC4D
000000A5D67C
000001495188
0000011B7927
0000012510C3
FFFFFF9EFF97
FFFFFFE68615
00000121D069
000006B75137
FFFFFD849AF9
000002B72D98
FFFFFFA66FD7
FFFFFCBAAF34
FFFFFFA015E4
000000AD00D6
0000015DAFDA
000001BD3574
0000006EC1A8
FFFFFEFAA7A6
000000860B2E
000002806988
00000162839B
00000009F862
0000013E7030
0000026DBA81
0000013F4DF1
FFFFFFDCA938
0000000437C0
00000059C980
00000001A396
0000000713A0
0000001B9215
FFFFFFC5DBF9
FFFFFFD4C9EA
FFFFFFEABF74
FFFFFFEB48E7
000000E5E05A
FFFFFFFC186B
FFFFFEC82A88
FFFFFE6FDC31
0000059AA5F8
00000158CB52
0000076B8A08
0000062C827A
000003C0BF82
000006772F95
000006C3924F
000007592B5A
000007BF26D0
000006A002FF
0000051C37A9
00000573F036
0000062E9ABE
000005B093CD
000005439E57
0000056A32BF
000005532BF6
000004D41F02
000004587A08
0000040B703A
0000043D7F5E
000004598B9D
00000463CFFF
000005559F64
000006106ED0
000005A07165
000005478772
000005C854C1
000006B6A69F
0000050F24CD
000002A43B21
0000020EA75E
000007FB4F4E
FFFFFA849DAC
FFFFFBC7660F
FFFFFB547ED6
FFFFFBFADA4B
FFFFFCD3824F
FFFFFC9997B4
FFFFFC0DF04E
FFFFFBAEB427
FFFFFBB56E11
FFFFFBD47633
FFFFFB571EC5
FFFFFA90118C
FFFFFA013462
FFFFFA0300B4
FFFFFA46DAFC
FFFFFA3E5A33
FFFFFA868253
FFFFFC2901FC
FFFFFD361B5A
FFFFFC1C7FB6
FFFFFA5D2DA9
FFFFF96D78D7
FFFFFAEA89E1
FFFFFDF8148C
FFFFFE50FE51
FFFFFB51EDC2
FFFFF9258AA0
FFFFF9E79ADD
FFFFFC59B7F6
FFFFFD55D986
FFFFFBEF714D
FFFFFFE6653A
FFFFF7A44E22
FFFFF666C38C
FFFFF4EF19F6
FFFFF51CA63C
FFFFF7512398
FFFFF860CA95
FFFFF86358A1
FFFFF7AF7C58
FFFFF6D604BF
FFFFF689E5E3
FFFFF6254190
FFFFF4EFEC8A
FFFFF385C758
FFFFF2FC5F88
FFFFF37CF34F
FFFFF39401A4
FFFFF377B194
FFFFF5AE5D1A
FFFFF87F48F7
FFFFF8B02DFF
FFFFF6A92833
FFFFF3A5EBFC
FFFFF319F74A
FFFFF75A29CC
FFFFFAE71DE9
FFFFF8B9DCA4
FFFFF3F5F814
FFFFF29AF098
FFFFF6529613
FFFFF9055D0C
FFFFF6C42258
FFFFFD4EAD8B
FFFFF951A651
FFFFF76AE3C0
FFFFF68F0C90
FFFFF526B8C8
FFFFF6365A3C
FFFFF808E75D
FFFFF8838BA8
FFFFF7E45EC6
FFFFF6BD81B3
FFFFF611D926
FFFFF5F0D40C
FFFFF52E407F
FFFFF3DA9608
FFFFF2ED57E1
FFFFF382756F
FFFFF39EB32A
FFFFF226DF7C
FFFFF24DAA0E
FFFFF489E944
FFFFF6BCA9E7
FFFFF6D6DC03
FFFFF3D38CDC
FFFFF10D75CC
FFFFF2FF9247
FFFFF739ADC4
FFFFF7BBC487
FFFFF398287C
FFFFF078FDAB
FFFFF3F8E791
FFFFF743D5EE
FFFFF3E725AE
FFFFFB7B8CAC
0000004439F8
000000BDD9C8
000000DAC441
FFFFFF6ED5A7
FFFFFF1C345D
000000153898
00000067B43F
0000006E1CC4
0000008105E6
0000005A0302
0000008EF0B2
000000CD64E6
00000044C6F9
FFFFFF081CED
FFFFFEFB2FCC
FFFFFF827B12
FFFFFDD0E3E7
FFFFFB7B18A3
FFFFFB5D37FA
FFFFFDAB971B
FFFFFF6FFAC1
FFFFFE046065
FFFFFACC9B31
FFFFFA02584B
FFFFFCD9A533
FFFFFFCFEE4F
FFFFFE099A31
FFFFF8BF7076
FFFFF7B0068B
FFFFFB821824
FFFFF8997C80
FFFFFF89C334
FFFFFFCB4E05
000000D452B6
0000008D228D
FFFFFF2E3FDC
FFFFFD7787AB
FFFFFC083654
FFFFFACF336C
FFFFFA98287D
FFFFFBA6CD23
FFFFFCB16C20
FFFFFD9D6B1C
FFFFFEA81E57
FFFFFEEC0E7D
FFFFFD3326FE
FFFFFC4FD2B5
FFFFFD4C94D9
FFFFFCF7E4E2
FFFFFA990646
FFFFF9371D1F
FFFFFA4B2A2C
FFFFFC0B9F28
FFFFFBB8CE68
FFFFF9C0C5F2
FFFFF9141B62
FFFFFB46151A
FFFFFFC8853A
000000ECA8F8
FFFFF9E66770
FFFFF41C95C8
FFFFF78568DB
FFFFF80C07BD
0000010B6CB8
FFFFFEA37C3A
FFFFFF8A117D
FFFFFF888BF3
FFFFFDC9F80D
FFFFFB121088
FFFFF8775EB1
FFFFF6408929
FFFFF4CA9555
FFFFF5447393
FFFFF6EBD68A
FFFFF8CB2DF0
FFFFFB4C4139
FFFFFCB64B32
FFFFFB381C9B
FFFFF9A5544C
FFFFFA8D24D7
FFFFFB462664
FFFFFA2BFEFA
FFFFF90807DB
FFFFF8EBF45B
FFFFF9464FB1
FFFFF9B1C0E3
FFFFF9F07767
FFFFF98502B2
FFFFFA108491
FFFFFF89E256
0000048ADB5E
FFFFFE6DF1BE
FFFFF53D6C24
FFFFF431FD93
FFFFF45C7E0E
000000E7B0F4
FFFFFDF27DC5
FFFFFEC91252
FFFFFF7D3ECA
FFFFFE0F8193
FFFFFC03704F
FFFFFB8A3AF9
FFFFFB3B7528
FFFFF95A1127
FFFFF7E306D2
FFFFF772CB6F
FFFFF79B81BD
FFFFF9A701E8
FFFFFB6B4690
FFFFFAFF7EA4
FFFFF9CBB774
FFFFFAEB1686
FFFFFCEE11BD
FFFFFD50D584
FFFFFCD6F7BE
FFFFFC21B4E7
FFFFFB957711
FFFFFC220D22
FFFFFD8BBB0A
FFFFFC245C25
FFFFF965C6D8
FFFFFD371215
000004C28B18
000003E55B65
FFFFFBC1CCD9
FFFFF4EF7344
FFFFEF1C897D
FFFFFE46D09A
FFFFFE4211CB
FFFFFED8F7CC
0000007F2C72
0000007C87B2
FFFFFFE87678
00000159DC23
00000322AD1B
000002A377FA
000000C50DC9
FFFFFE23717F
FFFFFB7E6A91
FFFFFB1BDB3E
FFFFFC700B8B
FFFFFCC10172
FFFFFC35FE3C
FFFFFE2A52D1
0000012973F4
000001E70992
0000015ED6F7
00000118988E
000000F372AB
000000BE5E44
0000015CD188
0000004BDA06
FFFFFC6687CE
FFFFFBC385B6
000000AA2AC4
0000048BD58C
0000029F5B34
FFFFFB0981D8
FFFFEE5FB673
FFFFFB17E401
FFFFFF5DF86C
FFFFFEF4A915
000000802CE7
000001D8F682
0000022CF402
000002BA4801
000003FE1CCB
000004D4A7EF
0000045912C1
000002C1C78E
0000007175CA
FFFFFEDC928E
FFFFFF350713
FFFFFF0984E1
FFFFFE74AADE
000000686104
000002DE7462
000002C6827D
000001B8E848
000002B4A7D2
000003EA2A58
000002BD0A10
0000023BE527
000003623C7C
000001CBDD73
FFFFFD6A51A9
FFFFFC44C0B7
FFFFFF91A35E
0000032A0499
000000ECDFFC
FFFFF3B412CE
FFFFFC17C9EA
0000007CAAED
FFFFFF69CFAE
FFFFFFABBF55
000000E57396
000001A265B0
000001A79A5A
000001B639A9
000001985EAB
000001323C72
000001D2F72E
000002C62637
00000234ECCC
0000019C8AF0
00000100D11B
0000003E7968
00000080B633
000001108BFA
0000004EA3C4
FFFFFF5FAA27
0000008A2E5B
0000022A68B4
000000D2C28C
FFFFFFD9A822
000002CC1C6A
0000048F0DD3
0000009477BE
FFFFFBCE6E4B
FFFFFB5868E8
FFFFFED2F56E
00000143028F
FFFFF7DD7347
0000000296B6
000001029D2F
000000A8A34C
0000001322A8
000000310BBA
000000E75FD7
000001C618F0
0000018686AB
FFFFFF4170C5
FFFFFCEDB4D1
FFFFFD856EC1
FFFFFFDF9406
000001521970
000001D10B34
000002BB3C77
000002BCFBD4
000000DCE1AA
FFFFFEB08AC6
FFFFFD9789B4
FFFFFD05C41B
FFFFFCD0B179
FFFFFCFCC2ED
FFFFFC05FEFD
FFFFFB263A79
FFFFFE55A47A
0000029AB49B
000002CD34C6
FFFFFF99AC59
FFFFFCC8C7EE
FFFFFCFA02F4
FFFFFDDC2B09
FFFFF4F537E6
FFFFFF938917
000000861295
000000E97B8B
000000731BEB
FFFFFFFFC614
00000030C501
0000010360EB
0000011D4B84
FFFFFF81D024
FFFFFD03D846
FFFFFAC0F5AA
FFFFFA420F7E
FFFFFC173BEB
FFFFFEDA76DB
00000213726B
00000396C24F
000001B3A935
FFFFFE1AA401
FFFFFBC830CE
FFFFFB0AA6F7
FFFFFA44A846
FFFFF94B13E9
FFFFF83BFA8F
FFFFF74242CD
FFFFF94894DC
FFFFFE0787AE
00000257E293
0000031E1CDC
000000D258BE
FFFFFF3A0458
FFFFFC9A67EA
FFFFF1293029
FFFFFBC1586D
FFFFFF62BF34
FFFFFF6F6E2B
FFFFFED7CFF7
FFFFFE9A6DDD
FFFFFEC7FBA7
FFFFFEF3020E
FFFFFFB6E8BA
000001F5BB79
000002A0B427
FFFFFEA09CD7
FFFFF9CBE6E2
FFFFF875F40C
FFFFF9C70604
FFFFFCBED604
FFFFFF55F918
0000011E3D87
0000009611CE
FFFFFDFFFB7C
FFFFFC87CABF
FFFFFC9608C7
FFFFFC8C98C0
FFFFFB6B6D2A
FFFFF97B63C3
FFFFF8BF8E02
FFFFFB4CEF0F
0000000C89A8
0000032F0696
000002BBCC83
000001AD06FC
FFFFFFB710C8
FFFFF44B9BC9
FFFFFC471D34
FFFFFE9D0D47
FFFFFE56903C
FFFFFD1BEE85
FFFFFCA41B31
FFFFFD80FAEE
FFFFFDDAB66F
FFFFFEA0F430
000002783FB4
0000064060B0
00000546735B
000000630109
FFFFFAD53530
FFFFF6FCEB36
FFFFF65515E6
FFFFF8D71F57
FFFFFEB7A2D3
000003603FA7
000002DB9713
00000081A71A
000000510E6E
000001FA7625
000001D1D49D
FFFFFF108680
FFFFFC0C1878
FFFFFBA96867
FFFFFE747036
000001871237
0000025D759D
0000022326BD
0000030D076C
FFFFF9EDFE43
0000008EEAC2
FFFFFEB5112F
FFFFFF37B573
FFFFFE59DB48
FFFFFCE5B5A9
FFFFFD2C51E5
FFFFFDEDDA3C
FFFFFE2F243C
FFFFFF4AC139
0000023DF3FC
000006199816
000006CFCC9A
000001EB01ED
FFFFFAB90FBC
FFFFF5E5ACE5
FFFFF5EEF544
FFFFFB5473E7
000001D56C99
0000043395B7
00000217711C
FFFFFFB224C2
000000921F36
00000148D27E
FFFFFFD357D8
FFFFFDA2C0C1
FFFFFC90983A
FFFFFE0FDA4C
0000008A771A
000001BC3D0F
00000147F260
000002A99E50
FFFFFB1B383A
0000029A361D
FFFFFEE58167
000000973686
000001836649
FFFFFF6B3AF2
FFFFFD0EDEBC
FFFFFD93B342
FFFFFEF1F1D1
FFFFFDB70C21
FFFFFC5A5E7D
0000006EF03A
0000074B009E
000008A86A61
00000340B052
FFFFFC03E6DA
FFFFF7C2A64A
FFFFF831D729
FFFFFC4FFE0D
00000197D5C7
000002A3B82C
FFFFFEF488F7
FFFFFC721918
FFFFFC8C15D7
FFFFFD59D84F
FFFFFCD82359
FFFFFB8344DA
FFFFFCAC5156
FFFFFF713CBF
000001068556
FFFFFFF79609
000000119816
FFFFF959BFFD
000001CCD14B
FFFFFEAC8BD8
0000006702EE
000002E4AFF5
000001A99F16
FFFFFDD28034
FFFFFD07CB7B
FFFFFF6A4945
FFFFFF97D726
FFFFFC11A84F
FFFFFB3493B3
00000154D060
00000899F6C4
00000986031D
00000437AB98
FFFFFD337926
FFFFF786CBC2
FFFFF768D707
FFFFFDF73A15
0000030EF0C3
000001D08EC2
FFFFFE5961B0
FFFFFD797371
FFFFFE7A4E79
FFFFFD08BDFA
FFFFF9C751C7
FFFFF99CD21C
FFFFFC6F2DE5
FFFFFEC16E8B
FFFFFE4E1AC6
FFFFFDEE5977
FFFFF8106928
000000EAF0C0
FFFFFEE80BA4
FFFFFF9D1F07
000002116C98
000002BCA4FF
0000002D4CEE
FFFFFD35BAC3
FFFFFDA490B7
000000E1E462
0000007EBE47
FFFFFB57DB4B
FFFFFA1D6146
0000015A6AAA
00000950FD70
00000A6862A3
00000469B1E8
FFFFFB97294A
FFFFF7A48223
FFFFFB7C468F
0000013BC52D
000003FE4B18
000003AB63D2
0000023A1DF5
000001112D67
FFFFFEB25CAF
FFFFFB09FCB2
FFFFF8B8729B
FFFFF99B5659
FFFFFC500619
FFFFFD574195
FFFFFCAAC577
FFFFF6A6254E
0000003CE77F
0000001AD4A5
FFFFFFAEF47A
00000106EFC5
000002E76DBF
00000265E6A3
FFFFFE0A9139
FFFFFB513E8F
FFFFFF93D28E
000004128856
FFFFFFF45FD6
FFFFF89A0EEE
FFFFF9DBF1FD
00000348E7B1
00000A658192
000008F4855F
0000027B1741
FFFFFDFF4176
FFFFFD79788E
FFFFFF3CD9FA
00000289A094
00000470C553
0000027CA669
FFFFFFD12FB9
FFFFFF52CF0E
FFFFFF0DD7C3
FFFFFCBEA5D4
FFFFFBD819E4
FFFFFE37F0C3
FFFFFFC7ED43
FFFFFD59165F
FFFFF51B45FB
FFFFFE8A0F2D
000000EB2689
0000003CF045
0000006708C6
0000028869D1
000003A13B20
FFFFFFB12E34
FFFFFADD39B1
FFFFFD036AFA
0000036DBF40
000003F7C6AC
FFFFFCAED803
FFFFF7ABAA89
FFFFFC3AFA53
000004DAE10E
0000082AFCE2
0000062CAC3D
000003C189F2
000001C5660C
FFFFFFECE138
0000004092E4
000001BAB273
00000050BFF3
FFFFFE2EF325
FFFFFEC0CC80
000000A0383D
0000009EAECD
0000002B1E41
000002518829
000003AC5A74
FFFFFFA06D89
FFFFF4BEFBD4
FFFFFD019E57
0000006472A0
000000117913
FFFFFFF3A032
000001E50834
000004089EEA
0000021394A4
FFFFFD09FBF1
FFFFFB2D4AE8
FFFFFF78F9AD
00000413DE1E
000001BB334F
FFFFFAE1C9B9
FFFFF93708A8
FFFFFEEE57D0
000003FC43FB
00000387B963
000001ABA2D3
000001CEAED3
000001DA1E10
0000012F52D3
0000016339F3
0000015B820A
000000BB4C86
FFFFFF098FFD
FFFFFE1079DB
FFFFFE0D2B1D
FFFFFE299ED2
000000CDA7EA
000003416809
000000AD628E
FFFFF5993B3C
FFFFFCFAA91D
FFFFFF68CE58
FFFFFF419CD3
FFFFFF75E24A
000000D42186
000003286842
000003B5EA34
00000092B1AB
FFFFFB883B99
FFFFFB25B0F0
0000014BCD81
000004B7C307
FFFFFF866977
FFFFF945A00A
FFFFFB27A1C2
0000009B1E51
FFFFFFB36D0A
FFFFFBAF3613
FFFFFCFE38B9
000001B9AA25
0000031FAF22
0000016BF5FB
0000016DE04D
0000030551EF
00000141EE67
FFFFFD038D74
FFFFF9C110B5
FFFFF864B614
FFFFFB2987F4
FFFFFF80BE57
000000BB548D
FFFFF75FD8E7
FFFFFE0088F8
FFFFFF5E8E47
FFFFFF11EEB0
FFFFFF19245C
FFFFFFA18583
000001912EE2
000003B8F6D2
00000339F62F
FFFFFD8E1435
FFFFF9439B43
FFFFFDC38A84
0000047FF278
00000289A90B
FFFFFADCAB54
FFFFFA26715F
FFFFFFFE4AE5
000000A0F282
FFFFFAF1D984
FFFFF900EB59
FFFFFDACBB53
000001056D6E
FFFFFEC3F360
FFFFFD2AA18F
0000000EFADB
0000029B9383
000000CAEE13
FFFFFC0E37F6
FFFFF8764115
FFFFF921AB6C
FFFFFD31978D
000000C8A895
FFFFF99D2C63
FFFFFF7A3894
FFFFFFAB3B68
FFFFFF6EF8E6
FFFFFE5FD0D7
FFFFFE186D6B
0000000F7013
000003086166
0000045FF4A6
FFFFFFF65C2D
FFFFF9E934B6
FFFFFB1AE3B0
000001C6C95D
0000039D5F8E
FFFFFE0BF5B5
FFFFFB130DD4
FFFFFF705A60
0000030B77D9
FFFFFF433A0F
FFFFF8F6F195
FFFFF87D737F
FFFFFC894CFF
FFFFFD4DED0E
FFFFFA6780D2
FFFFFA7A1F5C
FFFFFF69DBC8
000003879B20
000002A8AF33
FFFFFEB4F097
FFFFFC25EE57
FFFFFCEB7AE9
FFFFFFF49471
FFFFFA7EEB68
000000E46641
FFFFFEEE2B7D
FFFFFF31E2AE
FFFFFD65B887
FFFFFC571F68
FFFFFE3C1CFC
00000184A2AC
000004231E93
0000020A9762
FFFFFC95CA10
FFFFFA350EAF
FFFFFDF6D512
00000283F58E
000000FC4D6A
FFFFFC6C5236
FFFFFCF2E32E
00000251C5E0
000003402150
FFFFFC4DAA51
FFFFF74BC536
FFFFFAF4064F
FFFFFFAA35D7
FFFFFD4AEF91
FFFFF8E3C28E
FFFFF9D230F5
FFFFFF7DB8C6
000003F9A6C8
000003A5FFE4
0000009FEBF2
FFFFFE3D5B24
FFFFFE791846
FFFFF8E78B9F
00000091D320
FFFFFD34CFD6
FFFFFE760A75
FFFFFDA5E14D
FFFFFC442785
FFFFFCB88BC5
FFFFFF7B079D
000002EFD88E
000003C2A78A
00000084B1EA
FFFFFB37CC0C
FFFFFA6EF2AB
FFFFFFC6D8B7
000002F0D3BC
FFFFFE707B21
FFFFFAB045A9
FFFFFF766918
000004E2E9FC
000000DD038B
FFFFFA0C9E8E
FFFFFB65B4E8
0000013BE964
000001C6BAD8
FFFFFD37D1F5
FFFFF90DD885
FFFFFA383707
FFFFFFCFA49E
000003E74FDD
0000035F5FCF
0000001CD9DF
FFFFFDDC5724
FFFFF74AEE22
FFFFFF310E48
FFFFFB74BC1F
FFFFFD8AC6A1
FFFFFF610715
FFFFFEB33F90
FFFFFD500B47
FFFFFE9EDDBA
0000019AA723
0000046D84C6
000003C27A97
FFFFFD9CD464
FFFFF90B69B5
FFFFFD2093FA
000002FBADD3
000000A8B538
FFFFFAB3634E
FFFFFCAD4A2B
00000376729E
000002FE6777
FFFFFCC08CBA
FFFFFAC24A11
FFFFFE8D14AA
00000254D0C0
0000025C5E35
FFFFFE9249F8
FFFFFBCEB04F
FFFFFD91241E
00000166D94E
00000250BD40
FFFFFFBB259A
FFFFFDB827C3
FFFFF7B1D5C0
FFFFFF57CD6D
FFFFFB9AB146
FFFFFCD9C688
0000009DDDF8
00000187A4BD
FFFFFF86C23A
FFFFFF1C6B1F
000000A41460
000003DF24C3
0000055FCA2E
000000D05DD7
FFFFFABFBBE4
FFFFFB97B8A0
000000D1DAAD
000001AF9CFC
FFFFFD5BA77B
FFFFFC364FE8
0000003B825B
0000023FD4E7
FFFFFF82D3FB
FFFFFC021910
FFFFFC10B278
0000001BEDC9
0000040782BA
00000456F8B9
00000186D437
FFFFFF1EEDFC
FFFFFEF8DBA5
FFFFFF7B4059
FFFFFE82A3DB
FFFFFDB87EE4
FFFFF83437B9
0000001D7A77
FFFFFE7D6FEF
FFFFFD81ECAF
FFFFFFF9E073
000001A87AFB
0000006C8073
FFFFFF3DB92C
FFFFFF95DA31
000002721BF6
000005580281
000003BDB3A9
FFFFFEB56D2C
FFFFFC4E2CD7
FFFFFE5A6658
000001579D24
000000BC0F70
FFFFFEA28401
FFFFFF088A2C
000001854E5C
000002CD9097
0000007B172B
FFFFFDE5C847
FFFFFF20CB1B
000002EE2ABE
000005AF439F
00000468F384
000000BD8D25
FFFFFE461B44
FFFFFECA625E
FFFFFF757EC3
FFFFFED76AC2
FFFFF8CB820A
FFFFFE988AE8
000001DB6E17
FFFFFF919951
FFFFFFC21338
00000195F3B6
00000070DCAA
FFFFFF7C788F
FFFFFF202657
000000C2C77A
000003BD0AC5
000004E46E47
000002E170C5
FFFFFF692DB6
FFFFFE30256F
000000C6A8DC
000002DD56F0
0000021CDC55
0000010BAEE8
000002321EDA
0000048E01F3
0000049A0699
000002747498
000000CC8916
0000015231AE
00000346FF26
000003D8D777
000001A985F6
FFFFFF2FD8A9
FFFFFF8C4C14
00000207FCBA
000000C77C5C
FFFFF9613658
FFFFFD5DA1DB
000003B12DDA
00000023CA3B
FFFFFEB2C305
FFFFFF9E212E
FFFFFEFE0FC6
FFFFFEB38A20
FFFFFE01E50D
FFFFFEABA6F9
000000C996AB
0000031B63A0
000003ECC2AA
0000020351BC
FFFFFFB338E1
00000080FDFB
000003227126
000003F916DA
000003106BAF
00000296C3A4
00000400E2FA
000005A67687
0000055FD274
000003116502
0000008D5CA0
FFFFFFE45F07
000000CD3F61
000000DFB882
FFFFFFAB6100
FFFFFF61BAFC
000000B48D42
FFFFFFCFCF1A
FFFFF7D4B90E
FFFFFCADF71C
000002BE5825
FFFFFEBD9167
FFFFFBDD3D60
FFFFFBDE7D2D
FFFFFB203380
FFFFFB25645B
FFFFFAA9E79A
FFFFFAC71DB4
FFFFFC116939
FFFFFE1D269E
FFFFFFFB915C
0000003BFD37
FFFFFF205952
FFFFFEB795F7
FFFFFFF023C8
000001421992
000001783424
000000939B72
00000086C231
000001C7A6E1
0000028F3EF5
0000015F41C0
FFFFFE97070D
FFFFFC0F9344
FFFFFB93A801
FFFFFC846A73
FFFFFCFC9650
FFFFFC9C5246
FFFFFD2F7BE8
FFFFFCEF6085
FFFFF64C0611
FFFFFA1CFFE6
FFFFFEA877CA
000003660523
FFFFFE834F53
FFFFFEEC7AD4
FFFFFE1776B6
FFFFFD573D1D
FFFFFE063474
FFFFFE68CFC1
FFFFFDD5B39E
FFFFFD5297B0
FFFFFD7EA6BC
FFFFFDB41256
FFFFFDAE21BE
FFFFFDAF367D
FFFFFDA41145
FFFFFDBE81DE
FFFFFC638BC5
FFFFFAE03CB9
FFFFFAC287E5
FFFFFB2D44D5
FFFFFD8F0CA8
FFFFFF3EF8AA
FFFFFC3768B0
FFFFF979BCF2
FFFFFAB8B11F
FFFFFC3AA963
FFFFFD8469DF
FFFFFE21FC7E
FFFFFB30CF93
FFFFFF0829B9
FFFFFEDFDEE8
FFFFFDA71793
FFFFFE57E30E
000002CBFC63
FFFFFD431C46
FFFFFCE10F7A
FFFFFA91E543
FFFFF8B135FF
FFFFF8C36890
FFFFF981D7DC
FFFFF9F37393
FFFFFA70DBEB
FFFFFAD183F2
FFFFFAB6C025
FFFFFA81DCC4
FFFFF9F7218E
FFFFF95870AD
FFFFF97C3B0E
FFFFF92A960F
FFFFF848ACC3
FFFFF745DEC9
FFFFF6A5AB84
FFFFF89A3AD3
FFFFFB457399
FFFFFA713917
FFFFF880790A
FFFFF89B6D7C
FFFFF95F7206
FFFFFB18143A
FFFFFBFB860C
FFFFF7C2FC39
FFFFFC9FA3AB
FFFFFCAC5684
FFFFFB7C58BD
FFFFFE3CE1F8
000001B43AFF
FFFFFB13C4DF
FFFFFB19C1A0
FFFFF850CF9B
FFFFF6136B4D
FFFFF57DD6FA
FFFFF5BD7B0A
FFFFF66B9395
FFFFF7D8A336
FFFFF8D304C1
FFFFF91233D4
FFFFF920CF05
FFFFF8C2ED4B
FFFFF7FE79FA
FFFFF826EE77
FFFFF897E611
FFFFF818BE1A
FFFFF68E585D
FFFFF58B5A99
FFFFF70BEF34
FFFFF95EE559
FFFFF9FF5F85
FFFFF9951529
FFFFF8D9F8D1
FFFFF9447A2A
FFFFFC4D1C84
FFFFFD2D1FBD
FFFFF7B87A18
FFFFFD025D1F
FFFFFCB0CE05
FFFFFA86E72C
FFFFFBD4C9E5
FFFFFE85BA14
FFFFF67F8354
FFFFF7EF36ED
FFFFF7C2D380
FFFFF777B1CB
FFFFF7982911
FFFFF75DF056
FFFFF64EFA7A
FFFFF5FE1B70
FFFFF5ADAE34
FFFFF4F1577D
FFFFF559E2AA
FFFFF6342A35
FFFFF64DCEDB
FFFFF6BF9497
FFFFF75D89F4
FFFFF7BD9060
FFFFF71DAA6B
FFFFF5D40E36
FFFFF6896655
FFFFF8168A91
FFFFF8B9590E
FFFFF8E6EDF3
FFFFF6A8DF3A
FFFFF49E6F1B
FFFFF8FFF1AB
FFFFFD3838D9
FFFFF8488113
FFFFFD6743D7
FFFFFA1F7FD5
FFFFF77137A7
FFFFFCE6FE2F
FFFFFF7B79DC
FFFFF7B5A20C
FFFFF9C0EED6
FFFFFB1DA406
FFFFFC3C9AD3
FFFFFCBED662
FFFFFCC5FF51
FFFFFB24E5FA
FFFFF90593D5
FFFFF6DA82C0
FFFFF4EEC08D
FFFFF583DC3F
FFFFF7C48B85
FFFFF8F91155
FFFFF9249E49
FFFFF923E1AF
FFFFF9CDBE26
FFFFFA8FF002
FFFFF9C4FD89
FFFFF9759E25
FFFFFA72D3AA
FFFFFB2F7990
FFFFFAE9E9F3
FFFFF71A43ED
FFFFF31D7D41
FFFFF6E7DE44
FFFFFD5F62A0
FFFFFBA8564F
00000160FFB0
FFFFFA1C7599
FFFFF3E9FF35
FFFFFD25B059
FFFFFF7957A6
FFFFF7EC96B7
FFFFFA9219E9
FFFFFBC3C550
FFFFFBE5E972
FFFFFB61179A
FFFFFB29F885
FFFFFACDA45A
FFFFF9C5A876
FFFFF7828370
FFFFF537CEE3
FFFFF59CBF28
FFFFF8164B4A
FFFFF96FA027
FFFFF8D964A9
FFFFF7AD2F7E
FFFFF7EEB648
FFFFF9A70257
FFFFF9DFA833
FFFFF90A128E
FFFFF988CC6C
FFFFFAB2EFA2
FFFFFB221BF1
FFFFF810F53A
FFFFF2FD1AEB
FFFFF3437B7C
FFFFF8546013
FFFFFA68670C
00000568094A
FFFFFD8E4227
FFFFF4F3EA19
FFFFFD6CF7ED
FFFFFFC5E96F
FFFFF8213D1A
FFFFFAA1E656
FFFFFAE94F6A
FFFFF9E4D28C
FFFFF866C5E1
FFFFF7B195C1
FFFFF8683288
FFFFF994C297
FFFFF9211E21
FFFFF7BE6BFF
FFFFF7F784A3
FFFFF988919B
FFFFF9C2EA9B
FFFFF7E38697
FFFFF5F504B5
FFFFF5FBDCE3
FFFFF81DC078
FFFFF8C12F74
FFFFF803EC84
FFFFF8A5BDA9
FFFFFA0E34F4
FFFFFAEEEF37
FFFFF9BE94C4
FFFFF555F405
FFFFF265B25B
FFFFF4A3A492
FFFFF760D902
000005E2D6A6
00000031F6B5
FFFFF83451D7
FFFFFDBBF282
000000970A84
FFFFF86A1D56
FFFFFA5D5306
FFFFFA3B4CE7
FFFFF8D9B9B0
FFFFF7210DD0
FFFFF5D8E889
FFFFF5E3004C
FFFFF717F6D0
FFFFF7F6CFC0
FFFFF8A0C104
FFFFF9CA288A
FFFFFAF16814
FFFFF9CF074F
FFFFF67FE98A
FFFFF4C8CD11
FFFFF5463937
FFFFF6B46E64
FFFFF6D4A4CC
FFFFF62B3646
FFFFF7097718
FFFFF81A0E84
FFFFF8DDC32B
FFFFF9974272
FFFFF895475C
FFFFF70B5333
FFFFF6CD2841
FFFFF499DE26
000001650E81
FFFFFECB43FA
FFFFF8A555C9
FFFFFDDDD079
0000013CF84F
FFFFF905464A
FFFFFAD76FDD
FFFFFA8CCD1A
FFFFF902347E
FFFFF7963DAC
FFFFF6733F87
FFFFF573861B
FFFFF4F33D4B
FFFFF5398815
FFFFF6CD3F25
FFFFF902CC9F
FFFFFAEC2311
FFFFFA3000CE
FFFFF6C14DF4
FFFFF4FD94E1
FFFFF51EC712
FFFFF56DB7D7
FFFFF4DB5213
FFFFF49D7F6C
FFFFF55CB928
FFFFF53648C6
FFFFF5D46E72
FFFFF82D693E
FFFFF9C194B2
FFFFFAF4E36F
FFFFFA722979
FFFFF403F259
FFFFFE182B83
FFFFFCDD82B2
FFFFF69BFEBF
FFFFFCFBA25A
0000005B0BDF
FFFFF8B77624
FFFFFA87A77F
FFFFF9993D0A
FFFFF89C7FE6
FFFFF8F3F9FA
FFFFF9B67EF3
FFFFF9A08992
FFFFF7D4B427
FFFFF56C555E
FFFFF4957F8A
FFFFF515B05C
FFFFF6EEA170
FFFFF88799B6
FFFFF7F816E9
FFFFF79F6443
FFFFF7D8C1C3
FFFFF7901384
FFFFF68454B1
FFFFF68E0DBB
FFFFF7C630E0
FFFFF6D0B4F5
FFFFF5785374
FFFFF65D85C4
FFFFF80ABAFF
FFFFFA825AFE
FFFFFB5E19A7
FFFFF6538FD3
000000A59465
FFFFFDDCD909
FFFFF6833E0A
FFFFFC0B086A
FFFFFF499CEE
FFFFF7C2B6CB
FFFFF94BE148
FFFFF8046BC6
FFFFF7CAA66B
FFFFF977766F
FFFFFB61F736
FFFFFCB9AD07
FFFFFBCCEC71
FFFFF847CD7F
FFFFF4C2EA26
FFFFF1D0D59F
FFFFF200D3D0
FFFFF4FC4121
FFFFF70D39F2
FFFFF9391C64
FFFFFAFF42E9
FFFFFAECB9A5
FFFFF918DA96
FFFFF8AA1944
FFFFFA8D1908
FFFFFA2ADEBA
FFFFF743C4E0
FFFFF4EE0869
FFFFF574C75D
FFFFF8C99395
FFFFFA958248
FFFFF8431097
00000430BC1B
0000005F96AC
FFFFF8AB2372
FFFFFC536B5E
000000072CAA
FFFFF8219B56
FFFFF980BA09
FFFFF8BD4629
FFFFF879BD17
FFFFF8471CA4
FFFFF86066B1
FFFFFA2DB50F
FFFFFB9AD921
FFFFFB4DA14E
FFFFF8F641B0
FFFFF49E7781
FFFFF2468064
FFFFF2D98A35
FFFFF498D8ED
FFFFF837341F
FFFFFAD04DF7
FFFFFAE527E9
FFFFF89B320C
FFFFF7000023
FFFFF8801566
FFFFF9D543E3
FFFFF8AD4FB2
FFFFF5AA2D9D
FFFFF4982263
FFFFF72BF703
FFFFF91C8BA7
FFFFF791A5D1
000003C9411D
000001550067
FFFFF9A6BCF0
FFFFFCFFFED1
0000010EE8D7
FFFFF8C8FA45
FFFFFA74F7A4
FFFFFA10527C
FFFFF901208B
FFFFF6D8A512
FFFFF587A34D
FFFFF67821D7
FFFFF87C832D
FFFFFB715A6F
FFFFFCB7C992
FFFFFA555C69
FFFFF6C42917
FFFFF2D9C14B
FFFFF2243A86
FFFFF59F0221
FFFFF7D46E74
FFFFF850C500
FFFFF73E89FB
FFFFF55FF840
FFFFF56E8BDB
FFFFF757E40B
FFFFF8D0021C
FFFFF76AF7CE
FFFFF5CE6ED9
FFFFF6E68D59
FFFFF8648294
FFFFF6E482E1
000001A1F451
0000004B852C
FFFFF948C7FE
FFFFFCD99842
000000DADCC9
FFFFF8E0945C
FFFFFAE5D34C
FFFFFA048403
FFFFF8E576F7
FFFFF7D5FDCD
FFFFF6ADA951
FFFFF54A5693
FFFFF4CE56C9
FFFFF794E438
FFFFFB64D558
FFFFFDB7C03F
FFFFFC6CC6E2
FFFFF63F2793
FFFFF1B25ED2
FFFFF23985AA
FFFFF4364FB1
FFFFF71EF984
FFFFF89E3D91
FFFFF7A77BB7
FFFFF6A0217B
FFFFF6D69735
FFFFF8109E2E
FFFFF77D5931
FFFFF62EA4B5
FFFFF6ABDC40
FFFFF8390B30
FFFFF70F12EE
00000080FED8
FFFFFEE39ADC
FFFFF91D34AB
FFFFFC909ECA
0000002EA561
FFFFF8639E7E
FFFFFA8B6E80
FFFFF99EF863
FFFFF97084BE
FFFFFA087401
FFFFF8F4431A
FFFFF61121C1
FFFFF455F77A
FFFFF4D14B2A
FFFFF72B4804
FFFFFC2B2EA7
FFFFFEE104E7
FFFFFAF2C4C3
FFFFF5443117
FFFFF1CF5432
FFFFF28BE605
FFFFF77A986E
FFFFFA7DEE12
FFFFFA61BE54
FFFFF985FC0B
FFFFF8186EED
FFFFF759C512
FFFFF6579E1F
FFFFF52101E0
FFFFF56CF28A
FFFFF7460145
FFFFF6D79EB7
00000011CF5C
FFFFFE47880F
FFFFF96574B2
FFFFFD057261
FFFFFFEBC6D3
FFFFF77413DE
FFFFF9A43D55
FFFFF9A8D5E5
FFFFF9D6429C
FFFFF9D24A51
FFFFF9657A7A
FFFFF8DD539A
FFFFF7E76161
FFFFF557B6A8
FFFFF3829C7B
FFFFF66EC9AD
FFFFFADE48F3
FFFFFD37A861
FFFFFC37640F
FFFFF71EAB2B
FFFFF4483863
FFFFF68C1A61
FFFFF87D4413
FFFFF917D4F1
FFFFF8CA8479
FFFFF7C68D84
FFFFF7885BF0
FFFFF7634DD3
FFFFF767AB0A
FFFFF75AD534
FFFFF803563A
FFFFF70C6815
FFFFFFE451C1
FFFFFE046225
FFFFF91AAF38
FFFFFDD2AB41
0000006F05F5
FFFFF7168B7B
FFFFF8D71250
FFFFF9FD419E
FFFFFA6273A3
FFFFF8480A09
FFFFF7F43705
FFFFFAAFAB0D
FFFFFB2B72FF
FFFFF72CEA02
FFFFF3A2E6E0
FFFFF3829318
FFFFF5F4F4BE
FFFFFC1175C8
0000003B3CCE
FFFFFCBAA921
FFFFF7EA6EE7
FFFFF5AD1087
FFFFF4F162C3
FFFFF62A4AE8
FFFFF69D3DC1
FFFFF6B852EB
FFFFF812C1E6
FFFFF974E1B0
FFFFFB0F607F
FFFFFAEFAA7F
FFFFF9AD0C15
FFFFF72A2937
FFFFFFD5D616
FFFFFDBDDCD3
FFFFF86A9760
FFFFFDBA123D
000000C1EAE0
FFFFF73FB831
FFFFF87B3A5E
FFFFFA3A7D01
FFFFFBA5DF95
FFFFF8ACADD4
FFFFF634D71A
FFFFF82B67C7
FFFFFAF352FA
FFFFFAC2D18C
FFFFF863811B
FFFFF4C3053F
FFFFF2CE429C
FFFFF75048E5
FFFFFCD112EC
FFFFFCE5351D
FFFFFA327598
FFFFF6A14EF5
FFFFF4929728
FFFFF62BA5FE
FFFFF7517D8F
FFFFF77EDA5F
FFFFF81E14B3
FFFFF844C879
FFFFF96CC944
FFFFF969EF14
FFFFF8355CE3
FFFFF5FDB99F
0000000BEB8A
FFFFFE9AA9A1
FFFFF92263FC
FFFFFD591CED
000000A1CB5C
FFFFF744224D
FFFFF85896E6
FFFFFA807490
FFFFFC880BAA
FFFFF9E4DA39
FFFFF638348C
FFFFF56ABFCB
FFFFF8764936
FFFFFCBA9346
FFFFFC86927F
FFFFF69B32DF
FFFFF1D48E04
FFFFF3D2343A
FFFFF83E3344
FFFFFA5E9A02
FFFFF9FAEA4D
FFFFF77D52BE
FFFFF68F7E59
FFFFF8A1EB37
FFFFF96510DA
FFFFF8AF8102
FFFFF7E80B81
FFFFF654EC70
FFFFF5C13CB6
FFFFF4FC3DC3
FFFFF498E8DF
FFFFF489A649
000000AC1730
00000036F25A
FFFFFAE0E22A
FFFFFD276BF2
000000AE3D43
FFFFF7854B54
FFFFF85413D8
FFFFF9C6C0EB
FFFFFBB52432
FFFFFADFA9AF
FFFFF85BE2A0
FFFFF54D218E
FFFFF5A84DFA
FFFFFA8DCA74
FFFFFD3824AD
FFFFF92D30D3
FFFFF4644D8D
FFFFF4F391D9
FFFFF7CFCAE1
FFFFF925DF1B
FFFFF8728F02
FFFFF67D2093
FFFFF63A825E
FFFFF8130898
FFFFF87F5719
FFFFF84274ED
FFFFF83C7FAC
FFFFF7AF6050
FFFFF75ABB97
FFFFF536E551
FFFFF389C610
FFFFF3BF9B2F
00000119F9DC
000001B5EB3F
FFFFFC3592DC
FFFFFCE89B2C
000000D3E8FB
FFFFF7EAF49A
FFFFF870C452
FFFFF8639735
FFFFF9CD5404
FFFFFB77F6B6
FFFFFAC22479
FFFFF62F436F
FFFFF422C021
FFFFF7CD4AD3
FFFFFBB863A0
FFFFFADA5E4A
FFFFF77DCD58
FFFFF6EC7367
FFFFF8AD5D4D
FFFFF947915B
FFFFF7DC2407
FFFFF504B61A
FFFFF35F4354
FFFFF483CFD8
FFFFF5F0C2C8
FFFFF70B7386
FFFFF82009FC
FFFFF9C1C4C7
FFFFFBDC150D
FFFFF9E3CA51
FFFFF5D44026
FFFFF351D473
FFFFFFA98932
000001A450C0
FFFFFC870537
FFFFFC65391C
000000836AE7
FFFFF7C9403F
FFFFF8CEC80D
FFFFF7B96016
FFFFF8199285
FFFFFAE9DE3E
FFFFFC8D44EE
FFFFF8889556
FFFFF48E1746
FFFFF591E41C
FFFFF92BB990
FFFFFABB953B
FFFFF8E16835
FFFFF7055787
FFFFF80C8750
FFFFFA119852
FFFFF91AF593
FFFFF560E70C
FFFFF32D76E8
FFFFF4CD4B51
FFFFF68BA971
FFFFF61AC37F
FFFFF5F45C82
FFFFF888A27F
FFFFFCE0326E
FFFFFD6D3B79
FFFFF9D976CD
FFFFF447596E
FFFFFD1B5671
FFFFFF11DBF8
FFFFFB4DBF17
FFFFFB9C49F4
00000014630E
FFFFF760C006
FFFFF95F627A
FFFFF7A26213
FFFFF6E44B1B
FFFFF9E9FEB9
FFFFFCE72E38
FFFFFAC3A365
FFFFF65C9658
FFFFF4559A84
FFFFF6AB6484
FFFFFA19D1E9
FFFFF97CCB3C
FFFFF6367695
FFFFF61F776F
FFFFF9C44E00
FFFFFA87E347
FFFFF6E746ED
FFFFF51AC04B
FFFFF74CE320
FFFFF829509A
FFFFF60AC9FD
FFFFF4BDA488
FFFFF636CE8A
FFFFF998CA0C
FFFFFC3F288C
FFFFFBF06032
FFFFF6D8D7EC
FFFFFD42C701
FFFFFD841D60
FFFFF9ECCD43
FFFFFB13850F
0000009EF2B8
FFFFF8152DC1
FFFFFB0E88DA
FFFFF8E9FB25
FFFFF701412B
FFFFF8B64812
FFFFFB833529
FFFFFB994D63
FFFFF8E585DC
FFFFF5186F72
FFFFF51BD494
FFFFF8B300CA
FFFFF9C5F6BF
FFFFF6A37799
FFFFF475DC13
FFFFF7A2D224
FFFFFA6AF9DA
FFFFF85EAE39
FFFFF5BE54F1
FFFFF625F696
FFFFF7F70A44
FFFFF92DDE40
FFFFF9072692
FFFFF70F3553
FFFFF643436A
FFFFF7EB0813
FFFFF97B07B9
FFFFF7E1DA2B
FFFFFFD3DE4F
FFFFFE6DA65D
FFFFFA02A4E7
FFFFFB2C5239
0000013AB9BB
FFFFF889BF74
FFFFFC377EEF
FFFFFA9F97ED
FFFFF81EC2DE
FFFFF8165BDA
FFFFF97D6020
FFFFFB92519C
FFFFFB38E58C
FFFFF68A75FA
FFFFF4917B9F
FFFFF7739AE3
FFFFF9A78C34
FFFFF7C5CE87
FFFFF4744166
FFFFF57CF29F
FFFFF88E747D
FFFFF8BB6795
FFFFF626C19B
FFFFF43682CB
FFFFF6D0C923
FFFFFC728E62
FFFFFE41C36C
FFFFF9F4C6C1
FFFFF6604CF7
FFFFF6401FF2
FFFFF6F5C267
FFFFF71421F0
000001139874
FFFFFF618423
FFFFFAA4CE4F
FFFFFCB505E5
000001D0768D
FFFFF7875924
FFFFFACAEC49
FFFFFAD13853
FFFFF930A6C6
FFFFF7B44CD8
FFFFF7879C9A
FFFFFA8A0AF3
FFFFFCC0BFA5
FFFFF948719D
FFFFF58A4C49
FFFFF615A831
FFFFF8E7130E
FFFFF9A6A751
FFFFF69CFB1B
FFFFF510F434
FFFFF74588A5
FFFFF9C6099F
FFFFF8E4E4AF
FFFFF59C5A82
FFFFF654644A
FFFFFB3D6177
FFFFFDCD96AF
FFFFFB277897
FFFFF80D1B2B
FFFFF73FE734
FFFFF7965B5C
FFFFF7477983
0000014DD47F
FFFFFFADA033
FFFFFA790CC5
FFFFFE5C91D4
00000297F734
FFFFF691AD54
FFFFF9018D28
FFFFFA315871
FFFFF9E45DEE
FFFFF813066C
FFFFF69A1575
FFFFF97A9612
FFFFFD297A5E
FFFFFBD80A39
FFFFF7D3B561
FFFFF5B4EDD3
FFFFF80463A7
FFFFFAF7B515
FFFFF8F79ED1
FFFFF6113DD7
FFFFF7C56FF9
FFFFFBF3C7F5
FFFFFC4E7B60
FFFFF8A55FEB
FFFFF78715F1
FFFFF913CE0A
FFFFFA442B8B
FFFFFA5C2239
FFFFF940AD5D
FFFFF8A51430
FFFFF981E603
FFFFF8A26C96
00000177937F
FFFFFFA37201
FFFFF9F154BE
FFFFFEB2CC08
0000027CCC7D
FFFFF616F905
FFFFF7EED2B8
FFFFF96C89D3
FFFFFA3F3591
FFFFF8F2364C
FFFFF6FB080A
FFFFF850CF72
FFFFFB7DB780
FFFFFCB1390D
FFFFFA953E80
FFFFF76DED36
FFFFF7FAB83D
FFFFFABA2035
FFFFF9C0C6CE
FFFFF7B5AF0B
FFFFF8C66F61
FFFFFBEA57E4
FFFFFCFA1326
FFFFFAC9279B
FFFFF9403E88
FFFFF801D0D1
FFFFF6F5F87D
FFFFF8729F7A
FFFFFA2B5F31
FFFFFA5D4260
FFFFFABB4D71
FFFFF8D5B091
000000A65F90
FFFFFEEF3B4D
FFFFF9E551AB
FFFFFEDD0228
0000018BF7E4
FFFFF5E87E58
FFFFF7F0F855
FFFFF98F1434
FFFFFA991251
FFFFF9E754B2
FFFFF83C1BF7
FFFFF8246F90
FFFFFA51545B
FFFFFD13F1E6
FFFFFCE251F6
FFFFFA1246CD
FFFFF99DD31E
FFFFFB10F4A7
FFFFFA954CC3
FFFFF9DA3B3B
FFFFFA6440A5
FFFFFB989E0F
FFFFFC926E42
FFFFFC49CEB5
FFFFFB1391CD
FFFFF895AF49
FFFFF6B41EEA
FFFFF8269263
FFFFFAA1FC80
FFFFFB6C8FC4
FFFFFB46A709
FFFFF90C8CF2
FFFFFF8305A4
FFFFFEC3C42E
FFFFFB9A23EE
FFFFFE3ED975
0000015F3439
FFFFF7F4C0CA
FFFFF8866D03
FFFFFA29834D
FFFFFA854876
FFFFFA20B159
FFFFF90CF2B9
FFFFF899DC0C
FFFFF95CBEEA
FFFFFB748B48
FFFFFC37422F
FFFFFAC6F1C3
FFFFFA1770D5
FFFFFA224450
FFFFF9ABC7BE
FFFFFA3656F8
FFFFFB2E01C7
FFFFFAE59E6A
FFFFFA9DC9CD
FFFFFAC3F4DD
FFFFFAB5814B
FFFFFA18848C
FFFFF97D8390
FFFFF99A9E04
FFFFFA668048
FFFFFAB541CB
FFFFFA191032
FFFFF932CD03
000000FC752E
FFFFFF332BCD
FFFFFAD0D2FE
000003E9A354
000008D4BC47
0000031733B3
000003DDF239
0000041AB94D
00000422C52F
000004077FF1
0000033573AC
00000242D303
000001CB8A77
000002520160
0000031C25C6
000002FF8271
000001F6763D
000000C126D7
00000083BAB7
000001B4113A
0000029CC910
000001E6B60A
000000DCAF34
0000005E534B
000000EE9BAA
000002B8FB3B
000003D7D660
00000362B911
00000347158A
0000030E2D12
000001E3FB6A
00000124398F
000007ECBE32
0000064A006F
FFFFFFFB5C50
FFFFFFF8F84B
00000339BB60
FFFFFFBAD3A5
000000550BCA
FFFFFF79EC02
FFFFFF73A002
FFFFFF957AAF
FFFFFF49DAC3
FFFFFEE15150
FFFFFE7D9E12
FFFFFE8A4448
FFFFFED82A59
FFFFFF2633CA
FFFFFED84177
FFFFFE10401B
FFFFFE244D0A
FFFFFF2D781C
FFFFFFAAD623
FFFFFF006634
FFFFFE70AC1F
FFFFFE39A3C1
FFFFFE3F7CF6
FFFFFF439176
000000180965
FFFFFFB139C2
FFFFFF81F3F0
FFFFFF6701CB
FFFFFE8A64A3
FFFFFDDF445C
000001FD8964
000001B97DDB
FFFFFE80022F
00000349222F
00000328A60C
000001DE7EC8
000000D8B1B1
00000256EA98
000003061CB1
00000384AF66
000003A4962E
0000036B4125
0000034D9774
000002E09AA7
000002339AE1
000001A8BE5B
000001FA7BD2
0000028961AE
00000243D631
000001835BFA
000001E7894F
000003301F18
000003E08526
000003C8080B
000002B511FF
000001A8589C
000002FD76EA
000004AFEBE6
0000038A5BAD
000001B5EA0C
000001DE4369
0000041F2ADE
000004113201
000002D79DCF
0000038A590C
0000039A2992
000003D37399
000004714976
0000049464F6
000004333911
0000046C5003
0000046470AB
0000041D4EBD
00000415EC91
0000044ED596
0000043D1EEF
000004054AAF
000003EE1713
0000043EE0AE
000004930EE6
00000455408F
000003C72ACD
000003BA00ED
000003A2945E
000003D4AA01
0000041EE94A
000003646B88
00000370125B
000004FF72EE
000005451FE3
000004001B0D
000002994C67
0000027386EA
000004EBB73C
00000518E21A
000002B59BE9
000003F94B06
000002C6257A
000003C3C44C
000005C21F6F
000006D5D7A5
00000634D8D5
000005B26ACC
000004D7549E
000003E7D5E6
0000034F6270
000003497C50
000003C7CC89
00000478D6DB
00000564E5A8
000005B60BC2
000005A26809
000005DF3E8C
000005DB7DFF
0000052A00C6
000003F0FC7A
000003FE845D
000004A6E8FB
0000045CAC48
0000046DA953
000004ABE31A
0000041F2F11
000004D6E960
000005A96C75
000004378887
0000049A5887
000005B77CD0
00000423496E
000005B143BB
000002DC31A2
0000033C097D
000005235780
0000060C3F9D
000005569308
00000502EACC
000003589B7B
00000214119D
000001CB95BE
000001A1BCA7
0000020561A4
000003321A36
000004748A37
000004297CC7
0000037819D5
000003F6AB44
00000474562F
000003CDB1D9
00000314D02B
000003A6758F
000003DF0D75
00000357E80A
000002FD297F
000001E9B9DC
0000017F4ACA
000004D37D25
000007A8E110
000004A98CA9
0000028FC5D4
0000035CFD44
0000042D84DE
000005730E1D
00000283ADDB
000003CA0023
000004C99092
0000047F1265
000003D7BFA4
00000399D1E9
00000281536F
00000212D371
000002984E7F
0000026A09C9
00000203E4FD
000002D753F5
00000392CA14
0000027F1A50
000001187F49
000001B01365
0000032017BE
000003459469
0000034CC047
000003677E30
000002D6F9C8
00000350A6D0
0000037B0422
0000012BDF9D
00000005CA35
00000399A7ED
00000738CE49
00000535A132
0000027DF34E
000001D0D4DD
00000384060F
00000507DE76
0000026C3B17
000003A621D8
000004F1D978
00000466A890
0000025F7801
0000024FB6AD
00000332C392
0000040A695C
000004B3C2DA
0000048BC25D
0000038D88E2
0000039798F8
00000354AB64
000001A70D64
000000510F1E
000001585C3B
00000304DE77
0000039545CA
000004190413
000003BBA395
00000277302E
000003723A1F
0000053D840A
00000389D3FF
00000136253F
00000292ACA2
0000041973E2
000003304CBF
0000042F113C
000003A46A90
000002D8CB86
0000045533F2
000002D036EB
0000036A9813
0000046CB2B2
00000400B5BE
0000016F95B8
000001525C45
0000036B3678
000004D290A1
00000546979E
0000056060C0
000004D168BE
0000047C8B2B
0000035B1701
00000181CA7F
00000085B47C
000001BA7878
000003575BAB
0000038A8E49
000003A5E044
00000345338D
0000025AE396
00000338D7E6
0000057CDABA
000005B53D43
000003C06859
00000262F6B3
000000E45B0C
000001088E26
000004508BB6
000003DA8448
0000022EC5AE
00000495A604
000003A06A26
000003AD249C
000003A26A7C
00000385DFC1
0000028B2A38
000002F2BDAD
00000365505A
00000338F048
0000030FC152
0000034F015C
000003F1B840
000004146FC6
000003BC8634
00000329FB0F
000002403DC3
000002D612C9
0000042ECD15
000003B94FED
000001FEF53C
000001B61A9E
000002ED3EA9
000003397D1B
0000032EB07D
00000493CD6B
00000635F5CA
000004423D0D
000000987208
000001760711
000003704000
0000017C8A3C
000002431447
000006555DB2
0000042E3057
000003F803D0
0000038E282F
000003EE6171
000004483785
000005170A90
000003F916A3
0000023A607E
000000F9D3B3
000000B56EAD
00000195D11D
000001EDE37F
000002E3E287
00000450125F
000004B531A4
000004AA3210
000004E1A783
000003F4839F
0000014A4298
000000CC1772
0000030A2C5B
00000293F914
00000051A6B2
0000023E3784
000006950169
0000052FEF62
000001720234
0000026E25BC
000003272A9A
000000CA8E1A
000002D6B80C
000005F16A21
00000427F3E8
00000396AFC1
000003DF4AA1
000004A5694C
00000415427F
000004429BC3
00000485561C
000003C6D737
0000018C1AAA
0000007DBD4C
000000E50EB7
0000008BC4CB
000000C964CE
000002F098A3
000005F45539
000005CDC826
0000039CE0D6
00000293E685
00000206DA54
0000021696DB
00000265F003
00000114483B
FFFFFF935499
00000194037E
000004A067AD
0000034C8D1A
000001A16109
000002F19845
0000040A3E02
000002E98716
000002E91867
000002A8091D
0000040660E7
000003641B34
000003C788EC
0000047DEE82
000003205BBB
000002920CCE
000003D65402
000004D0D1D3
0000038E0464
00000264A262
0000024504BA
00000154913E
FFFFFFD60CD4
000001344F2F
00000499CF69
0000049C0C14
0000021BF0C9
0000014A679D
0000027511BB
00000342E85B
0000026E4E94
00000163C60A
00000164680F
00000240467D
00000254B0D0
000001B823C3
0000024D5695
000003479CC1
000004214B5A
000004031B32
000003241932
000001BD7865
000003F71F70
000003B03DAD
000003544C3D
0000038971D5
00000352B19C
000002BB3F56
000001B35286
000002953B67
000004E5B008
000005624928
000004255A55
000002EE0285
00000155B5C4
000001030EA7
0000017024CB
00000195D6A2
0000025E75FC
000002C7A021
000002E4E963
0000034D2DF8
0000031AE4E2
000003466ADB
000003B8F6B4
0000031F5D01
000001F2BE5D
000002A04A41
000003A4AA4A
0000030E6E8C
00000264D4F5
000002C7A419
000004080E4F
0000047F02FB
000003A5739A
000003E4A118
000003891C5F
000003603928
0000039FB279
0000032AAB82
000000B1DF8E
000000851CC0
000003FD3E70
0000062191C9
000005646022
000004526FA4
00000388BE8C
00000234534F
FFFFFFB31688
FFFFFFD87524
000002EFE078
000003E45603
0000034E47FD
000003061F61
00000308B5BC
000003D09C0F
00000473C92F
00000373A2EA
000002A161D8
000003C87B62
0000041DC861
000002C0855C
000000FF6164
0000018CE411
000004B5B5B7
00000623DCBF
000002F3A36C
000003B3AA74
00000454E06E
0000043E1427
0000037E077C
000003594DC8
000002D86F69
000001EEC36D
00000124627D
000002438666
000004A85DCC
00000548E772
000004E30B70
000003A1940A
00000142CDAB
000001417F89
0000028D9435
000002837024
000002C88844
000002B163C0
0000026654E8
000003329EDE
000003B27E49
000002C3DFFE
00000305F19B
000003FE29FA
0000038178F9
0000026DDF85
000000D1A440
000001DE2503
0000053266FE
00000543A696
00000242985C
00000382C4D1
000004D134E7
000004BF797B
0000038650DC
000004222E63
0000053BF89B
000003BC5DCB
FFFFFFDCACDB
FFFFFF49810B
0000023882A5
0000042D7A01
000005018259
000004A7389A
00000433506B
000003ECE655
000002155A2A
0000018D035B
000002B25BA2
000001F2798F
0000019B0162
00000307659D
00000398546D
000002EBD131
000003505313
000003D3D874
000002D723B4
000001F919FA
000000D46D3F
0000025E499B
0000051FED0F
0000044A15A7
0000022B9D6C
00000354EBDB
000004C58911
000004CCE7FD
00000353EB88
000003E7C1C8
000004C2E156
000003F98C45
0000024E8C83
0000010D3F02
0000003981D0
0000014A5BB1
00000360E0CF
00000442F2DE
000005F9D7B1
00000577651B
0000019FEEF3
000001A9C1FE
000003565CFA
000001D88505
000000DC141E
0000029460E4
00000455641C
0000043309A4
0000032B30D3
000002C8A03E
000002866564
00000277F3B7
00000136D332
000001E89CDE
0000045936D1
0000042CC69D
000002C10BBA
00000343B8A3
00000474F936
000004E914F0
00000344E2D5
00000299A2E5
0000029DE661
000004307C1D
000005C5A7B7
0000039225C0
FFFFFFB83BFD
FFFFFFEDF8AB
00000184C439
0000028DB6DC
00000560120E
000005015893
000001DD9F92
0000026A0CA2
000003BACBB2
000002E4E2E7
000001A395BA
000001E90134
00000360FC1C
00000406472F
000002D22285
000001D7F5B6
000002999F2E
000003B92DEE
000003048DFB
0000024BFF72
0000039736D9
00000416AD88
000003A8C48A
0000038B6AB7
000003BF48E1
000004DAF4D6
00000442CEEB
0000024DF0A5
000000A30F0C
000003A1287B
0000070F97F8
0000046A0184
000000CBE6ED
000001550C6C
000001856D11
000001AD2BEE
000002F09308
00000260DB34
0000030D153E
0000048DCCF7
0000039BA89D
0000033333AE
000003A627B4
0000028B2DBE
00000101D634
0000017633B9
000002CF7589
00000283B2CB
000002940B1F
000004540D83
000005720ED2
000003F5DA38
00000331CB73
00000383DDCF
000004205C28
000003C0DAA0
0000032847BA
000004993377
000004E608D5
000002B4285E
0000004A7AB2
0000029DF335
0000059916BA
000004A52B90
0000035CEA58
000002E2D132
000001AEECE8
0000022A802B
000001ECF237
0000007CC2C3
000002C1B311
000004B69D2A
0000031EFC32
000002FA11BF
0000048497C7
00000377587E
00000078168F
00000030C93A
000002CA5AF1
0000030B0E8E
000001FFA227
000003C266EA
000006279007
000004812739
000002DDA789
0000033A36A8
000003E87D6E
0000037BD6B0
000003203626
0000045A435D
000004406953
00000303AAE7
0000021BD802
00000265146F
000002AB61E4
000004032B04
0000055320B8
000003192ABE
00000168E89A
0000039BE71C
0000037A4320
000000E6280B
000000DEFF3A
000002159CC4
0000031040B5
00000393DE72
0000033025A8
0000027E8123
00000275B1AA
0000030FFF80
0000034F82A8
000002526C24
000001311BC3
0000027D0B89
0000042A3D49
00000310C277
000002A868A6
000003C916C0
000003ABF167
000003572921
000003985D9E
000004146C7F
000002E99B1E
0000034F8AFD
0000048C478F
0000029B111E
FFFFFFD7A0C6
000002AF779A
0000060F9540
00000355D80A
000001C0B0E6
0000046EC56A
000004A77339
000002354634
00000070F021
000000E9D912
0000033EF472
0000039CA720
000001836539
000000F88F85
00000359D195
0000051AEE35
0000040CF2B7
0000025BB4DA
0000018D263F
00000200207B
000001CD97FD
0000018F65D3
000003152E82
0000048A432B
000004073C84
000003CA3301
00000426310D
000003A420F0
000001DE90B3
000003A34881
000005CE6842
000002A5CD75
FFFFFEF738F0
000002692A6D
0000062C2A2E
000003C1B15B
000001C377E5
000003393B1C
000004409F88
0000038F1EDA
00000218D4CB
000001F4271B
0000034A5E1A
0000033CE75C
000001926094
000000FF8584
000001B58B7D
000002A39935
00000373CB13
00000378393D
0000033B2E46
000003378F52
000001FB1964
00000227C580
0000045FBA73
000004A016F2
0000047221D0
0000043B206A
000004849139
0000036E4D96
0000015347E8
000003498BD7
00000580594D
000002F90E81
000000794FA2
000002B39F88
000004800F7F
0000037FD6CB
0000026005B5
000001D6245D
00000282B89F
0000043BEC1E
0000046ADBA0
000002F4A314
000002B2FF11
000003BD34FC
000003719851
000001F4B3C6
0000006EB300
000000591BD8
000001A80F83
000002F77390
00000450F4EA
000004985CAB
000003763DEE
000003DFC96F
0000055C155D
000004458B81
000003EE1E5F
0000041C5222
0000043DB163
00000339E65E
000001D7B5A3
0000032DB45D
0000046A0E22
0000036D72BB
000002C87284
000002B4292E
00000209AF42
00000353747D
00000469C552
000001E21204
00000078AEE5
000003C3B9BE
00000624DE5D
0000036226DB
000001336B60
000003849FA4
00000545AD68
0000038C7F9F
000001A084C5
00000140AA0C
000000A76DF8
000001B554FF
0000046A750B
000004D26B76
000003D29B25
0000046DEE1B
000004CA87A4
0000035B007E
00000277F109
000003863CF2
000003E286C4
0000034E23D8
000002FB2469
00000379DD0D
0000034315E4
000003C68D69
00000523FF2B
0000030F1E16
00000044C7C5
0000031F55F3
0000063CE9EC
000002C3C2BB
FFFFFF8C94F8
000002F726B0
00000621FB87
0000036D7E94
0000009E6E15
000002751C2A
0000051C6193
0000049E8E68
00000377EBBE
00000277EE84
0000011B2996
000002A42077
000005335841
00000498E6DA
000002EE2386
0000034C89BD
0000039C8C74
0000030425A7
000000C8251E
0000029A16D2
0000043A15CC
000004853EFC
000003EF2F97
0000038A74F6
0000025D2250
000003D8B1E3
00000649C44C
000003391BBF
FFFFFFB52FFF
000002EE934D
00000693C471
0000035D5629
FFFFFFEAE3AD
0000025822ED
0000050A9FE4
000003995BAF
000001EC215D
0000022B8857
000002D8AE05
0000036095A1
000003B5ED40
000002C2322C
000002B95F9A
000004F91AC0
000005E6A7C7
000003DB59A5
000001409BBA
0000015CFFB5
0000035F2A48
0000046B71AD
000000711DB6
00000224C246
00000498F866
000005D1CE67
0000048CF139
0000036FEC69
000001F15745
00000391E781
000005BD3AA1
0000035BACAA
000000CD3861
000002EE2C38
0000053A3DCC
000003C65A8A
000001EB4315
000002651723
000003762B8A
000003E80A90
000003E05838
0000026C8EA7
000000E4B146
000001C83BDB
0000033B82B4
000003747F70
000004AAF9F6
000005E0088A
000004D23C43
00000300146B
000001029AEE
000000BF5BBB
000003B49384
00000587FAA0
000001F54550
0000030DCA72
000004C712B6
000005F87633
00000457F061
000003324794
000001E10BBA
00000328E4B4
000004239F10
000003149992
000002E94D49
000003764D13
00000319B520
000003A6EBEE
0000041BAF84
000002D12181
00000212E78A
000003C56BA6
000004BC7362
000002AF90A6
0000012BA6A6
00000294142A
00000361557A
000003D876C4
00000528A684
000004690AED
000002651DEA
000002693245
000002CB2DA7
0000028E759F
0000040C33FD
000004EA4E7B
000005300098
000005D4ABE8
00000595CDAB
000007078A8A
00000612E2E0
0000051F348A
000004A7832E
0000052463CF
000004D904EF
0000051DDD4F
000006A036B8
000005EEABB2
000003E29ED5
00000554E229
00000780C5B5
000005E8B4F7
000003B7BF7D
000004D76C65
00000662302E
0000059437A5
0000056D77F9
0000066D565B
000005F2FD8F
00000600BAD0
000006564E44
000004A496DE
0000032405C5
000004796483
000005C2F3F6
00000418C000
00000522644E
000004CCFF5B
000005188F3F
00000523EC88
000003D1C50B
0000055B1904
000003FA25C9
00000344B764
000003099B9F
000002BFC256
000001D7EC9A
000002C4EBB0
000004706852
00000323A736
000001D5110C
000003C291C9
0000055F6993
000003F58F16
00000276B27F
000002E7C075
000003789942
0000039DDBD6
0000047686C7
0000047D185E
000004077398
000004492E49
0000035A09C9
000001BD3693
000001ADF381
000002EAC563
0000043210D6
000003B47257
000003004BCB
0000022E9C2E
0000042EFBF3
0000030DAE4F
000002E269F6
000004FEF478
0000035FF247
0000038A3C48
000003E196BE
00000334F169
0000021F5FC9
000002F23270
000003D2FC45
000002B36BD8
0000028BEF18
000003F46D02
000004889707
000003BD5EFA
00000327D629
000002E827D1
00000271EE28
000002F8203C
00000423913A
000003E87C33
0000035B978D
000003022D2F
0000020B6B99
000001DE27EE
0000031B1F5A
000003C42FB4
0000033C27F6
00000357EF7D
0000038A4E0D
0000038FA56B
0000058F4A21
0000041F4665
0000044CDEFC
000005A1F785
00000505109F
000005B4D21A
0000063F5764
0000058CB448
0000048890EF
00000501148A
00000566EF59
000004EB17A6
000004DD96D5
00000514F236
00000544300B
00000537EAEF
000004D7BA75
00000458AD32
000004361BD7
000004B6FCC7
000004CFEEB9
000004910488
00000484FEC1
000004142D27
000003FD1CF0
000004E2F6FB
000005A0D71C
00000551459A
000003849612
00000461C457
0000078B313C
000006B84B21
FFFFFD17A83F
FFFFFB6B5C39
FFFFFBF65E29
FFFFFFADC1AC
FFFFFD93D4A1
FFFFFDFB91E3
FFFFFD8450D4
FFFFFC6AC8B8
FFFFFBCA10E7
FFFFFAFEF84F
FFFFFB121FFC
FFFFFC1E3676
FFFFFC21B2F7
FFFFFBDAFBB3
FFFFFCE6B000
FFFFFE54BC81
FFFFFE07D869
FFFFFC2554C8
FFFFFBBCBB26
FFFFFD079F19
FFFFFD34A9A4
FFFFFDAC9C31
FFFFFE06B6FB
FFFFFB4025EF
FFFFFB191E1D
FFFFFF47E42B
FFFFFEA37697
FFFFFBA9DD48
FFFFFE91F05F
0000013420E5
00000449A04C
000002DFF743
FFFFFE772BAC
FFFFFC4E9E12
FFFFFCC62019
0000012C0062
00000004F65C
FFFFFFD18D29
FFFFFF4C1390
FFFFFEBD65D8
FFFFFE8543FE
FFFFFEA374BC
FFFFFF44265E
0000004157AE
FFFFFF9EE6AE
FFFFFEDC451A
FFFFFF9B57B8
0000007529B4
00000052F87B
FFFFFFE2C151
FFFFFFF2F0BB
0000001B38CD
FFFFFF500A38
FFFFFF5D278E
FFFFFF835B62
FFFFFE1D3544
FFFFFFA935BC
00000334A073
000000925117
FFFFFD18823D
FFFFFFE1CF55
000001628BFC
0000065A0B01
0000062AE218
FFFFFD080DFC
FFFFFB1E3C36
FFFFFAE11CA8
FFFFFFFDC848
0000003D044D
FFFFFF5C4281
FFFFFE486BD5
FFFFFE312E60
FFFFFE8E64AF
FFFFFF09AE7E
FFFFFF94EDB9
FFFFFFD8BCA4
FFFFFEBC7D28
FFFFFE27EA5A
FFFFFEF4D9D7
FFFFFF62C886
FFFFFFCAA46A
00000155F575
000001F2FA78
FFFFFFD92325
FFFFFE3056E5
FFFFFEB17680
FFFFFEF2008F
FFFFFF490D88
000001EDA5AF
000002EFAF6E
FFFFFF368F3F
FFFFFDED3D61
FFFFFFCE9AFC
FFFFFF3C4C8F
000007394120
0000099F4509
FFFFFCF3B6B3
FFFFFB4F1C3B
FFFFF9D5F15D
FFFFFD30254B
FFFFFD71CF99
FFFFFCC9AE26
FFFFFC8EEEE6
FFFFFD390F77
FFFFFD7C3546
FFFFFD7908CB
FFFFFDB06693
FFFFFD75214B
FFFFFCA9C993
FFFFFD47F8A1
FFFFFEC665ED
FFFFFE9500FF
FFFFFE68D500
FFFFFFEEB9B5
00000036A920
FFFFFE33BC91
FFFFFDF41FEC
FFFFFF761C12
FFFFFF5E7746
FFFFFFA86025
0000012721AB
FFFFFFAE5588
FFFFFDDFFB6E
000000EBCD1C
0000024CB1AD
FFFFFD16A8FB
000005D8937B
0000099BB684
FFFFFD2F23EA
FFFFFAB13D3C
FFFFF8E21BC3
FFFFFC2A5346
FFFFFB7C429C
FFFFFBEF9E4F
FFFFFD3BCBE4
FFFFFE044221
FFFFFDDF2A87
FFFFFD7833E6
FFFFFD453B80
FFFFFCB096C6
FFFFFC5A3A5D
FFFFFDA3B30B
FFFFFEE742CB
FFFFFE8A7D5C
FFFFFE19D4C1
FFFFFF2107ED
FFFFFF8267A7
FFFFFE78E231
FFFFFE7327BB
FFFFFFC95193
000000F71B65
000001994B38
0000005E14F2
FFFFFCC50632
FFFFFD0DDBCE
0000028E16E2
0000024A8DD2
FFFFFC047345
000003F50F21
000008064EFF
FFFFFD34559E
FFFFFA833C61
FFFFF9C9C4ED
FFFFFE691347
FFFFFDB9C9CE
FFFFFD24E817
FFFFFD59F910
FFFFFDDC76FE
FFFFFE308A37
FFFFFEA60B7F
FFFFFF00BAE9
FFFFFE89B7A5
FFFFFE9F25B4
FFFFFFF0C6F2
000000C456AC
00000023802F
FFFFFFCE1B81
0000005A44D6
000000A5B665
0000003B9559
FFFFFFBFE6E6
FFFFFFD087D4
000001512749
000003311288
000001D0247A
FFFFFE40BCCF
FFFFFE2B911C
0000009E2AA6
FFFFFF5B0F91
FFFFFD049106
000006B2578D
0000076E08E7
FFFFFD4FC07A
FFFFFABB4210
FFFFFA62593F
0000000E384A
0000001A2D6E
FFFFFDFA7121
FFFFFC3C8EDD
FFFFFCAA26AC
FFFFFDEF552B
FFFFFEFC0525
FFFFFFD1D989
FFFFFFFFAFF9
000000C11448
000002367970
0000025AB31F
0000014F3734
00000126FA8A
0000016EF5C1
000000E224D8
0000007391B4
0000004DBD28
FFFFFFAD0371
000000993E43
000002FDDE64
0000030878BB
0000012A1A0B
FFFFFFD8BC6C
FFFFFD569EF4
FFFFFBCD70A4
FFFFFEBEC5FD
00000A663CAE
000006539A21
FFFFFCFAE373
FFFFFB6E0E31
FFFFFAF2E352
FFFFFF70F254
FFFFFFBF39E8
FFFFFE895A99
FFFFFD3F06D8
FFFFFD5DA115
FFFFFD9BABF4
FFFFFD625A82
FFFFFE3704B7
FFFFFF983301
000001758DE5
0000035B80CB
000002FF3F0C
000001220E86
000000C59496
00000141FC90
000000BCDC8B
FFFFFF76713D
FFFFFF33D0D8
00000002918C
000000E2A4B9
000000ECD759
00000080C255
00000167111A
0000015F1271
FFFFFE4436B5
FFFFFD0650D0
FFFFFF519112
0000089314A3
0000047D115A
FFFFFC945C74
FFFFFC5DA531
FFFFFC10F292
FFFFFED49EEA
FFFFFE70C9F2
FFFFFF0368FE
FFFFFF687B8E
FFFFFEC283BC
FFFFFCEC6735
FFFFFB8E9132
FFFFFCCD27F0
FFFFFEFBEDAD
000000D939B8
00000277996A
0000028669AD
000001217B25
FFFFFFCDE43F
0000004E07A8
0000011E2C43
FFFFFEFE32B5
FFFFFD6A17C5
00000000E9A3
0000018C2A75
FFFFFE7EF987
FFFFFD6768A6
00000114AD6B
0000020B75F1
FFFFFFBB93B2
FFFFFF8FDBE1
FFFFFEEC135C
000004942881
000003B7A849
FFFFFCBA8B2C
FFFFFC52C8D8
FFFFFBC86506
FFFFFEBC0A59
FFFFFE249ADB
FFFFFE14F1F1
FFFFFE4BF132
FFFFFE306A13
FFFFFD34DCE9
FFFFFCB42871
FFFFFD84488F
FFFFFE9D7828
FFFFFFA8CA5B
FFFFFFC765C9
000000613475
0000012F88D1
FFFFFFBC6143
FFFFFE675B52
FFFFFF29BDFA
FFFFFE13A1A5
FFFFFD271649
FFFFFFD44985
0000012B446E
FFFFFE721DC9
FFFFFE47B5D7
0000013A8548
0000003F798B
FFFFFDB481CA
FFFFFEFBD672
FFFFFFA26419
000006186B1A
0000048299EB
FFFFFD26CF05
FFFFFBA34172
FFFFFA2D7333
FFFFFE66E7B7
FFFFFEBFCF8D
FFFFFD58881F
FFFFFC0F0AA1
FFFFFD2F0A8B
FFFFFF03CDAA
FFFFFF695F1E
FFFFFE4F297B
FFFFFE051446
FFFFFF21934F
FFFFFE182D6E
FFFFFE44E115
00000112EEBA
0000005FDD16
FFFFFD4C2CBF
FFFFFCADE8B9
FFFFFDA3F577
FFFFFEE7031C
0000002D41F6
00000073ACD7
000000325872
0000015D144F
000001672DE9
FFFFFEB39142
FFFFFD234DC1
FFFFFE34A697
000000CDC62F
00000982E362
000004EF0FDE
FFFFFCD61848
FFFFFB61CFD0
FFFFF9912907
FFFFFDFE4A9A
FFFFFEF75A59
FFFFFEE370F4
FFFFFD8BFAAC
FFFFFCC4FB0C
FFFFFDB1EC35
FFFFFEE01182
FFFFFE0A09BB
FFFFFDFC27B3
FFFFFF50FC4F
FFFFFF006B94
FFFFFF71265B
000000E3F5BF
00000050B01F
FFFFFF01FC52
FFFFFDF13785
FFFFFDBEA0A7
FFFFFF17D48F
FFFFFFC90B1F
FFFFFFFE6CDE
000001EDB1EE
000003C9E5BB
000002C13666
000000D2E1A3
000000A9AC1A
FFFFFFDED9B4
0000006131F7
000007F8F267
0000044F95C7
FFFFFC63CE49
FFFFFB7CBD6F
FFFFFA0BDEDA
FFFFFDE433FD
FFFFFE82CCC3
00000053FF5A
000000261525
FFFFFCBB749F
FFFFFAEF7D04
FFFFFCC6369C
FFFFFE956831
FFFFFF12D6F7
FFFFFEED81CD
FFFFFFDB52ED
000001BF5EB6
00000046DAC0
FFFFFF34703F
0000017605D9
0000002EC629
FFFFFD02B530
FFFFFD7261B9
FFFFFF2137E2
0000000BE307
00000229559E
00000401C535
0000035D6E86
0000029D0021
0000032EB373
000001BED057
FFFFFF62A0B7
000004E72FEB
0000042E27D9
FFFFFC8E8A81
FFFFFAF51496
FFFFF9E860AD
FFFFFE8212C8
FFFFFE2E0025
FFFFFEA33CCC
FFFFFFE0A9D1
FFFFFFBE3C27
FFFFFDEDA363
FFFFFCF3FD3B
FFFFFE08C5AD
FFFFFED1BAC3
FFFFFDB76260
FFFFFF1038A5
00000157B195
FFFFFF2982AE
FFFFFF120720
000001F99F28
0000006BF944
FFFFFDE2296C
FFFFFE26E1DE
FFFFFF0D4162
FFFFFF9DD6C8
0000006DD59D
0000013DA746
000001054180
000001CDA587
0000033D0A7A
0000029A4818
0000001CD67B
0000055AA9B3
000004E232BD
FFFFFCD33D7E
FFFFFA2AE0AC
FFFFF972B655
FFFFFF81E99C
FFFFFE8F44F9
FFFFFC21FEFC
FFFFFE725D42
00000372494D
0000027D4978
FFFFFD23D324
FFFFFC32F75E
FFFFFE0AFA16
FFFFFDBF9D89
FFFFFE93D841
FFFFFF968154
FFFFFEB577BF
000000819AA1
000001AE4821
0000005F8521
000000E3A625
FFFFFFF3B90F
FFFFFDCFFFB6
FFFFFE581072
FFFFFF1F0E28
FFFFFEC7226F
FFFFFF31ADDF
000001D99678
000003C40129
000002A9ACF8
000000D312CB
000006DF524D
000005129382
FFFFFD38FEA1
FFFFFA6E9721
FFFFF9B7EC1E
FFFFFFC0102D
FFFFFE8C9D99
FFFFFBBF2C02
FFFFFDC8C3AD
000001F8D2BC
000001720601
FFFFFF15DBD6
FFFFFF2779B4
FFFFFF050E54
FFFFFE108025
FFFFFE80C44A
FFFFFDF720BE
FFFFFED2AB1E
00000279C62B
000001D55A6D
000000AF0742
000002927CC7
0000002C32A9
FFFFFBEC8D02
FFFFFC7F476F
FFFFFEB89341
FFFFFF425085
000000255886
000002F66C85
00000460EC5B
00000253D469
00000087F4D6
000006AB0F34
000004911BC2
FFFFFD8EC6EA
FFFFFB42E7BA
FFFFFA367153
FFFFFEED272E
FFFFFDD0438E
FFFFFCD85A87
FFFFFE01BC75
FFFFFDCDED29
FFFFFEA3139E
00000356CD8D
00000412A6C4
FFFFFEBA26D4
FFFFFD7E0676
FFFFFF668B95
FFFFFD4C17E5
FFFFFE4A5264
000002C3F465
000001B98FEE
00000085DF73
00000258A819
0000005D19AC
FFFFFC5861E0
FFFFFB65FAD6
FFFFFDBF007B
00000038F612
00000193CBC7
00000306ED87
000003F1541D
00000299EC26
000001106A3C
000006C0C589
0000044664AB
FFFFFD3037E4
FFFFFBAF2116
FFFFFACB3EC0
FFFFFE35D630
FFFFFD34A47B
FFFFFE663BF2
FFFFFF013F77
FFFFFBD1DAD2
FFFFFD14554A
000003F7D2AA
000003D3BF8A
FFFFFE5CEB85
FFFFFFE31454
0000027B84E0
FFFFFE954E05
FFFFFD4DC754
FFFFFFF0C38B
00000016B6EC
000000A421C4
000001F8A339
000000DAC3D7
FFFFFF35D644
FFFFFD9E4C20
FFFFFD37472D
FFFFFEC46567
00000093CC5F
000002416A58
000002F11810
00000270437A
000002BB9C0E
0000088834D7
00000494C3A3
FFFFFC8F3BAC
FFFFFC015ED6
FFFFFB521662
FFFFFDC138FD
FFFFFD33C007
FFFFFFABF990
FFFFFF4109B8
FFFFFAED5372
FFFFFCC67620
0000024737EE
0000015147ED
FFFFFFC60CEC
0000035259A6
000003B8D951
FFFFFF83922A
FFFFFD7C077A
FFFFFD6AEFFD
FFFFFE57CDA4
000000FBB0F5
00000143EE33
FFFFFFDC24BD
000000A617F3
0000006A71B0
FFFFFD986FDF
FFFFFC66F91C
FFFFFEF4EDDB
00000224A1E2
000001F18403
0000015A7DCE
000003DA1D44
000009E2BF66
0000041D67AE
FFFFFCC406EB
FFFFFC14F776
FFFFFB30186E
FFFFFDDE0493
FFFFFDA39DAD
FFFFFF3699F9
FFFFFDC1D435
FFFFFBA19DBB
FFFFFEBBF278
000001049F4D
FFFFFF2C7CC0
00000088BBF5
000002E24672
000000583D4D
FFFFFF257AF9
0000013F2B21
FFFFFFB0959B
FFFFFD5E209D
FFFFFF1B3EB9
0000002C962A
FFFFFEA2A811
FFFFFE2CA667
FFFFFEAAF096
FFFFFDF45BA3
FFFFFD81871E
FFFFFFE500C4
0000026FF871
0000013F0F7A
000000C404C5
00000391ACCA
000008FC267F
0000031E4A21
FFFFFD352CEF
FFFFFBBBBEF3
FFFFFA8F610E
FFFFFE700D3F
FFFFFE620D07
FFFFFE2EE9CB
FFFFFC961E46
FFFFFDBF81FE
00000076C2F9
FFFFFE8EA777
FFFFFD9A4B99
000001AD9670
00000169CB41
FFFFFCC3CE7F
FFFFFF45F510
00000534CA30
00000248DC58
FFFFFBD7E1B5
FFFFFC933317
000000312FB1
FFFFFEE83E70
FFFFFB85185B
FFFFFB8A6436
FFFFFE6E7124
00000082F4E1
000001BA3FFB
000001F189B0
0000011A710F
000001CB0086
0000030DF1D0
0000078A24B6
00000322F6A2
FFFFFCEA7D45
FFFFFB39EAA2
FFFFF9EB41C2
FFFFFEE89C6A
FFFFFF3C4119
FFFFFE355790
FFFFFCAFB26B
FFFFFF15553D
000000495BA5
FFFFFC4E4AF2
FFFFFD9B2A81
00000391158C
0000019996B8
FFFFFC1EA62E
FFFFFEDA3A6E
000003B29AC2
0000006E7693
FFFFFB708480
FFFFFCE7EFD2
0000000A0658
FFFFFF6026DB
FFFFFD42C152
FFFFFCE4B89C
FFFFFDD48E2B
FFFFFFA32027
000001BE1404
0000021F0BAB
000002670C6C
000003B5A3F2
000002ED8238
000006AC6F34
0000044989D8
FFFFFC41BD6F
FFFFFB21EADC
FFFFF9B7AEC4
FFFFFF39FFC7
FFFFFFBE81E0
FFFFFEB67D25
FFFFFD88DF0F
FFFFFFB9CCA5
FFFFFF29325B
FFFFFB4A7932
FFFFFE51DD34
000003B28265
00000107640C
FFFFFCF108D7
FFFFFEB57A27
FFFFFFF959BD
FFFFFDD36E51
FFFFFD909159
FFFFFF0AE58D
FFFFFE3C343B
FFFFFE7AA5BA
0000012D8430
0000007671CB
FFFFFCC55EC2
FFFFFD76540D
000001E869C9
000003617AEA
00000346AEE1
000003DEF1E5
00000244B4AC
0000062400D4
00000559D412
FFFFFB9667CB
FFFFFAD3D2F2
FFFFF9EE3E79
0000000DE575
000000402184
FFFFFF478314
FFFFFE9A0325
FFFFFF80BDC7
FFFFFDAC6F28
FFFFFBB0FA61
FFFFFF0E59E3
0000015E92DC
FFFFFF451819
FFFFFF605CCB
0000009EB68D
FFFFFDFF47AC
FFFFFC70EEFB
FFFFFFE1F284
0000006065F4
FFFFFBB4647F
FFFFFC408DB5
000001D6F197
00000254C4A6
FFFFFFAFBC66
000000CB5F09
0000035B396F
000002FBB0DB
000001C97E5A
000001BDD400
0000011B9717
0000069B240F
000005CDA21D
FFFFFB62AE2A
FFFFFA1E9F87
FFFFFA52C06A
0000016135CF
000000BE41C9
FFFFFFB352EA
FFFFFF4831BF
FFFFFF0C746E
FFFFFCE62031
FFFFFD4C9AFB
FFFFFFCDBDBA
FFFFFE55CC23
FFFFFE1DC29A
0000028B7468
00000240CB8B
FFFFFC3EE0BF
FFFFFBC0251C
000001240D11
000000491B53
FFFFFA48F6A7
FFFFFB60570D
0000012C311B
00000300CD97
0000042CAB7F
000005206F4B
000002F75AF3
00000111BA14
0000011412A6
0000005A22A4
000000264E47
0000073EF3B5
000005978046
FFFFFC927A7B
FFFFF9F4A569
FFFFFA572D75
000001D2338E
00000111F9E1
000000288D86
0000003357E0
FFFFFF09765B
FFFFFD0ABACF
FFFFFED6B684
FFFFFFE30FEB
FFFFFC6B32E2
FFFFFD8CF8C5
000003446EFC
0000022606FB
FFFFFC385D6D
FFFFFC58BD9E
0000006A5B93
FFFFFF7906DF
FFFFFC4CBC4C
FFFFFE829D59
000001FDA9E0
000002D8A4D7
000004423BC1
000003ED1636
000000EE63B6
000000EDEE70
000002C18091
000001549F00
FFFFFFCEEBD7
00000611B900
0000047620D9
FFFFFDC6EE9B
FFFFF9EE8B22
FFFFF9E9B04C
00000182C813
00000158E55B
000000A4C305
000000969334
FFFFFF031D87
FFFFFD8EB77B
FFFFFFA340A4
FFFFFFA66FBE
FFFFFC20FB58
FFFFFDE1E01A
0000027581F6
000001BECE0A
FFFFFE7AF955
FFFFFE2F2A97
FFFFFF0B7505
FFFFFEDAA1D5
000000086C3F
000001EB0CE2
000001F1AC8F
000001EFF0CD
0000026324EB
0000012E2138
00000041FF9F
000001CECDF3
000003226A02
000002272122
0000001F6050
000004B23B25
0000039CDB7F
FFFFFD1FF723
FFFFFA20E236
FFFFFA737660
000000E2D6BF
0000011FD163
0000009EAE90
000000898869
FFFFFF61B486
FFFFFEA806BF
FFFFFF9A4475
FFFFFEB8897F
FFFFFD9DD95F
FFFFFFD82DB9
0000019EE400
00000126D66B
000000DB3473
0000006676F7
FFFFFF101769
FFFFFF5E2486
000001E39FE7
0000026AFCAD
00000167AB1D
0000020B47E8
000001EC92B5
0000008025E0
000000EFCB5C
000001C73F18
000000CF7BFA
000000A14FB8
0000007B9183
0000057794C1
000003F8E0C6
FFFFFAF25EDE
FFFFFA1042FF
FFFFFBA1FF0E
FFFFFF323677
000000331F18
000000975B46
000000A5A0AC
FFFFFFF9B5E6
FFFFFFA897CE
FFFFFF32A23D
FFFFFE1E1DED
FFFFFF778DE5
000001725E14
0000008C8F4A
0000005C258C
00000235A910
000001EEB5BB
FFFFFFFDC99D
0000001C2F9C
000001D0097E
000001BECB53
0000019A55E9
00000237CC00
00000111AAA1
FFFFFFF56C02
00000140CEF8
00000149A1DF
FFFFFF02204E
FFFFFEB2224C
000001C5B45F
00000600DC11
000003898280
FFFFFBA067AC
FFFFFCC0FB05
FFFFFDAB17EA
FFFFFECFE211
FFFFFFC4C615
000000A2A633
0000008A59A1
0000000EE869
0000004AE64D
FFFFFFD0519E
FFFFFED4D2D0
0000001FB21B
000001087430
FFFFFFBDC7FA
000000678125
000002591B7B
000001E6DCE8
000000BE6529
0000010DBC64
00000140DBA1
000000A8ACE5
000000DB4A81
000001068D6E
000000314FD1
00000019FD0F
000000E7100E
00000058DD2B
FFFFFECA6975
FFFFFED008B1
00000244777F
0000055F8DE6
0000008842D4
FFFFFBBAFB9E
FFFFFDC4DE6C
FFFFFCD7D6B5
FFFFFCB113C4
FFFFFF383F6C
00000011B54B
000000679D64
0000008021B9
0000010483F1
000000E43EDA
0000007E6657
0000008D173E
000000418029
00000036E4F1
0000013D99AD
00000196A1C2
0000011C1D12
00000195E69E
000001E7AE38
00000083A96D
FFFFFF2B8A79
FFFFFF33DDE9
FFFFFF86678D
0000000B1F5F
000000BA5B86
FFFFFFD96A34
FFFFFEDD883C
FFFFFF4EB6D3
0000003F98F8
000003282E0E
000006235EE6
000000A9182D
FFFFFFF5A182
000001635471
00000098362B
000000BC140F
000002CAF7B8
000003812FB6
000003D9452E
0000041A8007
0000043A4EFB
0000043197D7
00000438438B
000003C9C39A
000002EE6EC8
0000032D68B2
000003FAEE77
0000038A6C7B
0000033A9F8A
000003E6B8E9
000003C7707C
000002A07CFA
00000243F099
000002A4B9D6
0000026051B5
0000028D64C3
00000335E73A
0000027E1A32
0000025B159E
000003B05A83
0000037A40B5
0000036B48F9
000003F8822C
0000015B9B39
000000AB30E9
FFFFFFB18E27
0000017FC699
00000236F143
000002127B43
00000132565F
00000053A5AD
FFFFFF7C6D7B
FFFFFF303431
FFFFFF0EB583
FFFFFEEB4447
FFFFFF232530
0000003BDA86
00000137DBC1
00000133AEE5
0000009E8991
00000101D16D
000001778D06
000000133891
FFFFFEE37636
FFFFFF24B83E
FFFFFFD9BD4F
00000139239D
000001658E5A
FFFFFE6DAA34
FFFFFCC82ECD
00000006BC2A
000003AD43FD
000004866E8C
000001E007CF
00000080F988
000003D223AD
000000215209
FFFFFCD3B1BE
FFFFFF22C1E4
000000BC1557
00000123EC22
00000134DC32
00000098E74A
FFFFFF9D3F3F
FFFFFF9B4B8D
FFFFFFBE0BF6
FFFFFF8352FD
FFFFFF96A0EA
00000036204B
000000C8D4A0
0000013E2E3F
000001246733
0000019A17A5
0000022F641D
000001BF80B0
0000017EDFDF
000000B211A7
FFFFFFAE585C
00000164DF63
000002D127BD
0000010C4B4A
FFFFFFCB75CC
000000841172
000001CBC8BF
000004E20EA7
000004CC316D
00000313A061
000005E663CA
00000127E9C5
FFFFFCBF0535
FFFFFEA5734C
FFFFFE3C21B8
FFFFFDED2D3C
FFFFFDEF6377
FFFFFDC4D3E9
FFFFFE258233
FFFFFF5B0C99
0000003818F2
0000008F852D
0000007FEC69
FFFFFFF9BDAE
FFFFFFA78646
0000003B511A
FFFFFFA7238D
FFFFFE900A5B
FFFFFEDE39F6
0000007328C2
000001D28243
000000F29933
FFFFFF6DB98F
00000068DFC6
000001FBC9DF
0000028B6584
00000206F33F
FFFFFF4A4B1A
FFFFFE0CCB95
0000045581A9
000006782992
00000290FF14
0000039C2454
000001D25268
FFFFFDA16931
0000003AAE0A
FFFFFF0668D1
FFFFFF0EB0D8
FFFFFEE42AF2
FFFFFF066CAC
FFFFFFE93208
0000006BE133
0000006E9A85
000000BD2404
00000126EC12
000000CAF666
00000089E9D5
00000190A55B
0000018286D1
0000002B71DB
FFFFFFF474EB
000000E38331
000001F88E3E
00000221B115
000001AC2B80
0000019F12B9
0000014B7579
00000220C312
00000371BDBC
000000CB2E01
FFFFFDCA3FED
0000047DA08F
0000079148CF
0000041AC731
000004D8BF7F
000001A3DBA9
FFFFFE1286E6
000000421A39
FFFFFFB4F7C6
FFFFFFB74A13
000000182DB5
000000C0E706
000001776902
000001AEE5CA
000001454599
0000010D38FE
0000017E9834
0000014126CE
000000F025E1
00000211CCEE
00000304BD05
000002D2A695
000002877D57
000001F09996
0000014874C8
000001BEAD2A
000002B24FB5
00000285AD0A
000001496119
000001F68BB8
000003E84E9D
0000012F3E7E
FFFFFD21202A
00000221225B
000004C2F05A
00000375AA2B
0000076C3F22
0000016999CF
FFFFFDEF1441
00000036B28A
FFFFFF552B67
FFFFFF340017
FFFFFFFDE1D5
0000004018B2
0000007EC8C5
000001AAF387
00000251048B
000002499861
0000029397F2
0000024574CC
0000018810A1
000002189F05
000003235626
00000313A9D2
000002B2C40C
000001F2EF41
00000102582B
00000179667C
000002E08079
000002B587C1
000000F5294F
000001384075
00000359A531
000002022D01
FFFFFF266FF8
0000022B0647
0000021456B2
000002F93CDB
00000ADCBF0B
0000014FEB07
FFFFFD65E0A4
FFFFFFD738C4
FFFFFFADF5CB
000000266B04
000000F69B02
000000C865C3
0000007E7F4D
0000012D9FCB
00000141ED22
000000FE144E
0000017F36A8
000001C3FFC7
0000019359EB
00000207B9FB
0000033B031E
000002F34AE9
000001F8D2AF
00000179A785
0000015476D6
0000019ECE68
00000204EFA2
0000018EC897
FFFFFF9FAA51
FFFFFE2C7F08
FFFFFFD1813E
000002668B84
000002C4F6AA
000002C76B80
00000094F6DD
000002E062BE
00000BEF7BDA
0000016A2E3E
FFFFFCD05DAE
FFFFFFE3ED7A
000000769ECB
0000004FD295
0000004B12CD
000000664CC9
000000A5DB4C
000000AD3C3F
000000213F69
00000001D181
0000008DD663
00000145019F
000001C854F1
000001A7A17A
000002220142
000001DD3AFB
000000F6154B
000000C91F2C
0000014DEF59
000000F91D20
0000004C6A60
000001275001
0000011FB3DD
FFFFFE2B0EF0
FFFFFD02F043
000000A0F932
000003DC8F95
0000042E5187
000001693A64
000001E4FA12
000008E57B54
0000019CF6A6
FFFFFD0010D3
000000F520D5
00000125C177
FFFFFF19EED7
FFFFFE028A03
FFFFFE23C6A8
FFFFFEBD7397
FFFFFFB706E4
00000114688F
0000021B9707
0000024F3005
0000028DA423
000002562F4F
00000095A42F
FFFFFF326906
FFFFFEE8A87A
FFFFFF6D15FD
00000002C0F8
00000044ADB3
FFFFFFEB118C
000000093494
000002A6E723
0000041246B2
000000A69C7E
FFFFFD22510B
FFFFFE690BC5
00000181419A
000005DCC8D4
00000457170D
0000016BA43E
00000683FE86
0000017E1FCB
FFFFFCF23384
000000D90228
000000DA9DEA
FFFFFF710ADD
FFFFFEF0ED60
FFFFFE9008A4
FFFFFE2218A2
FFFFFF00DD75
000001381A29
000002922D26
000002B5A3A6
000002FFF609
000002AB6052
0000008D5EB5
FFFFFE6AE3B8
FFFFFE957C16
0000008D33BE
000000C709E9
0000001A8600
000000B944DF
000001DAA5D7
000002FCE91D
0000035CF00A
000001C67B38
FFFFFF9E5FD2
FFFFFE7C1D98
FFFFFEE6AD4B
000004F762A1
000005B668B9
0000031D5ABF
0000087D7577
00000182E8D0
FFFFFCDF5483
FFFFFF92D417
FFFFFFF8DDBF
000000C67C26
00000115364E
00000014D2F9
FFFFFF46A70E
FFFFFEC67BA9
FFFFFF01D412
000000AE47C1
00000294C964
0000037629E6
0000034C675C
00000136A904
FFFFFF846C53
00000028FA87
0000019D4A07
00000142758A
000000FB9301
00000287715D
00000304D454
000001EF97DE
000001CCAF6C
00000309FB53
0000034B8D81
0000009B4CB8
FFFFFED11629
000002A354EB
000003E745EA
0000037909B7
00000A64D648
000001CD3640
FFFFFD1092A4
FFFFFF732AA2
0000002683AC
000000E1E306
000000726DA6
00000023590A
000000D90361
FFFFFFABA891
FFFFFDC6A514
FFFFFF74434E
000002947E45
000003ABBB57
0000038417CB
000002974666
000001CBC116
0000003C9AB4
FFFFFEAA8A78
FFFFFF4E214C
000001687412
000002B19A65
000001FD2474
00000176F38E
000002618D32
000003F3A49E
000004C11FEC
0000022D9D33
FFFFFFEE3AE9
0000021DD3DE
0000028735DE
000001BC915E
00000832DAA5
0000017D5FB1
FFFFFCC2ADC8
FFFFFFEB6913
0000007DCA0B
0000001763EB
FFFFFFECA5A5
0000015A9AE3
000002B945C1
0000015F47E8
FFFFFF5AE302
FFFFFF0EE440
FFFFFF1CE3E0
00000030CC4A
00000252262E
0000048D2B35
0000053AB079
000000EC576C
FFFFFD2A769D
FFFFFEE1CF74
0000015E672B
00000169E77C
000000EF8664
000002006E3D
000002F1E963
000003517321
0000036C3F80
000001CA12B5
0000007CA9B3
0000033F67EB
00000349938E
0000010B5912
0000051F4565
000001894611
FFFFFCF0DAE1
FFFFFFC5D678
FFFFFFD62B24
000000318415
0000014CD37F
000001BBB709
00000147E13F
000001D5DCEA
000003235F91
000000CE96C4
FFFFFC8D0E5E
FFFFFD3E7AB9
000000C17745
000003BE88B7
0000055F404D
0000031385D8
000000BECC8A
000000BB7851
000000AEAC3E
000001288C77
0000023E9838
0000029883C2
0000019491B0
000001638593
000001950C51
000000F8AF42
000000C9A91C
000003CEC87B
000004272127
0000023EA841
000004E47158
0000022AD572
FFFFFDE65FA3
FFFFFFA61F62
FFFFFF403B14
0000013FCBDA
0000026DC98F
FFFFFFD2BD11
FFFFFE042EDA
000001774DE9
0000057DA34C
000003344EEF
FFFFFEE91D43
FFFFFE3F9D28
FFFFFF083C3E
000000A1A1DC
000002BCED63
00000428AED9
0000048FA397
000001A172C8
FFFFFF300589
0000012FFB8E
0000035F0766
0000027435B2
00000049B2C9
0000004D26E5
00000155879B
0000019C6037
00000194F20A
00000363065A
000004371AED
00000379D2AE
00000622D4C9
0000023C5370
FFFFFE19624B
0000000A33FD
FFFFFF69C81C
000000DB8F53
000001A42FEF
0000003471C6
FFFFFF3A98E6
0000004B6F5B
000001E4C93F
000002EFCB28
000003CA1473
00000167D3EA
FFFFFDF4A415
FFFFFEE55FC9
0000014BFAB9
000003D6C4E8
0000053D1B96
000001A758DF
FFFFFE7BF0D5
FFFFFFCFA1F8
000001C2D2F3
000002009E4D
0000017DAA98
000002429D31
00000363FFA0
0000032C965E
0000022C72D3
000002C6DA96
00000361D929
000002FD9CD1
0000063CC1D5
000001F58A3C
FFFFFD7C2DF6
000000640D64
FFFFFFC87349
FFFFFF1FE29D
FFFFFFDEC079
0000029C5EAC
0000032436BD
FFFFFEDE391D
FFFFFCD1F835
0000023A34F8
0000072CB278
000003969285
FFFFFEE3A51A
FFFFFF0BFE66
00000032A7BA
00000235CFBC
000003806E3F
0000019E18E3
0000003A6C79
FFFFFF9ACB02
FFFFFF54175C
0000010546FB
0000029E76BB
000003A915F8
000003F66790
00000363125E
00000272BC7E
000002CD3569
000002736147
00000226AC07
0000064D793D
000001E7E4D7
FFFFFCC301B0
0000004B5ABF
00000087278F
FFFFFECBF411
FFFFFE52310B
00000245984A
000004EC32C3
000000862AAA
FFFFFC923449
000000658C26
000004E87DA6
0000038549F5
0000015CCA94
00000009105F
FFFFFECFDBC3
0000002AB0C7
000000F5BF1B
0000017E973B
00000334E3DF
0000014EC3BC
FFFFFE4E0412
FFFFFFB3F93E
000001F509F8
0000022A22D9
0000015297E8
000002084152
00000308C80D
00000368796C
000001FD4C0E
000002229315
000007B6DB3F
000001E957EF
FFFFFCA68D4C
00000035854F
000000C3330D
FFFFFF238DD0
FFFFFDC6A090
000000912925
000003FFC074
000003305AB8
FFFFFFD55BC3
FFFFFE522B60
FFFFFFA1B84A
0000022D16F5
000003C5A96C
000001980ACF
FFFFFF5622CE
0000000EE743
0000005A3022
0000016E84EC
000002C6BEC7
00000071CF88
FFFFFE1F4C9C
FFFFFF49AFAF
000000C37EC7
000000FE2896
000000E30EEC
00000229F7E9
0000031CAA78
000003065C21
0000013F292B
000001BA07EF
000008392A25
0000021E395D
FFFFFD2EAB54
000000125A6A
000000182334
FFFFFF526AAE
FFFFFE90054D
FFFFFF6660F6
00000125FFC0
00000396F3A0
000003EE272C
FFFFFFC5E395
FFFFFCCE9E9F
00000061AC40
00000454A66E
0000025747E5
FFFFFFFBE5BB
000000FE3BE0
000001A86B85
0000006181D0
FFFFFEA27BF7
FFFFFE22DD9D
FFFFFFC25A85
00000087175C
000000008DEC
000001927924
00000358CFC9
000003971175
000002E9DBB8
0000032B1C3E
000001E90DE7
0000010F1A26
0000065E0D94
0000026D2317
FFFFFD8E9AE1
FFFFFFE5583E
FFFFFFCD7D4D
FFFFFFEEB94D
FFFFFF87CBBF
FFFFFE6E4B2D
FFFFFE74FB33
000002D3181D
0000062AA85F
000001F62B6D
FFFFFD2960F0
FFFFFFD2108C
000003571FA3
000000F0D387
FFFFFEBB11CE
00000102557E
000002A4706B
FFFFFFD4C30B
FFFFFD4B8E4E
FFFFFF71CDCF
00000274B8CB
00000188150B
FFFFFFC3A796
0000018EA7D0
000002E3BD90
000002B202DE
0000032E723D
0000052598EC
000004658F1B
000001CFADFE
000004E96564
000002481322
FFFFFCD20AD8
FFFFFFB7B2FC
00000027D21D
000000784260
0000008F6CD4
FFFFFF047376
FFFFFDA8BBF2
0000012C9670
00000521CFAF
00000305FD5F
FFFFFF3AE6F6
FFFFFFF7DBE8
000001BB91CF
000000620EFE
FFFFFF00FEC1
00000015E999
000001A22EB7
00000174CE70
000000E0968F
0000011A1633
00000150B0C1
000001670EEA
0000018F91E6
000001C596F1
0000008DC6BC
00000108CCAA
000003819491
000005E9543B
000005102C88
000002730755
00000494AA6D
000002139EC2
FFFFFBBDC697
FFFFFFB1C31F
0000007C2170
00000093CD95
00000110DA1E
0000005D4D6E
FFFFFEAFC4B9
00000010D325
000003041088
00000346ED35
00000140C03E
FFFFFFBA80FB
000000493856
000001D598C6
000001A06421
FFFFFF0E2869
FFFFFE92EDD2
00000251C8DF
000003E77320
FFFFFFE95F4A
FFFFFE005C68
000002021FF3
00000508BE7D
000003823A2B
0000015BBBB2
000001F3DBCE
000003097F66
000004C6A250
000004113B13
000001B5A43B
000004210240
000002ADD8E0
FFFFFC89DFCA
000000819986
000000F32042
000000B3A9C0
000001204DCF
000000FD7E6F
FFFFFFC83B07
FFFFFF8BF17F
0000006D56BD
000002A4E3E4
0000037A74AA
0000004C8C3D
FFFFFE80ADB0
0000018E7F9E
000003CC0625
FFFFFFC84E5D
FFFFFCA6D762
000000F2E954
0000045420E2
000000B2489E
FFFFFE6B9972
0000025BB03A
000005632A2F
000004F6B647
0000049808FE
00000316F3F6
000000819747
0000027EEED5
00000394AE85
000002052813
0000051A8B04
0000030FD705
FFFFFE348459
0000019D6093
000001694AA4
00000169529E
000001BB74CB
0000014934DB
0000004019E1
FFFFFEDCD952
FFFFFE4FAB47
0000020B9BAD
000004FD2E8C
00000116369D
FFFFFD4B7E43
000000270EAC
000003B341B0
000000DD2411
FFFFFD871F36
00000056238C
000003DBCFB2
000003A800E7
0000020E75D9
0000018E9D8C
00000253D7B4
000004F41A40
000006B026AE
00000317BECC
FFFFFEC9DB75
000000AEC38F
000002A5ED71
0000026A60E7
00000653CEEA
000002EF694B
FFFFFF45EB9C
000002228EAA
000000F004ED
0000012093D9
000001C3B309
0000016396FA
000000FC0A8E
FFFFFF91A1CC
FFFFFDEFAA16
000000E66445
00000476744B
000002441CEB
FFFFFEF38C14
FFFFFFC78BAE
0000023272D1
000001B69E10
0000006D258D
000000DE1ECF
000001E14FCF
000004369FD8
0000053DE734
0000027C40B6
000000376642
0000026C4803
000004B016D3
0000030E19D8
000000C670D2
0000019C3131
000001F69E0C
0000017F734C
0000056B885C
0000032FFF90
FFFFFFBCCF6C
000002B7A59C
0000012BDE1F
000000930497
000000CDC810
000000ADE574
00000135E990
0000005858D8
FFFFFE836C49
FFFFFFB2C2CE
0000025995A5
0000033CFF0C
000001F1E243
FFFFFFE96E16
00000069849E
000002C6FA57
0000035E639D
000000F063D7
FFFFFFA191EC
00000364E6B5
000006C1C9B8
000004BF608F
0000016D9F2E
000000444CF0
0000002B4B7E
0000013DCB04
0000020AC576
000002E1CF54
00000229A518
0000015E97A5
000004DA06F5
000002C4B04C
FFFFFE05DA88
000002901C64
00000261CB36
000000FE0B48
0000000ECFDA
FFFFFFB68125
000000C691F5
000000CBBFF3
FFFFFFD87372
FFFFFF95B62A
00000061224D
000002E8B972
0000042A20B4
000000E8EBCA
FFFFFF121DB2
000002090501
000004093011
000001B2B84C
FFFFFF6CF0A2
000001D601B4
000004C1E0AC
00000487DD00
00000334DD47
000000B8E913
FFFFFE2C1C51
FFFFFF504FE5
0000014AB33A
0000026EEE32
000001C0048A
000001D6406E
000005FB0C22
0000003062BB
FFFFFB6F12C3
00000138E4DA
000002CE6B8C
0000010194F0
FFFFFFFB37A7
000000060FA5
0000015C20EC
0000022F6A5A
000001E22D0D
000000671E55
FFFFFFA26323
0000028DED8C
000004F58123
0000025E8DCE
FFFFFFC54068
000000ED11FB
000002D4369D
000003019D80
000001A0DC77
000000CE28B9
000000E88B0F
0000018A5CA2
000001F4A08E
0000009A9BC7
FFFFFF3E22E9
000000379DF5
000001855E41
000001FC7D6B
000000D95DB0
000001EFE504
000008497E73
00000005C78B
FFFFFBA2BF38
0000007D3583
000001DB1CAB
000001518819
000000F77FF3
0000013E02E7
000001EFFF69
000002A0FFE6
0000030AF8CA
000001FC2492
000000C70092
00000210D6AB
00000370B25C
000002B3BD99
000001B35B40
000001561393
000001BE3BBB
0000031DBA5D
00000329D12A
00000151AD1B
FFFFFFCA854F
000000611B00
000001116E57
000000B8B486
000001037A7F
0000014D260C
0000013EAA9D
000003341C94
000003409F5D
000002A44E8C
000006FD67BB
000004EFCF75
000001CE02BA
000004C81C94
0000051FC759
00000426ECE0
000003E16314
0000035E6B43
000002F77F69
000002FBD5FD
000003B55599
000003EA959D
000002EEA656
000001FABDA8
0000022AAE70
000003595D9B
000003A83CFD
000002178507
0000015A6524
000002E5492C
000004246B65
0000034D0B2F
000001DB2356
0000019E84B4
00000236541F
00000391E1BA
000004554CBD
000002E3AE0B
000001DBBCA6
000002D4A45E
0000027432EC
FFFFFFEFC697
000002C43943
0000007D186C
FFFFFCC4EC3B
FFFFFFB6FCFC
000000FA97F0
000000B074E5
0000017929EB
00000163A201
000001023BD3
000000B0D747
0000013AA303
000001E46893
000001A954FF
0000008F8D8A
000000299AF5
00000134C8B5
000001628D75
0000004170A7
FFFFFFE9F95B
00000081EB6D
0000009CECEF
0000003F8EBA
FFFFFFED5E71
FFFFFF166DC8
FFFFFEEFF6E1
000000916990
0000017E51AE
0000009750CC
0000002B61C4
00000102B0E0
0000023780E7
000001B36B18
0000024DB23E
00000568EE3F
0000058561AF
00000540B7C0
000002446A34
000001DD6CA9
00000172C5D7
0000019F4026
000002AD8CFF
000003894DEA
000004438D87
000004EFD3BC
000005271C8B
000004E46411
0000045916C8
00000414F0C2
000003AC2DE5
000002C1BC92
00000209DAE9
000002554F9E
000002C7C618
0000034DF8AD
00000464690A
0000047AC55D
0000036483CB
0000037AB293
0000040312B4
00000362D886
00000325B56A
000002717C68
00000312DE0C
000001B873D2
FFFFFFEE79DC
00000330EDB4
0000030B9412
000003E8F218
000001A797EF
000001BFE633
000001BCB26E
000001B06371
0000021E3DF6
00000250BB93
000002A614AC
0000032D7F94
0000036E718C
00000357169C
000003570862
000003D019FC
0000042C6C86
000003C6931F
000002CC79BB
0000029CE607
000002DE5FF4
00000314CCB9
000003E77108
000003DEF672
00000303A5B8
0000038AC398
000004040139
0000030A8D6B
000002E474B1
000002CB198E
0000042C68DF
000003B11A91
0000005E7619
000002B792C0
000001BDFF03
000002181287
00000109F585
000002649741
000002DFD1FB
00000294503A
0000027370E0
0000026B94FD
0000024E58D2
00000247E29C
000001EDEB5F
000001CB4A93
0000026160F0
000002FABDD9
000003689131
00000393CE53
0000038F40CE
000003C81CF1
000003668D57
000002DB0130
0000027F8180
0000021B0FA6
000002B913AF
000003DBADE6
0000031D492F
00000232FA27
00000286743D
00000149C182
0000022C5B52
0000039B8832
0000009FC74D
000003C7DE3C
0000033F250A
0000043ADBFF
0000032D8B0A
00000459A545
000004B29341
0000040A57A1
000003D65DB9
00000404E660
000003BEEE67
0000034162A8
0000027FBA3E
0000025B81DD
000003559BC3
000003D82A70
00000383F0F4
0000034A5534
0000038C8BF4
0000040CA4E2
000003A99947
00000300EE12
000002E9C097
000002B15EBC
0000033084D1
0000036992EF
00000194ED1E
00000155C5AD
0000037027DC
000001D897DF
000002576DF7
0000038E8456
FFFFFFBC18E7
0000036C6BA8
0000024D1D07
000003A3CD82
000003135323
000003F99000
000004F98248
0000056EF828
000004F66B55
000004492DF5
0000037C4A1C
000002C4887B
000001E577D6
000001F32E5C
00000347975E
0000038C580D
00000313BC58
000002C73138
000002B7BD6C
0000031ED67E
0000039E4BC4
00000361B2F6
0000033ACC8B
0000032BBAA4
000002A8F227
000001547B7F
FFFFFFCE1AE5
000001059AC5
00000423943B
000002758BF7
000003A8D0B0
00000416CE89
FFFFFFB5277E
000003283ADE
000002132132
000003A7EFA1
000002849EE4
00000253FF01
000002C89A6B
000003975ED9
00000354691A
0000030F5317
00000352012C
0000037853F5
00000317C04A
0000034DE18C
000003FE374F
0000036AD8C0
000001F6827B
0000018F7696
00000177087B
000001CA9260
00000281E52D
000002786A5F
000002A6B7DD
00000376795B
00000360963D
000001F697CD
00000089D814
000001895B3B
000003DAFCA8
00000221169B
0000033AA562
0000038D8709
FFFFFFB24962
00000350AFCE
000002295EC0
0000038913FA
00000293AB63
0000025A8607
0000015090AD
000000CFA146
000000D2BBAC
000001A86969
000002ED7C1F
000003D719D2
00000424B5FD
0000044F688A
0000042B3957
000002C36400
000000BAFFE5
00000078CF75
000000CC4BB4
0000005BDDD7
000000FC09B9
000001C8AADB
0000020A8655
0000028700A1
0000031145C1
000003818035
0000034B11CE
000002D8871F
000002604CE6
0000000FFCA1
0000029CF225
000004BF2D27
000000637382
0000035187B8
00000268BE37
0000039038EA
0000030E6928
0000038D68F5
000002505F1D
000001680508
000001A699E6
000001F40665
0000021C9873
000002248C9C
0000027E37F6
000002D6B353
00000313A0CE
0000026E8B8B
00000155AC2E
000001E46574
000002479BCB
0000012251F4
000000F55013
000001CAFAD1
000001C5ED73
0000012E5CB6
0000018DADC0
00000310F9E2
000004109111
000003AD08B9
00000262D39C
FFFFFFB81AD2
000002AB15A6
000004EF58D9
FFFFFF414CAC
000002B59FCD
0000026EC740
0000039811D3
0000026B79D6
000002C1BDC8
000002E07B9A
000003A94069
000004039A5E
000002C57094
00000190DA7F
000001281416
000001272A25
000001592101
000001D07368
00000265064C
00000272BBD7
000002CC775B
000003C824BC
000003C27378
0000026A0C3B
000001ADE973
00000218BD00
000001D646AF
000001112019
00000198158F
000003412263
0000042EEE87
00000423CAC9
000001DE6D82
000002800520
0000027D59ED
FFFFFDD62439
000002742660
0000026F526E
00000391CF22
0000019D0AB5
0000016FEF67
00000288C6FA
00000457BFCD
000004B91F60
000003A111BA
00000300DE43
000002D7A359
00000232F5DF
000001059C0F
000000987ABE
0000016320CA
0000020D71D4
0000024D5DB7
000003ED2728
000005300815
000003AD0AF7
0000024FF4D3
000003372D12
0000035ADA13
0000018338D6
000000D5EA08
0000021DCB3D
0000032710C8
000003DAAD7C
0000030D5512
000003726861
00000230CF68
FFFFFEC64A83
00000307A2BC
000002786AAE
0000032507DC
000001B24D11
000002301BA2
000002787271
000002ED2D80
000003DB40D3
0000051BB617
00000532F237
000003DF832B
00000267065E
0000015024CC
0000001A76D1
0000002A1E34
000001CD1815
000003155DB1
000003DFA7F1
00000410F23A
000003B3BB3C
000003C4B80C
000003B8AA66
000002D4D614
000001E9CDB4
000001A05211
000001705877
0000014FEB35
0000021751B5
000001FB4910
000004A7DA09
000004669122
FFFFFFBA06A7
000003D43EE2
000002E98587
00000346F60A
000002546FA4
0000034C31B6
0000025E650E
000000FB1A3C
000001F09651
000004367C87
0000049ABB0F
000003804185
00000352756A
000003994D16
0000025415F8
000001029748
0000016ED539
0000025CD897
0000024095A9
000001AF67A6
000002BB2A73
0000040F2B83
0000030FDB4D
000001A4E064
000002367FAC
0000030A8384
000001D8C0EA
000000EC4FA3
000001A0C42F
00000111EAFA
000003BC46EB
00000449FCE8
FFFFFF133346
000003FC13F1
00000371E657
0000042F8AFD
0000028C15D0
0000030575EF
000002BC4D36
000001D0857A
00000101C55A
000000F818EA
0000021D9E4A
0000042AA1B5
000005433EAE
000004F57031
0000042EE89F
000002F7090C
000000EA696B
0000006E2A1D
0000015BD846
000001763A8F
00000238097F
000003299F2E
0000028BCAC0
00000199E5CD
000001E3CAEB
0000029EC040
000001EB5224
000001526842
000001FF5FBA
00000158EB29
0000022F7AEF
0000028E7B90
FFFFFEF9D8A2
000003A01370
000002FDEEBE
000004492E43
000002505A9D
0000027A6978
0000037166E0
00000412F89D
000002541F13
00000003BC36
00000100ABE5
000003C23612
000004251F4C
000002F4D637
000003BCA3F1
0000046F4C16
0000027394EA
000001819385
00000293B140
000002B18AF1
000002768A7A
000002B09F28
000002D8ABE3
000002622A17
000001BE521B
000001A0E669
000001736531
000001A62706
0000023B3454
00000143B8E8
000001BBF01A
000001D0DCFF
FFFFFFD1EC32
0000038F0767
0000023385D9
000003CEC6B9
00000267BD91
0000026FECA9
000002AFDFB4
000003CE1581
000003DC4DC7
000002293915
000001186EF9
000001627D5A
000001F55BCC
0000026A3CD6
0000039D9741
0000047DB654
000004024302
00000330C25B
00000252D8AC
00000211DAE7
00000286B43C
0000029F738E
000002E9A790
0000032B5926
00000299CD19
0000019A2D48
000001BF099E
00000287E81A
00000271111A
000000645C72
000001B962E1
000002149844
0000003EEAA9
000003ABE10A
0000020AD3BD
000003CAD875
0000029B5479
0000025DB883
000001E175FA
000002917050
000003C6FECE
0000039814F2
000001D993BF
000000BDF3E3
000001B05E4B
000002CF670B
000002AD1F0E
0000027C6576
000003B775E2
00000406215B
0000022B4246
000001544E48
000001B09BDD
000001A67B49
000001F30221
000002F1718C
000003328D9D
0000028AE35A
000002DE43BB
000003AFA651
000002C845B5
FFFFFFE71EDC
000001C5AD7F
000002800212
0000003247BD
0000038B4EE4
0000025AF4DB
000003DA6A82
00000240A482
0000023FE132
000002DA5E8F
000002D72D3A
0000021DF544
000002BE37DF
0000036F85DA
0000026737C3
00000164A678
00000179EC66
000000D9070B
00000092F447
000003294525
000005223089
000003A55B23
000001A6D9F5
000000DBAF13
0000013CA92F
000001A9E0B3
000001CDD544
0000029705FA
000003543CBF
0000038A5640
000003465FA1
0000025A5E20
0000002A51B1
00000231D44B
000002860DE7
FFFFFFECCCCE
000003455DA2
000002647CEE
000003A57A84
00000217A181
000002A1C1C0
000003C533C9
0000031E5144
00000112C832
000001E6465D
000004073676
0000034A0BCC
00000179EE95
0000018CE9B2
000001160B88
FFFFFFFDFC1C
000001D1AD3F
000003D82DBD
000003402908
000001E838F0
00000181AD0E
00000298DB46
00000303CCC4
000001F3568D
000001F7467B
000002B3A331
0000025EA70B
00000180D014
0000010F916E
00000055D7EC
000002FD56D4
0000031BEE50
0000002A3AA2
000002BA48ED
000002350E0E
000003B731A8
000002484062
000002B629A7
00000391D098
00000312B797
000001C59CE3
000002281324
000002D96B47
00000260DD59
000002886512
0000036CAC62
00000248C23D
0000006BD822
000000634CA5
000000C9F68E
0000019067A1
000002A94E19
0000026A53E0
0000027CB75F
000003D198D3
0000042B4177
00000302484A
0000019696D0
0000013C0164
0000015E59CB
000000D2470C
0000000DF35E
000003664AAF
000003FAB31C
000000449226
0000028E66A2
000002331F46
000003B95CA7
0000022C8C97
000002806D8B
00000324CDE2
0000030CC8AD
000002CC02FF
000002EF3C31
000001F0B566
0000012A271D
000002A7A0BA
000003F7DA3D
0000030EADF6
0000021A6D7A
000001A5FAC4
0000009E32D3
000001543EF5
000002F82250
000001C8DB33
00000049006E
0000027C9820
000004F8DFD7
0000041A95A5
0000026A5293
00000303A43C
000003B8AC8C
000001EE2605
FFFFFFF66FE8
00000281AD1B
000002F5F389
FFFFFF243DF9
000002E71C41
000002452D56
0000034BDFF3
000002525425
000002D578AF
000002A25AE3
00000293B018
00000393AA32
000003B859A0
000001D35C43
0000010AB8D9
0000026A8CBC
000002CE002E
00000276DAFA
000003B0BBB3
00000430ACD6
0000023FA864
00000134BB19
0000024E8951
00000228D2AB
000000A5A90D
0000010AA1A2
000002C95684
000003CF0AF9
000004676FA7
000004FDE89A
0000042E41F7
0000023E8599
000000A86E2E
000001BC7323
0000019CA046
FFFFFE933332
0000033368F1
00000297907A
0000034D3A6E
000002ABECBD
00000369C2A7
00000259B399
0000021EBCF9
000003CB07AA
000003E57149
000001CAD168
000001895B98
000002723855
000001794D1F
00000151593A
000003A2FA14
0000046C94E9
0000028D808C
0000017C1D15
0000030AD46E
000004520627
0000037C9849
000001C22B25
00000145E83B
000002C585CF
00000417F1C9
00000331F78A
00000195D1F2
00000169F046
0000017FFB4B
000002789C45
000001C99BD1
FFFFFF3C00F7
0000035999BC
0000035C84F1
000003B46805
000002A2CF6D
00000387E2C0
000002BC14DF
0000026AE530
0000034E37F6
0000030C42D2
000001F41E3E
0000024C1DB9
000002763727
0000012F7700
00000165BA0F
0000031FB69F
000002E80A05
000001FC581D
000002C64151
0000040E42B7
0000046EA289
0000046A7C5E
000003EB036F
000002B64358
00000236822D
000001E8B25F
000000FEE5E2
00000093B3C9
000001365D8E
0000011F3C0E
0000029D3774
000001CFF91A
FFFFFF82E05A
000003CCF08E
000003BA3B02
00000422C71A
000002369DC6
00000324BBCB
000002D35EBE
0000029ED5F1
000002AFD5FF
0000024B505E
000002A0F6DB
00000365FC3B
000002958458
0000016A43FC
0000021C7BF1
0000030EB90D
0000023B5F67
000001E205B7
000003280B68
0000034DCC05
0000028A7BE4
000003466A36
000004A73C43
0000044CBDFB
000002ED9160
000001CCB380
0000011EF993
0000012B1621
00000123282D
0000001CD4D8
0000022D11BD
00000215A910
FFFFFFBC2DD5
0000040EE58E
0000033FC6AD
00000496BED9
0000020A175A
0000025E8D7B
00000263E233
00000288CB68
00000233A53C
000001F9F294
0000036BDFBE
00000407AC8F
0000024B1888
000001A2B27C
000002D3CD65
0000031EF6C2
00000219A539
0000024B6FD2
00000380219C
00000307DDE3
00000223E53B
0000027C307F
000003370BB7
00000381DD16
000003963841
000002E0EBF2
00000109EDA1
0000004AB8DE
000000AE537F
FFFFFFB90516
0000027FBCFF
0000037461A8
000000624B0B
000003FC7BC2
0000024BA1E4
0000047553F2
0000018D06DE
000001A4E2AB
0000020B95E7
0000028E5920
0000022224B4
000001FFC86B
000003CFA813
000004241B48
000002324233
0000021947FA
0000035DF192
000002F9F1B6
000001FF5C9E
000002BC8266
00000411D21A
0000039F9E7D
000002CF9CF7
00000291DFF1
000001FB5B81
0000018A97EC
000001DDAD34
000001DC1090
00000099ED24
00000074A711
000001B70479
000000BFF7D5
0000029F1444
000003842B0C
000000195214
00000460E3AE
000001964093
0000037A642E
000000E23A93
000001251EE2
000001DDA205
000002805431
0000022FB7A5
0000024FCE80
000003ABED08
000003FB6268
000002D49148
000002AF59BB
00000308672C
000002A2F08A
000002505BEF
000002CF9CC5
000003593369
0000030C8BEF
0000031D7167
000003023BA4
000001B5CB34
00000047C0E7
FFFFFF715C6E
FFFFFFFB3FC6
0000012F47B9
0000020AF4C3
000002F8E55B
000001FBF449
0000026DE9FF
00000250ED37
FFFFFF8BECE6
00000429C2A0
0000017A0B28
00000359BF04
0000017CE0F3
000001AFA0B6
000001F56054
0000023A59BE
000001FF6E46
0000021C7C90
000002D2AA78
00000317825C
000002F2F7F9
000002EAC643
000002737564
000001FA612E
00000229263A
000002841E78
000002434EBC
000001FC02BA
000002CDDC8B
00000326714B
000001BB03D9
000000800843
FFFFFFBA0C30
00000039FDEF
000001F9837E
0000026330B2
00000232171B
0000016CBB36
0000025B1157
000002288FF6
00000013F832
000004DE941F
000002E80BF9
000005D52D6E
0000037B45AE
0000031BAC85
000002CC748A
000002A655DC
000002702B9A
00000262BB27
00000219FA1E
000001FEF96F
000002DF1058
0000035F39DA
0000025BD6C9
00000171F1F6
000001A91B46
00000245B890
0000026D0940
000001E218B1
000001CC7F65
0000025B8875
000002258ECE
000001EC06AE
000001E0E99D
0000020B748D
000002F8C93F
000002F27209
000001ED4A76
000000E20E3B
000002585700
00000218B253
FFFFFEF20C6A
00000326BA2A
00000252FBF6
0000058DE121
000003BF3F0B
000002F6AF3B
000002F58FBE
0000030470AD
000002FF7C16
000002F07528
0000023126B5
0000018955E6
000002849848
0000032D9A5A
0000021BCF79
00000146B5AF
000001C4A749
000002852182
000002ABBB88
000001CD595A
0000011271EF
0000019179CC
0000022C04E2
00000263BD86
00000270415B
000002554220
000002FD0FAA
0000036FA1C7
0000026B9905
0000015F3594
000002FD711A
00000201A901
FFFFFEE08E46
000002EC0605
0000025423D8
0000045EE81E
0000034620C8
000002856AC2
0000025A5F8E
00000242152E
00000228C2FD
0000022A5C5A
000001DA0B79
0000013F06AC
000001524645
0000018F5282
00000173940C
0000013C22C9
00000151C74B
000001A0F622
000001E8C02E
000001A37EEB
000000EA89BB
000000D21834
00000161BF13
000001FFFC04
000002B18EE2
000002CB5D72
0000022DBAEE
000001D2F065
000001A9079F
0000027E8C7F
00000291855E
000002A75842
FFFFFFA49726
00000291FDD1
000001147336
0000018B4580
0000016E89D6
000001061C9C
000000C13141
0000009902E5
000000AB1223
000000D16923
000000F8D8EA
000000B43708
00000035C754
00000021F859
000000CEB597
000001197994
000000804695
00000028D017
000000C8EA51
0000012DBC59
000000761D97
00000013CB43
0000008923CD
000000DEAB3C
00000196C0F3
000001BF1BCF
0000009586F5
0000001104DE
000000D0A6C6
000000DA64B4
00000117AF1F
0000012B9DF1
FFFFFFE312FA
FFFFFFC4E02B
000000C11B4D
000001254088
00000183AE8A
000001130C7E
000000795E92
FFFFFFE583C7
FFFFFEC6933E
FFFFFE59BCAA
FFFFFDF865DA
FFFFFE32D4B8
FFFFFF5216B6
00000081C802
00000039ECEA
FFFFFFC4D5E1
FFFFFFD2DA66
FFFFFF5360DF
FFFFFE322711
FFFFFDA99AE5
FFFFFEB24757
FFFFFFC35889
FFFFFF58B8B4
FFFFFE8D281A
FFFFFCDB301B
FFFFFB7F9E40
FFFFFE2C3BC4
000001D8F41C
000000687150
FFFFFE01947E
FFFFFF77D250
FFFFFF431A91
0000043B4365
00000002D14D
00000062E573
000000E3211F
0000005F6D79
FFFFFFAA6270
FFFFFE4826A3
FFFFFD2A3838
FFFFFC9B66CD
FFFFFD146261
FFFFFD8CD111
FFFFFE4C3CBB
FFFFFF77185D
FFFFFF68B41F
FFFFFE096E8E
FFFFFD8A844B
FFFFFDCD0011
FFFFFDB0FB1F
FFFFFDF1F2B4
FFFFFED792ED
FFFFFF15F0B7
FFFFFDCBA39C
FFFFFC79C284
FFFFFCE4F97E
FFFFFD6A6E60
FFFFFEC45AD9
00000147498A
00000083C367
FFFFFC73F819
FFFFFD2C0FE2
000001139926
FFFFFF7BA044
000003FFF8F9
FFFFFF6CC385
000000141152
FFFFFFB1A617
FFFFFDAEF445
FFFFFB217070
FFFFF96B17A9
FFFFF9C54BBE
FFFFFB167312
FFFFFC9A152C
FFFFFDEAFA2E
FFFFFEC2E328
FFFFFF36F334
FFFFFE0C5B53
FFFFFC0E32C7
FFFFFC2CB752
FFFFFD3B5081
FFFFFD9B8CAA
FFFFFDE0D1DC
FFFFFDF01A9E
FFFFFCFCA460
FFFFFBFBB187
FFFFFC533BCA
FFFFFE769827
00000038B8FE
0000019B804A
000001AF9030
FFFFFDA82BB8
FFFFF9F66EC1
FFFFFF85B285
000003D2026C
FFFFFF90BAEB
000003ABAA3A
FFFFFF07BD22
FFFFFF606B51
FFFFFDC7E6C2
FFFFFAE3B994
FFFFFA458912
FFFFFB8589AA
FFFFFE00AE07
FFFFFF843165
FFFFFFD0B977
FFFFFFEB4C53
FFFFFFA74CDA
FFFFFF175615
FFFFFDA0E58E
FFFFFC27B5A2
FFFFFD5E2B1F
FFFFFFB702B2
000000143E3B
FFFFFF3D1BB2
FFFFFE38720C
FFFFFDAA6DFC
FFFFFEC37E98
000000ADE2C8
000001A5282E
0000014F9DA1
000000F19098
000000135F10
FFFFFD323C9B
FFFFFC77B93C
000001BEED5C
000003AF9732
FFFFFD9C772F
000004FDE859
FFFFFFBF6BCC
FFFFFF5F55E0
FFFFFD4513B0
FFFFFBDCA343
FFFFFE80AC89
000001A7937E
0000027771F6
00000176EE95
0000001A993C
FFFFFF566EC7
FFFFFEB108DE
FFFFFE3EF528
FFFFFD819D56
FFFFFD73F6C6
FFFFFFD66DC9
000002BA2A51
0000026EBC7D
000000637EE4
FFFFFF51342E
FFFFFFFF00EF
000001E48EF0
0000024A7486
0000006585AF
FFFFFFA44B1B
0000005EACDF
00000057BB93
FFFFFF07ED52
FFFFFF0DA9A8
FFFFFFF8A27A
FFFFFFC2E991
FFFFFC3C05A1
000007809387
00000006CCB9
FFFFFF1C7D9D
FFFFFE0865D1
FFFFFEE1FA9F
00000199EB9C
0000025B7984
00000033E80B
FFFFFE51D292
FFFFFE0A36B3
FFFFFE4186B6
FFFFFE63A336
FFFFFE58BF3F
FFFFFE65DC25
FFFFFF8D33BE
000002214D22
000003DB5A93
000001C7BD01
FFFFFEF5C35E
FFFFFF166FD6
000000CE3A84
000001659559
FFFFFF9E5E37
FFFFFE266F3C
FFFFFFD2D3CA
0000013C317D
FFFFFFFA0552
FFFFFE4EE390
FFFFFDCF85A8
FFFFFD647FED
FFFFFF973BE8
FFFFFF59A150
00000A2DA6E9
FFFFFF791010
FFFFFE78759B
FFFFFF24C034
000000983AB2
000000A3B64C
FFFFFFA0CE68
FFFFFE69D37A
FFFFFE4BBB5E
FFFFFF2AB96B
FFFFFFAA81AA
FFFFFF8D15C2
FFFFFEEEFDD0
FFFFFF129F2A
000001282564
0000032C4598
000002DD5830
FFFFFF6A9664
FFFFFDA13CCE
FFFFFFF7F2AE
000001E94037
0000002836BF
FFFFFDFC781B
FFFFFF7D7A57
000001DE2715
0000000382FF
FFFFFC6F61FE
FFFFFC187ADE
FFFFFDD4A38B
FFFFFFF8BB53
0000038FA3D6
000001378B13
000008A9224F
FFFFFF3D67AD
FFFFFEE66DB6
FFFFFFF4A7D5
000000351334
FFFFFEF0F13B
FFFFFEB50B0E
FFFFFEF914E9
FFFFFEEB298C
FFFFFEEC00F1
FFFFFF1D2A88
FFFFFEF44B7D
FFFFFEB7D118
0000000316CA
00000265108F
0000021C2E31
FFFFFFC9DC4C
FFFFFDA3813B
FFFFFE5906FB
0000007D94E0
0000001D9470
FFFFFD8D0B53
FFFFFD70CA4F
0000004494EF
000000DE863D
FFFFFD21FAC2
FFFFFB021466
FFFFFE37E997
000001AE7D4E
000002461FB8
000002A43979
FFFFFDEB3DEC
000005EBD2D9
FFFFFFF90CA3
FFFFFFD857D7
FFFFFFEB256A
FFFFFF7A2576
FFFFFF202CE5
FFFFFEA54BF0
FFFFFCFA24EC
FFFFFC0ED70A
FFFFFCFBC7C8
FFFFFE634B0D
FFFFFF1A52FD
0000006BFC96
00000290161B
000002F41CA8
FFFFFF4A0D17
FFFFFC43FAEB
FFFFFD16B70C
FFFFFE8386CA
FFFFFD9DD1C1
FFFFFBD765ED
FFFFFBFF057E
FFFFFE25391D
FFFFFFCC34A0
FFFFFF58DE03
FFFFFDF212D7
FFFFFE89FFDC
00000150C09B
000001D28502
FFFFFE95AE93
FFFFFE5669DC
FFFFFCB02EE8
00000789305A
FFFFFFC748D0
FFFFFED55A81
FFFFFEB3130B
FFFFFECE058C
FFFFFEA8FAE3
FFFFFD226356
FFFFFBE4D0C4
FFFFFD23AF48
FFFFFF52A249
0000001772EA
00000065E00D
00000187DD91
00000192AC22
FFFFFF8CA716
FFFFFC7FB5A3
FFFFFC518F6D
FFFFFE822D85
FFFFFE479C0B
FFFFFC71E5BD
FFFFFD308F13
FFFFFFE1E4E7
000000F53A83
0000005A0A8A
0000002E2169
000000AABD41
00000115B9C9
0000004A3CD9
FFFFFE026DA9
FFFFFC01731D
00000055A7DB
000001029CAD
00000A2ADDFA
FFFFFE2C19E9
FFFFFD5F6175
FFFFFE65C040
FFFFFE9F6268
FFFFFD79F149
FFFFFD443394
FFFFFFF6EE5F
000001DFB5A1
00000063D0C7
FFFFFE8754B6
FFFFFEFDAF55
FFFFFF785CDB
FFFFFDE11327
FFFFFCC8622C
FFFFFDD7B03E
00000012DAA9
0000003B7D10
FFFFFEAC80FE
FFFFFF97BA96
000001DA188E
0000024D3EF2
000000C56E7B
FFFFFFF23DA8
0000005C0F80
000000A5B1C9
00000080E7FE
FFFFFEEFEB0D
FFFFFD9A9E4A
FFFFFED74461
0000051B2AA7
000002EE2F72
000007E67E77
FFFFFDDC36B6
FFFFFE586AFB
FFFFFF8FB6F1
FFFFFEFB04E2
FFFFFE4B2C66
FFFFFFF040A2
00000217E7C3
0000007F8E75
FFFFFD210F16
FFFFFCE233B4
FFFFFED1E91E
FFFFFE639F57
FFFFFD91F745
FFFFFF42A5EB
000001B46A6F
000002206DCB
FFFFFF9E5549
FFFFFEAF700B
0000012B0049
000001341B76
FFFFFEA60289
FFFFFDC68FEE
FFFFFF41B3BB
00000015ABEB
FFFFFFC513A1
FFFFFFDD4384
FFFFFF405A33
FFFFFF41196D
000000F72BB9
0000047EC85D
0000005A2BB1
0000043C8C63
FFFFFF0C84B7
FFFFFFD3DA30
FFFFFFA734AE
FFFFFE8305C9
FFFFFF80ACED
000000B95CC0
FFFFFEBEBE18
FFFFFCA99981
FFFFFE747B72
000000E41B3E
FFFFFFDDDDE8
FFFFFD7AB52D
FFFFFE8C6A6A
00000151425C
000001EC7C3D
00000055E5AE
FFFFFE1C962C
FFFFFE681201
FFFFFF598520
FFFFFD695179
FFFFFC30874E
FFFFFE47B69A
000000A36A16
000000D4AD29
00000046DB34
00000008340B
FFFFFF7A36FF
FFFFFF6A2D29
0000006EAF54
0000021F8710
FFFFFF4D427A
000003E60207
FFFFFFC59236
FFFFFFF458EA
FFFFFEDF7A31
FFFFFE5680D2
FFFFFFC5D868
FFFFFF2A7AF6
FFFFFC9DCDE9
FFFFFE0D1075
00000246A667
000001E97BB2
FFFFFDA9C3D3
FFFFFD1EF8CB
00000088C060
000001690803
FFFFFF8CBCB8
FFFFFE0EB088
FFFFFDF658CC
FFFFFF1F5655
FFFFFE7C3A11
FFFFFD320FBC
FFFFFF65245A
0000025D5EE5
000001F05C1B
0000000FA424
FFFFFF90CC7D
FFFFFF70A439
FFFFFEF79057
FFFFFEFFA461
FFFFFFE5FC24
000001FA0077
00000003A8BD
000004704612
000000018AB2
FFFFFFEDF359
FFFFFEC6E618
FFFFFEF3539C
FFFFFFC06913
FFFFFE3A508F
FFFFFDBB8E4B
000000950E05
00000121D5CF
FFFFFE317800
FFFFFDA69438
00000115EE09
000002639E94
FFFFFFAD1075
FFFFFD650313
FFFFFD3532EB
FFFFFEFDFD88
0000010BB29E
000000317AB4
0000002A44EF
000002F3BD2A
000002F96FFA
FFFFFF394127
FFFFFC9BA906
FFFFFD879BA7
FFFFFE5C0F63
FFFFFE587355
FFFFFF88488C
0000010CF157
000002B162CE
FFFFFFC75EF6
0000043206BD
0000004FA4CC
FFFFFFE93002
FFFFFF0207DB
FFFFFF33E689
FFFFFF0A7C70
FFFFFDC89A21
FFFFFF27B25A
000001441108
FFFFFEF5744D
FFFFFD0E311D
0000009A5615
0000034B74EB
FFFFFFB6B72D
FFFFFC81A459
FFFFFE09CEEB
FFFFFFBEF9F6
000001734978
0000029F056A
000001752F58
000001422A7B
00000119E427
FFFFFDD39B37
FFFFFB83D469
FFFFFCA1A3F8
FFFFFF3CBFEF
FFFFFFEF17DA
00000012D64B
00000225C6C6
000002A0C98D
000001FB62F9
FFFFFE828B7B
000004931D06
000000343575
FFFFFF54BFAF
FFFFFF323AA9
FFFFFEFDBCD6
FFFFFDD909F0
FFFFFD9670DF
0000008F0DD9
000001B69DE5
FFFFFE743787
FFFFFD9E9B33
000000FE8AF3
00000153BFDE
FFFFFDA63E75
FFFFFE4F807D
00000266092D
0000028931C4
000001317F98
000000DD2341
0000008CA62A
FFFFFFCC4405
FFFFFCE476DC
FFFFFA9ED3E7
FFFFFDB1DE51
000001D40243
00000298DD19
0000019286D2
0000020C8A73
00000363C243
000000EB52CE
FFFFFF3CF539
FFFFFD853DD3
000005DD195A
FFFFFF7FDC51
FFFFFEDE77C7
FFFFFF3D586B
FFFFFEB4ECD6
FFFFFDD3DDB2
FFFFFE891D24
0000010CA61F
0000009F6881
FFFFFDCB5B74
FFFFFE524F8C
0000009E51A9
000000051CB1
FFFFFF6EC6A6
0000023C67DF
000002976583
FFFFFE95847F
FFFFFD4804A2
FFFFFF44D76F
000000317069
FFFFFEAB3359
FFFFFC973E61
FFFFFE058691
0000022BC18D
000003152E93
0000009CD991
FFFFFF99DD98
000000D20429
00000115E868
FFFFFDC3EDC3
FFFFFE1155B4
FFFFFE5BF575
000007302051
FFFFFF699C7B
FFFFFF3BC20E
FFFFFF4CC0A5
FFFFFE97904B
FFFFFE9C57B0
FFFFFF8DCD6E
000000190B05
FFFFFE6D637E
FFFFFDDF1592
00000060C773
0000012A6DCE
FFFFFF149309
FFFFFF917CDA
0000017597DE
FFFFFE3DBB9D
FFFFFAAFCB66
FFFFFE22542D
000002694D4E
0000010817AD
FFFFFE8DFD86
FFFFFF7A179F
00000143A1C0
00000041BBF7
FFFFFD83998D
FFFFFCF3CC34
FFFFFE541B13
FFFFFF725D9B
FFFFFF6D008F
FFFFFDB7BDFD
0000001500C1
000000247C0D
0000075B2F48
0000000A2816
FFFFFF7EEFB0
FFFFFEFDF731
FFFFFE9640AA
FFFFFF093C80
FFFFFF7F2CE8
FFFFFEACC723
FFFFFD53C7F8
FFFFFF5839AE
0000025A5638
00000059F430
FFFFFD091865
FFFFFEAA5707
00000040109C
FFFFFD78749B
FFFFFD60561C
0000023F0AFB
00000374B37D
FFFFFEDF9B84
FFFFFD552501
FFFFFFAC8978
FFFFFEF80C3C
FFFFFBBD8846
FFFFFB6960A5
FFFFFE7E2E14
0000001E25AF
FFFFFFFA521E
0000007748C4
0000005BA8D6
0000029AA409
000000FB0C95
0000060D34CA
00000005505A
FFFFFEC42762
FFFFFEA8012D
FFFFFEADA6B3
FFFFFEFE1FC2
FFFFFEE06E00
FFFFFDE0CB92
FFFFFDB106D1
000000CF3C43
000002554805
FFFFFE717A7C
FFFFFC90E305
000000427557
000001330E34
FFFFFE6D8BED
FFFFFF7BBB02
000001BA3726
FFFFFF0E5B89
FFFFFB6387DE
FFFFFC8591FB
FFFFFE2F67A9
FFFFFD0BF331
FFFFFD88574F
FFFFFFC26ED8
000000C24C1E
000000211021
0000009D70E0
000001C1A177
000001BAABA5
000002F5E8FE
00000080CDEE
000004700367
FFFFFED3EF89
FFFFFD8C827D
FFFFFE8550D0
FFFFFEC15108
FFFFFEBB5A76
FFFFFEBB4E87
FFFFFE7E1502
FFFFFEE11EBF
000000DD6720
0000008563A6
FFFFFDC2B9D8
FFFFFEA30C91
0000018E5A93
000000162603
FFFFFDC8B1E1
FFFFFF6EDCC0
FFFFFF507A66
FFFFFBEC0C12
FFFFFC3CF5B3
FFFFFF71FBBD
FFFFFF6467DE
FFFFFE31C2DC
000000400408
000001042540
FFFFFF5BD5B3
FFFFFFECE56B
0000028DA65E
000002A69347
000000B39599
000001396C60
FFFFFF273C5E
000003AC0ED7
FFFFFD5C006E
FFFFFCBE70A0
FFFFFE9CCA8F
FFFFFEF6BF40
FFFFFF0028E6
FFFFFF3D2E79
FFFFFF4DF045
FFFFFFA288E3
000000367499
FFFFFEBC7089
FFFFFE3224C4
000000B5F58E
000000B265CC
FFFFFDC43C6D
FFFFFE1E8E27
000000C498F8
FFFFFEBD8402
FFFFFC17484F
FFFFFF750B50
0000022D31F2
FFFFFF6631BE
FFFFFCF1427B
FFFFFDFD88EF
FFFFFEDADA47
000000183FB2
0000038EF9DD
0000047C5469
00000174072B
FFFFFEC62606
FFFFFFD3BDF7
FFFFFE9F5C5D
0000043CEFDC
FFFFFD27CAF9
FFFFFE52AF03
00000041886B
000000081499
FFFFFFCADC85
FFFFFFE9258F
FFFFFFD432E4
FFFFFFCE8E5B
FFFFFF6351F8
FFFFFDD6A283
FFFFFF145E35
000001D610C5
FFFFFF8B327F
FFFFFCAEF84D
FFFFFF24283F
000001C4ECE7
FFFFFED822D4
FFFFFCDF4A03
0000000F619B
0000009832C8
FFFFFD1B4840
FFFFFBFF57F7
FFFFFE6A1570
00000163CE3D
000004509A3C
000005A243CB
000001AC20A0
FFFFFD3E8ADB
FFFFFD7A161A
000000F4F3FA
000000060CE2
0000053B50CF
FFFFFEF8982D
00000162F18E
00000181C673
000000413856
0000002EB99D
00000055FFDB
FFFFFFFD7DA2
FFFFFF7629D5
FFFFFE3E4B5A
FFFFFD70BA8B
0000000B93C1
000001EBBFD0
FFFFFE794400
FFFFFCB0583F
FFFFFF9ECCD9
000000EAED99
FFFFFE3A4CC3
FFFFFD086802
FFFFFEA1FC09
FFFFFE5D4310
FFFFFDE17F7F
FFFFFFDF7835
000002C30DC4
000004C65076
000004DD588F
0000020CFCDE
FFFFFD4634CF
FFFFFB9E92B9
FFFFFED38A08
0000031F2964
000000B91CDA
000004CFD6EA
000001D07045
000002D83A7C
0000008B2A72
FFFFFF6D8EA5
FFFFFFEA5690
FFFFFFF9DDE8
FFFFFF46DCFF
FFFFFEE4B6A4
FFFFFE3E6F13
FFFFFE42B3BF
000000414BA4
000000AA1572
FFFFFE3C3152
FFFFFE454CE8
000000553076
0000000EECDB
FFFFFE56AB82
FFFFFE02993E
FFFFFECF0F13
FFFFFF57B1A1
0000016E3434
000003F1F01D
00000424813D
0000031E5C28
000000D43027
FFFFFDBF624D
FFFFFD1A5B3A
FFFFFF38F3D7
0000017A8D0D
000002E6ED0B
FFFFFF3E20B5
000003D7DA64
000002A99D5E
000001A0CF0A
FFFFFF568276
FFFFFF4512C2
FFFFFFAF7A40
FFFFFF6FCC8B
FFFFFEFF0660
FFFFFF3DF07B
FFFFFF522809
FFFFFF42BA24
FFFFFF9C62C3
FFFFFF442398
FFFFFF3D650D
0000009FA25D
000000C3AD02
FFFFFF7C1FA4
FFFFFF6BA050
FFFFFFD4036A
00000051C3DC
0000012A04AD
000002EA0E5A
0000040FC12D
000002BFA0A6
000000AC2F3D
FFFFFE760B50
FFFFFD357941
FFFFFFA3FDCB
0000025580BC
0000017F5C43
000000977EBB
FFFFFE2AAD5F
0000044896C7
0000012E6A23
FFFFFF7A2F0D
FFFFFEDE5E69
FFFFFF867C67
FFFFFF62E0E7
FFFFFF0A9B63
FFFFFF2B0EAC
FFFFFF928D3F
FFFFFF5A1D2B
FFFFFF1D7BC4
FFFFFF288666
FFFFFF4D6A27
000000B7ADAA
000001CFEF5E
0000007D62C6
FFFFFF40A481
000000391F18
000000D86E2B
000001220999
0000019A55B2
0000020C4200
000001FB27BF
000000CF2DBF
FFFFFF3F072C
FFFFFE2C3483
FFFFFEB7B41C
000001044759
00000198117D
FFFFFEFDB171
FFFFFF207DEA
FFFFFE9A2E5A
00000543F2F2
FFFFFEE0987F
FFFFFE3977EB
FFFFFE4282F6
FFFFFEF93127
FFFFFEA77C31
FFFFFE89AE3E
FFFFFEEAF9FD
FFFFFF575EFE
FFFFFF174FC7
FFFFFF34CA31
FFFFFFDE9C01
0000005A0DE4
00000131533B
0000018318FF
000000808E17
FFFFFFBA4B93
000000067477
00000090420D
00000177E65C
0000020457A0
000001490421
FFFFFFBEC8F8
FFFFFE341771
FFFFFD7D6822
FFFFFE597E3E
00000019CBFF
000000A219D7
FFFFFF55935D
FFFFFBC065BE
FFFFFF50978D
000000844973
000006F18F31
FFFFFDBCD8B1
FFFFFD4F0780
FFFFFCB994FF
FFFFFE543E14
FFFFFE70032F
FFFFFEC6D002
FFFFFF27E90F
FFFFFF4E20F3
FFFFFF5EC5C2
00000001A489
00000095058B
0000004C0A30
0000001C1040
000000359D85
000000145450
FFFFFF792269
FFFFFF2F5AC2
FFFFFFF7184E
000000E048CF
00000092FE74
FFFFFEDB68A4
FFFFFD812776
FFFFFD5BB381
FFFFFDF627E4
FFFFFF5B29DC
0000000D6D05
FFFFFEBC3DA4
FFFFFDBF6F7C
FFFFFDC47FA1
0000034579A3
000003F8AE85
000005BA3E17
000004FD65D9
0000058F8D0D
000006525698
000007B67729
0000073E302B
0000075C72BC
000007110B98
000006AB7AB4
000006859D39
000006EB28C6
000006BD8E38
000005F6A14E
000005BB96FA
000005D55E43
0000056E3EEF
000004D0A81F
00000516D081
000005DE1C5D
000005946839
0000049F0401
000003D263E6
00000416ECC1
000005809C00
000006B0A320
000006FA6337
000006457E87
000004FBB96D
000004FD0B82
000006FD58CB
00000A316E63
00000630E50B
0000023F61EB
0000020B5D37
000000ADF3A1
00000119783D
000000C6F5E0
FFFFFFE8CF35
FFFFFFC41796
FFFFFF98992B
FFFFFF635883
FFFFFF790094
FFFFFFBBA070
FFFFFF813B0A
FFFFFF4E8C56
FFFFFF906FC5
FFFFFFA5E8EB
FFFFFF5B1B99
FFFFFF614B7C
FFFFFFFC58A5
0000003A4913
FFFFFF75DBBB
FFFFFF27B5A0
FFFFFFD26796
000000846F68
000000AED7EF
0000004D3EE0
FFFFFF8F16BF
FFFFFF3C2B1E
FFFFFF86F251
FFFFFFE91B39
FFFFFFD826B7
00000003C8B5
FFFFFD8D83C8
FFFFFAF7BDFE
FFFFF7C0169D
FFFFFB457C7F
FFFFFE28445D
FFFFFE7F5B06
FFFFFDDE11E1
FFFFFC960E5F
FFFFFBB3E168
FFFFFB288F50
FFFFFA3B4FA5
FFFFF8A26096
FFFFF7FC1740
FFFFF875FB2C
FFFFF9EEDC75
FFFFFA8A44D7
FFFFFB8E4C58
FFFFFEE5D985
0000008C7069
FFFFFE35F282
FFFFFAD0FDE0
FFFFF9025FFF
FFFFFAF267FF
FFFFFFC758ED
000000C67087
FFFFFC175F7E
FFFFF84B7CC7
FFFFF9F676AE
FFFFFF0780E2
0000015D6FE8
FFFFFC7D4F55
000005AE4948
000006E78B76
00000736F9AF
FFFFF708F698
FFFFF9465092
FFFFFB3C70D4
FFFFFBA2008A
FFFFFAE54637
FFFFF9701249
FFFFF81F34A5
FFFFF7002A0F
FFFFF5C37916
FFFFF44D2B13
FFFFF3ECF9E8
FFFFF44BEE31
FFFFF52A759D
FFFFF4E041AE
FFFFF5237786
FFFFF7D9F5AB
FFFFF988F708
FFFFF82A58F7
FFFFF60C045E
FFFFF457245D
FFFFF540A6CC
FFFFF8FB3788
FFFFF9A10DF5
FFFFF5806768
FFFFF2CA00FB
FFFFF5090C1E
FFFFFA28B3B4
FFFFFBDDD22A
FFFFF66F11EF
000002F0E426
000004559374
00000505F0A4
FFFFFCAA4F83
FFFFFE4D1C63
FFFFFF5719EA
FFFFFFDDB4D8
FFFFFFB0E5AD
FFFFFE6CC8F7
FFFFFDA04CC1
FFFFFCC63F30
FFFFFC1F92C4
FFFFFBD436B4
FFFFFC045A3D
FFFFFBD0B0D1
FFFFFBA6A684
FFFFFAE7ECB2
FFFFFA37FEC5
FFFFFB090B57
FFFFFC55F99F
FFFFFCDF0531
FFFFFC8F4A74
FFFFFA0E624E
FFFFF86C41C8
FFFFFA5B2E78
FFFFFC57D1F8
FFFFFB4ED65D
FFFFF9D02BDF
FFFFF8F4071D
FFFFFABFD333
FFFFFD5A6C55
FFFFF961D180
0000079841D3
0000059C9C7C
000005686FEA
FFFFFCF6AF13
FFFFFD1586BC
FFFFFC27F9CF
FFFFFA553EA2
FFFFF940348C
FFFFF8BD529A
FFFFF9AB4780
FFFFFAB0171B
FFFFFB613C5A
FFFFFC108225
FFFFFBD69E60
FFFFFA0303CE
FFFFF891ABDD
FFFFF8783768
FFFFF8ABA187
FFFFF8D0F54F
FFFFF9193CF5
FFFFF977EA99
FFFFF953DED0
FFFFF72B794E
FFFFF6360E4D
FFFFF8CA29C9
FFFFFBE3A3C1
FFFFFD0E5D89
FFFFFB75904D
FFFFF5DDD804
FFFFF411BE21
FFFFFA1C73BB
FFFFFB6485C0
00000B5BBBDB
0000062E03DC
000004906A76
FFFFFBC78B14
FFFFF9EE3FD2
FFFFF6225DB1
FFFFF27CAEA1
FFFFF1B4DEE9
FFFFF22CFA5D
FFFFF43273B3
FFFFF6A7B370
FFFFF887AB74
FFFFFA14C359
FFFFF9B0974A
FFFFF6871680
FFFFF43AB212
FFFFF5582B32
FFFFF6D9CC08
FFFFF6EE3438
FFFFF6179191
FFFFF5A3F86D
FFFFF57782B0
FFFFF42F4693
FFFFF4BD51D2
FFFFF85DDCA3
FFFFFBEC0071
FFFFFF1C8F57
FFFFFDD896D2
FFFFF3AE6096
FFFFEE4C9F06
FFFFF6E212A5
FFFFF9B4D1FF
00000BED130A
0000062101B9
0000050F0A4B
FFFFFC0179EB
FFFFF8EB9959
FFFFF4C14145
FFFFF2D39809
FFFFF376D9B7
FFFFF34A86E6
FFFFF2EE0773
FFFFF355AC48
FFFFF43D0713
FFFFF629C532
FFFFF6E3FA28
FFFFF45B34B2
FFFFF2F3F1B4
FFFFF60AFB18
FFFFF905A6B5
FFFFF8AC4972
FFFFF6957C77
FFFFF549B84D
FFFFF5470334
FFFFF51EB6C3
FFFFF60808A0
FFFFF7CD55B0
FFFFF9F3857A
FFFFFEAEE946
FFFFFFD6CB60
FFFFF62D8CB7
FFFFEF50604A
FFFFF4D92B62
FFFFF39AEB04
0000098063BE
0000075BEA0C
0000079B0B61
FFFFFC9238C7
FFFFF9959E9A
FFFFF7599343
FFFFF8EFD491
FFFFFB0E9AB7
FFFFF95C793D
FFFFF6555BF9
FFFFF421F453
FFFFF36CF724
FFFFF4CD0BF4
FFFFF5CC2146
FFFFF45BAE6B
FFFFF49F01E4
FFFFF97F713D
FFFFFD749A0B
FFFFFC7FF0ED
FFFFF9489B86
FFFFF840B04D
FFFFF95D014A
FFFFF991270D
FFFFF89DD42A
FFFFF7C1DC15
FFFFF847596D
FFFFFCD6A05A
FFFFFF6D5E63
FFFFF9530CD6
FFFFF3A949C0
FFFFF4054421
FFFFEC8D7D0A
0000079A30F6
000008D2D135
0000094307CA
FFFFFC10C7F5
FFFFFA58110F
FFFFF9C76B51
FFFFFC06EAED
FFFFFDA5E27A
FFFFFC08A48F
FFFFF9ABBF23
FFFFF7F3A2D1
FFFFF6EDA1E4
FFFFF6DE9765
FFFFF63A51D6
FFFFF504C89F
FFFFF6A1E167
FFFFFC7E3517
000000298439
FFFFFDB798B7
FFFFFA2DF013
FFFFFB03C45F
FFFFFD783836
FFFFFCEDB624
FFFFFACB6B2F
FFFFFA3BCEA2
FFFFFA692846
FFFFFB74DF24
FFFFFB7768E0
FFFFF82069CE
FFFFF6BCFBE9
FFFFF78B889B
FFFFED96923D
000008D7CDF6
0000093C5ED8
000008373E7B
FFFFFB73868B
FFFFFB751AA8
FFFFFB4A5B81
FFFFFB7CBE89
FFFFFB147A4E
FFFFF9FC3B3A
FFFFF924B2FA
FFFFF94AD8BE
FFFFF9A5A830
FFFFF90C10A0
FFFFF7937D07
FFFFF6EE127A
FFFFF8A57F85
FFFFFD4927E4
FFFFFE6A3456
FFFFFA77F908
FFFFF892D479
FFFFFB5CAB57
FFFFFD78BB84
FFFFFB793140
FFFFF9FFDBFF
FFFFFC68E305
FFFFFD41B7F7
FFFFFA24E343
FFFFF6721F46
FFFFF4BAF300
FFFFF7C33DFD
FFFFFB4E20D7
FFFFF12B7443
0000095E4B2F
000008F7CC1C
0000076D77A6
FFFFFC19AEDC
FFFFFC7667A0
FFFFFC100F1B
FFFFFB2F29C9
FFFFF947BDE0
FFFFF687036F
FFFFF50BF94B
FFFFF642A37B
FFFFF8C1EE10
FFFFFA674220
FFFFFAEBF003
FFFFFB9B876E
FFFFFB8C8018
FFFFFBF4B435
FFFFF9F0BCEF
FFFFF65C2A70
FFFFF6620061
FFFFF893EE31
FFFFF8ECBB14
FFFFF6F63090
FFFFF758BF5A
FFFFFC581B04
FFFFFE85FE1F
FFFFFB19888F
FFFFF6B45259
FFFFF50AD0AC
FFFFF766D619
FFFFF8DE79D1
FFFFEE0792A4
000007F4E09A
000009AEA3DC
000008C21774
FFFFFC8AFF4D
FFFFFC413173
FFFFFBACDE52
FFFFFB3F2A35
FFFFF8F82E43
FFFFF480BD77
FFFFF1FF740D
FFFFF2CC74BA
FFFFF57AC53B
FFFFF8F863DA
FFFFFC89E0C9
FFFFFE9D99ED
FFFFFCCBB5AD
FFFFFA051664
FFFFF69539C3
FFFFF46B2A67
FFFFF4A7F634
FFFFF47CCD3B
FFFFF3C41488
FFFFF32352F2
FFFFF50091AA
FFFFFA67E844
FFFFFDCB8787
FFFFFD41982F
FFFFFADF9D83
FFFFF8519B02
FFFFF69FE23B
FFFFF48EC4D5
FFFFE96AF1F8
000007655409
00000A5B391C
0000096239D2
FFFFFAF5E220
FFFFFB16F8D8
FFFFFAF4E5B7
FFFFFAB672FE
FFFFF97E5726
FFFFF76E6180
FFFFF5C4DEA8
FFFFF37E220D
FFFFF1F5AE50
FFFFF3BDDDF8
FFFFF8191619
FFFFFB7092E3
FFFFFB7D7A1F
FFFFFABF4F06
FFFFF88228C9
FFFFF6345531
FFFFF529FD8C
FFFFF4AF4EEE
FFFFF50CE102
FFFFF44276DF
FFFFF45FE664
FFFFF7A8BEDB
FFFFFB1EA683
FFFFFD1E6E7A
FFFFFD1A1EA2
FFFFFABAE1C7
FFFFF7C4FFD6
FFFFF5EB4414
FFFFEBD29051
0000084D7E39
0000096EABBD
0000079D7EB2
FFFFF8C43205
FFFFF98E4A6A
FFFFF9DC6601
FFFFF9804E0D
FFFFFA45884A
FFFFFC6653A4
FFFFFC14C093
FFFFF6D50066
FFFFF1A0007B
FFFFF024BE97
FFFFF20BC6AC
FFFFF4FD2FD1
FFFFF8CF90FF
FFFFFCC9DE55
FFFFFD188EA7
FFFFF9AE81A5
FFFFF6C139CA
FFFFF7DDD33B
FFFFFA556869
FFFFF82B50CF
FFFFF57E2AB8
FFFFF6CF2F86
FFFFFA3E51EC
FFFFFD24EF69
FFFFFDB3B685
FFFFFBB78BD1
FFFFF9C61BC0
FFFFFA1F520F
FFFFF1BE2CF1
000009154462
00000846176D
000005C7B6F9
FFFFF8F26A45
FFFFF8A76911
FFFFF8262403
FFFFF833680A
FFFFF9F3D4F0
FFFFFC300126
FFFFFC354EBA
FFFFFA0AA5DF
FFFFF7466A03
FFFFF3511D65
FFFFEFE3EFA2
FFFFF03B4E2F
FFFFF551941A
FFFFFBAFC63E
FFFFFDFBFC13
FFFFFAE68A62
FFFFF6B87009
FFFFF7309326
FFFFF98B80B5
FFFFF7F36C0D
FFFFF689D684
FFFFF871ECE9
FFFFFB7EAE49
FFFFFDE88D21
FFFFFE3B7AED
FFFFFBFC56C9
FFFFFA6FA549
FFFFFBB249E9
FFFFF49816B7
0000094C57DB
0000080FF536
000005AC1D98
FFFFFB03A9DB
FFFFF8F4CBE9
FFFFF70C020A
FFFFF7B73BF1
FFFFF95A8A54
FFFFF8C4C968
FFFFF87DD82E
FFFFFBEAABB2
FFFFFDE7A70D
FFFFF8CBA972
FFFFF1686F6E
FFFFEF78A196
FFFFF355A1C8
FFFFF853B7C6
FFFFFB0C0E8C
FFFFFA4CA5A6
FFFFF76044C1
FFFFF59F1481
FFFFF50D7DC1
FFFFF4C65685
FFFFF677ECC8
FFFFF8A39D68
FFFFF99C9E1B
FFFFFBB8D03D
FFFFFD631A8E
FFFFFC37BE94
FFFFFAEDDC25
FFFFFBE3076B
FFFFF49E67D0
000008E447BE
000007350787
000005701EE2
FFFFFCA4076A
FFFFF9EC9379
FFFFF71DADF5
FFFFF76822E0
FFFFF8C4765C
FFFFF7B573B0
FFFFF72354EE
FFFFFA825CB4
FFFFFD8D8A9F
FFFFFBD36B21
FFFFF7772039
FFFFF49F9E66
FFFFF354D327
FFFFF3861F41
FFFFF61D075B
FFFFF9610A75
FFFFFA63812D
FFFFF87D6B81
FFFFF5C10FF7
FFFFF547860E
FFFFF68FAB34
FFFFF5C1D413
FFFFF455CCA3
FFFFF6A7429D
FFFFFA38E483
FFFFFB577A56
FFFFFBA1864C
FFFFFCDC0BB1
FFFFF4F38308
0000086F3EB1
00000635F187
00000507B72E
FFFFFD1C564F
FFFFFAB66E5C
FFFFF7AEAFD8
FFFFF679D056
FFFFF762A8BC
FFFFF89ED509
FFFFF8CB4F17
FFFFF7CC2E59
FFFFF86BD596
FFFFFCA9AF4E
FFFFFF8EEBED
FFFFFBEC7796
FFFFF4240A2E
FFFFEFB24B83
FFFFF2C106B3
FFFFF93A6728
FFFFFCE00EE6
FFFFFC3761BF
FFFFF9FAE9AA
FFFFF891F26E
FFFFF7281460
FFFFF379ED37
FFFFF1BFE4BC
FFFFF4330C5D
FFFFF7926306
FFFFFA28DD3D
FFFFFBE696B0
FFFFFD284EFC
FFFFF4DB79FB
000008026174
00000687CCA6
000005DAE26B
FFFFFCE15B23
FFFFFB201FD7
FFFFF86780A9
FFFFF55D9C22
FFFFF596C199
FFFFF99B65DA
FFFFFBB2EA37
FFFFF791F1E8
FFFFF491133C
FFFFFA6C961F
0000019404B8
FFFFFFE11DE3
FFFFF826C7C5
FFFFF39B4114
FFFFF589ACA0
FFFFF9BA4E30
FFFFFC02928C
FFFFFC0D5165
FFFFFAF86DD1
FFFFF889A2F8
FFFFF621935B
FFFFF47ACA34
FFFFF5A95014
FFFFF7A9F948
FFFFF90FEA6B
FFFFFB648165
FFFFFC95DEE5
FFFFFB96FB09
FFFFF1F5158B
000006A5ED6E
00000749B421
0000072D1124
FFFFFC854240
FFFFFBBDF930
FFFFF9513F7C
FFFFF4E56FCD
FFFFF46E3F61
FFFFF9C80148
FFFFFD4AAE23
FFFFF8B48A9F
FFFFF37C6B89
FFFFF6F0F49A
FFFFFE396D7D
000000676C23
FFFFFDAD9465
FFFFFA9A34EA
FFFFF94E8F9F
FFFFF9C8D02A
FFFFFAD61B97
FFFFFB590988
FFFFF9F125B4
FFFFF5ECC2C0
FFFFF407F5ED
FFFFF63CA7A9
FFFFF9D12687
FFFFFB02850F
FFFFFB74D0DA
FFFFFE46606F
FFFFFEAAD357
FFFFFABF6BE1
FFFFEF28A7CF
0000058DE258
000008358035
0000081992BD
FFFFFC9BFD74
FFFFFC9C8616
FFFFFA8E1601
FFFFF5E05355
FFFFF4A2654B
FFFFF8980E39
FFFFFBC1E4A8
FFFFF95EE727
FFFFF5E2A1BD
FFFFF6A29188
FFFFFA44C0E2
FFFFFDD2D816
FFFFFEDF847C
FFFFFB60F839
FFFFF7E70B1D
FFFFFA2983D5
FFFFFE1B8641
FFFFFE56E7F0
FFFFFAB03449
FFFFF6555B99
FFFFF50C679A
FFFFF5F89AAC
FFFFF6E01242
FFFFF78C1152
FFFFFA10266D
FFFFFF2EA271
0000007C9A38
FFFFFB8F5A10
FFFFEEE81F3A
000005B22FEA
000008FE6FBD
0000083ACD4B
FFFFFC7D21EE
FFFFFCE7CEAE
FFFFFB85B02D
FFFFF7E9517E
FFFFF5DEAEB1
FFFFF66C86DB
FFFFF8748850
FFFFFA2CA887
FFFFFA4C9CC0
FFFFF80BF8B5
FFFFF62F8ADE
FFFFF9DEC483
FFFFFDA01149
FFFFF8BF0262
FFFFF4103928
FFFFF9C58EF0
000000EE6965
FFFFFFCBA794
FFFFFA776BF1
FFFFF884D9C4
FFFFF8DBD13E
FFFFF5B4470E
FFFFF1F7F1A1
FFFFF2428218
FFFFF66C1800
FFFFFCD99C3A
FFFFFFC2BF5A
FFFFFC1B1FA3
FFFFF03F84C0
000006696284
000008B4695B
0000075CE839
FFFFFBAFC7FB
FFFFFC70A96D
FFFFFBEB47AB
FFFFF9A89433
FFFFF739AE7D
FFFFF4DEAF5A
FFFFF5C23CB0
FFFFFA99146F
FFFFFD75D3A2
FFFFF8F79B0B
FFFFF3D66189
FFFFF864D22C
FFFFFE10C99D
FFFFF897818E
FFFFF285F8BA
FFFFF71A173B
FFFFFD266F06
FFFFFBD61041
FFFFF7E69678
FFFFF8016235
FFFFF9FE4FA9
FFFFF7D515C3
FFFFF48F4EBC
FFFFF3251F2E
FFFFF49C567C
FFFFF9C456EA
FFFFFE0B6379
FFFFFCCB7736
FFFFF2D5412B
000007214099
0000079FBC29
000005E304EA
FFFFFA0B455F
FFFFFB568EB0
FFFFFC25DC69
FFFFFB14DFF1
FFFFF8676E22
FFFFF4764943
FFFFF441FAA2
FFFFF9F31CEF
FFFFFE0FC291
FFFFF99DDB82
FFFFF45A9A9D
FFFFF8D5B621
FFFFFE2A5679
FFFFFA01CA90
FFFFF445FFDE
FFFFF4AC51F7
FFFFF6D890D8
FFFFF711F3EF
FFFFF6742B94
FFFFF5BF8A27
FFFFF67C417F
FFFFF8B99412
FFFFFA25F393
FFFFF80DCC88
FFFFF651D3B2
FFFFF9C812D6
FFFFFE350C89
FFFFFE40BDFD
FFFFF5129B87
0000075917FA
000006F886CD
000005617EB4
FFFFF80E3330
FFFFF9BAFFE6
FFFFFB921C39
FFFFFBC9839D
FFFFF9F4C262
FFFFF59D2534
FFFFF447A808
FFFFF83D0D68
FFFFFBEAB96B
FFFFF9997507
FFFFF682BBCD
FFFFF905A853
FFFFFB932130
FFFFFA88AB37
FFFFF8309CC7
FFFFF51815CF
FFFFF3257E8A
FFFFF5760E72
FFFFF830D7D0
FFFFF5289412
FFFFF1A08F14
FFFFF4615D7D
FFFFF9B8C1E2
FFFFFB7EC4E3
FFFFFB800D02
FFFFFD7B57FE
FFFFFEAE9604
FFFFFD31E9FC
FFFFF44F3CE0
000006CB7E04
000006F098D1
000005F4D9C7
FFFFF7B8F975
FFFFF93A6283
FFFFFA94A79E
FFFFFBCCF872
FFFFFBB2F706
FFFFF814BB61
FFFFF557EAAD
FFFFF5FEF279
FFFFF83C8339
FFFFF9956E07
FFFFF9BFBE71
FFFFF8D78843
FFFFF78045A4
FFFFF9D102E3
FFFFFBC92996
FFFFF687E2A0
FFFFF195CAE8
FFFFF5A9BE33
FFFFFAC16D45
FFFFF686A6A7
FFFFF0387B7E
FFFFF11B569B
FFFFF7995626
FFFFFDCBAF8A
00000072B4DC
FFFFFFCE93DD
FFFFFC89F613
FFFFF9FF0F55
FFFFF2FAF21B
000007111A7D
000006FA9E1E
00000606BC92
FFFFFA2DC888
FFFFFAD838AD
FFFFFA43F519
FFFFFB5B5DDB
FFFFFC88B171
FFFFFA479544
FFFFF6EDBFF6
FFFFF457CBB8
FFFFF4DC30E6
FFFFF9244654
FFFFFBF9F7A4
FFFFF8AC21E8
FFFFF476DA71
FFFFF87C1001
FFFFFC92304F
FFFFF68F3D8C
FFFFF0A59727
FFFFF483590E
FFFFF9DC40C2
FFFFF7CB0122
FFFFF42DCD5C
FFFFF50B4250
FFFFF94DE28B
FFFFFE17B3F1
FFFFFFEC8024
FFFFFD462267
FFFFF98C39F2
FFFFF92A3B9A
FFFFF44ACFC9
000008334932
000006E96F8C
0000057BDF4D
FFFFFDB17FA7
FFFFFD0AF02C
FFFFFA6EB9DB
FFFFFB1E0F34
FFFFFD45F992
FFFFFC5CE867
FFFFF8FF54F0
FFFFF43EFBF5
FFFFF2EA21F6
FFFFF82006B0
FFFFFC1EDA1E
FFFFF8700F91
FFFFF40F3A69
FFFFF7CD7571
FFFFFB91C82D
FFFFF67BACB3
FFFFF146C92E
FFFFF31E7EBE
FFFFF7178861
FFFFF8EA37DB
FFFFFA4CFA9E
FFFFFBD12C1C
FFFFFC36BD53
FFFFFC9058B8
FFFFFC213C00
FFFFFA0241A2
FFFFF911A7B5
FFFFFAE84320
FFFFF5BC783D
000007EE9347
000006892F22
00000541A496
FFFFFE991BA4
FFFFFD23AF46
FFFFFA6E52F9
FFFFFB215101
FFFFFD7D1384
FFFFFD9FBC2D
FFFFFB326A49
FFFFF64AA652
FFFFF3D85733
FFFFF76A5FE1
FFFFFA9C7350
FFFFF88DDCD5
FFFFF65E5063
FFFFF91ECE57
FFFFFACDD3DE
FFFFF6EDA6A9
FFFFF3F187E4
FFFFF4A20556
FFFFF6DD002B
FFFFF9E3783F
FFFFFD685197
FFFFFF056AF1
FFFFFD979B29
FFFFFB8EB5E6
FFFFFA263C28
FFFFF9F6B210
FFFFFB8A42D0
FFFFFCA2241B
FFFFF4E23243
00000685E9FA
000006361410
00000599D5B4
FFFFFD88AA09
FFFFFB9C3975
FFFFF9A2C68D
FFFFFA09E6A5
FFFFFC2130B4
FFFFFD02595E
FFFFFCB82466
FFFFF945DAB3
FFFFF6821D29
FFFFF77FCE67
FFFFF970F75C
FFFFF9CD6B72
FFFFFA23D95B
FFFFFB48AC13
FFFFFAE513A5
FFFFF876EDC4
FFFFF80E3790
FFFFF8E28A6E
FFFFF99F1A42
FFFFFB222388
FFFFFD73333D
FFFFFEA541DB
FFFFFD6429B3
FFFFFAC00C69
FFFFF98BAB8B
FFFFFB87B4F3
FFFFFDE11080
FFFFFD0B6D9F
FFFFF3EEB8B3
000004C91338
0000068141F2
0000065C17C6
FFFFF9CA07F6
FFFFF8736549
FFFFF82955F9
FFFFF88B9BBB
FFFFF91EEB6C
FFFFFA8E066A
FFFFFB4EA0B9
FFFFF9741AA9
FFFFF7634446
FFFFF7815DBD
FFFFF8B8EEC4
FFFFF9F7B78A
FFFFFB40A746
FFFFFB90CA51
FFFFFA77B751
FFFFF8E2E4E6
FFFFF9748F0B
FFFFFAF1342A
FFFFFB8D68F7
FFFFFB5CEC0C
FFFFFB058C76
FFFFFA855E79
FFFFF9A0D4C9
FFFFF86A9758
FFFFF8CAC3C3
FFFFFB5307AF
FFFFFC6D0C01
FFFFFA4EC35E
FFFFF235E56F
0000045E919C
0000085DD119
000007ABC8BD
FFFFF5E84C4D
FFFFF4CE3FB9
FFFFF4D54F71
FFFFF527B9D6
FFFFF56631A5
FFFFF6D77F02
FFFFF8122464
FFFFF76870A7
FFFFF6CD91F8
FFFFF780742D
FFFFF834AB4C
FFFFF8D419D5
FFFFF9CDDFF1
FFFFFA5B21F4
FFFFF9B5C615
FFFFF83A1808
FFFFF86D3A64
FFFFFA752443
FFFFFB1FDC01
FFFFF9A29B13
FFFFF744397B
FFFFF5A151C6
FFFFF5AC2B57
FFFFF6947F03
FFFFF7A157BE
FFFFF88C65BC
FFFFF7FE4FFD
FFFFF650AC30
FFFFF0D06B2D
000003793C43
000007259A57
0000058DB6A8
FFFFFBB4155B
FFFFFB25AAE7
FFFFFBC52937
FFFFFBB7AC35
FFFFFC49C9C7
FFFFFD5BBC68
FFFFFE53EE56
FFFFFE377961
FFFFFE12D8F7
FFFFFEA3262F
FFFFFEE7B938
FFFFFF2FA11C
FFFFFF9C3F85
00000013FD50
FFFFFFEBBA92
FFFFFEBD057E
FFFFFEA08979
00000022804D
00000065A0D0
FFFFFECFC97E
FFFFFCAA2A1D
FFFFFBC3EDA9
FFFFFC82AD08
FFFFFDBBF31D
FFFFFE32F930
FFFFFE030511
FFFFFD0B23A2
FFFFFC785154
FFFFF8FF2F25
000005EBB628
0000068E07B2
00000402DB92
FFFFFBB4F549
FFFFF9E49EEE
FFFFF9FA199F
FFFFFB9CF54B
FFFFFCE3CBF2
FFFFFCD0AD8D
FFFFFCA411D8
FFFFFC5F95A9
FFFFFC01A3F8
FFFFFBF5A098
FFFFFBA0ECCC
FFFFFAAB0E57
FFFFFA09CAB3
FFFFFA7A3383
FFFFFAD426DB
FFFFFA42DD41
FFFFFAD44BC6
FFFFFD2779D0
FFFFFE2DBB0F
FFFFFCDAC4E5
FFFFFBA57E23
FFFFFAF19FB5
FFFFFAD959E3
FFFFFD1522D5
FFFFFED8B855
FFFFFC962EC5
FFFFFA915A38
FFFFFC42E458
FFFFFDE90054
FFFFFBB0C05E
FFFFFD2D5A96
000000459685
FFFFFC4CE3D5
FFFFF9E2F330
FFFFFAE1244E
FFFFFB01D752
FFFFFB22E8F1
FFFFFB8E0E3B
FFFFFB6022FF
FFFFFAD741D7
FFFFFA5CCE62
FFFFFA389391
FFFFFA20E88C
FFFFF994CF94
FFFFF8F7399F
FFFFF9492FF2
FFFFF97D4BF0
FFFFF8DE086D
FFFFF8EA4390
FFFFFA105CB7
FFFFFB085041
FFFFFB440FC7
FFFFFADD3E74
FFFFFA359AE0
FFFFF99C2563
FFFFFA73FA84
FFFFFC2EF5A9
FFFFFB663B67
FFFFF9BB4032
FFFFFB93CB62
FFFFFD30AF31
FFFFFAB0286C
FFFFFB0279F6
FFFFFD8D53E7
00000031D8B1
FFFFFE2D1AAB
00000247B82F
000002155139
000001BDD006
0000022290CC
000002203FD3
000001FFB701
00000140E0E1
00000074980E
0000004DBED1
0000009EB636
00000119CA30
0000018A7527
000001AA5B82
000001570AD7
00000137FAC8
000000766451
FFFFFF9B9104
000000465CE4
000000DDBFAE
000000E8F7DB
0000009E6E40
FFFFFF73B66E
FFFFFEB7732E
FFFFFF1DFCFF
FFFFFFE0062D
0000013C7F46
0000017B371E
FFFFFFDECBC4
0000002D3ED0
FFFFFF6A9FD9
000000102423
FFFFFD20A4E9
000001B01FC0
000002BA2F6F
000001EE6DDB
00000143559E
000000FCD249
000001C2F4E4
000001F37766
0000014C63C0
00000104480C
00000159CC33
000001C606DD
0000015D0762
000000FE5707
00000123A78C
000001C8D708
000001436B5C
FFFFFFF7F7FD
00000001154B
00000071B1E7
0000006DE1EC
000000C4E4CB
FFFFFFD1BA52
FFFFFEA90540
0000004975F6
000001636154
FFFFFEDC9344
FFFFFDA419E5
00000058CDC3
000003C08C97
FFFFFFA44E61
00000068BE75
FFFFFCD71DBA
000000CA29EB
0000006D0166
FFFFFEFE7E43
FFFFFCF9ACD5
FFFFFB5AB96A
FFFFFBC1D784
FFFFFCFCC360
FFFFFDEC5E27
FFFFFF086BE7
0000001B6DE5
000000823854
FFFFFF8117BE
FFFFFE77FBA1
FFFFFE59E623
FFFFFEF18A82
FFFFFF3C872E
FFFFFEAF94CA
FFFFFE11D0EC
FFFFFE193645
FFFFFEB2522A
FFFFFF21EAC8
FFFFFE8C74FF
FFFFFF1C9031
00000299137A
000003671828
FFFFFE18F474
FFFFFB84608A
FFFFFF5F029B
000003FE1DF6
000000D59662
00000018817C
FFFFFD214BEF
000000F732D8
FFFFFF0EAB98
FFFFFD6D3C9E
FFFFFD38D0F1
FFFFFC481B96
FFFFFB567B44
FFFFFB6A988E
FFFFFBE0FC52
FFFFFCE92456
FFFFFE6EBE9C
FFFFFF57665D
FFFFFEC97730
FFFFFDF3DDC2
FFFFFE1C5F02
FFFFFEDAB171
FFFFFF5F0DB8
FFFFFF23D477
FFFFFD7A54AE
FFFFFCD968AB
FFFFFEEB1719
FFFFFFF4641D
FFFFFE0A138F
FFFFFE1DA182
000001B9E9A8
0000032D3B55
000000602AAB
FFFFFE637DA4
FFFFFD7CC9A4
0000009578A9
000001A8EB1E
000000330E44
FFFFFD525C95
00000196F7C5
FFFFFFB88D84
FFFFFE74AD8D
000000699A5B
0000020CBD9D
000001BDF835
000000C34AFE
FFFFFF380E38
FFFFFE84B3E4
FFFFFEDF2CA9
FFFFFF3D5BB5
FFFFFF525905
FFFFFF7297F3
000000833167
000001EA332C
000002217381
000001DB3503
000000C2FA84
FFFFFFEF7D4D
000001987B66
000002A257A7
00000085BDF7
FFFFFFA78A8D
000000826617
000000E453DD
00000278B69B
0000034DEE79
FFFFFDEBA77F
FFFFFDB5EBE1
FFFFFFE82538
000000FEA9D3
FFFFFCA732DA
000000E23C57
00000106E597
00000055BB5A
000000E6AD60
000002A0BDFB
000003A10721
00000365EA37
000002377230
000001109CC4
00000004037C
FFFFFF94A218
FFFFFFD9AA20
000000600E10
00000232C3B6
000003B06337
00000263C1DD
0000014B6FC2
000002932EA7
000003183BFD
000002260CF5
0000020080A8
000002B3210C
000002F21056
0000006B148D
FFFFFE4ABA78
00000167B25E
000003CDDAB7
000000F9BF11
00000096C69C
FFFFFF0FA4BF
000001CD6EDC
FFFFFC256EC6
FFFFFF9F66BB
0000013F7984
000001B8DBAA
000000DCC8E8
000000E2696A
00000178DE80
000001E6EEC1
000002CC9DC3
000002ACAD4A
000000FAAA2C
0000005252B1
000000EE57C7
000001A6F43B
000002CF5510
00000397039D
000002293B41
0000001DC220
0000019237F4
000003B27A21
0000023DB27D
00000084BF68
000002920F4C
0000042C043E
000000BCB0AE
FFFFFD75D287
FFFFFF532BED
000000B22F25
0000020148CB
0000051D73CC
000001DA6F81
000001D5B885
FFFFFCBD7A1F
00000000670C
000000A5AE06
0000012BE270
0000017FDD5D
0000011FFD12
FFFFFFC5B0AF
FFFFFF6192F3
00000180B0E9
000002E6EA71
000001E23F4E
000001143F38
0000026FBF77
00000372F54A
0000018AE4A7
000000C84BE1
00000282F57B
0000018B2F27
00000008FD3E
0000016D8D28
000002006E0C
000000DDC68B
000001A234E9
0000033F980F
000001B38C6F
FFFFFF652A12
FFFFFFEE27D7
00000054E072
FFFFFFEAC6DE
000003AB22BD
0000033B26E0
000001816794
FFFFFD7BA8D5
0000018406A7
0000012B5728
000000744876
000000F119A1
000000B4841D
FFFFFEF422B9
FFFFFD865B4E
FFFFFE0FA896
0000000E3C43
000001A64EEC
000001CDAB74
0000031F3F65
000004474DBA
00000082048C
FFFFFDAE288A
00000047DA90
000000B20DC4
FFFFFDC8FA8C
FFFFFD20D276
FFFFFE9CCB6D
FFFFFF67634D
FFFFFF90195C
0000007B0AF9
00000176CF6F
0000017EFFB4
000001974005
00000200C9AB
FFFFFEE1E0F0
FFFFFF60A6D3
0000008C964B
0000011F9ED9
FFFFFCB7F65B
00000119AF56
000001FBCEC1
0000011CC9FC
FFFFFF6DD9D7
FFFFFF067FFB
000000C331E3
0000006766DF
FFFFFD589CD5
FFFFFD1208C1
000000582E10
000001BA5292
000001C85C4E
00000258079F
00000152D6F6
FFFFFF3AA7A9
FFFFFEFBBB7A
FFFFFF3F2B21
FFFFFEC058E7
FFFFFDAAD97A
FFFFFDA6DF52
FFFFFEAB9B6C
FFFFFE71253C
FFFFFE51F0B5
0000006003B3
000001C1CC2F
0000017E8B58
00000198DA3D
000000AC06EE
0000007B4300
FFFFFF77173B
0000008F0B7F
FFFFFB741BB5
FFFFFF28E239
000000CFA14B
000000F83C52
FFFFFEB044C9
FFFFFE36FD43
0000024BB176
000004311AD2
00000118FB6A
FFFFFEA0B19B
FFFFFF00EEFB
FFFFFFE26C0F
FFFFFF9BF3C9
FFFFFED62794
000000833ACB
0000020FA982
0000009EBC43
000000648515
000002A0CE91
000002EAFE42
000001CAEAD8
00000179EC35
0000006EA46F
FFFFFF60973F
00000088F811
000001924E8C
00000143FAD8
000000A815AB
0000027CA0CB
0000050926FF
0000021CB8B5
0000003DECB8
FFFFFBC72B6B
FFFFFF6AEDD0
FFFFFF9B941E
FFFFFFDC0611
FFFFFFFE334D
FFFFFFAA863F
FFFFFFDE24F1
0000019D80B9
000003FE60C5
00000318EC84
FFFFFF2A8674
FFFFFE55DAB7
FFFFFF675919
FFFFFE73E863
FFFFFFCBB941
000002214A14
0000014E0473
000000BB406E
0000028A230B
0000039CF54C
0000033C8FFA
000002CF9044
00000247DADE
000001C547F1
0000019AD982
0000018D7283
00000162FD5D
000000A6F33B
000001F32677
000005F5F977
0000031CE4BB
000000261744
FFFFFCC72961
000001641541
000000027F58
FFFFFF05DE60
0000012D082F
000001E7DE69
FFFFFE114A4E
FFFFFD5AD25C
00000328FEF5
0000053BB209
000000EADEF3
FFFFFF47AD39
0000005E2559
00000054C91E
000000849E35
000000B91CB9
000000BD4DAD
000000A2A4E1
FFFFFF989EAD
FFFFFF3D974D
00000040B202
000000D644B9
000000ED4F8E
000001D088ED
0000023C03E3
000001ADDAB3
0000013E8C39
0000010F1001
0000015A2C3D
0000041F3CE4
00000151FBA4
FFFFFFFC9A06
FFFFFCDC32A4
000002440C53
000000D55ED4
FFFFFF23AF67
000000BF0120
0000022B3BCF
FFFFFFABC76E
FFFFFDEF1DB9
0000007AABB9
0000029D414C
00000267A7A2
000001D6C3F0
0000015410FD
00000159565C
0000004D5808
FFFFFEC3613D
000000AA3F03
000002494881
FFFFFFD0DD97
FFFFFDF6F33D
FFFFFFC93ACF
000000DAD753
FFFFFF34FB58
FFFFFF4296BA
000000EC84C5
0000015E98A1
000001110CB1
000001757CC6
0000021A1C16
000003EA883F
0000006DEF53
00000050B0DA
FFFFFC650683
000001AE7EC0
0000016A1B70
0000007FF137
0000002B8431
00000013C2A6
0000010F5DD2
0000017BD897
FFFFFF3AC3A0
FFFFFE84DEB0
00000250206E
0000043EFC09
000002A1646C
0000021055AC
0000005ACDD8
FFFFFDE9E8CC
FFFFFF7C3EC6
000002395DC7
0000027D50A6
0000019E2479
00000244B8D6
000002C2E35F
0000007E7FD9
FFFFFE33DCE5
FFFFFE0A32C0
FFFFFEE5B324
FFFFFFCA938D
000000C7BE6B
000001C2CD0B
000003ADE4CC
000000BD83C5
000001796B6F
FFFFFC155224
0000009E3DCC
0000019FFF49
000001C59D11
FFFFFFAD7F3D
FFFFFE02DFDF
0000013E76B2
000004079D8E
000000115652
FFFFFD0F0C0A
000001326361
000004121A99
000002556D12
000001E8ACE7
0000028BA805
000000F6D793
FFFFFEBA0CA0
FFFFFF89855D
0000032E986F
000003F9B35F
000001716E72
000000DAEA85
000002362E69
0000015B74D8
FFFFFECC206F
FFFFFE33FA48
FFFFFFA9393C
000001166C90
00000092F4E6
0000019A96CC
0000007B81F9
0000027D0426
FFFFFC88CAC3
00000053A2E3
00000171E2A6
000001B148A5
FFFFFFA0E0F2
FFFFFE2B41D4
0000010A37C5
0000035FEDE2
0000010572A4
FFFFFF101D9F
000000A123DD
0000018E000C
000000D940C6
000001BAE4A4
00000499DA91
00000513C0CE
0000013D8045
FFFFFF583556
000001F3EEAD
000002AF26BB
FFFFFF2EE8A2
FFFFFDC17008
000001169700
000003FBD74B
00000329351E
000001F0F62E
0000027FD4A0
0000037CF689
00000183EEAF
0000007BB817
00000005C983
0000021CCCAD
FFFFFD0F5073
000000C18898
000000F7D0EF
000000FC4C6E
0000009E726C
000000065A62
000000146952
0000009B8866
000001547E9A
000001C5E12C
000000CD96E4
FFFFFFD49305
000000D8736E
000001F4D73B
0000027A54BD
0000036FC9EA
00000380DF0D
00000278B608
0000011DF4D7
00000096925A
000000B1DB64
FFFFFF7C61E5
FFFFFEB4C4A0
0000011013B2
0000037F2FD6
000003B5430D
00000384880E
000004151189
000002A8A0D8
00000158D63C
0000007671D5
0000010A26B2
FFFFFCB0A03D
000000F044D5
000000AEA0B8
0000002A2E44
00000174E0D5
0000021D24B5
FFFFFFD4A8FA
FFFFFE5BB57E
000000FD5967
000003160B89
000000D131C1
FFFFFF1482A2
000001250695
000001B0896D
FFFFFEE2F885
FFFFFE47AB36
00000239A883
00000480427A
00000141232C
FFFFFFA8C3D9
000003392A9F
0000037BB3F1
FFFFFF068797
FFFFFDCDC03C
FFFFFFBCBB3B
000000B936E3
00000125FA8C
0000014D927B
0000011F9355
000001D71A85
000000AD38D0
000000E68A2D
FFFFFC182854
000000D99326
000000B260D3
FFFFFF93BD66
0000013F4E45
000002EE380C
0000003CE06D
FFFFFDD437C7
000000FA9AE5
0000039889AF
000000767CFC
FFFFFE616F26
0000010B4113
0000022FD89C
FFFFFF035890
FFFFFD0AB689
00000022564C
000002F59F69
000000BDE23E
FFFFFEF8BA0C
000001D7174A
0000038439CC
000001DB7F42
0000002EEC15
FFFFFED61C6F
FFFFFEE4F8F7
00000006B3C0
FFFFFFD91A76
00000092A635
000002CB9133
0000003B98F7
000001903FEA
FFFFFBE136D3
00000087E947
000001224FAA
FFFFFFF234D4
000000A6B38A
000001D501F9
0000004772D9
FFFFFEBC3A68
0000010CEF82
000002D68858
00000084AFD4
FFFFFF45C0FA
00000115C6C0
000001C4597A
000000D942D7
0000000D5D11
FFFFFF7C4B96
FFFFFF2EEC6B
FFFFFEE48C75
FFFFFEA3B0D8
FFFFFE5D238A
FFFFFF5E90CB
0000025A5E4F
0000038F0D70
00000173FB68
0000008EFFCF
000000EEA0D5
00000097DAD9
000001E7CCA3
0000046979DA
0000013A80D3
000001D08083
FFFFFB74BFC5
FFFFFFBDBE33
0000012FB18C
000000BC7536
0000009F8EED
000000DADD93
000000B50B98
0000007FB7E6
000000735988
000000BFCCEB
0000012F3CE2
00000150B63A
0000003D4D29
FFFFFF8E0D3C
000001C4DEF3
000002F4ED4D
FFFFFF7B69CF
FFFFFCD0BC32
FFFFFF210E8A
000000C7059C
FFFFFE61C86C
FFFFFD1233FA
FFFFFF93EC7A
0000025563B8
0000034C854D
0000036413BF
00000230A6BA
0000017870D9
000001A6BE43
0000037187ED
000001B62644
000000CA98DD
FFFFFB0C8D67
FFFFFF1F6AB2
FFFFFFE6415F
00000037EE1A
0000005181AB
000000600DDB
0000014E08DD
00000213C94A
0000002CA948
FFFFFEAD95F1
0000014C9286
000002FB312A
FFFFFFCF548C
FFFFFE145807
000001D77FCA
000003E0B3B9
FFFFFFFA27E7
FFFFFD75B491
00000099C8B4
000002BBF5E7
000000E30F1F
FFFFFEE70EC3
FFFFFDF14152
FFFFFEC6EDD9
000002897DBA
000004F170C5
000003487865
00000244D819
000001760C78
000001961FC8
000000377821
FFFFFEFC848A
FFFFFBAB1855
000000D0C488
FFFFFFF70C12
FFFFFFE65B8F
0000000DB6FC
FFFFFFEFE08A
00000153E137
000002A82B1F
FFFFFFF5B335
FFFFFDB831E1
000001192D39
000003C7B28D
000000628413
FFFFFDEB02CB
000000E4778A
0000032260A8
0000015D9C4E
FFFFFF62FCBE
FFFFFFEC7EDA
000001693B12
00000244D32E
000001F1185F
FFFFFFF5654D
FFFFFF27355C
000001CCC365
000003E841E7
00000202A6A4
000000DB7B2B
000001C402D9
0000028737B8
FFFFFFFCD23A
FFFFFDDDEABC
FFFFFBDCCA71
000002C1D9B7
00000185763D
0000011B4F80
000000FD3BE4
000000933856
00000189E652
0000024C9406
000000199146
FFFFFE6C9F19
000000981C0C
000002974A05
000000FE163A
FFFFFF33F528
FFFFFF986261
0000009863D3
00000190FB7C
000000FD6CB4
FFFFFEA5A628
FFFFFEDABA7C
000001D88741
0000032ADF66
000002F56C55
0000034BD6E8
000003091435
000002187035
0000005ED131
FFFFFEDEA250
000000697EC7
0000036A33AC
000001263069
FFFFFF49D181
FFFFFB8EA2A0
000002B7A8F6
000001DBF4B4
00000177E272
0000015D1DD6
000001009D9F
00000165E50C
0000019A8107
0000012688CE
0000009AF07B
FFFFFFC0167F
00000007436D
000001C200FC
000001C2819F
FFFFFFA22D6C
FFFFFEDA0F0E
0000015743AE
0000023CAFDC
FFFFFF6AEC54
FFFFFEB141AA
000001566542
000002BAA3AF
00000399E99B
000004DA5BE8
000002A955C2
0000005329DC
000000FA8E41
0000008FF22C
FFFFFFAC8D7C
0000024B6D7A
00000106E4D1
0000028D8768
FFFFFD53E6A5
000002946141
0000015BD27E
000001744FCE
000001115BE8
0000010351D5
0000012EE227
00000104A4E5
0000023462B7
000002FBD31E
000000682E43
FFFFFF2C1FF9
000002308AA0
0000038769A9
0000011A58E0
FFFFFFE3F1DB
0000020DD53F
00000332CA77
000001D3149B
000001850294
00000292A352
0000031A708F
000003D3DE6B
00000413F570
00000168CABF
FFFFFF59AF2E
0000018E131B
000003246226
000001F33F1D
0000021E798B
0000013B0C50
000003AF1D95
FFFFFEC6AE0D
000003008310
00000169E4C5
000001A19D71
0000011C4D3F
000000FDBF0A
000000EB208A
00000092B08A
000001CD9D6D
000003316920
0000019A1138
0000001A4409
000001D6F1DB
00000332E5A0
0000022206D4
000001379860
000001C1B067
000002469B02
000002EC7CC6
000003D0B8F1
0000036EC8E1
000002F59AF9
000002C125C0
000002333C0D
0000017691CE
00000089A8E7
000001179048
000002BC0968
0000020F3AAF
000000A47D3A
000001A819E2
000001AE330F
FFFFFD04314B
000000CC677A
0000006C855F
000000C4A5BC
000000DB89EC
00000107CE88
000001000FF3
00000103E57F
000001B97B2C
0000029051F1
00000292C569
00000299733F
000002D7228A
0000032AE3CE
0000034514AC
000002DD1B2A
000002278DE3
00000224075E
0000036B5BA0
0000046469FF
0000037B2C66
0000025670CC
000000B8E9BF
FFFFFFA2D4E8
0000013066DC
0000023C77B8
00000157E15F
000001EC65CA
000000FC6DDD
000000A86815
0000034D4714
00000137AEAC
FFFFFAEBDA8B
FFFFFD4C7FBF
FFFFFBAC1B1B
FFFFFBB0A299
FFFFFBB78494
FFFFFBE275A7
FFFFFBD8B5AD
FFFFFC18CC30
FFFFFCC61D11
FFFFFD16B846
FFFFFDA8F504
FFFFFE93C72F
FFFFFE8D3033
FFFFFE428682
FFFFFEA2CE82
FFFFFEF29B5C
FFFFFEF03199
FFFFFEC7ADE9
FFFFFED491F9
FFFFFF557477
FFFFFF0FAA86
FFFFFE4AC3E9
FFFFFCFE65AC
FFFFFB85ECA2
FFFFFC2FCD41
FFFFFD8BB6B1
FFFFFCE08324
FFFFFB7A3772
FFFFFD71F104
FFFFFE98B629
FFFFFD93AD68
000008C7985E
000007240563
000007E78611
000008EA0872
000009310E23
00000941BA12
000008D27FEB
000008858FCA
000008B4C3A7
0000095062BA
00000A3724B6
00000AEC53C7
00000B22F3A2
00000B066C3C
00000B1644DC
00000A9580C7
00000A02B18A
00000A883EA1
00000B8A8F26
00000BA04824
00000A16BF93
000008CBEBDD
00000931A940
00000A78E255
00000BE69F86
00000C2A1598
000009A74D4E
00000812685F
00000802B7B6
000006EF4BE0
00000482D90E
0000061940B8
00000352250A
0000011346B5
00000026065D
000000BE379B
000001ED635D
000002547421
000002F3A567
0000033BA729
000002F79503
000002C268E2
000002E49523
0000029D4B8C
000001F246FE
0000018CE4E6
0000020443C6
000002246384
0000023668AE
0000035F7E8A
000004C5F60A
0000050FC724
0000048F591C
000003A9E369
000002F8C97D
000003BD71F3
000005BA58C1
000005E35FA3
000003431F2B
000001CD11A7
000002054855
000001452E9B
0000004942C3
000004297F5E
000002E8D094
0000015EB388
FFFFFFBD47E4
000000DF064C
000001EA6E97
000002B49C09
000003E3C4AD
000004CACD88
00000523E8B5
000004DD44C2
0000049AC857
000003DC7A97
000002B1A176
000001FD8DDC
000002A10B7F
0000031DF9BE
00000316640B
000003F7BBF2
0000051B7468
0000057AAE17
0000061CAAF2
000005B20F83
000004414F9F
0000046835B9
00000641CB40
0000062E21BA
000003F67FC3
000002439C89
00000165CE71
00000061730C
0000005563AE
000004E702B7
000004076CCE
000002D7CE99
000001588220
00000318D027
000005270968
0000060E0DC6
000006D3BAC6
0000072A9055
00000744EE30
0000071DB294
000006E74B48
000006728F3E
00000572C690
000004BDF629
0000051BCC28
000005202129
000004B5C5AC
000005661026
00000619DB71
000006655F7F
000007098446
000005C05840
0000035C6B9B
000003B1E2F9
000005E5B093
0000065794A1
000005406144
0000032438DD
0000004E0E70
FFFFFE190C33
FFFFFF716A56
000006479AE3
0000039A2CB8
0000038296C0
000003A032DC
000005E835F5
000006F9C9A0
0000072C343F
000006BC5730
000005EA74B4
0000057CAE9F
0000058A05DD
0000060314AB
0000069DD209
000006766272
0000060CEF35
0000063FBB71
0000061E4CBA
000004FD664F
000004C64E67
00000528528E
000004DCDB09
0000048D606A
000003361FF7
000001A754D4
0000023DB899
000003F2CA4C
0000051DDE60
0000055E754B
000003405EFC
FFFFFFB3D3B8
FFFFFDD8A8D2
FFFFFD2B7CD4
000005361D1B
0000031DDDC5
000002C86FEC
000002D9792D
00000418C73C
000003D057DF
0000031F3E26
0000029222E0
000001E3B063
0000015FC13F
0000018330E5
00000260B103
000003775646
00000417530A
000003B6FAAE
0000037CB646
000003603346
0000026B9495
000001C05F00
000001AB6F6C
000001487A46
000000A00FD7
FFFFFFBA1AA2
FFFFFFBD2145
000000A390E0
000000F4F524
0000029902C5
00000533E50C
0000040CEBD6
000000459A46
FFFFFE5C0224
FFFFFB0DAD6A
00000305859A
00000280FB9C
000001F7DAFF
0000019BD9E6
000002031EB0
000001527FA5
000000AC29D1
000000306BE3
FFFFFFC7B90B
FFFFFF922CE9
FFFFFF727196
FFFFFFBC7EC8
0000008AF662
000001556484
0000011D36DE
00000083CA72
000000A79EC0
00000098E6C1
000000061E1A
FFFFFF497E95
FFFFFEFFBE8D
FFFFFEBAE609
FFFFFE29E6C0
FFFFFE7D562E
FFFFFF08B528
FFFFFEB85423
000000BF2F9F
00000451E6DA
0000044E6CEC
000001CBDF82
FFFFFF9C5B6C
FFFFF9B98779
00000185651F
000001F83999
0000015D9F5D
000000D1860A
00000191DFC4
000001B728F7
000001CC30C2
00000149D5A1
000000E0F10A
000000EE6506
000000C4892C
00000025209C
000000226755
0000007F8919
FFFFFFD11F46
FFFFFF0DCA2B
FFFFFFE8014B
0000011BFEE5
0000013ABEF2
000000CF70C5
000000E081A1
0000010B0AA3
000000B22756
00000097807B
0000008C02A0
00000046F7FB
00000260A0FB
000004A4E015
0000034B175E
00000182A0BC
FFFFFFE3A45D
FFFFF9B41904
000002102D0F
000001A5E485
000000E2585E
000000253C58
0000014D0B11
000001990F8B
00000204044C
0000020D2D0F
000002216CC1
000002254B7A
0000022487DD
0000019E0140
0000012E5D5E
000000A6A168
FFFFFF40D576
FFFFFE721460
FFFFFFD59FFE
000001055A4E
0000018A88A9
00000279FA31
0000031CB690
0000030F5CC5
000002F75930
000003495FC8
0000035B1BE2
00000312172B
00000417FBB6
0000045CE6C9
000001B8DA30
000000512F83
FFFFFF84054E
FFFFFA960EC3
000003A5A16D
000001999C35
00000116DB1F
0000008773FE
000001C9CA6E
000001C7C7A7
0000028724CC
000003998A33
000003F81B53
00000325F385
00000268D6DD
000001F3CE48
000001ED789F
000001D559B9
0000012B53FE
000000D4EDC2
0000022CA573
000002885971
00000270A23D
000003E21CA8
000004972156
000003BEA558
000003579B4C
000003C77AC8
0000041109F0
0000039C0B0D
000003B1F4D2
000003714A63
000001D41DA6
000000E9C2E2
FFFFFFAC1E6B
FFFFFA3DC0A9
000003FA252E
000001FBA43F
000001ACD6B1
0000015171F7
000002AE18FE
000002BF500E
000003E0DAF4
000004DEE36E
0000047F87E2
000003604A93
000001EFD007
0000008F14E4
00000111258D
000002DF0F95
000003BB208F
000003F00BBC
000005230B35
000004D10EA3
000003DC8D01
00000407A7B9
000003E77466
000003355862
000002606924
00000213807A
0000026ADD67
0000029D42D7
000003329651
000003A83D1D
000003030C35
000001AA7EB1
FFFFFFBA790F
FFFFF86E54D4
000002BD2275
000003383F7A
000002A2A536
000002026D0E
00000342F9E5
00000321B93B
00000398B682
00000383E708
000002C7CF0D
000002CDC09B
00000237B2C9
0000003D0D2E
0000004231FD
000002882D5E
000003DE03C9
0000046ADCBF
000005777E20
0000055384B1
00000390650C
00000161D888
0000007F023C
000001553EB9
000000D9B34D
FFFFFFADA93A
00000051E9B2
000001AFE14F
000002A69F1E
0000033CFA42
000002631D2C
000000A4DCDB
FFFFFEC6E8EF
FFFFF7227DEF
0000010F15C6
0000040A4C0E
0000032678F9
000002186694
000003148778
000002BD69EA
000002531DAA
00000204AFA7
00000240F40D
000003223070
000003145BAB
0000020BF741
000001179E2F
000000CAAC64
000001778019
000002EAC25F
000004549339
0000055C2A22
000003DC79F7
0000002A0527
FFFFFF4A7917
0000015B7A88
0000010ABDB2
FFFFFF25C050
FFFFFFA34C31
0000016074C2
000001E463BC
000001DE1F89
000001384A63
000000A5043A
FFFFFEBE5EA5
FFFFF7A53175
00000067DA61
00000377A86E
000002A2F20C
00000199113F
00000262F618
000001FBD56A
000001C7D442
0000023916B1
000002F256C0
000002E77AAF
0000029CB1CD
000003766CEB
000002A1C393
FFFFFF656315
FFFFFEAF69D4
0000006E5DE6
0000026912F5
00000533548C
0000059F8B14
0000031F432F
0000028F73F6
00000384B6F1
00000230AA23
0000003629B2
0000004A8387
00000151A050
000001F1867D
0000025D8065
0000026A1B98
000003282C86
000000E9CC21
FFFFF9B9A2A7
0000018A95C9
000002CF3374
0000022681B0
0000019EF89F
0000026D041B
0000019A03C5
0000014312F1
0000024B3F9A
000002B7C5EE
0000016BEDF9
000001B3CF9E
0000047375D0
000004298AFA
0000006BC6CD
FFFFFE80590C
FFFFFE39506C
FFFFFF9828E4
0000033EA3C7
000005AE357B
00000604BBEE
000005BEBC05
0000040B3571
000001D27332
000000EA027B
000000CF64E7
000000AC33F3
000001B5991F
0000035120CF
000003DE389C
0000048EED4C
0000023732ED
FFFFFB947644
00000312F022
00000264B7AE
000001B962AA
000001C82C4F
000002EC04A9
00000197E3AF
00000098F9D5
000001B6D2A4
00000264EC67
000000F201EB
000001554E4A
00000398FAFB
000003AA28E2
00000287B99C
0000011AC298
FFFFFDF9E7BD
FFFFFD3F6FA4
FFFFFFD3ED93
000001DFF6D5
000003D19ACF
000004A6D016
000002B7BAFD
0000011F4129
0000016C3B4E
00000141B35F
0000004F6960
000000E855F3
000002DAA7BC
000003750856
00000338115E
000001554662
FFFFFC24C2A4
000003A9C40D
000001D57116
00000163CD76
00000196CCCD
0000030A6BE1
000002220C67
0000010B16F8
0000014D9D2C
000001DBFB9A
000001858DF2
00000118A962
000000801377
0000012AFBEF
000004589DDF
000004954A99
FFFFFFBB5D96
FFFFFCEB2AA1
FFFFFD81EFCE
FFFFFE2DFB51
FFFFFFC69685
000001C3059A
000002A74589
000002843D8C
0000022AD69E
00000185136B
000000BFC28E
000000A95BD8
00000190C237
000001DF5008
00000159D836
00000003ADA1
FFFFFBE1E44D
0000036D431C
000001537F91
0000015842F3
000001ADA3FC
00000320E2D4
0000026F11B4
000001A8092D
0000010DD4CB
000000DCBBCA
000001C8388C
000001BF0E2E
FFFFFF54EEA1
FFFFFFCC96F8
000004474B46
0000051953C8
000001363F4D
FFFFFE7C7823
FFFFFDB9B98A
FFFFFDC84AF6
FFFFFECBD88C
000000B26EB1
0000034D9208
00000390E41F
000001A02ACC
0000000D9D37
FFFFFFA3F90A
FFFFFFB4DCB9
0000001B8F95
000000C7D138
000000E5E20B
0000001270AC
FFFFFBB312AF
0000031C49E5
00000124C95A
0000014B918E
000001C2FD25
0000033E6398
000002943F1B
000001B59C4F
0000009A6E81
000000543B51
000002260DA6
000002B0C2C3
0000001DF9D5
FFFFFF6D127C
000001D1C44D
000002ECE4E6
00000277816B
00000154223F
FFFFFFB66B64
FFFFFF4CC83F
FFFFFFD3005B
000000EC5799
0000027C77AF
0000023AA1BB
000000B51BFB
FFFFFF4F727B
FFFFFE5E807D
FFFFFEBE4DCF
00000012DAF7
000001AACA1B
0000021D83AA
00000148AC1A
FFFFFBBCB89E
000002CB3611
0000015A1302
0000010C3EDD
000001621A56
00000328449C
0000030ADC29
0000020652D9
0000003618D0
00000068C5D3
000002A4848A
000002B5717C
000000A102DC
0000001D4B68
000000EC59FE
0000025B1867
000004737C7A
00000409960F
00000182E410
000000B8DE7E
000001453079
000001F6BF42
000001E968AE
00000194C92B
000002328AF6
000001BFE84E
FFFFFFD33124
FFFFFF867F2D
0000016667F9
0000038ABAD7
000003E8FE02
0000025DE22C
FFFFFBDBF537
0000028B42B9
0000019DB890
000000CA8CB0
000000BD25A4
000002C8EED7
000003851FB6
000002B289F5
0000004F37EC
0000005CB8B7
000002510D99
00000257C437
000001B59F6F
000001DFBAE7
000001504FFA
0000022B6B33
000004DE1138
00000470EC6D
000001AF7ED0
000001664BAC
00000304D954
0000038EC187
0000026DA0A3
0000026E79E4
00000411C13D
0000038CA65E
0000016C2EDB
00000082C9AB
0000013FAB14
00000336982F
00000496D40E
000002B4478E
FFFFFC15B452
0000027C01BB
000002166D84
0000010C8853
00000054B55B
000002DA3727
00000462024B
000003C0C4D8
0000015536D2
000000DCFFC8
000001A7D2EF
000001DA3535
000002C3156D
000002E36109
000000C474D4
000000F19BB2
000003E015B0
000004006942
000001CC5523
0000020DD2DF
00000453D7A9
00000517BD1B
000003E62D46
000003548E0A
000003DE7470
0000030414D3
00000227B1CF
000001489A9D
FFFFFFA66A62
00000042C74F
000002D1CB41
0000015EC00F
FFFFFB627C6F
0000026B74B5
000002BD2C97
0000019960F7
FFFFFFF6FF3E
000002CB3A78
000004F455D8
000004BE413E
000002D2B0B1
000001DD1340
0000011A50FB
0000011336AD
000002F6025E
00000318A6AE
000000CC50DB
0000012CB676
000003C43D33
000003D511A3
0000025E6E96
0000029406AC
000003ABFE32
00000461418D
000004A9D067
000003CF1D68
0000026A5669
00000226F146
0000036788E5
000002BD9CC4
FFFFFF636875
FFFFFEB04D22
00000102AD10
FFFFFFBE7202
FFFFFA8DE2FC
0000027A8F17
000003C7BA85
00000280566B
000000550CCB
000002715FC7
0000041033B5
0000046AD747
000003D74405
0000028D5DB7
000000859622
0000006F8FF2
000002D668C5
000003259B00
0000018360FF
000002759A1F
000004483A8B
000003AC54DD
0000027CA23B
0000028900A6
000002428D45
0000023CB630
000003DC6BCC
000003E94F9D
000001D97507
0000014B6E39
000002C6833F
00000253C1D4
0000001D93B0
00000016812B
0000014958CF
FFFFFFBD201B
FFFFFAEE95DF
000002CBD591
00000434EC6F
000002BC5EF1
0000012BCFDC
0000025BA52D
00000279B8F8
0000030BC870
000004247A47
00000328DA8A
00000067A7DA
00000058D841
0000025F426A
000002800661
000001DE0EF9
000002FB21FD
000003FAC6D1
0000039B0A7C
0000031C96C0
000002CCB528
000001E2C3CB
000001A89988
0000030591CB
000003594F58
000002037D78
000000C8F2E2
0000004F0AEF
0000002F857D
000000FE9E5A
00000241A6A8
000002362D3F
000000653153
FFFFFBA0899A
000002D5548E
000003246D93
000001143946
00000093EC4D
00000179DFF8
000000B4F2C0
0000016100A7
000003A15EC5
0000034D78FA
000000D3D018
0000008AE666
000001652346
0000017646F6
000001E5780A
000003169ED2
00000364B70A
000003A69C88
000004091C8A
00000343B3FD
000001FABA9C
000001AA3F89
000001B2F3FF
000000F8B42D
00000081F9F0
000000233521
FFFFFEF84936
FFFFFF306F73
00000171EE9A
000002BB74E6
000002494AEE
00000086DE73
FFFFFBC7D6AF
000002784618
000001DE2FCC
FFFFFFB11FB1
FFFFFFD2C67C
000000B6DDCE
FFFFFFED8234
000000988999
000002DA5CDE
000003157657
0000019CFA0D
000000F7C9F0
000000A820F7
000000B0DD9C
00000183D05B
0000026F004F
000002B6857D
0000037B7FC4
000003FF1849
000002CCB597
000001865752
00000119AFF0
0000001EA887
FFFFFF1202AE
FFFFFF62B0B1
FFFFFFD7D390
FFFFFF514283
FFFFFF95D1F4
000000BB62E7
000001A3F45D
000002311AF0
000000951FD8
FFFFFBB07948
0000021818C0
000000E0AC25
FFFFFF7F1B29
FFFFFFAD557E
000000ACD4FE
0000008D8934
0000012F1F09
000002823898
000002E3FC03
000002A9FDA4
00000193FEF1
0000001174DC
0000000F1328
000000914351
0000006EE852
000000BEDDE3
0000020C8D0C
0000023706C6
00000056F171
FFFFFF7D5784
FFFFFF743EEF
FFFFFE96441E
FFFFFE4CD76F
FFFFFF70FA4F
FFFFFFFF4930
00000020B3C4
000000A320CB
00000082EAAF
000000D47B14
0000020F4BF3
000000A7A526
FFFFFB7B856E
000001F60E58
000001CCDCC5
0000025B9182
00000314169E
000004905D1D
000005B52DD4
00000644BD52
000006A8D7FE
000007048851
000007BE6135
0000067BDE8E
000004465F30
000003EC6F46
0000041988E1
0000031973CE
000002BC6D34
000003FAF555
0000048EEA29
000002ACD5B0
0000015C3E01
0000018F95A0
000001917C50
000001983841
000002A4E2CC
000003C7EADF
000004C8B7D3
00000599A9DE
0000056D1B1E
000005213B09
0000054FEE5F
000005073B67
FFFFFEE58171
000004EFED13
FFFFFFB06955
FFFFFFCFD898
0000004518D9
000001168F1A
00000173D1A1
000001A44C0E
0000013F6F3C
000001CB1C00
000002EF8479
000001C2E2C0
FFFFFFBA6AC6
FFFFFF8CA5F9
FFFFFFB8B2D6
FFFFFECCEAEE
FFFFFE29E32A
FFFFFF04F32E
0000003E9F95
FFFFFF4BD2A4
FFFFFDE3E41D
FFFFFDFCBF41
FFFFFEEC7068
FFFFFF5F2314
FFFFFF58DC3D
0000000501F3
0000013E30AF
000001DCE838
000001E96480
0000019BCBD3
000001513C21
000001785773
FFFFFBA626B9
000001D8A906
000002127D06
000001C7E905
00000124C168
000000D70B0C
00000061460E
0000000394E2
FFFFFF78041A
0000000642CA
000000ED1E52
00000012957A
FFFFFEA807CA
FFFFFEAA90D7
FFFFFEDFF0B3
FFFFFE210FD6
FFFFFD351116
FFFFFDEA0B55
FFFFFF3A6988
FFFFFEDB3192
FFFFFE0166AA
FFFFFE493FC6
FFFFFF6B14FC
000000632613
000000387580
0000001D2F5D
00000064FDCE
0000005D7545
000000AB159A
0000010CB43B
00000082FA6E
FFFFFFD3433E
FFFFF9F0C0A9
FFFFFF686890
FFFFFEA68C96
FFFFFF211FE4
FFFFFDE38E03
FFFFFD6882F6
FFFFFC8D7638
FFFFFC23CE74
FFFFFBDA69C4
FFFFFC648D82
FFFFFD267AB7
FFFFFD07EEDD
FFFFFC9C0983
FFFFFCC58A06
FFFFFD11E54F
FFFFFCD92F5E
FFFFFC1D428F
FFFFFC6FDE9D
FFFFFD80F9A9
FFFFFD6495B4
FFFFFCDB5999
FFFFFD410BAE
FFFFFDEF1AAC
FFFFFE1788C0
FFFFFD9DB2BF
FFFFFD6A0EC2
FFFFFD30F5C8
FFFFFCDFDDCB
FFFFFD0E1F6A
FFFFFD872BA5
FFFFFEA284E7
FFFFFF0719E4
FFFFFA073C36
FFFFFEE5E3F3
00000562D8AE
0000060FCB90
000006D39565
0000071E8C3D
000008100562
000007B8EA4C
0000077A8D0D
000007504BAC
000007389E26
0000071DD90F
000007696F06
0000081C0BF0
00000903E369
000009EE227D
00000A5FDBF7
00000ACA954A
00000B16D1E3
00000A8A21D4
00000961DF09
000008475EB5
000007DBDFD6
0000091F0645
00000A249AD1
000008F2CF0F
000007295F34
000007176602
000008867B02
00000A941C11
000009EFFB7A
000007E7F87B
00000757BE2C
0000039918BA
000006346D3E
000006636D03
00000673EA4C
000006916279
0000081A238E
000008159FB6
0000081173FB
000007DED916
00000792D7E8
0000075B8E66
0000076AB15E
0000079D9882
00000845A044
00000983E11E
00000A500153
000009D7CB45
00000974CAC4
000009C9B96C
000009BDC8E6
00000911AEA8
000008C1BAAB
0000093DF5B8
000009C99386
000009542156
000007FF4CD7
000006948F3E
000007382DF8
00000ACCA1F6
00000C1E8550
000008BA08FB
000006D4B853
000002E28063
0000046E3377
000004C2B768
000005B0C808
000006000940
0000078F66DB
000007A232A7
000007932435
000007B81FBB
000007DC860E
000007E5904F
000007C7E309
0000075FD85C
0000079B0D92
00000904FBD0
00000A656671
000009BEF307
000008F66978
00000985429D
000009C1124E
0000095B04DE
000009436219
000009DA7B4A
00000AF1EB60
00000B1D76AF
00000959D50F
00000632B004
000005C9838C
00000A893CE0
00000E9BDFFB
00000C37E69B
00000A0178D0
000004ABFD35
0000058F289A
000005616FD3
0000065E8746
0000061862D1
000008CBE8EF
0000091A8612
00000960CA7E
00000A5BB2EE
00000B33ADA4
00000C27C618
00000C9AFB3E
00000BD6B06B
00000B4D131F
00000C369109
00000D577953
00000C2541AC
00000AD388A7
00000BA996F0
00000CA79D7B
00000CD9B4E2
00000CB376CA
00000C2E4EDF
00000C55793A
00000DF54700
00000DFE7774
00000A1A121A
000007A569F0
00000AEBD7E4
00000FDF0AFC
00000E6EBA4F
00000D3FC0A8
000007BE9D36
00000641FA0E
000006884661
000007224E8B
00000713C0A7
000008FF229E
000009459D91
0000097B5A89
00000AA91332
00000C3588CA
00000DB0B6DB
00000E684A57
00000DE96C35
00000D312955
00000D8AE860
00000E16D746
00000C7A613A
00000AE6EC0C
00000B79C67F
00000C786A16
00000CA5B536
00000C542A04
00000B8352AE
00000BCEB477
00000DD813D1
00000E0F5240
00000AFBC196
0000088177FB
00000957E8F4
00000D604922
00000D024ECE
00000DDF812D
000008984AFD
0000060754DE
00000687FBEA
000007065FC1
000006C02606
000008CD3E34
00000956FA12
000009D2924A
00000AEA1D79
00000C56FDA9
00000D1ADA0E
00000D5E4325
00000D497422
00000CFEE20B
00000D59F6F4
00000DFB029A
00000D18202C
00000BBB4F82
00000BC49DEF
00000C512CBC
00000C4FDB37
00000BD3642A
00000B03821B
00000B4B6906
00000C1A881B
00000BE4E4AF
00000B931505
00000ADD3092
000009A7916E
00000B804EB7
00000CB2DA5C
00000EA328C4
000009A88D4D
0000056A1343
0000063C63E2
000006A3EAB2
00000598DC27
000007566A73
000008314E2C
000009297FE6
00000A8C282D
00000C19E820
00000C61B431
00000BFC2FFB
00000BDCA4E2
00000BD7F991
00000C19CEED
00000CBF75E2
00000D0C62E9
00000C4A785F
00000BC5D70B
00000BCE52C3
00000B86A47B
00000AAA975A
00000A5339BA
00000ACC028D
000009F1FB2D
0000089A69D6
00000A4CB35E
00000B8C24B4
00000A29C658
00000B06D5C6
00000C58CE71
00000EF26B84
00000A914AC8
000004CC9242
0000062A8614
000007083107
000005736802
000006BBC67D
000007B9B481
000008D7F166
00000A60CD20
00000C3694D1
00000CD2998B
00000C868B12
00000C4709E8
00000BE50044
00000B32F57C
00000B74D4BE
00000C6288E2
00000C290EB5
00000BE96B72
00000C39D62B
00000BEFB187
00000AEA40BE
00000B208D27
00000BFE3386
0000099F4C55
000007143ED7
000009243EB9
00000AECF7EB
000009DC8226
00000BD29729
00000C0D361F
00000F49A592
00000BDED6D9
000004E19578
00000670BA3B
000007CC6B22
000006374E23
000006F96EBE
000007932DE1
00000852160C
00000959999A
00000B0A56F1
00000C92E311
00000D3EDDC0
00000D63465B
00000C9DFA7A
00000A9958AB
000009FECC3B
00000AC6E400
00000B04D779
00000B4C5B0D
00000BEFB67E
00000C2406FD
00000B951304
00000C09D593
00000D09EC7A
00000A9186CD
000007B87C40
000008986CB0
0000099E2966
000008F9473E
00000C2FD1F8
00000BA39E23
00000EDF6FD3
00000C911A02
000005634161
000006CD1716
000008294CB7
000006CFC59B
000007988D20
000007AB5218
000007CEB287
000008364AA7
000009761E45
00000BBEB9F9
00000D6D2966
00000EC931F5
00000EC0B71E
00000C33E809
00000A50F2DC
00000A193348
000009EFB1CA
00000A40E678
00000B216881
00000C4B2B84
00000C5A359D
00000CAB5298
00000D4BE8E3
00000C264FF1
00000A0E0146
0000091C4F82
000008C87F28
000008FBE867
00000C4F0141
00000B295AA0
00000D57D2F6
00000C56F31F
000005A4E247
000006F608FC
00000816E10D
000007173929
00000859DDEC
000008A0D224
00000873F0C7
000008407074
000008E9CA08
00000AEA5651
00000D18EEE3
00000FBB3820
000010C82CBD
00000EEFDD9A
00000C92C242
00000AA533F8
000009685ADA
000009CEF2EA
00000B5A5323
00000D1841A1
00000DD7A1B8
00000DE87E58
00000DF1CCE5
00000D9A3F0B
00000C1786F6
000009F08176
00000896D1F9
0000097D94AA
00000CC23690
00000AB73AA6
00000BFFE1F9
00000C38BEF3
000005F1D80D
000006F6B09E
000007F123B6
00000729827E
000008AC598B
000009A7D985
000009E78E0E
000009495A4E
00000949D49D
00000A25A855
00000BDA36F7
00000E5F3B90
00000FC21942
00000FDE5328
00000EC4B630
00000C20EF39
000009DDEEAE
000009D6E117
00000B608C2C
00000D2CFCCC
00000E473AC6
00000E18CA3B
00000DBF4FEA
00000DD595E3
00000C9E13C5
00000A061AEF
00000838F5C0
000008D9D69D
00000C4A88E9
00000978499B
00000AF97318
00000BDE4731
00000674765B
000006F7229A
000007E1BAEF
0000078C2F72
0000092B5A22
000009DE66C1
00000A42F453
00000A2A4FD9
00000A269622
000009EFF2E3
00000A985BDC
00000C1DE828
00000DB4EBA1
00000FAACFAF
00001035550F
00000E80A03B
00000B9BCD2C
00000993C3F4
00000A100C02
00000C078628
00000D51D226
00000D39E78A
00000D8F8D20
00000EB36BF0
00000DD97784
00000AF86E44
0000089B68AD
000007EF0D76
00000ADEB2B4
000007E9C542
0000094FDA27
00000A6FA37E
000006C6BAB4
000006F78FF1
000007897DFB
000007B2047D
000009F4B8C0
00000A0E1A41
000009DC01EB
00000A7F1ABD
00000B124B5A
00000A797403
00000A5D9E0F
00000A9F1437
00000BB81B72
00000E368944
00000FDBEE7C
0000101C8B35
00000E146EF7
00000A8DF1FB
00000971AF2D
00000B2E632F
00000CC6E70E
00000CF727B7
00000DD6E456
00000F92097C
00000F60E6CB
00000D08B628
00000A6EEB70
000008A99788
00000AB8198F
0000078872EC
0000087EF610
0000095691FF
00000682C076
000006F0B33C
00000754426C
0000076081EE
00000A599FE1
00000B2FB56A
00000AC603A2
00000A9366FE
00000AD52377
00000B2D6B29
00000B26CC85
000009917C5D
00000932D718
00000B3053C3
00000D809E53
00001012172E
00001061D602
00000D643552
00000ADAC40B
00000B6A0B3B
00000CAE19FC
00000CDEB308
00000D60A279
00000E7AEE2F
00000EF2D654
00000DEE51C6
00000BF70190
00000A12691F
00000B85C3E0
000008316E4A
00000993EC2C
0000093BE432
0000063D5DC2
000006FD785B
0000077889D1
000006D69BDA
000009BA3299
00000BC06B4D
00000C489B0B
00000A9AF8AE
0000096E1681
00000B5FD464
00000CAD1399
00000A4578BD
000008954BC7
000008E507DD
00000AA32529
00000E15BD90
00000FDC86BF
00000E003F72
00000B8A6B98
00000B7D0F2F
00000C855D5F
00000CF486E7
00000D3CA649
00000D515CDD
00000D4DEA91
00000D26C411
00000C17ABBF
00000A4AD1EC
00000B62B943
000008DC90E8
00000B4B63D2
0000099FDA5B
000005F40E60
000006F07898
000007B62DF0
000006312005
0000082FD969
00000AF6315C
00000D06B9A8
00000B59F15A
000008F85DEB
00000AD8B90E
00000D493177
00000C3F6973
000009F7D116
0000080B74E3
0000087CB350
00000BA2CE06
00000D612F53
00000C34676D
00000A854DEA
00000A48BEAF
00000B48BDF0
00000CAE3246
00000DCCD72B
00000DAB5F6F
00000D4C52B8
00000D80BA1E
00000CAB4DFA
00000A2768C6
00000A64CD0E
000008E5DFE9
00000C0E729B
000009E67FC9
000005A30D19
000006FBE929
0000080D3A82
000005991C76
000006A1EB15
000009E4EC4B
00000D1D3B32
00000C5C3E96
000009F637E5
00000A2999E5
00000BDBB813
00000CD3AD50
00000BA114AC
000008A16B6C
000007E69663
00000A3A1727
00000C17C309
00000BA3999C
00000A0EC5E4
000008CBA7D9
000009102D98
00000B2B6476
00000D2607FB
00000DBB00C2
00000E02EA47
00000ED0E902
00000E21F88F
00000AA179E8
000009468CE7
000007D3B015
00000B30EB75
0000097EAA51
0000057F7CA8
0000071CCD39
000008348F4D
0000058BF248
00000631469C
000008D13FEC
00000BD16437
00000CB493A9
00000BE47405
00000A1326B8
000009BB187C
00000C65E75E
00000D16A1EA
000009CC9316
000007A92434
0000095DE8AD
00000BF76EAF
00000C3CD05E
00000A773C16
000008AF4D43
000008512468
0000097B12E1
00000AEF8EB2
00000BED306C
00000CDCD7BB
00000E5A841A
00000E7B0BD1
00000B6861C8
00000941F909
0000070661BA
000009F13121
000009616BE9
000005A82CD5
00000728703C
000008080A56
00000606C929
000006E7D318
000007B76F97
00000987ACBB
00000CC5DB9E
00000E199FA8
00000A903A39
0000083E7B1F
00000B9C8CE3
00000DF69AF2
00000B06360D
000007F0FE95
000008DEEA13
00000BBA4C9D
00000C8F8DD3
00000AFA8089
000009F53BE2
000009F4DD9C
000009E7D1FF
00000A1F275D
00000ACC1627
00000BC3FBE0
00000CF57097
00000D7AB49D
00000C03E368
00000AB0AE61
00000794A514
0000098A13A7
000009E0A329
000005F8AC46
0000074ACE11
0000081035FD
0000068216FF
000007833DEA
000006C971B8
000007CB9829
00000C88DAA3
00000F117279
00000B4F5383
0000083CE469
00000ABA389B
00000DA03DBE
00000C9B3D7A
000009B53444
000008D5C07C
00000B086DEB
00000CD64C29
00000BC85615
00000A79981E
00000AC455DA
00000B6C7EC4
00000BC991D0
00000BD4DF62
00000C3069EB
00000C4D6F36
00000C6E8414
00000C40650C
00000C27D0B4
000008471DE6
0000094D492A
000009B8E663
00000696D8E5
0000079A8D2F
0000083DDBFF
0000070035EE
0000080671BE
00000693970C
000006F2AFD4
00000B70E0D8
00000E6CCA0E
00000C73952A
00000A1BFB3D
00000A39C8B8
00000BD4C87B
00000CFB4CD6
00000B8DDD12
000009384E76
00000A15C82A
00000D1438EB
00000D46832C
00000AF35098
000009F4AE55
00000BDEF4D9
00000DE2E015
00000DB10E1C
00000D19A147
00000C1072EF
00000B698E01
00000BB2A0AA
00000C902C61
0000080A2F4C
000008C8E90A
0000090E7C16
0000074E5665
000007A41D73
000008603FD6
0000079C1810
000008B49711
00000707A011
0000071BC101
00000A3711F6
00000CE3BB01
00000DB4624D
00000CBBF356
00000A067E93
0000095DB607
00000C33E0C2
00000D04C1B5
000009FC16C7
00000936F324
00000CF9C1EC
00000F68CDC0
00000D2A899B
00000A2C8CA6
00000B685DCE
00000E3C8D5E
00000ECAB841
00000DB30196
00000BBC6003
00000AA77288
00000B4E9096
00000CB67C5D
000007D7404D
00000892C200
0000089BE835
0000082AF487
000007F0C28A
0000084648E1
000007B3C0D8
0000090958C2
000008176B52
0000084514B9
0000091F8A5F
00000AA61353
00000DDB47AC
00000ECE7CC6
00000A94A4A0
00000822D3ED
00000BDB661C
00000E291245
00000A8316AA
00000857649B
00000C58F309
0000105C191E
00000F0F3452
00000BB4C35A
00000B269B9E
00000CF49FCC
00000E3D817F
00000DBCADFC
00000BA796AB
00000A9B8CE6
00000B68E06A
00000CB5B045
000008165DC8
0000085DB83F
0000080E3273
000008FC5F4B
000008E4520B
000008954AEB
000007DD0884
0000097888D3
000009391EEF
0000090BD112
000007E9CCF2
0000089D64F4
00000D30BABB
00000F8B0B16
00000B9E5E62
00000886A68B
00000B4F1752
00000DCC8949
00000AEFB0DC
000008539098
00000AE80FC8
00000EA97712
00000F33100B
00000D8580D2
00000C27DFFE
00000C7993E9
00000D9E6888
00000DA7DA88
00000BF93A1A
00000AB7E190
00000AC51C4B
00000BC735B8
000007F7383A
0000081FC5D1
00000790C8F6
000008EA18C8
0000096DF642
0000092C78DB
0000081E2C9E
00000998775E
000009B6A743
0000094133BF
000007140CB8
000007227ABF
00000B7544EC
00000E490467
00000C4C7DF5
000009F00A66
00000AC5D65E
00000C1E90CB
00000B5D41BD
000009CF190E
00000A100DD0
00000C1E77D8
00000E6F07B0
00000E8AC097
00000CC2BC5D
00000C38839B
00000D24E508
00000D55A071
00000C00CC3A
00000A755A75
00000949603B
000009D0E0EB
0000073142D3
00000895313F
000007EAA4FE
000007FB5D27
00000977D564
00000A088400
00000831827B
000009794A5F
000009C7758E
0000091D8C19
000006D4D02B
000006767689
0000094F20C8
00000BD13E5F
00000C12EB7B
00000B3F216C
00000A654A05
00000A6E932E
00000B86E95F
00000B780CF9
00000A2782C2
00000AA2B801
00000D596E79
00000E16E6A1
00000C539D37
00000B73F786
00000BE06D47
00000BE15151
00000B21939E
00000A02C827
0000082C8904
00000839B826
0000068A92DD
00000909CB90
000008279342
000006D2F960
00000934D62C
00000AD426A7
0000082F0326
0000090AC0D6
000009728B8E
000008E09006
000007740EEE
00000739D40B
000007EFD703
0000092E0F17
00000B3F8891
00000BC6E240
000009BC4BBF
000008AF37EF
00000AB1E420
00000B6FF39F
00000998BCD9
0000098B561A
00000B8E0280
00000C2D4365
00000B709406
00000B24B8B3
00000A8EAFD4
000009AF4E3C
000009924B6A
0000094B032E
000007E4C888
0000081E8C14
000006A8C326
000009185509
000007EF9BE1
000004C3483D
00000820F4D8
00000A8C9DDB
00000884747C
000008C400D0
0000092AF445
00000901A5BB
000008A12C03
00000893CDD5
000007B75DF1
0000082AF5ED
00000AACAE50
00000B8B8F5F
0000093FBDF8
000007E5F2B2
000009BD5CC1
00000A6C99E7
000008CD093F
000008C206CD
00000A06AD62
00000A552A2D
00000A6A8593
00000A9249D7
0000096CFEE4
00000842A306
00000850EDB3
00000856D94F
000007CE2B19
000008FB0F14
00000763D645
0000090DE3B8
0000092F9318
0000018C2985
0000051234E2
0000082622A6
000006B0D9F9
00000757AED9
000007B047E5
000007B2B404
00000808D9AA
000007F693BF
000006ABC889
000006DA23BC
000008E082B4
0000098577F6
000007F512FB
000007019DEA
000007AB1B0C
0000079A0148
000006FAE874
0000079AF8D4
0000080AA7B1
000007BBF97D
000007967AD5
0000079976F3
000007351AF5
000006CF7CF1
000006B14969
000006730AAE
0000067B14AA
000007F24124
0000070BC3BF
0000085DAAFF
00000A75AA0E
0000016F94AA
000003C096C4
00000627248C
00000532CE6A
000005C7320F
000005F0335E
000006158D64
000006DBE97F
000006BE0F62
000005738A2E
00000576D993
0000068D94BE
0000069CC387
000005D924FD
00000590F2B4
000005A90CCD
0000050F4C84
000004E9CAFC
0000059BCFBC
000005AF4390
00000595E93E
000005739B54
00000522B92C
00000520FDD4
00000535CBC4
00000514CB46
000005206940
0000059F36EA
0000063ED0CC
0000047787A3
000003CFC782
000007619466
00000038780F
000002595E6F
000004AB0D3F
000003BB2ABC
00000442EADE
00000449AD8B
0000048224B7
00000520C2CE
000004D608EE
000003EEEFD4
000004063DBB
0000047D0185
00000446AD67
000003D5D70A
000003BE191E
000003B5A7CA
00000357DA0D
00000321584C
00000367A343
0000038D9D7B
000003647F97
000002E55927
000002A55D78
000003394733
000003B1B0AC
000003905E40
000003857E72
000003D6D155
00000629CA40
0000036E4BED
00000294DE37
000006856F19
FFFFFF48BEBC
00000152CC8F
0000018E2B08
000000722854
0000004DFBDA
FFFFFF78EC20
FFFFFF66D007
FFFFFF514518
FFFFFEF37DA6
FFFFFF0C6140
FFFFFFB874F8
00000045699F
00000127917F
000002488C58
00000343F629
0000036929BD
0000028CAD1F
00000190B8CE
0000009075AC
000000D639A5
00000381052E
0000046AC03C
0000021AECA2
0000010A848E
000001A4CD61
0000022DC923
0000046FECF6
000005CF84AD
000005EEBA9A
000004DA3188
0000032BDAED
000002354ED8
000001A29968
000003ED2458
000005A003D5
0000049E4C74
00000444EC72
0000033545B6
0000030C12FA
00000327819B
0000032F1CBE
000003948CA8
000003E88B7D
000004328AA3
00000558A9AF
0000065915A7
000006953D9D
00000652FA93
0000065DA286
00000600ABCC
000003DCF247
0000033AFFE9
0000056F4F7B
00000654D43A
00000597158E
0000051D1C1A
00000358244A
0000028D5483
0000066EDFF8
000008FC4BE6
000008B0393A
0000065E5674
000004392A2B
000003A6C5C0
FFFFFF8AC8B2
000001293E77
0000035B1319
000004A69180
000004FA98F3
0000049D5CDE
0000044F7BBD
000003C76C8B
000003ACF249
000003AACEDC
00000311101B
000002AC8C8D
0000036D91CD
0000040686C7
000003C703C0
000003E68EE7
0000057FF99C
000006554099
0000049CA51F
000003702397
000003981A23
0000031A4D52
000003A73CBF
000004A5CA2E
0000020F5560
0000007D7FBD
00000430F913
000006378143
00000778CD2B
000007301636
000004E173FE
000004971D79
0000000F5A54
FFFFFF90A657
000000A45D0A
00000137EFB8
000002188BDB
000002EB7365
000003312388
0000030F4D96
00000365D1A3
00000344F991
00000228B311
00000165567D
000001F7C7F4
000001E25DA9
000000DD7CD2
000000BDDC45
0000028268A1
000003E4BCD9
000003B7A5E0
00000344D3AC
000001CA240E
000000AEDEC9
00000338BC65
000004FA7C50
0000015AAFBE
FFFFFF0D1AD6
000001E9AF55
000003964E09
0000062F57C9
000006E18115
0000036D0F0A
000002F9C61A
FFFFFF33BD12
FFFFFE02C5FD
FFFFFD6F6FE1
FFFFFCFB6CE0
FFFFFDCFAB3A
FFFFFFBCAAA3
000001E06757
000002E3395B
0000038A2265
000002FB8CBD
00000177CC77
000000FADD5E
000001506225
000000BE9399
FFFFFF8E210E
FFFFFF87F351
000000952E34
000000D0C6CF
000000A36D22
00000125AED0
000000B39372
00000116B641
0000047D8881
0000044B26C9
FFFFFEBA5765
FFFFFD4C23B1
FFFFFFE6332C
0000011C53BB
000005B4C89B
000008815D5D
000003D8BDBB
0000034AD8E6
FFFFFF2242A2
FFFFFE68577D
FFFFFDE5C7C9
FFFFFD7DE148
FFFFFE413D44
FFFFFFE2CD8D
0000022F44EC
000003A0D568
00000470B248
0000042CB4C3
000002E557A6
00000289A137
00000290C700
000001B93F62
0000011C9246
0000015323BE
0000011F6CEE
000000835379
000000CFC868
000001DC757B
000001D925BC
0000025AE951
000004C89EEE
0000041D5549
000000B1D6D1
0000000569F0
FFFFFE976B8B
FFFFFCEF0DD9
00000444D9A9
0000093551B0
0000045149B7
000004560DDE
FFFFFFC5569E
FFFFFFCAEFCD
FFFFFFBE6B24
FFFFFFBD06B8
000000183BAF
FFFFFFD42732
FFFFFF7C84D6
FFFFFFB384FD
000000CFBE32
000001BEF882
000001F88E45
0000028EC901
000002ED76BF
00000222C267
0000023E4312
000002AB0F83
00000131AF65
FFFFFFF28460
0000008573F6
000000FE3E86
0000007E503A
0000005521BC
0000015C3B70
000001D58216
0000033AD2BB
000003F85F2B
FFFFFE710B3C
FFFFF980F57C
0000011FC33C
000006079459
000004196944
000006EB4CAC
000000BAA3FB
00000181CD1D
000001703DC1
0000010C655C
00000120D02E
000000509564
FFFFFE915718
FFFFFD9B165F
FFFFFE4E8BBD
FFFFFFA8DBD5
0000011A7263
000002BFE320
0000032AD4C4
00000254DE3F
0000029ADB5D
000002EDFB9B
000001BFE516
0000010DAFFB
00000114F00C
000000EA8C81
0000007BDB49
FFFFFFDAB137
FFFFFEA416C0
FFFFFEFF370C
0000035ED2AE
0000058097BF
000000626807
FFFFFC066BCD
00000059D034
000001912DF0
0000022A741C
0000094877B6
0000011A76F7
00000207A766
000001CB25A0
000000F3FBA9
000000D7187D
0000011D6F27
000000E14C33
0000004CFA9F
FFFFFFDCB1AB
000000248232
0000010880F2
000001EBA783
000001D35D90
0000013CC8F7
000001AEE5D6
000002795116
000002AC1173
0000033C691E
0000039DEAEC
00000358C79D
000002F99563
000001B90C30
FFFFFEEA1B00
FFFFFE57DCFE
00000175CE77
000002E6D24B
000001E9A18F
0000021D13E4
000002FA8CAF
0000003E3E11
FFFFFF7A87A6
000007FE3DDA
0000016B71D0
00000195B98A
000001531E14
000000A0B72F
FFFFFFAD8DDE
FFFFFFB1F721
000000C1131A
000001948300
000001D5EE69
00000210A15D
000002368942
000001A1EFAE
FFFFFFCE3A2B
FFFFFEB4876A
FFFFFF93E2CB
000000AF9070
00000153AD99
000002070FAF
000002A1E94E
0000030EAE5E
00000313E3E4
000001E3D190
FFFFFFF418D1
FFFFFF99875C
FFFFFF8B3A7E
FFFFFECAA790
000000842D22
000003992375
0000041427F6
0000012153F2
FFFFFEA50703
000005303BD4
000001EED558
0000013D98C1
000001021A3B
000000BA837B
FFFFFF73579B
FFFFFE2FA8D4
FFFFFE3C56C2
FFFFFFDD4B57
000002842C2B
0000046DC9CB
00000558C6BC
0000043E7BF8
0000008CF483
FFFFFE4F94F8
FFFFFE2D74DB
FFFFFE77E81F
FFFFFF3AB71B
FFFFFFAC288E
FFFFFFCE84D1
000001555C27
00000323186E
000002E998A3
000002448F11
000002903A87
000000B459ED
FFFFFDE162A9
FFFFFE2BE7A7
FFFFFF98DB87
000001307D35
000001607107
000000F47CD1
000006395464
00000140F06C
000000B63A89
000000B2E2D4
000000D8DB39
000000DF9D4C
FFFFFFF16B88
FFFFFE00A7F5
FFFFFDB62E95
0000003F9049
000002F2DF8C
0000055E05BB
0000059A7A27
000002EBE5E3
00000101A81B
FFFFFF0BCB57
FFFFFDC95F20
FFFFFEBBF3EB
FFFFFFBB755A
0000006E2914
000001F8477B
0000038EC27E
0000042B2B29
0000056D7B86
000006645E89
000003E0456E
00000048A3C9
FFFFFE3ECEAE
FFFFFD2B8D94
FFFFFEECF6A7
000000AA653B
0000028FABFD
000008E8C264
000000350246
00000073B0A3
00000142EBBF
000001E856B7
000003281E09
0000032ACD0C
00000079645B
FFFFFD699B59
FFFFFBEFA988
FFFFFCEF243A
000000E1ADC5
000003DCDE01
000004E55B05
000005790F1A
00000352D8BE
000000DD63AB
FFFFFFBD569D
FFFFFFC4C7C8
000001A23597
0000028F4F4C
00000151BA69
000001DF9888
0000059B241F
00000728AD7A
000004AE7CE1
0000027E53BD
00000090E132
FFFFFE7D917A
FFFFFEA69B94
FFFFFEE433EC
000000343384
0000079A0E64
FFFFFFBCF88F
000000233DC7
000001A0F74D
000002C2DCBA
000003E16A08
000004321568
00000358D871
000000ACC7F2
FFFFFBD69034
FFFFF94D9BDB
FFFFFB78C86E
FFFFFF3D29DA
00000450A82A
000007FA05D1
00000746C4C2
000004E4C422
000000AD308A
FFFFFDF53282
00000034374D
0000012F2509
FFFFFECB3B1B
FFFFFF01CD30
000002BB123B
0000045865AB
0000039D1370
000003BE52E3
000002F90FAE
00000110E6DD
FFFFFF32D8FF
FFFFFE2AD969
FFFFFE752139
000004A4BF53
FFFFFFAFBC77
FFFFFF80D612
0000008B38E3
000001983C68
00000291CD05
000003758884
0000046BB792
000003EFDDD2
000000AB96A1
FFFFFC7A7F3B
FFFFF8B420D8
FFFFF942F463
00000045EE28
0000056BD76A
000006B283B4
000006B9CE93
00000221C9D9
FFFFFDE0E5D3
FFFFFEBDC10C
FFFFFF676D5F
FFFFFEC4C2FA
FFFFFFC603A5
000001CF4E11
000002C1EF42
000003B88496
0000051D8261
0000048831E2
000002BDA99F
000000294C93
FFFFFF7CAB2E
FFFFFFAE3CD1
000003A03CC8
00000017C719
FFFFFF7C9FBB
FFFFFF5C605F
FFFFFF858B1B
000000D215DB
00000269C5FA
000002F89CA6
0000038433DD
00000524101B
0000039A420B
FFFFFC3AC556
FFFFF804B184
FFFFFAFB231F
FFFFFE919F4E
00000347BB6F
000006DEE2C5
000003C835E9
000000103D62
FFFFFF400DA2
FFFFFE5921AD
FFFFFF0D663C
000000FD7BDB
000001A90232
000001FA2843
0000036B20E8
000004CA7585
000003AED80E
000001D16FE1
000000544259
000000626717
00000060B088
000003A5E5FB
0000008E9F39
000000121847
FFFFFEEE3002
FFFFFE2E51FA
FFFFFFDA2CD8
000001CC20BC
0000013419B3
00000184CDA0
000005C192BB
0000073FBB7F
00000267A46E
FFFFFCF53F44
FFFFF8627001
FFFFF7917143
FFFFFEC64B0B
000004B38FDD
000003F3C652
000002F70394
00000142BCC0
FFFFFE20DEF1
FFFFFDEB65C5
FFFFFF0DB6F3
FFFFFEF28D3F
FFFFFFD0B3F2
00000272595F
000003DBB2D3
0000024B44D7
000000F31FDA
0000014F0E53
000001711EBC
0000007370E6
000003E7D7F5
000001115550
000000D01A83
FFFFFEAF9192
FFFFFDC2A0DF
00000050767C
000001F3A441
00000041292A
000000481F1A
0000032E5E97
000004D4686A
000005DFE453
00000472F9CD
FFFFFC3C32B6
FFFFF75E8153
FFFFFC4D530F
000000F9E145
00000335BADD
000005457F0C
000002C5C982
FFFFFE8053B7
FFFFFD7B0EDA
FFFFFDDBEDCD
FFFFFDECD1BC
FFFFFF788342
000002C9D347
000004209DF6
0000026D69D8
0000018AC579
000002E450EE
000002CB4856
000001397D6B
000004EE4B64
0000014B7DAA
000000E53D00
FFFFFE647797
FFFFFE11E2DC
000000CF20AF
0000014730C1
0000000FFC3E
0000011202F6
000000DF5466
00000048C5CA
00000590F0C2
00000909206A
000002CC137D
FFFFFD821B6E
FFFFFD9B6778
FFFFFDA6EEA9
FFFFFFF6179E
0000031F76F6
000001AA040E
FFFFFF1269F9
FFFFFE99AE80
FFFFFF100B46
0000005F3873
000001CC8F94
00000346B2EF
00000356050F
000001BFF272
000001348AFB
00000269D41A
000001DF4AB4
00000187F910
0000067900C4
00000151FF39
000000C1FCB3
FFFFFEF3B1F2
FFFFFEF31DC2
FFFFFFCE4005
FFFFFF4FB2FA
000001409980
000003C04303
FFFFFFDF74DB
FFFFFCDB8430
000002C1E379
0000077EAAAD
0000051FB2F9
000002B30D18
00000059E6D4
FFFFFCF622B0
FFFFFDAC831B
0000003785BE
00000091CFC8
000000C5C8FA
000000B07CBB
0000003665CE
00000196B5F0
000002E7CD7F
000003268306
000001EF392A
0000004F2355
00000008BDA7
0000005F12F7
FFFFFF476B47
00000078E5C4
000006DCD690
000001B232AE
000001642E7E
000000506261
FFFFFFCD57F3
FFFFFE8AFD5D
FFFFFDAB279B
0000023ED5AF
000004F21A9E
FFFFFFAECAB9
FFFFFD2E1418
000001119DFF
000002A8C8E5
000002C4CCA3
0000045881AD
000002A386DB
FFFFFF8FBD3E
000000BCB5CF
000002548B17
000001A308D9
000001CF8754
000001D32590
0000002B9E9E
FFFFFF43BFA8
000000902989
000002A50BFB
00000292F4E5
0000014CF67C
0000012CCC40
000000AA5393
FFFFFEA35C4F
FFFFFFB4CDC3
0000061B6FC2
000001F7BA4F
00000207AACC
0000020EB3C9
00000107186B
FFFFFE014947
FFFFFCD68704
000001BA7CFE
000003F96039
000000DB450D
0000005C60D0
0000009A9BD0
FFFFFE7C2FEA
0000005AA276
0000044D981E
000002B41CA9
00000043B1BB
000002FED479
000004CF65BB
0000025276CF
00000117413B
000001EB5C80
000000F2F211
FFFFFE130062
FFFFFDA39713
0000009F912D
000002A42B0E
000003B59AB8
000004ABB08C
000002706F70
FFFFFF45C743
FFFFFFBED83A
00000531ACC5
000001A25F32
0000021BF28F
000003A5B2A8
00000251FCB4
FFFFFE6488EF
FFFFFD4AEF50
000001355FFE
000002200773
0000017FD759
000003246FF7
000000B55A6D
FFFFFD054293
00000067E9E3
000003ED2D57
0000006C2B8C
FFFFFDB62C5D
00000182273E
0000045422CC
0000027D698D
000001DB5D7F
00000398D42D
000003B69B91
0000015BAEF3
FFFFFF07995C
FFFFFE49069B
FFFFFF86ECE5
000003A66157
0000062646C6
0000025A3895
FFFFFF737417
000000059D89
0000044E6A24
000000C9AC4B
0000015E869A
0000039DD39F
000002BEC7C4
FFFFFF8CC588
FFFFFE714DFD
FFFFFF6951AB
FFFFFEED557B
0000018B6848
000004F289C0
000001242F14
FFFFFD925D83
000001BA3597
000003D0442A
FFFFFEA11864
FFFFFC6608C6
0000006C321A
000002E55DCB
0000024CAD10
000003245B6A
0000042CA0B0
000003F616F2
000004933BCB
0000038CAA1A
FFFFFF0B2B8F
FFFFFCF9B467
000000B1A17D
00000363B3D8
00000128CB76
0000005DDF71
000000BAB5CF
000003B6C198
000000531EF7
000000E298DB
0000032D77B1
000002FEDC73
0000012EB401
FFFFFFAF3609
FFFFFD88A91B
FFFFFC7FC6BE
0000019EBB6D
0000051EA256
000001034A20
FFFFFF4ECAD9
000003425D39
00000313F5D5
FFFFFE7FCAD1
FFFFFE61DBE1
0000012F55D1
0000013E353C
000001699589
000003576C9E
00000227B6F0
0000007BE7CC
000003F2213F
000005ECBB9B
000002194F3A
FFFFFEB7AA2A
FFFFFEAB5E67
FFFFFF2979D7
FFFFFFD6EC2B
0000015356C1
000001C7BDB9
0000043A9CCA
000000EB665A
0000014796EA
0000029E0D16
00000286A1B9
000002857C5E
00000174B74E
FFFFFD42FE6A
FFFFFBA702FF
000000CBF729
0000033F9B07
000000A9D346
00000129FB62
000002FD0651
000000D993F9
FFFFFF0D287E
0000012150DB
00000107D120
FFFFFE7D6D12
000000911AA8
000003BD31F8
000000ED938A
FFFFFDFE47F0
0000012F6574
000003AE8F21
000002A96DAC
0000016E62DE
FFFFFF3B4769
FFFFFD801A37
FFFFFF2FCB3B
000001441FF4
000001D9CC0C
000004EAABAF
000001EB3FD2
000002359F6C
00000169F274
00000122807E
000002C01738
000002486AAB
FFFFFD7FB6D8
FFFFFBBEEA86
FFFFFF89FAFD
00000078BEEA
00000007DC36
0000025F86B5
000001F3085C
FFFFFEE557F1
FFFFFFB71857
0000024ED10F
FFFFFFB9BFA4
FFFFFCB7DC1D
0000006E5F8D
000003E3F239
00000197A736
FFFFFF4175E1
FFFFFF5CACDA
FFFFFED32681
FFFFFF352E44
000000EB9BF4
00000041B01B
FFFFFF1118F9
00000059FEB1
000001029994
000000AE73FA
000004579E93
0000025FA0A5
000002E2FEEB
000000E71216
00000044FF18
0000023C3737
00000273AB72
FFFFFF3252B4
FFFFFDF69AE0
FFFFFE9A4283
FFFFFDAE756C
FFFFFFB7554B
0000036E33C8
0000017B4123
FFFFFE677C91
0000004D068B
0000023677AB
FFFFFF454906
FFFFFD5DF09C
000000854DF3
000002BB6740
000002ADAD71
0000020C25F0
FFFFFF0175E7
FFFFFBE52C22
FFFFFCE1DBDF
FFFFFFEB2721
000001259994
00000149BE2A
000001C43A2D
00000128B99C
00000045C4C6
000003FEBC4A
000001E42921
000002A419B0
000000C77BA0
0000019D3028
0000028AAD69
00000315FE1D
000001DE4DC2
000000FDDEF6
FFFFFE7B57D3
FFFFFC56A5BD
FFFFFFAD8DBA
000002E845AF
000000A5070E
FFFFFF1A756D
000000D07230
0000012844B5
FFFFFEF93750
FFFFFE9DD5B8
0000004ADAA5
0000006EF17A
000001578014
000002237A3B
FFFFFF23ED12
FFFFFCEC8467
FFFFFE7040B3
00000049AEA0
00000159EDD9
000001E44C74
0000017E5321
0000007CAD8F
0000007AB634
000005A3F442
000000D20DD6
0000015A8C74
0000011106ED
000003158BB0
000003844579
000003B8A6DE
000004381ABA
000004110618
000000A62EBF
FFFFFE821019
000000EBE307
000002654E8E
000001682C2B
000001F7A02D
000002D617BD
000001BECAC7
000000B0F41E
0000012B3BEB
00000103EE70
FFFFFF53596E
FFFFFFAA63A6
000000DED6E9
0000005F4E72
000000C38357
0000019178D8
0000013B5B80
000001BABECB
0000025CEA54
000001265E78
0000002DD380
000001049339
0000067832F6
FFFFF9975355
FFFFF7FA9528
FFFFF615005E
FFFFF8202E46
FFFFF778B0FE
FFFFF7A7746D
FFFFF91734F1
FFFFF976A98F
FFFFF6EB53A3
FFFFF5D32F01
FFFFF741BF4B
FFFFF733D918
FFFFF70A7BA4
FFFFF8C3D0EB
FFFFF97032C5
FFFFF85F886F
FFFFF849C076
FFFFF8B90379
FFFFF7B94500
FFFFF5B0E20A
FFFFF47CB3FA
FFFFF4C0327B
FFFFF69D1D7A
FFFFF89D8C68
FFFFF88DFBEC
FFFFF70F6DFB
FFFFF67B1FD4
FFFFF6D38580
FFFFF8AF3592
FFFFF95E05C1
FFFFFBBCBC90
000002149759
FFFFFEF7B3DB
FFFFFDD09F36
FFFFFD9B76D2
0000011E6A0A
00000158379D
000001E6F132
000003583B08
000003BBC881
0000024A4746
000001C2F6BA
000001B06DBC
000000485EFD
FFFFFFD2671E
00000121D037
000001EC5988
00000163AFC4
000000A5938D
FFFFFFF3EC3D
FFFFFFA40778
FFFFFF201294
FFFFFDB04EA2
FFFFFD76837D
FFFFFF903010
00000150E222
00000177C3AE
000000FCC501
0000008B9A4B
000000AF2659
0000007B5182
FFFFFF9006C6
00000223CBA5
000007FFA8E8
FFFFFDF8E773
FFFFFF2C81A0
000000FA4EBC
000001388C04
0000007E5312
FFFFFFCE67EC
FFFFFF2AE701
FFFFFEE710BE
FFFFFF3948F7
FFFFFF94A82C
FFFFFF74ABB8
FFFFFF90230C
0000002572EC
0000007AF524
000000C50F22
000001D9A07D
000003520049
00000318638D
00000131DC53
000000175771
FFFFFFD5CBB1
000000AA1A61
0000033A7DEE
000003EB340F
0000014D57FF
000000281E3E
000001A3D932
0000026922EC
000001DA2700
000002B3B1BC
000005EC4A95
000005F4C5FE
000002A7D1B6
00000313034D
000003954C7E
00000373CCAE
000002717249
0000024EE578
00000266ED42
0000027E6BF8
0000025BDCA9
0000023AE3E9
00000241FF32
0000027C6146
000002F0F820
000002EC9D1C
000002D642F2
0000039B47CF
0000044DE386
000003B4DABE
000002711F57
00000253108F
000002A3A607
000002FDE625
000003F73320
000003EA5DA5
000001D156BD
000001B632CA
00000368118F
0000036CA6CB
0000025FCDD4
0000036E93DD
00000554A179
000004CB2E74
0000026B3D6C
000000AB4E63
FFFFFFC0AAFA
0000004A0819
00000040E557
00000157D3B8
0000020409E6
000001C3E368
000000F0729C
FFFFFFB40269
FFFFFF098E7F
FFFFFEBD59C7
FFFFFE79498A
FFFFFE192950
FFFFFE56E296
FFFFFF160C53
FFFFFF98E4C7
FFFFFF8110D3
FFFFFFBC36EF
00000088A661
0000003BD999
FFFFFF3E3191
FFFFFF62A988
FFFFFEE33F34
FFFFFDCDA81F
FFFFFEEA22BA
FFFFFF9AE029
FFFFFE41784B
FFFFFE24E69E
000000B4064D
0000032B4220
000002ADD972
000002ABF882
0000012502E8
FFFFFF994941
FFFFFF854F7F
FFFFFF39506A
000000435E7F
000000A98D6D
000000ABE701
00000199AADC
000001EAF906
000001F5CE0D
000001802FC6
000000162BAD
FFFFFF85F864
0000008918A4
0000010178B6
00000034262F
FFFFFF767DCB
00000033BC00
00000149B3E8
000000E30B60
00000071F112
000000C23092
00000089DBEF
0000018A0D39
00000244AB9A
FFFFFF17BA98
FFFFFD19CF88
000000207368
00000344EF62
000005776A3C
0000053ED852
000003F4FC74
000001A8B14B
FFFFFFC75669
FFFFFD88E175
FFFFFD2D6A78
FFFFFDFF743C
FFFFFEF2EEAA
00000003A6A4
000001CD4DD8
00000377ED8C
0000043B0DE0
000003A41C9C
0000015F9E2C
000000842A0F
000001CD9F63
000001864530
FFFFFF5DEBF9
FFFFFE2BD1E4
FFFFFECD525B
000000092AB8
0000007D6707
000001477679
000001C32262
0000018410DD
000003456697
000002B985E3
FFFFFCEFB853
FFFFFBEE4C15
000001F847CD
0000030E8FC0
0000050B97AC
000005E03389
00000415824A
000001A24514
00000035E0EF
FFFFFF36EED7
FFFFFF4C6667
FFFFFF878333
0000000E1201
00000039D2DD
FFFFFFD474A3
00000033F249
00000113C850
000001821C68
00000090A44C
000000FBAEF0
00000314E40A
0000027D0DEE
FFFFFFEF31B9
FFFFFE9B8429
FFFFFEF2081E
FFFFFF9ED981
000000060BAE
0000005273A9
000000799C0B
000000B88691
00000224AFB6
00000185DEE7
FFFFFDC5F2C9
FFFFFE41FBE2
000002CB8C98
0000005D1CA4
000002B1D7AB
0000040C76CC
000004315B39
0000012162BC
FFFFFFE692FD
000000700C5E
000001AA02AB
000000F249EB
FFFFFF660688
FFFFFE0C11ED
FFFFFCA12C30
FFFFFC6E3BB4
FFFFFD895A0E
FFFFFED3CCB4
FFFFFF7B7611
00000106C075
00000332B5A2
0000027663E1
FFFFFFD56284
FFFFFE8DACCA
FFFFFEA13EFC
FFFFFF3276D1
FFFFFF709E6C
FFFFFEB6F6B2
FFFFFE0EC419
FFFFFF26FB39
00000109A894
000001625B68
000000BCE1F6
00000184A2C5
000001053133
FFFFFCA61DF9
00000168763D
000004300C4E
0000037CE1F5
00000023FA81
FFFFFF4F3421
0000003FAB09
000001F5AC7F
0000018BD3E7
FFFFFF8DDD06
FFFFFEA48505
FFFFFF242DFE
FFFFFF5F01AC
FFFFFEF56D9E
FFFFFED2FF48
FFFFFF3BDEF2
0000009F686E
0000022D219B
00000177AC9A
FFFFFFA576A7
FFFFFFDBC129
0000009A83B0
000000BCB79B
0000012CCE39
000000FB4BFB
FFFFFFF6B5B0
FFFFFF94316F
FFFFFF521A69
FFFFFFA57BF0
0000011A1E20
000002DC5C29
0000016C1D17
FFFFFE7C5F81
000004107257
0000068BABF8
00000262DD8F
FFFFFF5EB142
FFFFFFDAD6C8
000000A9ED7E
00000159D881
000001CFE919
000001B25D22
00000243B6E0
0000038D71A5
000002F5DB5D
000000C92EAA
FFFFFF161F09
FFFFFEFC72AF
0000005066F8
00000160D770
0000007F7090
FFFFFFC28B7F
0000021F9044
000004798BE7
0000040145D5
00000303BE93
0000035BEA77
000003D8C44F
00000195DC61
FFFFFD54578D
FFFFFCBA4CF7
0000008A52BA
000004024E7F
00000445D572
000001A32823
000005E88982
00000596C739
000002976165
00000009DDB2
0000016332F6
000001ABED2D
0000007CC60D
00000007AB41
0000007C6B0C
0000018778F8
00000202DE23
000001803F52
000001D20D4E
0000023A6882
000002475236
000002056D5F
000000B0F656
FFFFFEE34000
FFFFFE0E5AB0
FFFFFFDC6E3E
000002D08AA3
000002F19421
000000C8D0D0
000001457A63
000004984A53
000003BF3343
FFFFFEDD50BE
FFFFFD9F8D7E
000000EF20E2
00000294EDBB
0000030E8759
000000276DA8
000004B98277
00000303B774
0000037C4CA0
0000011AEC61
000002121FF3
000001F7832A
000000AF21C4
FFFFFEDE448C
FFFFFDE43E87
FFFFFEC4E3EF
FFFFFFF6661A
000000EDF2E1
00000324ECB7
00000579BC40
000006053523
000003BB99C4
FFFFFFC313EE
FFFFFDC92C2C
FFFFFDE34028
FFFFFE2999FC
FFFFFEF89F07
FFFFFFB9C5A7
FFFFFF2C2027
0000006B178D
000003C48B07
0000043567F5
000001A7C0A3
000000E983E4
0000013B8357
FFFFFF6A6FE1
FFFFFFC3E5C3
FFFFFEE1F40A
000004B8A544
00000382B24F
0000031E1932
000000F09D1E
00000157C6AF
00000128DD31
0000016D51FC
000000F31791
FFFFFFEAE64B
FFFFFFCD3708
0000006C895E
000000B902F6
000000520C2E
000001254E8E
000003718DCF
000003D0871B
00000132ECBE
000000357C1B
0000010F4472
000000B349C8
FFFFFF9F5EF0
FFFFFFC3FC3E
000000BADB35
0000019EBB8C
0000018A69D8
000000EED74B
0000013E0792
000002284C14
0000014132B9
FFFFFF8EED0B
000000C1A682
0000009E07E2
00000517E205
00000416AB5B
000002942AEF
000000B7CBFA
0000012A75ED
000000A22E44
00000111F853
000002A63BC0
000003A648DD
000002031778
FFFFFF624E4C
FFFFFE27625D
FFFFFD449AEC
FFFFFD4218A2
0000001CF260
0000031DCB61
000003B871D8
00000348536B
000002674202
00000192DDC0
0000015EB90D
000001239A97
000001348AD4
000000C7EFF9
FFFFFF2E65F0
FFFFFE44A93E
FFFFFFF09080
000001D7467F
00000112C42A
000000D1CECD
0000031219A9
000001B2157E
000003A9EBC7
00000210AF5F
000003416043
00000118BC29
000000FEC2B1
FFFFFFE7FA38
FFFFFFABC0AC
0000013823BE
0000032F9549
000002B3CC67
0000004FF5F4
FFFFFF3C8B68
FFFFFF855C3B
FFFFFF086885
FFFFFE629F8A
FFFFFF22EBFF
0000021CE1B4
000003A9CAD0
000001AFC96B
000000CC8B84
000001379904
0000002EEBCB
FFFFFFB349DA
0000000395EA
00000005F726
FFFFFFDE6A6D
0000013E11FC
0000029DFDB6
0000017689DF
0000012EC58B
000003F0A4F4
000001EFBD75
000002BF94B9
00000098D441
00000401ED8C
00000130CE59
0000000B4D0B
FFFFFEF4D298
FFFFFF2C3CAF
FFFFFFE83D65
000000A5191B
0000026D6B1E
0000041752B6
0000034AC632
000000EF3C70
FFFFFEDBE57D
FFFFFD0DB606
FFFFFC4BB125
FFFFFF48D795
0000025A01D3
000002191092
00000216E23F
0000013C92D5
FFFFFEC43CB4
FFFFFF077ABC
000000EBCEDA
00000199344B
0000018CBA05
00000286CA2C
00000387BEDB
000002B74BBA
000002699B17
000004929769
0000024E59E9
0000031516F7
000000F3E4AD
00000452EED4
000001394E41
FFFFFFD53878
FFFFFF6D431B
000000290B17
00000019F9D9
FFFFFF7C4921
000001387200
000003AF7682
0000033B4555
00000133CD45
0000007EAB6E
FFFFFFD85ADA
FFFFFDD5E591
FFFFFD0B102B
FFFFFE7A469A
000000FB5CEF
0000035EE2BF
0000026FE6F6
0000008EACC2
000000CA0C30
000000F05A70
00000009D6BB
FFFFFFA82468
FFFFFFD91836
0000006D62FA
000001C0EDDB
0000032324A5
00000465F05B
000001E23FFB
000003AFDCD8
00000286FE8D
0000047E97E6
0000013C666E
00000018FF28
00000060454D
000000CD73EA
FFFFFFE5F24D
FFFFFF835CC9
0000007C9AC5
000000839172
000000B462AB
0000035143D3
00000569D5EA
000003179C13
FFFFFE1A8DCD
FFFFFAA8639D
FFFFFB07CF81
FFFFFF8B4404
0000033A1B44
0000027B314F
0000023CE0FD
00000270359D
0000001DD455
FFFFFDBDA152
FFFFFD9068EC
FFFFFDBCCC9A
FFFFFDD2934A
FFFFFFF2014D
0000027F850B
00000391C946
0000013DE1B8
0000041D81E6
000003D8A540
000004478F16
000000F39507
0000003FAB7D
0000005F027C
00000002BD1F
FFFFFF8377B5
00000127A0DF
000001A7CC5A
FFFFFEE863A9
FFFFFEF8CACD
0000035A53EE
000005770248
000003216C74
000000791C85
FFFFFE637515
FFFFFD4668C4
FFFFFFF0C936
000001D53296
FFFFFFDA4052
FFFFFFA57408
000000D10B61
000000341447
FFFFFF8580CD
FFFFFFC1CF0A
000000EE20D9
00000146D0E2
00000167B9FC
00000192840C
00000175C05C
FFFFFF7467F8
0000039EC7D0
000003B242BC
00000387FA63
0000005884D8
000000B26433
00000087029D
FFFFFF18C506
FFFFFF645DA5
000002D7EE5B
000002B63365
FFFFFE4DB4E5
FFFFFE2742E3
000001B24906
000002A031FB
000002E345E1
00000519FE82
0000041E6D10
0000001BE888
FFFFFF674DDE
FFFFFF88742D
FFFFFE6CC49C
FFFFFE124597
FFFFFE3F73DE
0000000078EC
000002E47772
0000035AA0D8
0000031D58F0
0000033AD0D1
0000030D4D5F
0000017309A5
FFFFFF5A3515
FFFFFD8E8340
00000370D374
000003D7226B
000002FF4DA8
FFFFFFFC1C2A
00000132F1E7
00000145A120
FFFFFFAF642B
FFFFFFA4F673
0000020EC866
0000019DFA73
FFFFFF82A643
000000432A37
000000C46271
FFFFFF81D6EB
0000016B3852
0000050361EF
0000035DF4E9
00000033793D
00000094A308
000000FF0ACE
0000012FAF28
000000FFC5C1
FFFFFF16F97C
FFFFFF7C571C
0000022AF2DC
000002484898
0000001EFD1C
000000409A66
000002EBC2D7
0000031484DD
00000045D96B
FFFFFE33D4B3
000004595DA9
0000043E8BDD
000002F9F583
00000015A289
0000013C42DF
0000019D9336
000000F8E9BF
000000874976
000000667158
FFFFFFDE6E04
000001A6C656
00000367BB38
0000001392AE
FFFFFCC4B61A
FFFFFFB11722
000002CD3F45
000000FA3FDE
000001078959
0000041E9611
000003F5E4C1
0000026ECB79
000002863675
000001D62B8A
0000008302DE
FFFFFF8680A0
FFFFFF36DA48
FFFFFEE8D2C3
FFFFFFECDB23
000002F7DE8B
000003C1F156
000001C83BE6
00000036BBD1
000004BC8AAB
000003776FC9
0000033172F1
000000840DDD
0000011012D6
00000196EF48
0000022D17ED
0000019083BE
FFFFFF416125
FFFFFE76080C
00000294573A
00000491821D
FFFFFFE2D588
FFFFFD680DB8
000000AD94DD
000001C8418B
FFFFFFE95486
000001604536
000003ABC2C0
0000017C5CC1
FFFFFF294D13
000000D3B761
000002D797B6
000002489B48
000000DD5F09
00000108007F
0000020EF186
000001DA31D8
000001330046
00000040C21A
0000012AC0D8
000001F0B3BE
000004CFE220
000002A48C06
0000033BAEF5
000000EFDEFF
0000014E8A61
000001F031ED
000002E557BC
0000022D586B
FFFFFEE1760C
FFFFFE15F91C
00000273FB0D
000003BE8E69
FFFFFFF3149F
FFFFFFC3EF1C
0000021F0E6F
0000005DB40F
FFFFFEA8A0F1
000000E5938B
0000012A4D43
FFFFFDD9FBF2
FFFFFD4DF62F
000000C39092
000002B35801
000002F0582A
00000427618F
000004AB3A25
0000037F5C51
000000E77C2F
FFFFFEAA6FCB
FFFFFD88B202
00000051CCAE
0000022EA96A
000004B1A878
0000023152E9
000002F9C3B4
000000F3820E
00000127E450
0000010852D7
0000025005BB
00000267C9E4
0000000CD9C6
FFFFFF26C60D
0000013873FA
0000015B9327
0000005FDE17
000001E4A41A
000001DD9AE1
FFFFFF13CD3F
FFFFFFD722A4
00000288180D
0000007BCF47
FFFFFD86D976
FFFFFF74F200
00000223ABAC
000000F77732
000000A0FB53
000002BD1F72
000003802D57
00000297F8FC
0000013E6A0A
0000002F94C3
FFFFFF0D6FFD
0000008B0DBC
000000F13BBA
000003CFE6EB
0000019CA2A4
0000033C8437
00000124C440
0000010E7F7C
FFFFFFFEF07B
0000011D0BD5
00000226D2CD
000001444645
0000004F5C7A
FFFFFFC486BE
FFFFFF15822B
00000162A15C
000003C0A81B
000000D98A1E
FFFFFE845634
0000024C787E
0000046872FB
FFFFFFC6C327
FFFFFDB3FFCE
000001DC2DA5
0000028A3943
FFFFFE8AE6D5
FFFFFDF2CA44
0000001F42AA
000001360C08
000002A49C71
0000038D9F32
000001C1CDE3
FFFFFFA06600
0000008CB957
0000008A3D65
0000039CCAE3
0000022E06C9
000004536E37
000001BD5597
0000017641F0
0000006F6680
000000690CC6
00000130D7FA
000001A2AE09
000001095056
FFFFFEB371DD
FFFFFDA97CAE
000001D603A8
000003E14196
FFFFFFAF1789
FFFFFE6B4706
000002A796D4
00000322C1E6
FFFFFE650D38
FFFFFDE0F402
000001ECC5ED
000001B914C0
FFFFFF129BAD
FFFFFFC708BF
00000154A94A
000001359F67
0000020F2EB9
000002451783
FFFFFF79D448
FFFFFE77E7E2
00000107D1B2
0000013033EE
00000420DE9E
000003840918
000005B4E30A
000002376938
000000CA03CE
0000001FC29E
FFFFFFF4FEBF
000000A5169A
000001A2FDCA
00000150866D
FFFFFE2BACFF
FFFFFD4B7FB2
000001D759C2
000002E1D0CA
FFFFFECA2D11
FFFFFF001FA6
0000024678D1
000001346703
FFFFFE236334
FFFFFF1E616F
0000010F0245
0000005AF55D
000000DFC323
000002D77AC7
000002538C95
00000061F933
FFFFFFDD16B1
FFFFFF3DF59F
FFFFFDF23034
FFFFFF52A85A
0000027140EC
000001631C12
00000399DFC5
00000365B1B3
0000064CED4D
000001CBC093
FFFFFFC07013
FFFFFFE1C7CF
0000003AC9A8
000000E2E468
000001D34083
000001D7F4C4
FFFFFF74E666
FFFFFEC64A8C
000001299582
000000F7EB9A
FFFFFEE80035
0000001D46E8
00000199D09D
00000031B644
FFFFFF2CE660
000000966DE8
0000007F8DBA
FFFFFF6EB992
000001387E3E
0000030B3CF5
000001C21C38
0000000DF975
FFFFFF2808BF
FFFFFEBB6FFF
FFFFFF827C5D
0000010FC743
000002C28DD3
00000108C9BE
000002E516CA
0000026235B9
000007B403DE
000002C9FCC9
000001C79863
00000241368B
000002CFA93E
000002A67C51
000003696657
000003FD1638
000002E3FFDC
000001EA8C5D
000001596331
0000006F5DFB
0000012AACBA
0000028AE36E
00000159213A
00000007BA54
000001458554
000002A1F4CF
0000018158D7
00000056C103
000001B0F3C7
000002FF27A2
0000031D15D6
000002E6738B
0000015B5DF0
000000DAA98B
000002C7CC8C
0000034358F2
0000037B5085
0000018A7116
0000040BD547
000002C03136
0000051568C4
FFFFFF6120B4
000000814C00
00000216D7B4
0000014AB6BF
000000E6D780
00000168AEA2
00000236E211
0000028A2C13
00000232C782
000000840F64
FFFFFF40674C
00000155FBF1
0000025C8176
FFFFFFB4E2AC
FFFFFEB76062
000000FBE98E
00000235FCA2
0000013F7507
0000003A7F60
0000008BFB50
000000DA8AF6
000000E514EB
000000E5D611
000000109187
0000002FC1B1
0000025FDAFC
0000026F1A29
0000022DFF74
FFFFFFA98563
0000039A9020
0000026D8F07
FFFFFEFED9AD
FFFFF8122C46
FFFFF9C742AC
FFFFFB589B65
FFFFFAF7BF24
FFFFFB050EB0
FFFFFB8F1C9C
FFFFFC857E88
FFFFFDD079F2
FFFFFE8D56A9
FFFFFD3C885F
FFFFFBF853C1
FFFFFD758862
FFFFFDF81070
FFFFFC3E4FC9
FFFFFBDFB423
FFFFFD30B417
FFFFFE59B3AF
FFFFFEC2F293
FFFFFDD4F2F5
FFFFFC6B10E3
FFFFFB6E8811
FFFFFAFD04FE
FFFFFB1A8AB3
FFFFFBC0BE9A
FFFFFC973AED
FFFFFD582CD1
FFFFFCD21ED8
FFFFFD1323C7
FFFFFD6D1CAC
00000299E6CB
00000180C379
0000049C2FB4
FFFFFFECFCE9
000000D4EEC3
000000BF4DCB
000000B07736
0000005D09E8
000000305899
0000008E06E7
0000017A0E35
0000023F2A3F
00000191AA8B
000000B7BD67
000000EB9437
000000DAF600
00000078DBE1
000000BC358A
000000D9E96B
000001778FAE
0000028DAD13
0000024C786C
0000008B8CE6
FFFFFF97FC5D
FFFFFFFEEBA9
000000A18E63
000001A0417D
00000205F82E
000000BE7AF3
FFFFFFE8F0F5
00000113351A
000001BCFD05
000002112298
0000012394B0
FFFFFE268641
FFFFFD6844E7
FFFFFB0EF27C
FFFFFC466D8F
FFFFFC118EED
FFFFFC64F739
FFFFFC4E8D36
FFFFFBEFB2FA
FFFFFC14339F
FFFFFC3480E4
FFFFFC2C6669
FFFFFBFB0930
FFFFFB9EFE1B
FFFFFB154A4D
FFFFFAFE990E
FFFFFBCBAB4B
FFFFFC53770E
FFFFFCFF8556
FFFFFDED5A71
FFFFFDF2A82B
FFFFFD13A040
FFFFFCB87D0D
FFFFFD8444FC
FFFFFE4AA8EC
FFFFFE8F8F9E
FFFFFEC50ED9
FFFFFE190251
FFFFFD254D63
FFFFFBB6A522
FFFFFE3967FC
FFFFFE3F89F7
FFFFFEEFFF65
000002C33A4D
0000030BD6F8
000001230037
0000034F523E
00000299D81D
0000032D4334
000003A489B0
0000038AE53B
0000038D459D
000003828CF9
000003BFD303
000003FF6EA1
0000040059D5
0000037F7ABF
000003845C57
0000044034EB
00000424A878
000003811A69
00000353F2A2
000003946C71
000003962F17
0000038CB59F
000003C2FD6E
000002F6190D
0000024928E2
00000372699F
00000397F226
00000235FD9B
0000004D6D6A
00000340AAA5
00000246C8C1
000000922722
00000294251A
0000026BAC86
FFFFFFD94397
000002FEE2EF
000002A763B3
000004074943
000005791AF4
000005F989A5
000005C90DDF
0000048092FF
00000399A8CD
000003592C47
000002FC1865
000002726B21
0000029B5C27
000003F557B3
0000043C3D8C
000002E2F1B0
000001F99EC1
0000024FD28B
000002D88A08
000003CAD7E3
000003EFEB21
000001254E99
FFFFFEEEE901
0000005D398E
00000191BFF3
0000008B17D6
FFFFFDB0A3BE
0000028F36CB
000002D6B25E
FFFFFFE84EAA
000002F5DE99
000001FA4DDC
FFFFFDF1759E
000001336574
00000091AE37
00000110E20E
000001092213
00000129F275
000001B2F15B
000001AF1E10
000001767A62
0000015AEF97
00000100EEDE
000000B086D3
000000F70506
0000018FBF6D
0000015CD797
000000CA6456
000000982C10
0000005CF8ED
000000233579
000000E09C49
0000019EF04F
00000083A392
FFFFFFD24A5A
000000750986
000000B0CC6D
000000306594
FFFFFCF21293
000000CA57F0
000002E9DA86
0000015BB83A
000003425B82
00000216CBFB
FFFFFCFE616D
0000006FDCB1
FFFFFF099EE8
FFFFFE490AF1
FFFFFCC35ABF
FFFFFBBC7E24
FFFFFC84B0A9
FFFFFE47DDE0
FFFFFF6E3613
FFFFFFEAD185
FFFFFFBF23C5
FFFFFFE673EB
0000005577F6
FFFFFF97AEC7
FFFFFE45E435
FFFFFE08ECB0
FFFFFE6768CF
FFFFFDB3F8AA
FFFFFCE8EDE5
FFFFFDB7009A
FFFFFEFC8E4E
FFFFFF95FEBA
0000000ED6F8
00000017C961
FFFFFFA95817
FFFFFFFBD9D3
FFFFFCE9E644
FFFFFF0F6511
0000021C28A1
000002DAC932
00000373FC83
000001DABED6
FFFFFCFAAAF0
000001647A15
0000003EA5A1
0000002488CC
000000175E87
FFFFFF8B341A
FFFFFF21F5A6
FFFFFFD6049F
0000002B6C25
FFFFFFBD9E59
FFFFFF53CD79
000000586BBB
0000016FE2E3
00000080C1A2
FFFFFF04420C
FFFFFF4FA7F1
00000064294D
FFFFFFEF8294
FFFFFE99F3E5
FFFFFED995DD
000000658A6B
0000018554B3
0000010E2CBC
FFFFFF18E90C
FFFFFE8C0DB9
000001812B55
FFFFFF4C08EF
FFFFFFA15977
00000000349B
000000D85448
0000038D2F97
0000017BA409
FFFFFC8D078C
000001D2BD1E
000000C53E02
000000C8115A
0000019FACA8
000002287753
000001621386
0000007927B2
FFFFFFBBE918
FFFFFE992335
FFFFFE14B655
000000225018
000001C2037F
000000B18771
FFFFFF786B8D
0000004AAD7D
0000018BDFE5
0000013A347B
FFFFFFEF78D6
FFFFFF733CAA
000000A2CFD1
000002598CA6
000001D292C6
FFFFFE964E4B
FFFFFDCE87B1
00000334B9AA
000001937F65
000000C2EAD3
FFFFFEA4DB21
FFFFFE5BBA4E
000003B28CA2
00000143BB19
FFFFFBC63B97
000001B191C4
000001602072
000000AFD7BF
0000002ACAB2
000000D52772
0000017210D7
0000015B742B
000000C6C05F
FFFFFF90792F
FFFFFEDFD681
000000CABBDE
00000240E4F5
0000009ED54E
FFFFFFC33CAB
0000013EC9B8
000001CA5C1A
000001359EE6
00000123E7D8
000000FD06F8
000000E82C50
0000020AD157
000002991178
0000001D256F
FFFFFE2EA38D
0000018BE114
FFFFFF1AA7E1
0000015545E6
000002A38618
000000B6F26F
0000039214DB
0000010FBA47
FFFFFB3F470C
0000015BDE6B
000001B40C06
00000116FA5D
00000013ECC7
000000D04E0E
00000255B9A8
0000033A171D
000002F98069
0000012630C3
FFFFFFAADE5B
000000866445
000001C115B4
0000008D97D7
0000003336AD
000002D26A3A
000003D04308
000002773CF1
000002ADF2F8
000003BC3DD6
000003385C86
00000263EBB7
0000027B3D50
000001602E43
FFFFFF7A2402
FFFFFF5ECBD6
FFFFFB70B94C
000001956DE3
0000075DC5ED
0000036074D1
0000037C979F
000001EA19ED
FFFFFCCFF62B
00000207C69F
0000012AD15A
0000008E74CB
00000060C3B3
000000E3F7C0
000000C5B266
000000B6794B
000001468545
00000152CBB9
000000536A60
000000AB5739
000001EB9477
0000007B3E56
FFFFFED36FC6
000000DB9F28
000002EBF43E
000000F3E16F
FFFFFEE3BF62
00000083F44B
000001FD5C2B
0000007ECE59
FFFFFF6D6174
000000556AE7
000000E49DA8
FFFFFFCFDB1B
FFFFFAE2A0D8
00000037FE06
0000050C342B
000000B56E36
00000357BFA1
000002EE9B91
FFFFFEB7B978
0000031ADE48
0000014A333A
0000006749B4
000000369AFA
00000028AEE6
FFFFFF1BCB49
FFFFFDBB91CB
FFFFFEB26067
000001AC6FFE
00000294ADCD
000002A92B50
00000321A442
0000011AF53A
FFFFFE61A943
FFFFFE93DA4D
0000009A6525
FFFFFEF5BFA2
FFFFFBAE170E
FFFFFD0D15A0
FFFFFFD34DF5
FFFFFEDA2B07
FFFFFD4C0601
FFFFFF73F265
0000018455E7
0000006007C2
FFFFFB535375
FFFFFF2867AF
000001B76D2E
FFFFFE3C5C3C
000002F1E50A
000002418650
FFFFFD8BA917
000001EFFF20
00000121EE7C
000000CBE187
FFFFFFDB602A
0000000715C4
0000013CF497
0000006A854C
FFFFFEF2B3E1
0000003105B8
000001ACC129
000001DB9C3D
000001383F68
000000A0813F
0000006717E5
000000383086
0000012C38BE
000000CE2408
FFFFFF9FD275
000000C21AC7
000001DEF7C6
00000064C44E
FFFFFEDB8DD9
0000001195F7
000001317D39
0000004508D0
FFFFFBC7ADD9
000000A85AFA
00000440E9AC
000000345D1B
000002F6FD54
000001B5E75E
FFFFFC33D9D5
000000B6761D
000000B4CB88
000000FA98D0
FFFFFFE516FF
0000002CD642
0000025781FB
00000295F7E3
0000002CA13F
FFFFFE29EA38
FFFFFF05F28E
0000006C404F
FFFFFFE374BA
00000046E78B
000001B07423
0000018057E0
0000017EB1E9
000001BD0DD3
000002C1135A
0000042AF15B
0000038F61FA
0000018D1AA0
0000006F765D
00000082940A
000000526529
000000289BD3
FFFFFC58FF69
0000017A9B6A
00000662AC5E
000001875DA3
000003563E07
00000247589A
FFFFFCDBD0AD
00000115ADC5
00000031765B
000000F72A51
0000010F5DB1
0000003F48B1
FFFFFFC716B7
0000008AE49F
00000182BE80
0000003B9C10
FFFFFF17C454
FFFFFFF6C2A4
000000993777
000000921ECB
00000084A396
000000B2C1BB
000000C8F6F2
FFFFFF7792D7
FFFFFFC445FE
0000015458C0
0000013A9864
0000007A61FB
0000009DDE38
000000C771CA
00000045AFE9
0000009BD4E1
FFFFFD8A6699
000000CBA9B4
000004EB4543
000000A6AE46
00000374088C
0000026C02A6
FFFFFD3A90DD
000001607F49
FFFFFF7DAB62
0000007D0817
000001D35806
000000CDE456
FFFFFE9297C5
FFFFFF0FE0B6
0000021AEE63
00000271901C
FFFFFFB429AD
FFFFFE34A0C8
FFFFFF7E9D93
0000006414BF
FFFFFFCAE833
0000010AD017
000001B3CDA0
FFFFFEA011D3
FFFFFD1ECE3A
FFFFFE341717
FFFFFEF376B8
FFFFFFD036FE
000000C26F5E
00000152D0C6
00000148FF8C
000001C45557
FFFFFF38F5E7
000000D4DC76
000003A9BF33
00000079190F
000003A0608A
000001B1617C
FFFFFC6E4CB6
000001D015C8
FFFFFFFDD498
FFFFFFC25AF8
000000BD0CE5
0000019BD76F
000000810FDA
FFFFFF359762
0000002E824E
0000019CE5F9
000000E781A5
FFFFFF0ED315
FFFFFF184B54
FFFFFF827D7F
FFFFFEE4BADE
000000353287
000001875532
00000081D0AA
FFFFFF8F4773
FFFFFF759760
FFFFFFFC4303
000000A39E95
FFFFFFDE0418
FFFFFF1985C0
FFFFFF91B1EF
0000009D03CE
FFFFFDE07757
FFFFFFA8270B
00000329E1A8
0000011B904E
000003DCE2C8
000001337A86
FFFFFB8C53C8
00000239288B
00000110C46F
FFFFFFAB8C56
FFFFFF5EB6D8
0000016ADCAE
000001BF10E6
FFFFFF5E72FB
FFFFFE8764CB
000000B499BE
0000026C5FEF
000001751166
FFFFFFA16141
FFFFFE1C89A1
FFFFFD9AA27B
FFFFFE3D3EB8
FFFFFF2644F2
00000151A131
000002AC6A07
0000015A37D0
000000F2D383
00000142BD88
FFFFFF560653
FFFFFCF47B55
FFFFFCF76F4D
FFFFFEA55651
FFFFFBB4978E
FFFFFE6AB28E
000002FE67E4
000001A32105
000004676ADF
000001D71060
FFFFFB89399A
000001B042C8
00000111831B
000000705FE8
FFFFFFB39472
0000000DDCB2
00000093C937
000000B7E8C9
000000442A3E
000000116A48
00000117CAC9
000001A24101
000000657FD5
FFFFFF9405C7
0000010732DD
000000B8FE5A
FFFFFE67B593
FFFFFF9BF99F
000002305E98
000000FD9F9B
FFFFFF71E0D2
0000003D6DF8
00000119BF3A
00000093E6CC
FFFFFFDECE1A
000000605242
FFFFFD1109DB
FFFFFFED89FC
0000039E1770
0000017E6082
000004739361
0000027FEF67
FFFFFC45BA1C
000001195363
000000266580
0000010108C5
00000120BB6A
FFFFFF41DCF6
FFFFFE9DEA67
000001C7F8F3
000002AE2D18
FFFFFF7F31F4
FFFFFF0888E8
0000014A640C
0000017F657D
000002134039
0000049364A7
0000036A55D9
FFFFFF35E1A3
FFFFFE2CC422
0000001FF2A6
000000246370
FFFFFECCCC4B
FFFFFF330A6C
00000174553C
000003F614F3
000003E1CB1C
00000273D439
FFFFFDEEC928
0000014F0062
000004744F7E
0000010CD959
000003926CC5
000002315486
FFFFFCE5064B
00000120969B
FFFFFF8B7A51
0000013ECD5D
000002658771
FFFFFF9D464F
FFFFFDAC2145
0000010B70F8
000002C2DCFF
FFFFFFD930C2
FFFFFF518548
000000F76DC2
0000007D034D
000000B33864
00000281D512
0000024E418A
000000CEB9BF
000000533B4C
00000066451F
000000F8708D
000001AE77D8
000000707C4E
FFFFFF04DCE2
000000DCBEDF
0000026BD416
000000E41468
FFFFFB3BB699
FFFFFFF03751
0000049BA14F
0000008045EC
000002EDDAF1
000001D71459
FFFFFD2865C1
0000016C458E
FFFFFF794898
0000012BB650
000002BA94F2
00000086A11A
FFFFFE699B7B
0000005C4FB8
00000193965D
000000810DDD
0000007F1716
00000041C702
FFFFFF187040
FFFFFFAA6A32
000000F0A24C
0000012C8D95
000002362288
0000030E9DBA
000001BC6F87
000001C80843
000003B35CEB
000001FA3BDA
FFFFFDF23FE7
FFFFFE04A088
000000423F56
FFFFFFDCB7A4
FFFFFA05001C
FFFFFEF728BA
000004729D00
FFFFFFDFF3B3
0000036A6923
000002390B01
FFFFFD512048
000001EAFE61
0000002712B6
000000ADC5EF
000001956F9B
0000011A252A
0000004BC574
0000001658AB
FFFFFFEAD731
00000121D6C8
000001DDE4A2
FFFFFFAF1F83
FFFFFED5A19C
000001A1C89D
0000028E757C
00000018E69D
FFFFFFF9804D
000002098C99
0000010EC56D
FFFFFFA22051
000001009B02
00000161C0C6
0000004D02BC
0000005A71AC
000000C71B2C
FFFFFFB8F178
FFFFFAFC4EBC
FFFFFFFA48E9
00000544172A
0000005CFD2B
000003EA1194
000002D4FD86
FFFFFD64FC35
000002865F28
00000185D3E1
0000008FEE2A
000000185BC4
0000013B6ED0
000001CDA11F
FFFFFFE589C2
FFFFFE7EF05B
000001903C79
000003301058
FFFFFF4A5E52
FFFFFE211266
0000029931B3
000003BBCBBA
FFFFFF33D8D1
FFFFFD996CA4
00000086FBC3
000000C0A4D8
FFFFFE4FA309
FFFFFE8A9E6E
000000E2B35C
00000274448F
000002A574E5
0000010FDC2F
FFFFFE37F2AF
FFFFFA89CBDD
00000053C6AA
000005BECFE8
00000142E322
000003919115
000002C09457
FFFFFC713DF6
0000016B66E2
0000010FE2A1
00000027A8F7
FFFFFF33FA18
000000E48D0A
0000025E3000
FFFFFFBC3F4C
FFFFFDD136FB
0000018193CE
000003501004
FFFFFF9D5F8B
FFFFFE3C5FDB
000001AB3B5E
00000303962D
0000003C20A8
FFFFFF260231
000000A1808B
000001096AAA
000000058613
FFFFFF87A2F4
FFFFFF9934D8
FFFFFFF9BD70
0000011B9A1B
0000012EA0B9
FFFFFF0E6248
FFFFFB5045C3
00000007FFBF
0000044F6EA4
0000008E5AB9
00000382609C
000002D6D0AB
FFFFFBE0AF0D
000000456F81
FFFFFFAAA20A
FFFFFF6C767A
FFFFFEE8D05A
0000005B9A45
000001E94260
FFFFFFEFCED5
FFFFFE46B6FC
000000F60124
0000025C2D25
0000006B89CF
FFFFFFEB2A8A
000000E7E533
0000013E531E
00000165C5D5
000001B69FED
0000006BF12D
FFFFFF81A722
000000FE8B14
00000125E607
FFFFFE24A1FF
FFFFFC90D9D9
FFFFFEF3AF58
000001261487
0000012EF923
FFFFFD6CCE48
000000225244
000002EE27D5
FFFFFFD09BE8
0000034CFD37
00000240FB42
FFFFFC18F098
0000017B862B
FFFFFFFBBFA9
FFFFFFE54073
FFFFFF91945B
000000228192
000000F4415B
00000051D4E1
FFFFFF91CEB9
FFFFFFF0187E
00000000D6E9
000000D03938
000001764421
FFFFFF65AE14
FFFFFE1817CA
0000009CF9B6
00000266341E
FFFFFF257CBD
FFFFFC99CECE
FFFFFF63E4DA
00000199F9B2
FFFFFFCF7356
FFFFFE6A4A03
FFFFFF0BDBA1
FFFFFFDC0821
00000095B88B
FFFFFD2AD278
FFFFFFA00252
000002FAD626
0000009378D0
0000034B0CDC
0000012527E8
FFFFFB218E2B
000002919A5A
0000009D29D9
0000005429F0
00000045DAD7
FFFFFFFFBD09
FFFFFFC14FDC
000000703409
000000F0958D
FFFFFEFF8162
FFFFFD7A26F0
000000C90DAF
000002DBAD75
FFFFFE444503
FFFFFB6543B5
FFFFFF6620B5
0000024888E6
FFFFFE6F93C4
FFFFFB28E8B9
FFFFFDDACB7D
0000009487A3
000000F82E4C
000000DBD5BF
FFFFFF8132D6
FFFFFE915558
FFFFFFA6677C
FFFFFCABE768
FFFFFF11663D
000002E16B5D
000000F8E25B
000004FE5764
00000179135E
FFFFFA72DE52
000002832D5F
000000B765C3
000000B1065E
000000A4E3E8
FFFFFFF808A9
FFFFFF3712B8
000000B4B244
0000023631D8
FFFFFF5C3D62
FFFFFC697D1F
00000004950E
0000032D9FEA
FFFFFF0E62E8
FFFFFBCBD224
FFFFFEE48225
000001E470EE
FFFFFFACE543
FFFFFD555B80
FFFFFECA2054
000000055CD0
0000005433D1
000000BBB2E3
FFFFFFED7BC5
FFFFFF026CDC
0000002B6029
FFFFFDF00304
00000021878E
000002C7BF47
000000931C3D
0000064A7A69
000003363638
FFFFFB5E44AB
00000379D9A8
000001E516D7
000001DE758A
000001C40482
000000B28CFB
FFFFFFC948CA
0000015AA602
00000318D4A5
0000004FADB8
FFFFFD33D795
FFFFFF6CD644
00000203EEE1
0000000C0859
FFFFFDC8CB4F
FFFFFEC312AC
000000B08FD0
000000A86EFF
FFFFFFE8EDDC
000000369FAE
0000008D3F61
000000D0C53F
000001487AE2
00000165489C
000000C4B3DC
000000AC504D
FFFFFF09EAAA
000001B19E46
00000402AFAE
000000B90520
000004A6D9A0
000001EEFF87
FFFFFC40AD50
000002FA8D2B
000001178F6B
0000012A3666
0000011EA689
0000003FB285
FFFFFF82C502
0000006D6C11
000001A7AC50
0000008A37E3
FFFFFF393226
FFFFFFFF282A
000000C8CFAF
0000000B4499
FFFFFF71E529
FFFFFFB0E392
0000001AA649
00000051C456
0000008707EC
0000007A2C79
0000003E970F
0000002BD420
0000001F49E0
000000F801AB
000001771628
00000039AB2C
FFFFFD025F55
000001585B2B
00000459805E
0000002960D0
FFFFFDEEFA2F
FFFFF8CD632A
FFFFF254094E
FFFFF802DF82
FFFFF462E6EA
FFFFF4AECE18
FFFFF4EABDFE
FFFFF4B445AF
FFFFF4AABA3F
FFFFF5418D05
FFFFF612D236
FFFFF691C31A
FFFFF7208178
FFFFF719E074
FFFFF6BAECF7
FFFFF71345B6
FFFFF7D85BA5
FFFFF829E062
FFFFF7E220E5
FFFFF7972021
FFFFF7E4C105
FFFFF8585A05
FFFFF7B11FA9
FFFFF5D188DF
FFFFF4A47BFC
FFFFF5E3E0C5
FFFFF750A6A9
FFFFF6501888
FFFFF35C8A82
FFFFF76FCBB5
FFFFFB363F45
FFFFF9AC518D
000003437FD8
000001217D25
FFFFFD3D8FBB
0000021D1EA2
FFFFFFB81853
0000001EFF70
00000053190F
00000022A4BE
FFFFFFFC03DC
0000001068B8
0000001BFBE3
00000042AB37
0000009EC2EA
00000043410C
FFFFFF9A28D1
FFFFFF9EC625
FFFFFFF0ADC1
000000870BD3
000000C8CB01
000000276332
FFFFFFB60827
000000668908
000000AF3307
0000000A8D9E
FFFFFF9617B6
0000002C6CF2
000000CCB852
0000004477AB
FFFFFD51F8C2
0000003FE8D6
0000035E560C
FFFFFFF380A5
0000012F92AA
000004A1BD70
0000035998D0
00000230240D
000000C6E588
FFFFFFA75139
0000000685CB
000001134BA1
000002249318
000002E65BFB
0000032506D1
000002FD7426
00000305C743
00000322300F
00000299FCA9
00000212D0F4
000001FF6B36
000001C8294C
00000099EE2F
FFFFFFC92931
000000F6501D
0000027CC093
000002E4D7BC
000002EA5CD6
000001B69110
0000003DB692
00000103C399
000002A44613
000001620F4B
FFFFFE496296
0000007890DB
000000672BF2
FFFFFFAF15C5
000002E39908
00000068B5F6
000000C07E86
FFFFFFDC0D58
FFFFFF535964
FFFFFFDE5D34
FFFFFFC69DB4
FFFFFF9D46FB
FFFFFF8C9697
FFFFFFBDDBD2
FFFFFFF19C0B
0000005B7178
000000A9AE09
0000007C0BFE
000000B7EAA5
0000013A4754
000000E60FDF
FFFFFF69BCCC
FFFFFF3AD727
0000009E8C62
000000CE4A30
00000046EFAC
0000003EF3DD
FFFFFFAB5883
FFFFFFA7B250
000001622579
000001DDEB80
0000004A9E1B
FFFFFE0894DB
000001366BD5
000000A67166
FFFFFF00273B
0000029E61EA
000000B20EE2
000001678F60
00000181B0B0
0000014493D8
000000C969DC
FFFFFFA4DB54
FFFFFE9C0259
FFFFFE14C04E
FFFFFE7FD86F
FFFFFF46AD24
FFFFFFEB47BD
00000044F25C
0000007D499F
0000011383EE
00000181E3D0
0000015F73F0
000000F4F329
000000B43139
00000031E7B4
FFFFFF6B7F4A
FFFFFF3EEEFD
FFFFFFB12332
0000001B0E50
000000AE7863
000001C19F5C
0000017EC5D8
00000060DD21
FFFFFF0AAF96
000000CCA8FC
FFFFFECFDCD9
FFFFFE5A56E6
000002BD0DEC
0000017FE946
000001B96A71
00000316A0A8
0000030004B9
000002777322
0000025498AE
000001FD0435
0000018FE478
00000151FA4A
00000152843F
0000015C1598
000001442A55
000001BA0B09
00000296A73C
0000030D9EA2
000003490AF5
000003261178
0000025544CA
00000135221D
000001441F32
000002603091
000002DEB595
000001FBDFDA
0000011B84C0
00000143A0D3
0000017BBD76
0000024DD769
000002893A81
0000035AF9AD
0000001936EC
0000000D1A4A
00000367D00F
000000AD2039
0000002E01F6
000000A3783F
00000189BFB0
000002996DE2
00000367D24A
00000381791D
00000310DC75
000002182C4F
000001596868
00000099D43F
FFFFFFB26674
0000006C2904
000001640398
000000E7EB89
000000512A16
000000D40EDB
000001AF2837
000002805926
000002D280FA
00000297E6C1
0000019672F5
000000285523
000000089FF0
FFFFFF9B9C4C
FFFFFF05A466
000002F4A01D
000005313EBB
000002E1A172
FFFFFE7AECD8
00000010CA50
00000390B3FF
000000C233EE
FFFFFFC7976A
FFFFFFF8EF5E
000000F67364
000001B0897C
00000185B4D1
000001529F8C
000001980F0F
000001CAD780
000001E063D1
000001BC1B28
000000CEF530
0000014A5EC4
000001B66EC4
0000002F3A53
FFFFFF186FC4
0000000BA7EC
000001401EC4
000001DB3A01
00000207C998
000002289F01
000001B6DB36
0000012114D8
0000014A635E
000000083C7C
FFFFFEFAEF92
000002BFBB25
000003A6B916
000000A64ACB
000000276ADC
0000007E25DA
000003D9A260
0000009A4E22
FFFFFFC9E41E
0000003CD337
0000007CE22F
FFFFFF66AA65
FFFFFE9B91A9
FFFFFF5951D3
000000E55DAF
000002A58E6E
0000039B6458
0000037AA007
0000024E9F88
000001B804D7
0000019EDEA7
FFFFFFE1D0C0
FFFFFE4FA7F7
FFFFFF206759
00000050928B
000000AD7DDC
000000B1850A
0000012F2157
0000022C1DA4
000003869510
000003C39799
0000018500D5
FFFFFEFEBF28
FFFFFF3131F1
FFFFFF2A0DB1
00000107D6A6
000003E82E2F
00000094DE3A
000003AAFBCB
0000008DB328
000000A296C7
00000172A2AB
0000012B9325
FFFFFFDD3721
FFFFFFECA178
00000100FA38
000001B4FB55
000001EA4693
000001A84C6B
000001EA0B8D
000001BFF45A
000001E76D08
0000028B55A2
000001B5CE96
0000003CDB47
00000052F90E
0000011385E9
00000105C591
0000000A4BD5
FFFFFFA3B525
000001319C7A
0000032CD954
0000028D3A58
00000122B2F3
0000004E1524
FFFFFF76E80C
FFFFFF5B5241
000002A13516
0000034A8F2C
FFFFFFEF7A7B
000002B790B4
00000082B387
0000011E764E
0000015FEB13
000001CD6130
0000028DA59F
000002C0453A
000001FC69A3
000000AA10E6
FFFFFE7F1E6F
FFFFFD530883
FFFFFED6EAE1
000000D86976
000002B27616
000003B37C0F
000002E5BB59
000001F71796
000001E280AE
000001C2E566
00000087BB31
FFFFFF0B9B3B
FFFFFEE175B0
FFFFFF99CC39
FFFFFF62A3E1
FFFFFED0E25E
00000177373F
0000042E0C3A
0000030CDC5C
000000CAE8BC
FFFFFFAB3329
FFFFFF90D0B6
FFFFFFE7E791
0000028B69BD
00000098296A
0000009DDF8B
FFFFFFF39B14
000000D7FB6A
000002CDA35E
0000027E006F
00000174CF10
0000015586FB
000000294053
FFFFFF2DA8F5
FFFFFF1B9A48
FFFFFFB3C5F1
000001238837
0000015575EB
0000010BD280
000001BC4FEC
0000022CE0D3
000001B3482A
000000746DA9
0000003A5C88
00000104C786
000000A3846B
FFFFFE4865D3
FFFFFDDA12D8
0000019DE466
0000041F3586
0000029160DE
000000DAEFD7
FFFFFE377BFB
00000108470C
000000652866
000002D2443D
0000004DD2E5
0000003C84A5
FFFFFFE436C5
FFFFFFB82761
FFFFFFF9DF6B
00000095331E
000002AAF064
0000048110EC
00000444A2AF
000002E60F43
FFFFFFE103C2
FFFFFDDE51C5
FFFFFDF60A81
FFFFFE32E87C
0000002EFB00
000002079792
000001AEA8FC
0000018E48D5
000001FFFE36
00000265965F
000002BF9A99
000002489759
00000041169D
FFFFFEA9EB0C
FFFFFF51E7F5
000000482346
000000DAB6A7
000002926F32
000001BE3930
000004A26667
000000750C96
000003114E74
0000007F54AB
0000011A26A9
0000014F8CF5
FFFFFFFCDD32
FFFFFE7EFB88
FFFFFF9BF19A
0000024FAA1F
000002E6D2E5
000002CD66EA
0000033831CC
000001D3329B
000000703CC5
FFFFFF2F1001
FFFFFE6AAE6A
0000005340ED
000000C0046E
00000023366B
0000019C70B6
000002615D25
00000174CFA6
000001384027
000001B1BEB3
00000109D952
FFFFFF4E01B8
FFFFFE748F64
FFFFFF279ABB
000000F3F3CC
00000366E428
000002CC0FBA
0000038D23B9
00000049AC3B
000003B81904
00000190ACDD
000001DAD477
000001621699
00000092C21D
0000003ED614
FFFFFFD61A11
FFFFFE895C96
FFFFFE48BDCA
000001398117
0000045E21CC
0000056C142A
0000050B6F51
000001CDE3A8
FFFFFEDF853F
FFFFFE6046D0
FFFFFE5016CC
0000008FCDCC
000002967037
00000113B042
FFFFFFB25C8A
0000000331C7
000000AB097F
000000AAB352
00000071154A
0000007102F0
00000039FD17
0000006016C2
000001F23112
0000006A5770
00000145A160
0000000C71EB
000003EC89C0
0000017A0EA8
000001369734
0000009FAAD6
0000014FC827
000002544D56
00000083EE8D
FFFFFDA9FACD
FFFFFE7A6D57
0000016FCFBA
00000283E576
000003BF493F
00000527EFD9
000003125249
000000AB8D85
FFFFFEE69CC5
FFFFFE991483
000001832F2C
000001F592C9
00000026F78D
000000F87089
000001E03B90
000001B3CB5D
0000017213FE
000001D7410D
000001B013DA
00000068D57E
FFFFFF72340B
000000AE201B
FFFFFF0D4AD7
000000D43333
FFFFFFF05DE6
000003A99262
0000008D3D18
000000616A71
000000CFCA21
000001C2A6A6
000001FFD794
0000017A1B24
000001FBFEE9
0000019D5619
FFFFFE86636C
FFFFFCCC579C
000000311261
0000041A5440
000004A59506
0000043A1E97
000001A7ED9C
FFFFFF5BB775
FFFFFFE62A7C
FFFFFFF0D28B
000000E9D128
00000342A338
0000032769AE
0000022DD2DD
000001C121F9
000001B4DEE4
00000108B8FA
FFFFFFA2A615
FFFFFF62DFE9
00000075EAD5
FFFFFF73EA94
0000008D6062
FFFFFFFB5C8D
000003A75AAE
0000008B9436
000000979BDC
000000F5CF83
0000014A3975
00000105370C
0000022AC24A
00000459DFB7
000002321D83
FFFFFD6F442C
FFFFFD06CC1D
FFFFFFE67D59
00000110E2E5
0000022F88D1
000003D86090
000002B3DCA1
00000148FB74
0000010123BB
00000048E472
000001239728
00000214614F
0000011891C4
0000004FF0EF
00000064C4A2
000000E2A59B
0000014938AC
000000CD1282
000000E97D07
00000169A813
000000BC6A44
000000705BA5
0000005D7A97
000004119952
000000D2A0DA
000000C50ED0
0000010F52BD
0000011E6DEE
00000076B997
0000012E74E9
0000024A76E2
000001A64939
000001B09F37
000001CD56F1
FFFFFECC8BBA
FFFFFC0750A7
FFFFFE455F75
000002068284
000003C804F7
00000493C49F
00000328909A
000000910820
000000181C27
0000001D9E5A
FFFFFF8A576B
FFFFFFB7614F
0000007D4F7F
00000122629C
000001ECC765
00000270E1E1
000002A1E177
000001EFACCF
000000EF2051
000000A6CC2A
0000008DC41E
000003CBE3FB
0000004FA8D6
00000091FCD9
0000018150F4
00000165CDED
00000045802B
0000009E608F
000000C4A264
000001216EA4
000003D55125
000003BA3F28
FFFFFEF4B1BE
FFFFFCA7BC21
FFFFFECD11AC
000000BF4D95
00000214CC52
000002E69407
0000014457D3
FFFFFFDCF91D
000000BA5BD8
000000F04C93
000000D3106A
000001F3C9FF
00000229EA45
000001168976
0000004DF317
000000F4C886
000001A33670
000000BA27C4
000000397389
000001A0E91F
00000011C34E
000002F1F311
000000454093
000000B40234
0000013597C8
0000012CF6CB
0000015AFE73
000001EFA8DD
0000001E17C7
FFFFFEEEEF37
000002094868
0000041A63FC
00000260FFEA
000000C49F84
FFFFFFF1D3EC
FFFFFE0E4663
FFFFFD5DD30F
FFFFFF2C48ED
00000088FFD2
000000FE3424
000001858F3E
000001D97696
000003082A9E
000003EADAB8
000001DF35D4
FFFFFFB061A5
FFFFFED6D6D9
FFFFFF56BE95
FFFFFFF7A62D
FFFFFFD428BD
00000093F9C1
000003303AC1
FFFFFFE79B97
000002DFB63D
000000ACD795
000000B844B5
00000091C336
0000010470AC
000002328501
00000261339E
FFFFFF9B2AC9
FFFFFE846B52
000000EF51A8
000002D67076
0000032C5D4E
000002AC7F53
000000AFE589
FFFFFDC405FC
FFFFFDA9ED08
000000C69E8A
0000021FBEAD
000000BD2838
FFFFFFDE91F7
000000C7D408
000002489DCB
000001DD0498
00000020034B
0000006F3DC4
0000013E97F1
000001274CDF
0000002271F4
FFFFFF9A32EB
0000008ECEEF
0000034FF96F
00000044BCF3
00000334BD60
00000086B1A8
0000006249CA
0000007B0926
00000113E0B8
000001C14A49
000001CE51BD
000000B8B0E2
000000AE4BF8
00000067B2AF
FFFFFF6152AF
000000F60EEF
00000369D488
00000284BAA0
000000451222
00000186E871
00000339EDD9
00000090BCC2
FFFFFDFEF04F
FFFFFF1E657D
00000000BB40
FFFFFEF5971D
FFFFFEEE5C5A
000001ABF62E
000003F6555B
000003D0557B
0000029D5AE7
FFFFFFE35D45
FFFFFE5B74CE
FFFFFF366F22
0000022E81FF
000000687A77
000003448955
0000008B83D6
000000A3953C
00000080D085
0000008ECCBF
00000109C940
000001877270
000001C1BC00
000002048A67
FFFFFFFE3FF1
FFFFFDCA37E2
FFFFFFE81A41
00000303AAA6
0000028105C5
000000F8247F
00000248302F
0000026C3E1F
FFFFFF24F6CC
FFFFFEB55B73
0000015B3C2F
00000104B975
FFFFFEC0758A
FFFFFFE17368
000002FCBFC2
000002BA3BC6
0000013705EC
000001738B48
FFFFFFDDEC5A
FFFFFEF8514F
FFFFFF8970E4
000001940138
00000010E6CD
00000371B0BA
0000013567E0
0000011C3108
00000082BA21
0000002A8E8E
000000A4CBC0
000000E0BA09
0000017D018E
000002925672
000000AEAE35
FFFFFE6C57EF
0000004E5EC1
000001EFBCD1
000000740745
FFFFFFE3C054
0000018D1575
000001F2908C
000000D93EFC
000001AA8AA5
000002FC4025
0000024B6A44
000001ED6080
000001D95C5C
FFFFFFA1F1D2
FFFFFDC5B7B2
FFFFFF04DC59
00000148616F
00000122C85F
000001492C84
000000D3961E
0000012CC225
FFFFFFB60533
00000390AE40
000001466F3A
0000010F1D97
000000D9F005
000000A80F0F
000000AE3AED
00000077F4AE
00000169D264
000002BD27DE
0000016FD71E
0000001BB39E
000001230BAE
000000BCC3A4
FFFFFF59A701
0000006F1947
000001F3089B
0000016F00D7
000001378875
000002642D00
0000020C0A82
0000010EA2FE
0000029F8603
0000023EE172
FFFFFEE942B1
FFFFFED3B4B1
000000EDDC7A
000001198B61
0000008D5B86
000001969AED
000000F2DAB3
0000014F8413
FFFFFF96C015
000003D2446E
000000D0E90F
000000B14077
00000114D945
000000FCC732
000000DE7496
000000B5E482
0000017EA6A3
0000023A360A
000001B1EE84
000001CAD278
0000014BB61D
FFFFFF7CBD5B
00000051B08D
000002BEA1D8
000001B89B80
FFFFFF64DE83
000000A8863A
000002B818C4
00000088ED31
FFFFFE7B0881
0000013F32EB
00000349166A
000002DA633A
000002B2FF4B
000000F0BEAF
FFFFFE9F16FF
FFFFFF347CA9
0000012DB3EA
000001420A3C
000001DD237F
FFFFFFC74E9F
000004B718E8
000000C6B932
00000046CB97
000000AA558D
000000E8202F
000000C37931
00000097EC56
00000153D92B
0000018C1D4E
000001A9F0B1
000002CEEAA6
00000157FC5C
FFFFFF2A67D9
0000012CDCCB
000003551E4D
0000010300FF
FFFFFEF8D9D7
0000013FBE33
00000306A9B1
000000658158
FFFFFF034089
000001652B76
0000031F06A2
00000348A59D
0000024C8437
FFFFFFAEE69B
FFFFFE6AA476
0000003AC283
000001AC233A
0000017A84EB
0000015524D7
000000A7C74B
000005EB60D7
0000003378CD
FFFFFF635756
0000004A9E86
000000F229D3
000001008D2A
000000C279E8
000000D92BBE
000000C2FCDC
000001D2DE98
0000039F9455
000001BD55D6
FFFFFF5C728C
000000F358D2
00000290A9E4
0000015049A1
0000001A8EC1
00000147E015
0000027814C0
000001F6ADC5
0000015D2FDD
0000007E254F
FFFFFFD1310B
000000802FB7
000001521F92
0000016110E6
00000127DE38
00000144A6E5
000001165AE4
00000063E121
00000090630A
00000116F652
000005B63A5D
FFFFFFC721D4
FFFFFFC2F3CE
000000FF8CE4
0000015E374B
0000012A7E5A
000000CC1284
00000043BAD7
FFFFFFD4C402
0000014A96AB
000002CFC9D3
0000012A941D
FFFFFFDEBD4A
00000112A259
000001BEBEA0
0000011045FB
0000007142A1
000000FE915D
000001EFB136
000002D34E49
00000230D295
FFFFFFAB90DE
FFFFFED7421B
0000003FC0A8
0000015E294E
0000022AB312
000001F68DF9
0000008D41BB
FFFFFFB637CA
FFFFFF819F49
000000CD17AB
000002EFA4A4
0000072E5FFD
000001FCADBC
000001F39A1B
000002199379
0000016D5BBD
00000146FE26
0000011B2060
00000082AD2F
FFFFFFCF4188
0000006A962C
0000016F771B
000001A514A9
000001D90650
0000015FBE08
000000A1FA82
00000103148A
0000018B8833
00000197744C
000001640FE3
000001D2B095
0000029439B1
000002822C88
0000023EFE24
000001A3581C
0000009DA445
000000FEA047
0000018C6757
FFFFFFFC11A4
0000000C644A
FFFFFF2C0229
000001240F40
0000012FA94E
00000469E00A
0000014A2951
00000184DD77
000000BE637E
0000005CDA91
000000AB48EA
000000BE80D0
000000594DC3
FFFFFFD07D8D
FFFFFFD3FE56
0000006FEBB1
000001434C78
0000017E568C
000000211BB9
FFFFFF8A92BA
000000F31A85
0000017C36FF
0000008E2872
FFFFFFE7BD4E
00000021221C
000001634F50
0000028F9AAE
0000020F736A
00000061166C
FFFFFF640CB1
FFFFFFD568BA
0000004EE336
FFFFFFC93ECA
0000012D9B54
FFFFFF53A026
000001DC3FDF
FFFFFFDBD9F2
000002020816
00000093DC7C
000002B338E7
000002722CD2
000002A527F2
000002E356CE
0000030B84E3
000003020793
000002CC0557
000002789BC8
000001F48C13
000001F2E925
000002A06CE4
00000264C878
000001BEE586
000001D2060F
0000020112EC
00000240E928
000002345B7C
00000135467B
000000F14DB6
000001CE8A55
0000023FCC4F
000002448281
00000250E4CF
000001CAA744
00000189C972
000001FA93DA
000004D23245
00000335DF30
000006F06A9A
0000033A3C08
00000308C3AB
0000008493FB
000001C8AFA0
0000011582DB
000000D06EBD
0000009B2F8C
000000B9E544
000001408F05
00000157158F
000000F25B23
0000001DA43D
FFFFFFD311ED
000000C79D54
00000152D5F0
00000062CF99
FFFFFFB241C2
00000063D2E6
00000196B82E
000001553B1E
FFFFFFF3F02B
FFFFFFA42F4D
0000008A8A68
0000011F3A95
00000127A1A0
000000C750FC
FFFFFFFA26E2
0000003A200D
FFFFFFFA4EBB
000001E3614E
00000044AB60
000001498D54
0000009CA296
0000016E148E
0000013D5D7A
00000069D3A6
FFFFFFB903A9
FFFFFF3A08EF
FFFFFF182A52
FFFFFF80CC11
00000011729D
0000003B092B
000000BD64E3
00000148390E
00000134FD08
0000009E9139
00000077AA5C
000001160EB1
000000F1C261
0000002D39D8
FFFFFFE25EBB
FFFFFFCE5518
00000005EFEF
0000010D6CC3
000001749A2E
0000004D7284
0000002040D2
000001A1C266
000001A7820C
000000339D18
FFFFFFFD42B7
0000027B6A79
00000333538C
0000000D921C
0000012667F5
0000011A6A95
FFFFFFF34A1C
FFFFFF44670B
FFFFFFD9FE89
FFFFFFA39470
FFFFFFC92C68
0000004AE189
000000C2D31F
00000133572E
000001733A34
0000010F6868
000000931028
0000001A4A6B
FFFFFF8E0550
FFFFFF31EF64
FFFFFF9DCFD9
0000011A8A37
000001C8BB9D
000000AA8AB4
FFFFFFAA878D
FFFFFFAA5256
0000006AED8B
000001AE85F0
00000230008D
000000C6DE03
FFFFFF9930BE
FFFFFFDB60B6
FFFFFFF12C00
FFFFFFA6F53B
000000A0CA04
FFFFFF80469B
0000006ACD1B
0000005503D9
FFFFFF8404AC
FFFFFEEDD106
FFFFFFD62600
000000E20A69
0000012A607E
000000E606BB
000000F789B8
0000013846EB
000000E72DFC
0000000E368B
FFFFFFEEE2D2
00000080FA1C
000000CB8E77
000000885EA0
000000ADDB23
00000199E804
000001EC3652
000001287534
0000008D7C86
000000BEE4D0
0000013EEAFE
000002648DF3
0000021BF8EA
FFFFFF1A98D1
FFFFFE7C9C06
0000019D1315
0000022DE8BB
FFFFFF9F986A
FFFFFFFEFAC8
000000ECB090
FFFFFFBAE877
FFFFFF53544A
FFFFFFB57E65
FFFFFE61AC54
FFFFFF3C4450
000000DABDDB
0000016B2FA1
000001605F78
00000174B566
000001779602
000000BBAC92
FFFFFFC535FF
FFFFFFEB3856
00000105BD4F
000001EE0B55
0000020D34C2
0000019D3D40
000000A955C3
0000005A8F9A
000001220787
000001B38CC8
00000212AB70
0000026AD539
0000028E5E17
000001104087
FFFFFDBF139B
FFFFFDF11A6A
0000023FE695
000002CCB772
000000B37C4A
000001612FBF
000001A7A21F
000000DE75C3
0000000647BF
000000ED5545
000001BCD543
000001C081E0
0000014B0B00
0000011BDC4A
0000011B9C20
0000012ED2B2
0000017FE6C7
00000172EA89
000000E5591C
0000013245A2
0000025BB29C
000002EE6406
00000225207B
000001536044
000000A22B0F
000000CA8FDF
0000022FF28F
00000240994B
0000005AB38C
00000095F836
00000316CBDC
0000027FA4EE
FFFFFF14E0DC
FFFFFE5F5CF3
000000445A41
000000C9ADEA
0000021B7BBD
0000029C4C36
000000E9B797
000001737472
000000FBD897
000002A685BD
0000046AC50D
000003FAB20F
00000162748B
FFFFFFC65A2E
FFFFFF2CE858
FFFFFEF3F644
FFFFFF8B8535
000000AD75F4
000001427D04
0000021186DB
0000031DC975
000002FE1C4D
00000194DEDD
000000CCB478
000000E208DA
000001029CE9
00000166C5C4
000000A01C7D
FFFFFE6B6943
FFFFFE9FA174
00000129A328
0000022D8188
000001F22E5F
0000010F0075
FFFFFEA2CAC9
FFFFFDA95AF2
000002796E6D
000003DFC896
0000008BC61E
000001251918
000001A6F9D3
0000029328FE
0000025C3C14
000001E1C325
000000FCD206
000000073CAB
FFFFFF63BDB5
FFFFFF5F7630
000000020DB3
000001051223
000001A15369
000002359E15
000002A59C70
000001DD7B63
0000001300F3
FFFFFFBF9176
000001396456
0000010A8FF0
FFFFFF946A33
FFFFFF884B0C
000000173EDA
0000001CBC9F
FFFFFF8BCCF7
00000090270D
00000317B2A1
000003164FD6
000000099BEE
FFFFFEB1CEFF
000000EBE966
0000025A193A
0000017FD3D5
00000054D6DA
0000018B78AD
000001AA6BEF
FFFFFF424985
FFFFFEF12D10
00000073183D
00000175AD91
000001CCB049
000002034499
000001928189
000001179A74
00000140D3B0
00000117EDEF
00000069CC20
00000004A947
FFFFFF5594F5
FFFFFFCCBB14
0000018D6DA6
000001354692
FFFFFF6638CD
0000000F0823
000002A91D1C
0000026CB60E
FFFFFF03A25A
FFFFFEAEED90
000001A3A4DF
000002C66857
000002679247
000002621877
000000B3269D
00000066F2B1
000001EFB8AE
0000002D8C7C
000000B25B54
0000011F8C63
FFFFFFC4013F
FFFFFF6BB412
FFFFFFAB13F3
00000106D2D6
000002C3E6EF
000002E9EFF7
000001A316E5
000000D9E41E
00000144E557
0000006B84A3
FFFFFE65450F
FFFFFEE70FA2
000000EC8451
000001673CA7
000000A62525
0000007AF014
0000010D3828
0000014C6CEF
000002193544
000002606FE0
0000009D20A1
FFFFFFF0916A
0000011D5F7B
00000175B677
0000012405BF
0000013D1BB5
0000021B5321
00000180C436
000001E2AD90
0000009A2B90
000000324A4F
000000E608B4
000001181517
000000E6533D
FFFFFF7AE42E
FFFFFFB22C6D
0000010DF95F
0000019F6E4E
000001E56806
000002293733
000002627BC9
000000EC8FDD
FFFFFE7F5920
FFFFFF00A24E
000001CB2B70
000001D51BD9
FFFFFF4BB9D7
FFFFFF707947
000001FD4D5D
0000020FE4C5
000000EBDA87
000001BEABB5
0000035AD966
000003380F5C
000001D255B3
00000007E5DD
FFFFFE5998CE
FFFFFE0564F9
000002D2BBCB
000003BA2E57
000002ADA6BC
000000735B53
000000C95E43
0000016FD750
000000B5BE7C
00000134F7FC
000002046B5E
0000015AF402
FFFFFF6C6257
FFFFFFAE61F4
000001EFF4F3
0000023FF6BC
0000012F3511
000000DEA42F
0000010095AD
00000109D443
00000109E507
00000138DD01
0000010067D5
000000CFD905
000000FE5650
000000DF5735
000000A2E63E
0000012395F1
0000029F887E
000002F86D4D
0000017827A4
0000003D5F1C
000000085599
FFFFFFD32F27
000001DF8482
0000024E86FA
000002F62411
000000111207
00000168337C
0000023663BD
0000007CFE33
000001627474
0000046CF604
000003D6B900
FFFFFFCF7AE6
FFFFFEB3CF91
FFFFFFEBBA19
FFFFFFB86A31
FFFFFF759A6A
00000121EFE8
000003F8B3BA
000003F09500
000001173C81
000000C526D8
00000317B7EB
000002E9C312
0000000EFF3E
FFFFFF5C1FDC
0000005995FB
0000000A1A38
FFFFFFD4F9A6
00000059F78B
000000C03624
000001B804A6
0000030BA4C9
000002FBACBA
00000058BBDC
FFFFFF022DD2
0000024510F2
000000A1C24B
00000102CD43
000001D3E3B5
0000011D1066
0000010E8951
000001B10CC5
0000021A8665
00000241A79B
00000146CC85
FFFFFEF8980C
FFFFFF028146
0000014A4D27
0000023E89E7
000002E3552C
000002B1A0E0
000000EB25F0
00000018BF47
000001527C1F
000001CCB77F
000000C8BEF3
000000A76939
00000113F178
0000004B250E
FFFFFFB7E4E7
FFFFFFE50543
00000071DE78
0000014E2308
0000020A0731
0000023144E8
0000008E5F1A
FFFFFF2D1303
00000288AAD4
000001851BD2
0000005DD79E
000000C587B4
00000170CA59
0000007AE574
FFFFFDCBA31F
FFFFFEF87BFD
00000456B350
0000051D477A
000000BFF737
000000661AF2
000002C1C0D6
00000194EA49
FFFFFF8D322D
FFFFFF962ED6
000001200DBC
000000E3C36F
FFFFFF28D626
FFFFFF7FF6D8
000001A8B99A
000002BAE4D5
000001EC51D3
0000012B0EF7
0000017280E3
000001257ED2
000000A3AE91
000000607072
0000003708DD
0000008E5C5D
0000012F150A
000000EEA005
0000035C8630
000001BA496E
00000069986B
000000AEF27F
0000014B05FA
000000A69E6D
FFFFFEE3E344
FFFFFF4EC8E5
000002633C2E
000003B5A9A1
00000290FA9E
0000023302EE
0000018FA1BF
0000004507C9
FFFFFF7B6B90
FFFFFFFC1077
0000027DA1ED
000002C032E2
0000002830FE
FFFFFFB654BD
000001EF900A
00000243C824
00000004057E
FFFFFFE7C815
000001CAFB5D
000001F96CAF
0000010698F7
000000D535BA
0000010445C6
000000DB4FEE
00000057D895
0000009D19D0
0000034F0A8F
0000015BBA5F
00000100EAD8
00000187CF4C
000000CD077D
000000C3F0DC
0000020AE67D
00000173D6DE
FFFFFE8B2353
FFFFFEC8AED1
0000035F7B7F
000004BE7C6B
00000127416E
FFFFFFE3363C
000000A2DD6B
000000C14742
00000204432B
000002EF6E50
0000024BBAB6
000001FA858B
000001A05AAC
0000005C3FB3
FFFFFE8CE02D
FFFFFE9A270B
0000008CA1EF
00000166441F
000001328713
0000019036F2
000001CCF785
0000016273E6
0000004084FA
0000006B2B31
000002E44741
000000DA1F96
0000015BD111
000001F63643
000000546C7A
0000006C11EE
000002ED13A9
000002747B00
FFFFFE1ABF02
FFFFFD9F8317
000002908628
000004312842
0000014AC7F0
000000CE98CD
000001C3894E
000001006CBE
000000499752
000001009366
000002A323F3
0000023B71E0
FFFFFF9FB3C4
FFFFFF993BF8
000001864790
000001778820
000000296DD5
00000061330B
000001B7654D
00000176EAB1
000000102C46
FFFFFFDC6CEB
0000010206FA
0000018AB7EB
00000245C5D5
000000630FA5
0000014B4701
00000200A912
0000001D5245
000000223DA7
00000251010B
00000275DBDF
0000005A4C45
FFFFFF84F2AB
00000046A8CD
00000074F38F
0000010DD264
000002E69AC1
0000037ACD3A
000001FF9E1D
FFFFFF8A5DBB
FFFFFED4D4C1
0000009B42B0
0000003325E7
FFFFFE11E06B
FFFFFFF53BB3
00000455DDDB
00000490D71E
0000018AC806
000000A233A5
000001F5624C
000000E9EC41
FFFFFE4CCF2C
FFFFFE1907FC
00000117F4E7
0000020E6DBC
000001BEDE03
0000008DB5D7
000001184F0E
0000021E670A
000000BA7162
0000003061E1
000000FD3B3B
0000019F930D
000001C4F889
00000131C600
FFFFFF9903E9
FFFFFF015620
0000011D47B0
000002A5FDAB
000001A84A82
000000EAACC5
000000F97FF2
00000060A094
FFFFFFBC7DD3
FFFFFF9F64F6
000000297C0A
000000E49345
00000135AFBF
000001BEFCA4
000002203E15
0000017F804A
00000149B70A
00000109E636
0000002752BB
FFFFFF7732BE
0000013594AD
000001BF80AF
000001B546A9
000000ED8379
000000E507CB
0000021B4F0B
000001A7516A
000000B3D0D1
FFFFFF77D541
0000000695E5
000002B36087
000002F6582D
0000002C9F39
FFFFFF31E606
000000ED2271
000000BB61DF
FFFFFE271BF6
FFFFFF125784
00000358AFC3
00000413463F
000000C718C0
0000002F15DC
000002F8F57E
000001C1307E
FFFFFD1275E9
FFFFFD37AB5D
000000C6171B
000001C2EEF2
0000014477E9
0000024AC958
0000031CE777
000001F68A4D
0000015909C7
000000DAB852
000001BADFEC
000000627FF1
000000C41449
000001E159BA
0000019C39D3
000001382825
FFFFFF6656A6
FFFFFFB73E8A
00000327B9DC
0000037BA1D6
FFFFFFE18F74
FFFFFEE6E904
000001855A62
00000185052C
FFFFFED0533D
FFFFFF1E5908
0000022B4709
000002D1FC12
0000006F0CC6
0000003E24ED
0000026E6573
000001CBFCC0
FFFFFF2EA992
FFFFFF2596F5
0000005C7F8A
0000016366FB
00000279CB11
0000031CDF86
000002C86846
000001B1FA7D
0000006FE11A
FFFFFF986002
000001B13EB4
FFFFFF9E8337
00000107E7A5
00000208E8D5
00000134BC81
0000016C64AA
00000080FCF2
00000090C36B
00000243020F
00000230B7F8
FFFFFFFB5C4F
FFFFFFF0F64E
00000234BDB4
0000029AC6BB
00000139F11F
0000001C1D73
FFFFFEE2E227
FFFFFE8B6823
00000019A58D
00000124054A
000000985F32
000000FFF160
000003BE419E
0000049EA9D5
000001E1BCAD
000000F386F0
00000253C1B5
000001E3B8A9
000000B97161
0000004FEDE0
FFFFFFC9539D
FFFFFF591793
000001C8F175
FFFFFF9F9948
0000017D5342
000002969534
000001516305
000001D32004
000001305155
000000C8EC7A
0000010D480E
0000011292EE
000001339042
00000124AAC3
000000C7354B
00000116BC4E
0000022F5C02
000001940524
FFFFFE83A629
FFFFFE2B9537
000001AA4D07
000002AD16AF
000000055D8F
FFFFFFBDBC47
0000031450DF
000004B1187F
00000352DE9D
000002038D50
0000010C288F
FFFFFFF92156
000000010D45
FFFFFFF7FC50
00000038E2ED
0000003366B1
000001D82D3D
00000077FC73
00000191F07D
0000026BE923
000001A92B38
0000021CF5FA
00000197495D
000000FE9A89
0000002B8A04
0000005EFA81
000002505EA1
0000021FB7EC
FFFFFF27F61E
FFFFFF2BE1D8
000002C2B2D6
00000343C845
000000104AC9
FFFFFFDA86F7
0000030FA1BE
00000342F40C
0000007400F0
FFFFFF4A275D
FFFFFFB1F058
00000112BE73
00000397B679
000004066CB1
000000C1B38F
FFFFFF3D0718
0000005E2AA2
00000010F631
000000639693
000000C85870
000001E8B9BB
00000214092D
0000012228D7
0000017FDE07
0000019EF6E5
000001A2E7D2
0000017ED92A
0000011BBD4E
FFFFFFBE2D61
000000020D9B
000002EE9D46
000002E7870E
FFFFFF36FF84
FFFFFECEFCC6
000002805CAD
00000383FC1E
000000C15367
0000002E9025
0000020A6B8F
0000028BADE7
0000022EC715
00000175FCFB
0000004ABE63
00000065D94F
00000224DC73
00000273D5FC
FFFFFFFB3FF6
FFFFFF8727DD
00000170C4A1
0000013FB553
0000003A58EA
00000060642A
000001E9746C
00000312A133
000000C5791D
000000CB3F9A
00000146E3A1
000000DE1976
000000E33346
0000010A11BF
00000007E5AB
0000003B5F7B
000002669D24
00000286CED8
00000088ADCD
000000042E25
0000017DEB95
000002046826
0000015BD09F
000000C73796
000000453D8C
0000013EDEF9
000003F9A734
0000047D57D3
000002A433DD
00000117FE67
FFFFFF8A991C
FFFFFE9BDCE2
FFFFFF1DB86D
0000009E3A1D
00000244AFAD
0000024F427D
0000005407FA
FFFFFFC09CD4
000001B70E3D
000001EED35B
00000084B2BA
000000BCD853
000000D59D3A
0000006C82EC
000001015480
0000017AA456
000000D041B8
000000BA4C9E
00000145E65D
000001CD8A07
000002515A8F
000001CEA186
000000AD82A6
000000F2E8B3
000002574EF2
0000022FA246
000000560C76
000000B30F03
00000364BCC5
000003BABF5D
000001D2491E
0000003C3613
FFFFFEA28640
FFFFFE9BCA09
000000EC2AAA
000001FBFD08
00000113FD8B
000000952AED
000000940187
0000004643DA
000001737F8D
FFFFFFDB2479
0000004FFC14
0000015B087E
000000BB3585
0000006B7DAD
00000147B827
000001D4AE8A
00000193EBE3
000001519873
0000008DE708
000000EC71B7
000002E3B101
000002AC9B16
0000008B4DC4
0000008706C7
0000025F82CB
0000028CC4C7
00000140B406
000001004187
0000011C3047
00000094C67A
FFFFFFE32D06
FFFFFFC1D83A
FFFFFFDCECFE
000000FF913A
000002DB1886
000002161147
FFFFFF454060
FFFFFE7FBD54
00000095F2BE
000001264EF0
0000017F7BC3
000002151218
0000024CFCC0
0000039BFEED
000003AFC727
000001FACBCD
000002C01226
000002E9CB38
000002E59CA6
000002EA4632
000001E3B061
000001F0AE4C
0000035FCDD9
0000035B70A3
000001E805AF
0000016B8E69
0000026736B9
000002E7A48C
000002BE4DC2
0000022D1805
000000FF7616
00000090616E
000001411C1F
000001E3A338
0000026B6894
00000324C1B8
000003367483
000002352CEA
000000F12B7F
FFFFFF96840A
00000234000F
000001A05AA7
000000E06E49
0000020FA9B3
000000F39603
000002CE35B1
000002709F7E
000000D60FC6
000001029F61
000000FF0D40
00000129D10E
0000015D9B66
0000016D33FC
0000016C6FCE
0000013C858A
000000FE6440
000000FCEC62
00000088B8AD
0000005035A4
000000C6E5F8
00000142E7DE
000000E9E25D
FFFFFFF7E3E1
FFFFFFFD353B
00000070EE59
000000A6ECD6
0000019DEDF2
000001BDD28E
00000044AB30
FFFFFFC98B72
000000C91127
000000A49983
000001D3AF5F
000000EC3456
000000D3238A
000002409E3D
000001B5E9D1
00000316293F
00000322F6EE
000001FF16D9
000001F99C2D
000001F60815
000002517191
00000273551A
000002418B2C
00000256B5C8
000002195FE0
000001CE426F
00000220C2CB
0000020B8D65
000001A25CFF
00000185527D
000001AC9C22
000001CBD957
000001C188FF
00000216175A
000002319021
0000020C98D4
0000025BF99C
0000021E25E9
0000013BEF63
000001455826
0000024CD4C5
00000217D7DE
0000013AC43E
FFFFFFFB363A
000002BF0283
00000344D697
000002DA76AA
000002AF958A
000001E56DF7
0000007709F0
FFFFFFF2B89C
FFFFFFD7C3F4
0000001D6039
FFFFFFF233D8
FFFFFF5F12CC
FFFFFF976B0F
0000003B4A36
000000708E5F
00000017A533
000000166AA9
000000A65C15
0000007FB665
FFFFFF9134CA
FFFFFFE8A6FD
00000119CBE2
000001D73A70
000001F3C691
0000017BAE4E
0000006891BF
FFFFFFC2A204
00000024F625
0000008DA95A
0000009B5DCC
0000007A2C66
FFFFFC92D2CA
FFFFFADBAD1F
000000B05FE2
0000068580EE
000001D96B96
0000006253E0
00000049A611
FFFFFE742260
FFFFFF3D43B9
000000648D98
000000AB032B
000000BBE0D0
000000840F1B
000000739745
000000D89CC8
000001207E45
00000029D706
FFFFFF1FAE21
FFFFFF43755A
FFFFFF789850
FFFFFE929706
FFFFFDDB07ED
FFFFFF9B6B3C
0000015AADFE
000001038508
0000003CA1A8
FFFFFE6BE478
FFFFFCD87E96
FFFFFFF86F84
0000030DC1CA
0000004E065A
FFFFFD14EB74
FFFFFDD4CD47
FFFFFE068542
FFFFFE7E6F0E
00000A0DA7B1
00000409937B
00000105C0E7
000000666D7F
FFFFFD87F028
FFFFFDEA4DBA
FFFFFF916E94
0000008E43E8
00000147ABF2
000000FF8CFD
0000009BDE9F
0000010EE870
0000018454CB
000000557838
FFFFFF04399B
FFFFFF015E0D
FFFFFF20FC3D
FFFFFDA89FDF
FFFFFC301269
FFFFFE285E9E
00000144FCA2
0000023CE911
000001864D6F
FFFFFDD34C7A
FFFFFA87204B
FFFFFEB84535
0000041A9FEE
0000018F5967
FFFFFC91A45F
FFFFFC9FC453
FFFFFD13947A
FFFFFE8B6DF0
000008F6AA62
0000030281F8
FFFFFFE515D0
FFFFFFA00197
FFFFFDAF9E2D
FFFFFD7AD67C
FFFFFE6DCC6E
FFFFFF9A04F5
0000015367A7
000001AA8072
000001029FD9
000000FF4BEA
0000010C35A8
0000001CB5F7
FFFFFF4D167C
FFFFFF3C9B24
FFFFFFA770BE
FFFFFEE84FAC
FFFFFD8F6EF7
FFFFFDF67D01
FFFFFF7B8FF0
0000016D07EF
000002C2A2C3
FFFFFF908A0F
FFFFFBD3C33F
FFFFFE5F4ED6
000002815915
000001834201
FFFFFDD85A10
FFFFFC46DA80
FFFFFD15A5BC
0000001DFED2
000008B1B0DD
000002843BAF
FFFFFF676FBD
0000002F6D2F
FFFFFF4103FC
FFFFFEC8A721
FFFFFF0D805B
FFFFFF5CE775
00000070BEB6
000001187C29
000000FCCCA7
000000FCB20A
000000C86702
0000009A98D8
0000008520E6
FFFFFFE30778
FFFFFFC79E29
0000002C032F
FFFFFFBAE229
FFFFFEAAC4E6
FFFFFE00E64F
FFFFFFA8A453
00000258E073
000001123772
FFFFFE217381
FFFFFE280276
FFFFFFC77B3C
000001900D9A
000001674582
FFFFFCFAC1BA
FFFFFA3E0A9F
FFFFFEE9A3FA
000009E8C925
000003819755
000000226E9E
000001824D78
000001A706F1
000001717037
000001D21335
0000010D7685
FFFFFF4E569E
FFFFFE96B9E8
FFFFFEAB9ECA
FFFFFEFC2CF7
FFFFFF5E3DDE
000000CE1646
000002251ED5
000000A61E05
FFFFFF0B034F
FFFFFFDE5D3C
0000007FF05F
FFFFFF691954
FFFFFE37A495
FFFFFE8CD9CD
FFFFFFFE75EC
FFFFFFEA464F
FFFFFE48B151
FFFFFC54B75B
FFFFFC9B0485
00000271FA51
00000702B877
FFFFFF3B0291
FFFFF67FC224
FFFFFA8CEBC9
00000A969207
0000037CA77B
FFFFFF461ED5
0000017FC934
000003099AA0
0000032788C7
0000034C7661
000002A4AB82
00000064563C
FFFFFE87E8C6
FFFFFDA343C2
FFFFFD3FF7EE
FFFFFD62158B
FFFFFFD3C10D
00000258A6A6
000000BFFA89
FFFFFE453FB3
FFFFFF3887EC
000000754C05
000000282DF9
FFFFFFC88E73
FFFFFF0E2C15
FFFFFE7B51C2
FFFFFED58F9F
FFFFFE52F12D
FFFFFB4FC15B
FFFFFA1BA82D
000001BEFE4A
000009678D78
000002D68A4E
FFFFF80DD162
FFFFF91C0A69
00000AF20A6B
0000033E2974
FFFFFDDBDDE2
000000180B19
000002834A55
0000022C4263
0000010BDB39
0000017F3DE3
00000236C28E
000001B6E867
000000782359
FFFFFEC6A7D7
FFFFFD2C4B87
FFFFFEAA4FC4
00000114AF87
FFFFFF61B9A0
FFFFFC9722F1
FFFFFDE83828
FFFFFFB90195
000000249B41
00000125523D
0000006C50E7
FFFFFE59E9D3
FFFFFEEC39D8
000000083372
FFFFFD301E5F
FFFFF9AD8FE3
FFFFFEB44701
00000671B1A1
000005B11F8E
FFFFFE7C34A2
FFFFFC9FEE79
00000ACB6FA8
000003639A6B
FFFFFE15B7A0
FFFFFFAEB1E6
000001999F91
000000DA0935
FFFFFEF12A5C
FFFFFFDB34F2
0000024288BE
00000320E5A4
000002FB02A9
000001541E04
FFFFFED2EB84
FFFFFECAD887
FFFFFFF1CC21
FFFFFE02DC83
FFFFFAE93546
FFFFFCC89DAA
0000000941ED
0000005B0B60
0000005FE197
0000007D11F9
FFFFFFC0A0F2
FFFFFFCD4D45
0000008FC956
FFFFFF8C902E
FFFFFC918B59
FFFFFCE5C90B
000000D2CF69
0000042E405B
000002E355E9
000000B9E4F3
00000A1B84E8
000003AAB1BD
FFFFFF72C138
00000015DE7F
000000AB57B5
00000064FABE
FFFFFF707084
FFFFFFF376CF
000000D7E68A
000000F2EBF7
000001CFC0BA
0000021318C9
000000B6B81C
000000161DB2
00000008CC22
FFFFFDDCAE75
FFFFFA75D8F8
FFFFFC3A823E
000000FAF46F
000000E8AB69
FFFFFE3F441C
FFFFFF00ED17
00000162EFED
0000006A6E49
FFFFFE9FCDFC
0000009241B3
0000020250C1
FFFFFF33C237
FFFFFD7ED099
FFFFFF48BB08
000000C4EA01
00000094FA27
00000950492F
000003B7CD66
00000079F4C1
0000006BCB66
0000004EE2E4
000000A5718B
0000009CBEAA
00000114FCA0
0000010CEB41
FFFFFF9B142D
FFFFFEE970D9
FFFFFFF60787
0000011881D5
000000F26677
00000014DC83
FFFFFF0391C0
FFFFFD28CDC3
FFFFFDC746A5
000000D98977
000000697FA1
FFFFFD8164F9
FFFFFE6F42F3
00000149CF5A
FFFFFF31AE0F
FFFFFBDDF445
FFFFFFD09B05
00000543DF86
000002ED7F47
FFFFFE4F7B55
FFFFFD3D9076
FFFFFD9E8E16
FFFFFE816018
000008CB2662
00000344CFD6
0000006ADA94
0000008BE75B
000000D762AA
000001569C13
00000123FAC6
00000233A93D
0000039EFDF5
000001DDB0D8
FFFFFDB1F178
FFFFFC7D40E0
FFFFFE7EFC8F
FFFFFF6CF22E
FFFFFEBA8CDD
0000005FB0CB
000001F6A5F5
000001921CFE
0000010A8218
00000013DC1A
FFFFFEF47F67
FFFFFF8B10D5
0000000442FC
FFFFFCDCBFCF
FFFFF9918146
FFFFFD2DC126
000002F5C613
0000038A01B3
0000011AD7F3
FFFFFFF72D2A
FFFFFEDCAA9A
FFFFFEAB1E2F
0000090F25D1
000003173F22
0000002B4FEC
00000057410A
000000602BC2
000000FBF1B1
0000014125DB
00000236CB59
000004127A62
00000406EEF2
000000CDE7DF
FFFFFD3C1E82
FFFFFC046B46
FFFFFC0A7C48
FFFFFC85C1AF
FFFFFFCF4B85
00000313F377
000003656031
0000021643CE
00000086C65F
000000054A02
00000060EE41
000000002D61
FFFFFD0B7CBF
FFFFF9ECE692
FFFFFB3B670A
FFFFFE509951
000000FAB1E1
000002572F72
0000028BD97E
00000142AD9C
0000000F4AA5
00000A30A633
000003D30AE5
00000099EE4D
00000047DF00
FFFFFF1D9A76
FFFFFFB1C774
000000CAF91C
000000947A11
0000006F915B
000002EC65A3
00000587FDB0
00000352D407
FFFFFE3288DF
FFFFFAF52489
FFFFFB0776A5
FFFFFD092CB8
FFFFFEB8A68C
0000012EA1E9
0000029CBCB4
000000A0E9C3
FFFFFF1BCF94
FFFFFFCB24B5
000000ED2034
FFFFFFB7A27D
FFFFFD4EDDD8
FFFFFC1875E2
FFFFFC0DCA68
FFFFFE937516
000001620FFD
000001A1E4C7
000000D5B7C5
00000065FFEB
00000B1816FB
00000453D744
000000C8D9C0
000000DAFF96
FFFFFF91B70F
FFFFFF6A7A0B
FFFFFFE6CB0B
FFFFFF2F8BF1
FFFFFDFDD936
000000261F3E
000004DA6BE5
0000066B3B6F
00000369D851
FFFFFE95E1E4
FFFFFBF0902F
FFFFFAAE4BE4
FFFFFA2638B8
FFFFFE630391
000002ED69D2
000001A79A11
FFFFFECB8A43
FFFFFE9F4D7A
0000006EA4EA
000000CC04A5
FFFFFF4D5B4F
FFFFFD3D0D8F
FFFFFC302D9B
FFFFFE448A48
000000C6E42B
0000000F795E
FFFFFEE6C6B1
FFFFFFD1C3F2
00000B6B1110
000003E01786
FFFFFFD6FED2
00000178EC72
00000189A720
0000002D8A5A
FFFFFF1BFF4B
FFFFFFAC6AD3
FFFFFFB499FF
FFFFFE63297F
FFFFFED8B2AD
000003027595
00000638C3B8
0000040FA1D7
FFFFFF86AC5D
FFFFFB097072
FFFFF8D64F3C
FFFFFCBB015D
0000022F57A5
0000036A63CB
0000016775B8
FFFFFF23674E
FFFFFEDFE406
FFFFFF2F1C75
FFFFFE1370A1
FFFFFC3904DC
FFFFFC104395
FFFFFE8B1C77
0000010B0276
FFFFFFFC980B
FFFFFE058CAA
FFFFFF9F72FE
00000BCC6507
00000374432E
FFFFFE5752CA
000001418359
00000300C47F
00000111BA98
FFFFFEE565EB
0000005945F6
000001CE74F7
FFFFFEC81B4E
FFFFFB5E3B12
FFFFFE277AC2
000003FE37A0
0000062F57CE
000003B4D12C
FFFFFE87CEEB
FFFFFAF41304
FFFFFB5FF3EF
FFFFFDBAB966
000001DA75A9
00000441379C
000001C0AC92
FFFFFECCA7EA
FFFFFE73198E
FFFFFE554438
FFFFFC796C7A
FFFFFB510773
FFFFFD578F88
0000000860E7
FFFFFF988C9D
FFFFFDC8991A
FFFFFF7CC356
00000C56AB18
000003ADADBC
FFFFFD64C707
00000036AFB5
000003478B5D
0000020111D3
FFFFFF7D263F
FFFFFFAEEF8B
0000010A5C70
000000B14B50
FFFFFDF15507
FFFFFBE2E50E
FFFFFDF9C31A
00000346ABF0
000005CFD8C6
0000035D737B
0000004B6E7E
FFFFFC109B74
FFFFF874C448
FFFFFCA6A1A6
0000031C163A
0000033173E7
0000005DCDD6
0000002BC3F6
000001D9146F
0000001B56ED
FFFFFC49CE10
FFFFFBBEDDE2
FFFFFD8F4541
FFFFFDFFE057
FFFFFD0587CE
FFFFFE78DE2A
00000BFD40F3
0000040A7D61
FFFFFE02D44A
FFFFFF97443A
0000020E0B32
0000029AC8F6
000001BC8EAE
FFFFFF1484BB
FFFFFD978D28
00000150A964
0000034CA6E5
FFFFFD6298A6
FFFFF8A3F80F
FFFFFD97D99E
00000434A445
000005E1F201
000004EA511A
FFFFFF3B7232
FFFFF90F6D73
FFFFFA64B430
FFFFFF23CB5E
00000162BD90
000001CA7A46
00000191A4F8
000002615724
0000019FA44B
FFFFFEA85E57
FFFFFC8493DB
FFFFFC0025FC
FFFFFD4041EB
FFFFFDBF1339
FFFFFE34787E
00000AC574D2
000003F39615
FFFFFF8D1A3F
FFFFFFE0131A
0000006E6C5E
000002C64FD5
000004B2094C
FFFFFF8E615C
FFFFFA0ED6D4
FFFFFF7BC80F
00000629BEBB
000000F52A9C
FFFFF8CE539E
FFFFF9DD337D
FFFFFF43B11C
0000033E7EFA
000004E3A4D6
000001EB01D1
FFFFFE7C4A25
FFFFFDD5CF67
FFFFFD9BAC28
FFFFFF8CD3DE
000002A4B25C
0000015AC11A
FFFFFE5542FE
FFFFFE09BEC6
FFFFFF383E09
FFFFFE43D422
FFFFFC14519C
FFFFFE6D39A9
00000116E27D
000000037D37
000009E95617
000003ABD9F2
0000002F32CF
000000095F8D
FFFFFFB7568E
000002A8F623
000005DD87DE
000000CC56BD
FFFFFA0186DB
FFFFFD4DBAB7
0000041197B9
000003430BB9
FFFFFDDE06DF
FFFFFA8DC741
FFFFFABDE5EB
FFFFFF1C924F
00000305F20E
000001CD84D1
000000528DC0
0000008DB50D
FFFFFF906454
000000505452
000003084DCD
000001A2CD8F
FFFFFD3E345C
FFFFFC1CB10E
FFFFFDCC3928
FFFFFD6EEF25
FFFFFB79927D
FFFFFF4C8145
0000038DC651
000001E7A51A
00000A1CD4E9
00000384E8D1
FFFFFFC6C435
FFFFFFA35F4F
FFFFFF8FC8AB
0000020350F1
000004BED1BB
0000023A31FB
FFFFFDD16AED
FFFFFCC2F37D
FFFFFF07E561
0000029AF5D5
000003016130
FFFFFD8C91E3
FFFFF9C725EF
FFFFFE5F990C
0000030125A0
FFFFFFEA57C6
FFFFFC59AE44
FFFFFEA1C66C
00000121D393
0000016E2B33
0000026F2B4C
000002DE137C
000001CBFE4F
FFFFFFC7B007
FFFFFD9DDB7D
FFFFFB0B2F2F
FFFFF98303AE
FFFFFE1EA0BB
000002D72229
000001F955B3
00000A8FEEE3
0000039CEE4E
FFFFFF93CA6F
FFFFFF72AE7F
FFFFFFB006D3
0000010FEDB0
0000028467BC
0000032C4328
000002652CFA
FFFFFDAC702D
FFFFFA48850C
00000003D614
000005945EBA
0000005BA316
FFFFFA74920C
FFFFFEF02C3D
00000465D0AD
000000036792
FFFFF9DB0B6C
FFFFFC224858
000000EBEEDA
00000157C088
000000AEFE25
000001E0DA6C
000003D516D9
000003282B9D
FFFFFFE2B1B4
FFFFFB4E13B7
FFFFF8843592
FFFFFBE4AC40
0000005AD0BE
00000121841F
00000AB6A48C
000003B15C0A
FFFFFFD1E88D
FFFFFFA212B4
0000000CB47D
00000074A0FC
00000088BDAE
00000327C66A
0000055D799D
FFFFFF1591B9
FFFFF8539F37
FFFFFDBCD370
0000056E3D34
000001BC84CF
FFFFFB025B17
FFFFFE4E5C9F
000004A3A137
000002AEF789
FFFFFCE42FC4
FFFFFC8B7FF5
FFFFFFE595E9
0000011E2CE7
FFFFFFBCE1AC
FFFFFE5149D6
FFFFFF61663B
0000018C5B95
00000226C967
FFFFFE940527
FFFFFA52A03F
FFFFFA9A9D10
FFFFFDC169DF
00000002AA67
00000B029784
000003A273BC
00000067BCD6
0000003A991D
FFFFFFC46311
FFFFFF7CFF1C
FFFFFF30F987
0000028BD9CC
000005F088B1
000000C8DD9B
FFFFF9F2BD59
FFFFFCA1CF8A
0000029E36E3
000001D95C68
FFFFFD6D5894
FFFFFD8DA25A
000001679BD4
000003AAB5DF
000002529010
FFFFFEBF9C65
FFFFFDBA69A6
000000A813A2
0000019DFE84
FFFFFDB53A09
FFFFFAF13E5F
FFFFFD4DC909
000000AC6283
0000008560EE
FFFFFDAE1184
FFFFFBF421CC
FFFFFCDE64C1
FFFFFF2C8D27
00000C087F60
000003AD0009
000000C70123
0000013AE8E4
FFFFFF5BCBBA
FFFFFE44878C
FFFFFE34FBD8
0000014482DB
0000047C3E36
000002163EF5
FFFFFDD9FF4D
FFFFFCA6DF1B
FFFFFE57F9E3
0000015B7FD2
0000015DFA87
FFFFFDCD1268
FFFFFC92AD94
000001ED0B03
0000062415DB
0000009E66BC
FFFFFB37389D
FFFFFF42070E
0000045BB1EE
00000175D0AC
FFFFFC0D46AA
FFFFFA6ECB6E
FFFFFB806106
FFFFFE3E15ED
FFFFFFD3DC44
FFFFFEF9EAB2
FFFFFE70C38B
FFFFFFBD6FD0
00000DE92A80
000003D7CC8C
FFFFFF38B6BF
00000114A798
FFFFFFCAFC69
FFFFFE7367CD
FFFFFDFBA33E
FFFFFFD70513
0000022CB123
000002EF050A
00000237E110
FFFFFDBC4427
FFFFFA852578
FFFFFFC131CD
0000048A8B9D
FFFFFF847A56
FFFFFA1B5D12
FFFFFFB0FCF4
000006D9F6C9
00000200F948
FFFFFABA9E3A
FFFFFD4ED04F
000003512028
000003929C0C
FFFFFFDFD773
FFFFFB3347AE
FFFFF82B6323
FFFFFB5C354A
0000005B5128
000000F48568
FFFFFF91EE7C
00000020C851
00001004D1FA
0000041A244D
FFFFFC5669CB
FFFFFF0E290E
0000001504F5
FFFFFF99A5A6
FFFFFEDA12AC
FFFFFF3681E0
00000032226F
000003522DB6
0000058775CF
FFFFFFA85104
FFFFF8DEDF26
FFFFFDBB051F
00000517BF2A
000001A5C1A3
FFFFFB0F87F7
FFFFFE613C8E
000005292904
0000030BBC05
FFFFFD16711D
FFFFFC07E447
FFFFFE728F13
000000CE5C84
000001253560
FFFFFDF4372C
FFFFFA6EFC3F
FFFFFC0E32F2
0000006C2CDD
000000F81649
FFFFFEB6713D
FFFFFEF71AD9
000010DC037B
000004B25A26
FFFFFB2CB35B
FFFFFD6A0CBB
FFFFFFB79394
000000472C41
FFFFFFBA14E8
FFFFFF11DC0F
FFFFFF18EE0E
000002BAD4BE
0000063C27D0
00000181F53D
FFFFFA8E8371
FFFFFCAB3905
0000027468E7
000001D615A6
FFFFFDB8EB18
FFFFFE5564ED
0000024BD2A8
000002E21A0A
00000031D86B
FFFFFD014C21
FFFFFB501C69
FFFFFD179AAE
FFFFFF50EA3F
FFFFFF9D930D
FFFFFEF926BC
FFFFFEADED3C
FFFFFF9D3F26
FFFFFFF47CC2
FFFFFE50AA04
FFFFFE729D31
00000EBC8934
000004B34BED
FFFFFCBBCADF
FFFFFDED144D
FFFFFF5CA39A
00000043FF8C
0000001DA485
FFFFFF25171C
FFFFFEA0CE78
00000160D53A
000004719848
00000291443B
FFFFFE817794
FFFFFD5484F1
FFFFFEA2AB0E
0000001644E9
0000000D5135
FFFFFF2C1520
FFFFFFCA5D14
00000116F1D6
000001614DF0
FFFFFF1BCFA5
FFFFFC546DC1
FFFFFC16DEA2
FFFFFD3BA5B0
FFFFFF8EAFB1
000001BBC448
0000006245CD
FFFFFE375989
FFFFFEEDC9C5
0000003EE721
FFFFFF6E1609
00000B62E877
0000047C345F
FFFFFE73CD98
FFFFFF05CEE7
FFFFFED897EB
FFFFFFA2217E
00000008656F
FFFFFF44D74F
FFFFFE8E0B97
FFFFFFD818B4
000001DC2986
0000023D8EB6
0000015704D8
FFFFFEBB9BB0
FFFFFCD90C7D
FFFFFE9BBF54
000000BCE9C0
0000001BB506
FFFFFF333403
FFFFFFA412BD
000000849F71
000000350141
FFFFFEE44B95
FFFFFD6045C2
FFFFFCE83210
FFFFFF13D36B
000001C82A17
000000870852
FFFFFD6673F4
FFFFFE5E6602
000001153EBC
000000461594
00000A793011
0000063C32C3
000001050558
FFFFFFCAD8DB
FFFFFF413326
FFFFFF429AF0
FFFFFFA3E252
FFFFFF540E10
FFFFFEB4008E
FFFFFEE183C5
FFFFFFA02926
000000C78330
000001717BD1
FFFFFF7BEB20
FFFFFD566B33
FFFFFE3478F1
FFFFFFFC130A
0000008FFADC
0000009B18D8
FFFFFFD0640D
FFFFFEF1DF50
FFFFFFE724B4
0000011065C8
0000003F76A5
FFFFFF1130DD
FFFFFF58CC0C
000000230040
FFFFFFB8EE9D
FFFFFD6DA076
FFFFFF09DE13
0000011C8C69
FFFFFFE5AEAD
00000827DFE1
0000069F70F8
000003B7BA7C
000001D1599E
00000063E040
FFFFFFC03832
FFFFFF7BB617
FFFFFF548FD6
FFFFFF1448E9
FFFFFEC7602D
FFFFFEA5AF06
FFFFFF64F18B
00000026D6C0
FFFFFF753C25
FFFFFE697E1D
FFFFFE7939E3
FFFFFF19C0C2
0000002648A2
0000010CD682
00000004B523
FFFFFE5723F0
FFFFFF55FE32
00000157CE61
000001A6FE42
0000011B78B6
00000004EBEF
FFFFFEE8BCDC
FFFFFF1CB945
FFFFFF196EF0
FFFFFF703996
0000004D7C63
FFFFFEC3FFF1
FFFFFEB3C7BF
FFFFFFB6679F
FFFFFE3F95A2
FFFFFFC4F7BA
000000A06B01
000001A3E217
00000226CE6F
0000020A0445
0000019E6BE0
000001AF620F
000001B28667
000001AE114C
000001E15B66
000001D22C00
000001522792
0000015459AC
00000137198B
0000011ECA87
000001CB0FB5
000002BC495F
000002D7D086
0000016B080E
00000041FBCD
000000FC720B
000001EED6E9
000002080F53
0000020B76CA
0000008DD672
FFFFFD109290
FFFFFFCE9EDC
0000020F7E6F
FFFFFF56640A
FFFFFD894858
FFFFFEB8FDAA
FFFFFF86597D
0000008B745B
0000000C1BB4
0000000FDDFC
FFFFFFB4E5FD
00000036CCC5
000000C0B98C
0000016260EB
00000192CBDC
00000119B660
0000015CE4E6
00000193F700
0000013D6D92
000001050D14
0000010C1384
00000121691D
000000DF5D17
000000959374
00000083F210
000000668485
000001054C79
000002DBEE66
000002ADE76F
0000007B0AFF
00000020E308
0000001E216A
FFFFFD7F604D
FFFFFF8F6E69
00000100EC62
FFFFFFCB1151
FFFFFE6C8E00
00000063E9EF
000002046666
000001E9E27F
000000907DF0
FFFFFF3ED94E
FFFFFE1E0358
FFFFFE5D526E
FFFFFF1DA553
000000A8A71E
000001F2FE6F
000002088497
00000257FFB3
000002F14916
000002A667F1
000001BF6462
0000017BE7B5
0000017697DE
000000EE8293
000000BC05B1
000000D0E0B8
000000BB8641
000000BC710C
000002B70BE6
00000415AB16
000002BF6110
000001F3CF11
000001BC6C03
FFFFFF758821
FFFFFF969AAF
FFFFFF23407F
FFFFFF8B05E1
FFFFFE37F6F5
0000008BBC66
0000020E1CE2
0000022E2B11
000001E08F5A
000000E01581
FFFFFFB8D10A
FFFFFE95F5A9
FFFFFE2D4DEF
FFFFFF6CAACA
0000010B9D65
000001D1BAD0
0000028D2F0C
000003746ED8
000002F742FF
000002000159
00000284396B
00000294F46C
00000205AD25
000001F13008
000001A59AD0
000000C562EE
00000027C817
00000142E8FB
000002E1A6DE
00000372E60C
00000434E196
0000042C4742
FFFFFFF531DD
FFFFFD51D25B
FFFFFCE66B53
FFFFFF2332B4
FFFFFF1F3273
000000378B71
000001D1F50F
0000023242F6
000002189459
0000023891C5
0000023D91ED
0000018B6145
000000E8205A
000000FEEE49
0000018CE7D7
000001F18A06
00000244EED9
000002C87764
000002C47A77
00000275AC50
000003B97DDD
00000405FAF7
000002DFFA49
00000314DB5A
0000036328DA
0000024BD091
0000012C9BE6
000000D6ADFE
0000017FB4CC
0000034CF79C
000004D19E08
000004CE952A
0000018F1EC3
FFFFFDF84FC4
FFFFFD74E926
FFFFFE1FE938
FFFFFED8BEB1
FFFFFFC3F7E6
000001200BD2
000001901084
00000198AAA5
0000015A0D00
0000026C7CC6
000003EDC56F
000004796E43
0000039F28BA
000002658732
000001C6D822
0000010C1C6B
0000011BBF21
000001BB9205
0000022C1001
000003989BB8
0000043C022B
0000034E90D9
0000035764AC
0000039C08DD
0000031F06A3
000002BC5649
000001F20541
0000016C37F5
0000021052D1
00000210639A
000002037600
00000262B968
000001C1A3E8
000001AF2FFD
FFFFFDAC69E1
FFFFFEA3A777
FFFFFF55EA74
000000A53013
000000FE2ECA
000001505C35
000000EBD6BD
000001EA64C5
0000038E52EA
0000045599B6
00000380B6A0
0000026FFC00
00000240BB61
0000019635E7
000000EBFCF0
000001D82E8F
00000273E646
000002A4CE78
000002C98B6F
000002800783
00000209E9EA
0000022FB8E3
000003036DF1
000003F6F6B0
000002D74013
0000017C0695
000001A78478
000000A9B39C
FFFFFF6CE5AE
0000012055BC
0000033D062F
0000040AA92D
FFFFFF1520D5
FFFFFEDBE9B0
FFFFFFDC5CB8
0000012FDADA
000000666F3F
00000106B4EC
000001CE9772
00000246B5E9
0000019FE550
00000114E802
00000123275A
000002046EFA
000003DA69B9
000004239C5D
0000029CD42C
000002B5F42D
000002BA7B58
000001F43C89
000001B4907D
00000105486B
FFFFFFEB0E69
00000050094C
000002CF18BA
0000045F67C1
000002CEF079
00000239D946
000003C60D03
000002BEBA65
FFFFFF7DBC72
FFFFFF5B9AC1
FFFFFFE5409C
000002039286
000001A6085A
FFFFFED42A59
000000316DFF
000001D5B02B
000000657678
00000135A006
000002DD0662
000002B68473
00000083BAD7
FFFFFF4A66E5
FFFFFF395638
00000024CF26
000002E8FD06
000004E62455
0000045D0B1B
000004251457
00000388F86D
000002667FC3
00000115147D
FFFFFFBBA50D
FFFFFF2EB463
FFFFFF8BD674
000001290A0D
000002533E56
000001D2FEA8
000002A7F815
000004CB7F37
000004346D8B
0000016CCE08
000000E26079
FFFFFE105646
FFFFFFCE1B06
0000017BA66E
FFFFFE86DBC4
FFFFFF7D4A36
0000014672EE
000000B68815
000001AD588F
000002EB50D8
0000031F0594
00000259EC5A
000001973B2A
FFFFFFA471C4
FFFFFE3825FB
FFFFFFAEBFE3
000002113A68
000003BBDA9E
00000563F5EC
000005EAC726
000004B23DEC
0000014483A0
FFFFFF7666E6
000000E863A5
00000182F472
0000000FB80C
FFFFFF65C2BF
000000D64F5A
000002828E17
0000035D19A6
000003985F00
000003AB2B8E
000004DDEECF
000000331585
FFFFFFFE6984
FFFFFF09321B
FFFFFEA1DC4C
FFFFFEE1410B
0000005AF55D
000000592D9A
000000E442F8
0000015CB9FA
000002C08C86
000004647507
0000048142EF
000002991C62
00000095D049
FFFFFF3CB1EE
FFFFFEE7851B
0000010D9571
000003A07B87
0000054AC218
0000056D4B86
00000292AB4E
00000114B5CA
00000343838D
000003C9BFED
000001325490
FFFFFF585DCE
0000012D4CF3
0000029A6747
00000210589D
000002ADEB5F
00000468562F
0000066E1328
0000015D0043
000001294036
FFFFFF7F98E2
FFFFFF096508
FFFFFF5B8303
0000006F8086
FFFFFFDA72C3
FFFFFFC5FB1D
0000003C1291
000001790190
000002E5B61B
00000489F253
000006326151
0000062D1F9B
0000021369E8
FFFFFE18F3B9
FFFFFEBCE7E4
FFFFFFF3FAE6
000001618B88
00000372E5EF
0000041A5567
000004323106
000003DF452C
000002F0E55D
000002453B85
0000020B681A
0000029E4EEE
0000021AD058
000001127A59
000001A345A6
00000342BEFE
000005678271
0000005DE047
000001515978
0000025C5920
FFFFFF2CEFD6
FFFFFFF93ABE
0000013C0F51
000000632BF5
FFFFFFDA8E32
0000004B32CC
000000651124
000000B2329F
0000032724C2
000006E29999
000008402B01
000004E15A25
000000C9935B
FFFFFED05E6B
FFFFFDFAA42F
FFFFFF7B2F89
000001B096C4
0000046F6A27
000005FD8CC0
000003D1F888
000001CA9062
00000220421F
000002DE85B4
000002240751
000000C00B1C
000000AA95A5
000001412817
000001F437AD
0000047C5339
0000003EE7DC
000001026EAE
00000334F3CF
FFFFFEFF752E
0000000BE6A6
000001E82751
000001B36F3E
000001307ECA
00000091720A
FFFFFFFA4C99
000000B591D7
000002052B5B
000003008A83
0000047B2D25
0000066D28F6
000006C22C30
0000022D1570
FFFFFE1675D2
FFFFFF0E6E29
0000006D0FBC
000002FF0172
000005681FF9
000004C37C0A
0000039D26BE
0000024489BF
00000121B2E0
0000003DA94F
FFFFFFFBDFF6
0000013AA17D
000001C85E7E
000001B8357C
000003FB1F41
0000011D74DF
0000017D388D
0000026010D3
FFFFFEF66B1F
000000280D51
000002368552
0000024E5AB3
0000024CFAF3
00000145262A
000000089B71
000000C4931B
0000012A67A0
FFFFFFDE1855
000000BC3582
000005FDAEF9
000009D06342
000005C0FD3D
000000B69798
FFFFFFDD60E9
FFFFFF859C6F
00000097E404
000002DC9131
000004E5D806
000005F6D9E6
000003D467B4
00000180721E
000000F0C95A
000000AD64C9
0000013DC684
0000013083E9
0000010527D1
000002BE71DC
0000016C2E4E
000001A21990
0000019C5F14
FFFFFEFD5937
00000036DF04
0000026E2455
000001DC0012
000001C8A371
000001D7AC5D
000001180092
000000B60F6E
000000FD0B79
000000D2FE47
0000008A6513
0000025F059C
0000057AADF2
00000664604F
000005F210DC
000003ACD5D4
FFFFFFA70B38
FFFFFE72FFBF
000000101188
00000323BE3A
0000057757FE
000004B4E52D
0000037E00E8
00000346912A
0000020BC2E2
00000133D73E
0000007A5C69
0000004539B8
000001D18FD4
000000FF0B18
000000CF7B65
000000C733F9
FFFFFEE88BA7
000000447038
000002F3AE8E
000001B2EC15
000000CF2567
0000018E5B2A
000002321C14
000001708991
0000010B6F10
000001F1D9ED
0000014B6DE4
FFFFFF802CC7
000000864371
000004A854A6
0000081892DE
000005DAAD95
000000E9ACC5
FFFFFF973A99
000000C29AAF
000002284D25
00000309D0E7
0000036751D7
0000038BB54F
000002C990C6
000001BD2EFB
000001F931D5
000002123ED4
000001F2AF68
000002BAEA39
00000116778A
0000006B9159
FFFFFF964A76
FFFFFEB6EC2E
0000007BE29C
00000328A6D7
000001C9862B
0000012E865C
000001680623
0000019059DC
00000159371D
0000016659CB
0000025DCE46
00000239FCC5
0000005909C8
FFFFFF8D4427
000001C5E0BF
000004682AF3
000003D7F064
000002A9E4ED
0000039F1397
000003FD7CB6
0000024CE0B4
00000116DEF5
0000022E0369
00000282235A
0000000207A2
FFFFFF47EEB2
0000020ED3DB
000004070180
000003EC3778
0000040BBDA9
000001D876E8
000000FD93BC
FFFFFEAA117F
FFFFFE8CA95A
FFFFFFF55DC7
000002409FA2
000001DF1D0B
0000026C4467
000001670EFE
0000005D5C47
00000181314B
0000029263BD
0000024F6FA7
00000234AE41
0000020DECD3
000000A4D153
0000000D9509
000000F538E6
000001BD5F3A
000002B49CEA
0000040E0AA6
000003F384DE
0000021684BF
0000013E7C9A
0000029CCBCC
000002B3A568
00000043AB46
FFFFFF818B82
00000165EBA4
000002B44E81
00000304D608
000003E946C6
0000014FD1A7
0000013777A0
FFFFFF127D8E
FFFFFEA71F6E
FFFFFF06D64B
000000C8AD75
000001D30D01
0000034FA84A
00000163C5EF
00000060FB07
000002855695
000002F47E51
000000FE1C38
00000140FEA5
00000338F356
000002C6ADB2
00000125FD54
000000B29183
0000014A1B1A
0000017BBD38
000000ADA71D
000000A4D3CE
00000211F0F5
0000034BD6DB
000002F4855C
000002CCEE48
000003CBDB37
000003BFF9D6
00000139AE21
FFFFFF5C814D
000000AB7A43
0000035FCE3E
00000085E2CA
000001112A0C
0000009E3DB3
FFFFFED0A34D
FFFFFEC61688
FFFFFFC16405
00000170C915
0000039744E4
000001F61107
000001085588
000002535AE2
000002158D7E
000000BE3DC8
0000017840B2
000003630EFD
000003B03C94
000002AC489C
0000017CFE18
000001597DDE
000001D066F9
00000025A058
FFFFFF005206
0000019902B9
00000356D0DF
0000018151D0
00000179C903
00000536B2E4
000006473209
00000237E1E4
FFFFFF7017A9
000000975594
0000031B48E6
0000007110EA
000000ED46D1
000001DF8A58
FFFFFE62AFA2
FFFFFEDB13A7
FFFFFFD189DF
000000F4280A
000002BCC820
0000027C0DB0
00000290EA52
0000024053B7
0000011FD99A
0000013ED8E1
00000201569B
0000027B216D
000002A2F258
000002F1A57F
0000028C0DAD
000001D6156B
000002C4D6D2
0000026FF4AC
000000B674D5
000000D13607
0000010759EF
0000004630AD
0000008287A6
000002DDDCDD
00000495BF7A
00000446E190
000004287DD9
0000031A4B55
00000220B523
FFFFFF16EC4F
0000000F1D5D
000001E911F5
FFFFFDC73406
FFFFFF1163D0
000000488B63
000000273E32
00000130A265
000002D6E77C
0000047AE5A8
0000027DA3DA
0000006A2D81
000001C3D8CA
00000259D59D
00000133F64A
0000014A2A97
0000031734C4
000003C337C7
0000024E5AD8
00000265C08F
00000370228F
000002CE17B3
00000101547E
0000001E3E1E
0000016B0887
000001C3CE92
000000FEFF14
000002049AA0
0000047D1722
000006858581
000004DABFA8
0000022A7FAD
FFFFFEAC8D31
FFFFFF6CAFD1
000000987B50
FFFFFD8CF1E8
FFFFFF929344
000000E0C72B
00000033F385
00000096FC9B
000002CE4525
000004C4AD9F
0000026F042F
000000CD3216
000002C723A3
0000027FE28C
FFFFFFF1CF84
0000006BEEB9
0000036A02B1
0000041A4A34
000001DC5E45
000001AF6027
0000035C8CBD
000003106D60
000001368C91
000000F70EB0
000003AF8685
00000457C519
000002551232
00000187EDA6
000001D25B06
00000318AA11
000004296D4F
000003E3CE4E
00000071DC38
FFFFFFB8FA07
FFFFFF2728B5
FFFFFD8864F9
FFFFFF72C021
000001305B0C
0000013C7A99
0000012B7879
000002B6C8AD
000004578CEB
000002E4DDBA
000001FBC929
000002CA2E57
00000211A96A
00000003CE0E
000000749680
000002F6AFE1
0000037FEFA3
000001CFBDD8
000002056268
000003027179
000002391C01
00000160E8CF
000001E52EE5
000003EAD022
000004AD502F
000003E2E430
00000371E7D7
000001B31B87
000000C202E3
000002A0EC13
0000038B5C54
0000001D0A55
FFFFFFA3A6FA
FFFFFF40290E
FFFFFE19D863
FFFFFEA9A40D
000000A57C60
000001DF26FC
000002087386
000002A57491
000003252295
000002CFB445
0000030E0F89
000002A21504
0000017FA19E
00000099C1E8
0000010DCC40
000002393EE6
000002AA0E04
000002BFA636
000003278F81
00000267F37A
000001744B1C
0000025BC1F6
0000029CFA8E
00000215D52A
000002BBDE62
000003E8D78E
000005262D39
0000041EEE8A
000001CC1E0B
0000013C5718
000000F32E24
FFFFFE189A6E
FFFFFF298032
0000005EC393
FFFFFF2D98E1
FFFFFF2013BE
00000111A868
000001F46FE3
000001DBB312
00000188AB51
000001399ECC
0000023C8CCB
000003D39F77
000002CAC574
000001397EF6
00000199832E
00000231EFEE
000001859DEE
0000014BDE6B
0000034688D7
0000044397D7
000002586D20
0000012E97E8
0000030F161B
0000033D986F
00000191D4E8
00000239FC87
000003B6D2E1
000004491320
000003ECF941
000002204DB8
FFFFFFE17FE7
FFFFFF96F36F
FFFFFE8EB274
FFFFFFECB1C4
000000BFC46E
FFFFFFDC92D7
0000005BA027
0000027EC9E3
0000015D3007
00000072B2C2
0000004293EB
0000005A60D6
000001E1DC8B
0000036DD9E2
000002433B76
000001AF6A89
000003560EE8
0000035BA861
000000A24E30
FFFFFFF1E23D
0000031DBE87
0000043A0A26
000002459FF6
00000160B430
000002FA205C
0000039DB020
0000025E8176
0000023EC344
000002A7CBDA
000001E89AF6
00000215472F
0000019B60F6
FFFFFF52F3B1
FFFFFFD2E22E
000000564F3A
0000015C1026
00000047836D
0000008BEBEB
000000C9DF5B
00000311BE2F
000000E2EE13
FFFFFFC8D0A9
0000002E9D16
0000005D33EC
000001ABC663
000002D65086
0000020FED2F
00000252465F
00000402287E
000003AC9F54
000001254AF2
0000008B1B02
000002F1DD38
000003333046
0000020ADFB2
00000274EA8D
0000032C3157
000003974417
000003238845
00000218EACE
0000011B2AB6
000000529FA4
000000D91736
0000014E1EE9
000000917003
000001E9A34F
FFFFFFEA2671
000002542997
000000C448FE
000003B3EF83
000001997FC1
000003A0DCDC
0000009B849E
FFFFFFED3546
FFFFFFD8BAD6
FFFFFFD3B0F9
000000AD0610
0000015F53F4
0000013486DC
0000019D484E
00000242F8B2
000002255BD8
00000165CD67
000001260E5F
000001B14570
00000110FE96
0000013F7D6A
0000025F5ABD
0000021D588E
0000026B3898
00000310B446
00000248F429
000000E3F5A9
FFFFFFD50B58
FFFFFF25F06A
FFFFFFC14B36
0000016A4904
000003A237CE
FFFFFDEB3891
FFFFFF13C434
FFFFFEF1EA02
0000046D68AE
000001AA7EE3
000003C27ABA
0000019BC8C0
00000183637A
000001540413
000001187E0F
000001686EE1
0000014C2F83
00000172DCEF
00000248A8B8
00000213D6CF
000001A93543
000001F8D49C
000001DFD9CB
000000F84A1D
00000069B607
000001704D61
0000022B47A4
00000153E091
0000015A29EB
0000020C7F07
000001FC25DB
000001AA9C1C
0000011FAFD5
FFFFFFDECA94
FFFFFFF94CFA
00000201D7DE
000006403B70
000000DC3F5F
FFFFFFE44F35
000000527D11
0000028A7338
000001019A6F
00000439760C
00000304A977
000002C02941
0000026CAACD
000002026460
0000020A6740
000001A82011
000001C635D7
00000248FB2C
000001E24AEB
0000017A09F3
000001D66718
000001C371FD
00000105213D
0000009417AC
000000DA292F
000001876571
000001C77EB6
000001A93053
000001135C4D
0000008CBC91
000000DE116B
000001C2692F
000001D78F55
000001BF366E
00000227F51F
000005195DB4
0000000AEF9F
000000D47FA3
000004888048
00000022F4DE
FFFFFEF0215E
000000755610
000002556752
000001966A79
000001A606AE
0000014DA5DC
00000120F15E
0000016515FA
0000017AD8A1
000001B04D6B
000002171224
00000241C024
00000246289F
0000024E1762
0000024CF740
000002455B55
0000020A720E
000001D498E0
000001D84F15
00000179A9C8
000001667526
000001EEC306
000001C8AE0A
00000193C4AD
0000027D0B80
0000021F3933
000000DFEFBF
0000023CA34F
0000003BC9F3
000001DD4A89
000002161A33
000000CECFD7
00000077FA47
0000003AA9DC
0000010F8AC5
FFFFFEF07F2C
FFFFFDF062A9
FFFFFDF06DC9
FFFFFE070670
FFFFFE26E1CD
FFFFFE1D67E4
FFFFFE1AA94E
FFFFFEA4B4C1
FFFFFF380AF9
FFFFFF25E4E4
FFFFFE4C89BB
FFFFFD5EC1F8
FFFFFD8CEDAB
FFFFFDD384F6
FFFFFCF2F871
FFFFFCF714A5
FFFFFE32E593
FFFFFF1B0EA8
FFFFFF79D55E
FFFFFE385B3D
FFFFFC3C603E
FFFFFD4FBF61
FFFFFFD67E87
00000067B920
000000661871
FFFFFA7C0A62
FFFFFDEF3DBC
00000058571B
00000048703F
FFFFFFCA2502
FFFFFFED62E0
000001B6835C
FFFFFFF96F92
FFFFFF14EF99
FFFFFF073D99
FFFFFED7B2F3
FFFFFF163C2F
FFFFFF7BDC99
FFFFFFB3B069
000000684A2C
000000EA09A1
000000EB0863
0000004EDED4
FFFFFF554E73
FFFFFFF03739
00000100A104
00000048C305
FFFFFFCC5895
00000015D8F3
FFFFFFEAAD6D
00000090772D
000000DBEA9B
FFFFFFC43093
FFFFFFFB04A2
0000014C997A
000001C70CA2
000002E5E1BA
FFFFFAE59537
FFFFFF719C1A
000002C5F904
FFFFFF11715B
FFFFFD940125
FFFFFE12184A
FFFFFF6A98F9
FFFFFE5577C2
FFFFFDEDB518
FFFFFDCDF694
FFFFFE851193
000000147AC8
0000013F6BAF
0000019DC874
000001DE7FF7
000001370085
00000020FDAB
FFFFFF5E535B
FFFFFF1D65BF
00000043E880
00000191F1A6
000001958871
0000010E9136
FFFFFFB86AAC
FFFFFEF22A30
000000BACAB4
00000236A4A4
00000241BE67
000001F38C38
000000865D1D
FFFFFF57AC26
000001283166
FFFFFA36A364
0000010E44F0
0000037AFF12
FFFFFFE8A427
0000004208ED
00000072C142
000000A3176C
FFFFFFE18B76
FFFFFF65CE7F
FFFFFFC0549A
000000EE7193
00000197ED9F
0000016D9CCD
000001438861
0000018EDE92
000001192A66
000000621A6B
000000869D28
000001342C4E
000001E20A08
000001BB90A5
000001161B31
000000D65082
000000836F1A
000000E698E3
000001D0D0CC
0000018F62B8
000000C59165
000000CEEBC5
0000000B3A9D
FFFFFFCB1C4E
000002BE5D62
FFFFFC8F03B0
0000020B1306
000001DC01D8
00000040D867
000000D8939A
000001222E59
0000019F2AA9
00000151F12A
0000018355CE
0000028E4496
000002BE8040
000000D299BF
FFFFFE8FD96B
FFFFFDF96B93
FFFFFEBA92B1
FFFFFF48710E
FFFFFFA4C6E1
0000014D2585
000002DAB128
000002D9C9F1
000001E0D0AC
000000E6ECBF
000000528F4B
0000003E91F4
000000ADC1C0
000000CB5A2F
FFFFFFAC9F51
FFFFFF0F2E57
0000002F06AD
FFFFFF6E8AED
FFFFFED7D835
000003C45D2B
FFFFFE7DE9CF
000000EB7375
FFFFFF00010B
00000084E643
0000011BD501
000000CC02C6
000000E29D49
000000B496E8
000000E69DC0
000000FFDFE0
0000008AB32E
FFFFFF8E5A12
FFFFFED50850
FFFFFF71E5D9
0000006B2B44
0000005CF9A6
0000000F09DF
000001401271
0000022572F7
0000014A6DD6
0000006572F2
FFFFFFDB9CD0
FFFFFF52F55B
FFFFFF9B9F16
00000055531C
0000007BC442
FFFFFF8B29AF
00000018E5CE
00000229A761
00000020B3D2
FFFFFD985C94
0000028D0321
FFFFFDF2671A
0000021BD889
0000016AF875
000000A8439A
0000014D1230
0000002B5F6E
FFFFFFB4834B
0000006552A4
000000ED32C9
FFFFFF77F940
FFFFFECACA2E
FFFFFFF8D731
0000010D041E
00000225E135
00000260063F
000000FD17FB
FFFFFFF48990
000000CE5F9F
00000182E11E
0000006102F9
FFFFFF4034CC
FFFFFF24A1F6
FFFFFF8E29DD
000000902053
000001320AC9
00000071F7A0
FFFFFF98E523
0000015A68C9
000002D91E87
FFFFFF80E632
FFFFFD62ACC9
0000027AFD37
FFFFFD13779B
00000545C823
000005BC2228
0000007EC9F7
000000FB6CD3
FFFFFFCF7F00
FFFFFF37B482
000000043FBB
000000E156FE
000000077559
00000018FF0B
000000B45CF1
0000006FE8F7
000000B1F279
00000096A9D9
0000000DBF85
FFFFFFFF33F9
0000013BDA91
00000258BB76
000000C430D6
FFFFFECCC1DD
FFFFFF1B62EF
000000002BEB
00000051B298
0000008E3E5B
0000007FBF21
0000006E723A
0000017143E3
0000012987EF
FFFFFF6AE700
0000005C2C87
000004A3DDD6
FFFFFC2694D2
000003CF3A30
0000039D06A9
0000008E422A
0000006E6812
FFFFFFFAC374
FFFFFFDC8A1B
FFFFFF88FD54
FFFFFFA3F222
000000132E62
0000009D2CDD
FFFFFFFB41FC
FFFFFF91B16D
000000318A12
0000008B29C8
00000116B75D
0000015BB6E2
000001D728DB
00000207934C
FFFFFF5FDA08
FFFFFD762823
FFFFFF48B9A8
000000D3705E
FFFFFF82F185
FFFFFF159BEB
0000017E5FD4
0000034F078C
00000274337F
000000A109DA
00000128B3DB
0000031FFEE3
00000481C15B
FFFFFB1EAF81
000000EE604D
000000438495
00000062A3FE
FFFFFFB03370
FFFFFF9DD3F9
00000027634A
000000110696
000000205B89
00000063F121
000000312F97
00000052CCA2
000001B91E25
000001C19350
00000072A8D5
0000002540E8
FFFFFFEB67A8
000000970783
0000015BA2E4
0000004C4B50
FFFFFF9F169A
000000EC6E08
000001B9B6C4
0000007EE23B
FFFFFFB6F59E
0000017F1B8D
0000032A3CE3
000001D56D91
0000001CA433
000000B82202
0000019C35B1
0000025A3188
FFFFFCCBA13D
0000038A2164
000002B86DBE
FFFFFFDBBF36
FFFFFF51C164
FFFFFF3539DF
FFFFFFEB86FE
000000F1F76A
000001EE464C
0000015BDE68
0000008EF41D
00000206F2B8
00000313FF4E
0000009D4654
FFFFFE2C31AB
FFFFFDF23641
FFFFFE72FEEA
FFFFFFE363D4
0000016C92D9
000002EB839D
000003EAD87F
000002C51CAE
000001507D23
0000012B8552
000000AA1E6B
0000002203F3
FFFFFFCDBE0F
FFFFFF175243
FFFFFF14E1A5
FFFFFF6E9AC7
FFFFFFD817BF
0000022196EB
FFFFFE27E01D
00000653417E
000005D5BC98
FFFFFFEFC308
0000001355D0
000000429DA1
00000097018C
00000097F016
00000102A5E6
000000AF1F59
000000ACEC00
0000015D3A37
000000BFC1EE
00000005206E
0000006FEA59
000000B0A423
000000C3B260
000000CFDB03
FFFFFFF4DFB8
0000007CF089
0000023C52B6
0000020F2AFD
0000011CEC57
000000776A5A
FFFFFFC1CA7E
FFFFFFDC1EFE
FFFFFF9EA3CD
FFFFFF31AB20
FFFFFFB5D247
0000000949F9
000000ACFBB9
000002FCBA46
FFFFFCADD556
00000473DAC6
000004B9EC4F
00000058CB84
0000008C6EF0
000000E260CF
0000016CFD2F
FFFFFFF85182
FFFFFEAD3E3E
FFFFFF7C1BC4
0000010FE16B
FFFFFFE3AA7E
FFFFFECB39B2
000001CCEF28
00000434A6AC
000002CDB7E1
0000015CDE59
000000CEF5C5
FFFFFF510B5E
FFFFFDF37C04
FFFFFE613B71
0000004F93CA
0000019B882B
FFFFFFDF2E38
FFFFFECA8C89
000000C360DF
00000217BD72
000001F98508
000001834E0C
000000E19DCB
0000012096EC
000002B24AF2
FFFFFC329ED9
000002D23850
0000027A8924
00000098EE22
0000005B1C54
0000003B28F0
000001836263
00000087710C
FFFFFE5B307F
FFFFFECFAEA6
000001208BC2
00000100ED24
000000B5FCCF
000001C1F5B2
000001C1A4AC
000001627512
0000018C5CAB
0000016F6E92
000000B4CB8D
FFFFFF1CD4EB
FFFFFE265522
FFFFFFD9D042
000002421E1D
00000176F0C9
000000A430F3
000001723376
000001977335
0000013E8FC2
0000005FA945
FFFFFFB5627C
00000039D208
0000022A137C
FFFFFDD0BC1C
000003F34E96
0000024D3C00
0000008E4ED2
00000096F365
0000000277C9
000000F3FD28
000000FD156C
FFFFFFCE0756
FFFFFF072F62
FFFFFF996752
000001B3A79F
0000036BDD75
000000C13DDF
FFFFFE38D978
000000E77747
0000038336D6
0000023C098A
FFFFFFEC1458
FFFFFED22FAF
FFFFFF3B4FC7
0000015618E3
0000036B0B12
0000035F341C
000002850BEC
000000DCF76F
FFFFFEAA8D7B
FFFFFDBA51E4
FFFFFD8857A9
FFFFFE7E9461
00000048004F
00000322E862
FFFFFF77F59E
000005601A1D
00000326C3E9
0000007FC775
0000014C083C
000000638778
0000005A5187
0000006D1C27
000000EADE46
0000004E4E44
FFFFFE80A69A
FFFFFFD55311
000002B53085
000001696C30
FFFFFF612700
000000905182
000002312A7B
000001DC8A4F
00000044DC74
FFFFFFE52430
000000ED1B10
0000018E670E
00000171B5A1
00000138B4E1
00000114D586
000000339BE8
FFFFFF136B60
FFFFFF5804CC
FFFFFFB9A19E
0000001B5BBE
0000010C7F7B
0000035BA0A6
FFFFFEB91C0A
000004001CF9
000001DB6553
000000CC93E8
0000018F6647
00000030A1FF
FFFFFFD8D6D6
00000020E6B4
000000EE2C64
000000D7BF5D
FFFFFF71271C
FFFFFF4187F5
0000006FD6B5
0000018CE745
0000019DFDE9
0000000E959A
000000293877
0000020F4C5F
00000256C417
0000027AC55C
000001A827FA
FFFFFEF8588B
FFFFFDBF49A6
FFFFFE9195D3
FFFFFFEC8AA3
000000593FCD
000001656F81
000003B9439E
000003C95525
000001B9F3F9
000000746978
000001A558C7
FFFFFC71E968
0000015D8999
FFFFFFEC3174
000000A384FE
000000F13F8B
0000000F5E00
000000467E80
0000005AFD92
00000050B68B
000000DA6C06
0000012F4D64
FFFFFFFFC2A3
FFFFFE9BE7FC
0000004040C1
00000207CB33
000000B60130
0000009B47C6
000001518170
000000C52EA6
000000E05504
FFFFFFDDD04F
FFFFFEC2E146
FFFFFFC7939A
000000809AF4
0000009A0061
000000BB95C5
000001C8275B
0000028CCAD7
000001357D29
FFFFFFFF0370
000000081307
0000016ACEF3
FFFFFCB25270
0000026D5411
000001C679CE
0000004A3E83
000000344950
000000646272
000001320861
0000006BFBCC
FFFFFFE36B7D
0000015C7B35
00000229D5C9
FFFFFFA2E41E
FFFFFD9A2575
0000000612EB
00000222E596
00000138F178
000000465D81
FFFFFF6105EB
FFFFFF2E61AF
FFFFFF8D147D
FFFFFF5B4B35
00000187B52B
00000467EB4C
0000029715BB
000000019836
000000832841
0000011936BF
FFFFFEAF5694
FFFFFC85C6E0
FFFFFEB08C3E
0000016612AB
000002E6708F
FFFFFDE6A387
000004B331A1
000004B1A7F9
000000792514
0000002355EC
000000255117
000000D7090B
0000000D7BDE
FFFFFFEC5E3A
0000016F3519
000001E916B9
FFFFFFDF9B2C
FFFFFEEE27B1
000000861FDC
000001652A18
000000DBC646
FFFFFFAD1FAB
FFFFFEED5B6C
000000B7532D
000001D293F1
000000698C6F
0000007A0E61
000001A81FAD
000000984CB6
FFFFFF6899A8
000000345759
000000D594E5
FFFFFFF979A5
FFFFFFE128B9
000001B52D7E
00000294FE3C
000002C02E0A
FFFFFC85D60C
0000037757F7
00000429A2ED
000000B03AD4
000000629C03
FFFFFFD898EA
FFFFFFF5D14E
FFFFFF896A0D
0000006EC944
000001298FB9
000000CFB3A5
000000A484E9
000000E2DC6B
000000893EFF
FFFFFFED4222
000000A7928F
000000A44C24
FFFFFFBD7E37
000000CEC75D
0000025D969A
00000155AC27
FFFFFE1E7325
FFFFFC6297BB
FFFFFE6A93CF
0000017D86ED
000001AA4F36
000000FBA80B
0000031D0D12
000004B014B6
000003623A79
0000017628E3
0000013A0B66
FFFFFB3A95BD
0000025128D6
000002CF3E54
0000002CD985
FFFFFFFB6497
000000070097
0000002309DC
FFFFFFC85681
00000142CDE8
000001649107
00000059D6D3
000000C84392
00000151ED95
FFFFFFF8ACDA
FFFFFF39C249
00000123437B
000001F9E63C
FFFFFFF6BA4A
FFFFFEC629A1
000000C788F4
0000029CC580
0000006092EC
FFFFFD4824CE
FFFFFEF77C62
000002E9917B
000002BB741D
000000C32AE0
000001749344
00000251DADF
0000022935A0
000001D142D7
0000016BE1BD
FFFFFB6A8E82
0000023B63B3
0000026DC716
FFFFFFB8AEA2
FFFFFEFFC9C5
FFFFFFA6FAC5
000000AA5766
000000929849
000001E52D71
000001946C3D
000000907780
0000014EB35D
00000154ED26
FFFFFF77BB5E
FFFFFEEA772B
00000188833F
000002B4B955
FFFFFFC27722
FFFFFDFFE776
00000075062B
0000033EE34C
000002546B76
FFFFFFDEC66C
FFFFFFF929C8
0000014808FD
000001025B8E
0000003503A5
FFFFFF3F208B
FFFFFF88B019
0000029546E5
000003ECE1BF
00000220C82F
FFFFFB2C5989
000001220318
000001B82668
00000045B2FD
FFFFFF38E060
0000002930E0
0000017FC418
000001135037
00000168B30F
000000B5F7E8
00000088E278
0000019B15BF
0000016FEFBF
FFFFFF9A30C6
FFFFFEF94E7A
000000FC7122
000001F0B15A
00000058240D
FFFFFFE09432
00000114078A
000001C09DB7
0000016FE642
000000D9347C
00000055A5A8
FFFFFF91CF76
000000251093
000001F6C934
0000019F144E
0000011F5D9E
000001E84293
0000014499EC
0000007C5116
FFFFFBC1E8F6
00000202E89B
0000028F931E
00000070175E
0000000976A6
0000014F7716
00000272444F
000001393601
00000061540F
FFFFFF99DE1B
00000048E515
000001310566
0000009FF066
FFFFFFF04FBD
00000035367A
000000A3EE99
0000005833FB
00000095B45A
000001F052CF
00000100A1CF
FFFFFF95816E
000000DA0282
000001E8CA6B
000000661069
FFFFFF5AE5A6
000001ACB4F6
0000041ABB1F
000003DA767C
0000025BF4D2
FFFFFF61E5B8
FFFFFCD93A72
FFFFFF1C0A42
FFFFFD1A1415
0000043A5501
0000045D1F8F
000000D8EEF9
0000011ACEE6
000000DF12A2
0000012661CB
0000003EE8D5
FFFFFFC299F7
FFFFFFA4C704
000000F500A5
00000171A97C
00000040A583
0000007FF7EE
000001B1B027
000000F6667B
FFFFFF555A16
000000B7959A
000003113A2C
00000143F93A
FFFFFF264042
000000FB29E9
0000028CA70D
00000101811D
0000006BF72D
000001AF1651
0000019BBB65
0000013DCCB4
0000014FE169
FFFFFFBFD8A2
FFFFFE5EA387
0000010C4C83
FFFFFD7215C5
00000356502B
000003001086
000001750253
00000269E74A
FFFFFFF3B2F5
FFFFFEE43DED
FFFFFF530881
FFFFFFDFA2B6
000000442B45
000001A61C39
000001875E36
00000057CF88
0000015AD47D
00000269CB78
0000007440B3
FFFFFECA1826
000001284CFB
000003478C5D
00000162C15D
FFFFFFCBC1DF
00000130919C
000001FF24B2
00000184A3F5
0000017682B9
00000086A5CB
FFFFFEDEEA99
FFFFFF149669
000000455631
000000CCEF82
0000011DDE30
00000317AB03
FFFFFDAEA37D
000001ACBD63
000000948751
000002374783
000003844377
000000F031E7
FFFFFF8F84EF
FFFFFFDE95E1
FFFFFFFD11C3
0000002E82BF
000001246389
000000BDE0AC
0000001E7352
0000017353D5
000001FE4488
00000051B154
FFFFFF92A56F
0000014D783A
000001D766B4
0000002EE765
0000002211FA
00000168EE61
00000105034A
0000008A0FB7
000000E12130
0000006A75BC
0000002F29BB
00000050CCD1
FFFFFFDD7F19
0000001114BA
000000A39549
000001396C40
FFFFFD939A21
0000018CB748
000000884450
000000F63B37
00000295F226
000001EB55CB
0000008A0D4C
000001954621
0000013CC3C2
000001A4E529
0000024C21BE
000001CDDAF6
0000020F6400
000003086017
000002DFBF77
000002744903
000002A1CEFE
0000025353CC
0000014B7371
000000C20C66
000001ACAE2F
0000024ACBF5
0000019BAB76
000001265915
000000FF1230
0000013B50A9
0000024A71AC
000001EB1B8F
000000A2EB9C
00000163B932
00000224C679
000001288F71
FFFFFE73C06F
000003DC9927
000003FF872B
FFFFFF4A9248
00000121A400
00000026FEC6
FFFFFF7A1968
0000005DECF3
000000692EC9
000000C1333D
000000A24DFD
0000002D7B71
00000136DCE4
000001D8AE5A
000000C62C97
00000075F0CA
000001202A65
000000FE82F5
000000419F0A
FFFFFFD64102
00000022B275
00000082C7CD
000001018F02
000000FD11C4
0000001A529E
FFFFFFFCD7C3
000000A711A5
000000657499
FFFFFFC51A42
0000009C42EC
000001602371
0000004983EB
FFFFFE119F3E
000002B78246
000003FE76B9
0000063B6653
000008FC38E9
0000067D003B
000003993890
00000383C24F
000002C2C137
0000022F96C5
0000013A3256
0000009EB501
0000018E1CA9
000002189931
00000162A01C
000000CF8892
000000EA0626
00000172B8EF
0000018D1ADA
000000D2FCCB
000000A391F9
000001E40B43
0000031BB668
000002487E1B
0000017DF61F
00000287537C
0000037CB906
00000370B8C6
000002AF13B1
00000199F229
0000014A89E4
00000136B36B
FFFFFF9FB84C
000002353FB2
000000E619EC
00000260F260
0000010A9DF4
000000AF0248
0000008E9C8C
00000257F0BC
000003596D66
0000037BEDB2
000003495453
000002DAD9F2
00000249AA7F
00000158FCDB
FFFFFFFE42AB
FFFFFF04C747
FFFFFEDF5948
FFFFFEFBD3CA
FFFFFF640F73
000000528FF8
000001E84973
000003501CC8
000003063F57
0000018A4F16
0000003C96EF
000000A6D680
000003471FEE
0000047E9949
0000021ADB8A
0000000405CD
000000454C95
000001EC8A1E
0000040CE057
000003A56037
0000060EE537
00000618465F
0000041B4EA4
0000036C0955
00000419B7A8
000005B4DDA8
000007CDBA72
000008766DA6
000007E6A71A
00000741A34A
000006C5A529
00000628FDC7
0000052E4FAA
00000476837D
0000043404E0
000004529D8A
0000045A2749
000003EA4F7B
000004631E10
0000065D03CB
000007CA373D
000006FB52C0
000004566164
000002F677A3
000004FC70EB
000007562680
000006CA3FF2
00000457DA34
0000025224DA
00000379E579
000005ED6372
000003DB59C6
000005D20857
0000072C63CC
000005879E25
00000636ACB9
00000631F849
000006CA4B33
00000829D73E
00000871D876
000007948773
000006BA7772
000006309142
000005D762D6
000005ACC04D
0000058F1A57
0000054E2CF2
0000052122E6
000004BEE1E7
00000377AD5F
000002C142EC
000003D37BB3
000005F2EAD1
00000683EF90
0000047019C4
000001FF2A9C
000001FFF927
00000403035D
000005F2C6ED
000004FAF659
000001CCC4E6
000001D42975
00000465C2C8
000001BEFD13
000005212EE1
000005C54AE6
000006346684
000006F7CBDD
0000073FC0FD
0000063E2C59
0000054783AD
00000490ADE9
000003F34579
000003B2D5C8
000003AE88EB
0000040FC8E1
000004D9F808
000005490F33
000004C44C03
000003C634A0
0000039C099E
000003230EB5
0000023C16C7
00000209F721
000002CCB4FC
000003CB42E5
0000036FACEF
000001ACAE85
000000F23B53
000002CA2C5A
000005CB4CBA
000005F1F1B0
00000233DE35
FFFFFFB8C1CB
00000292B12D
000000C37290
000005B4363B
0000054F88ED
0000061847A5
00000671B126
000005EA258C
000003CE9891
0000015B7B2D
FFFFFFD40DDE
FFFFFF693A53
FFFFFFDF02A0
000000BD9B88
0000020AD9BD
0000034A5893
00000402E0D9
000002D74C61
000000D4D446
0000008BDD50
000001838363
000001DD4FF3
0000010F117A
00000073195D
0000011818B7
0000016977F4
0000007EF2AD
000000793B2A
000002A53430
000005C500E1
000007668079
0000042867FB
FFFFFF24AE55
FFFFFED981A9
FFFFFE43BA06
00000623BD9F
000004FD253D
000005F3C0D5
00000680FC25
000005D33B37
0000043B0794
000002D777CD
000001E6D245
000000D89933
0000005B12C9
000000A91D0E
0000011FFE7D
0000023B0B20
0000032C2862
000001D5A108
FFFFFFB881BD
FFFFFFE42199
00000216280F
00000380A937
000002A4DEA3
00000181AD95
000001A96652
000001F6595D
0000011D8F9C
0000005A04D8
00000131A548
000004939AF2
000008FB1538
0000078E1823
000000CED900
FFFFFCD7592D
FFFFFAB2E9A9
000004B997F2
000004D4CC8F
00000569A7A8
00000628C377
00000613B1BD
000005526565
00000589F6EA
00000667992C
000005B2F256
000003EBCDE7
0000028F6A71
0000012DC012
000001390699
000001DC3E29
000000CB942E
FFFFFFB3028E
00000125778C
000004165671
000005A19658
000004F18A58
0000041F0B90
0000044E57CC
00000414E1F5
0000035C5859
000002896869
0000016326A3
000002EAA12E
000007D25E27
0000087D67E1
00000335F40D
FFFFFF1DF400
FFFFF885D0B3
0000018587BB
000004E54914
0000050C344B
000005CDC9EB
000005E65FBA
000004C75A3C
000004AA7D83
0000063E4E28
00000708DE39
000005F752E3
000004499E4B
00000275FD31
000001BD9437
0000017AB206
00000065CA59
FFFFFFF139EE
000001F0A488
000004B45186
0000054BE6A9
00000497F69C
000004BAA575
0000054A83C3
0000047456DC
0000045D6376
000005755367
000003DF4BFB
000001EF7F34
0000038DD1B4
000004CCAD60
00000486B61D
000003E7E5BE
FFFFFA605057
000000210396
000005511813
0000057DA477
000005FDB7E8
000006011A50
00000562EBED
0000050E6429
00000561F163
0000058E8775
000005321621
0000046E82CF
000003E769C8
00000377BB59
000002FC125F
000002634928
000002080B7B
0000032E9DB6
000004F2E84A
000004D213DF
000003C3BEED
0000043C92AD
0000052F2741
00000440B0CF
000003E7FEB1
00000601F266
0000063A78D2
000003B303AB
0000019AF5DA
000000C939AA
00000386FCED
000005ECC553
FFFFFD18B13B
0000021DE01F
00000602F37B
0000067003C5
0000062E3886
000005D1E210
0000065FCD56
0000070BCFD5
000005CE749B
00000368E60C
000001F6EC71
000001DD446C
000002CE46DF
00000352640A
000003ED924D
000004BD743D
0000044BB7C1
0000043D35C6
000004BC3C7E
000003EAB96D
00000232ADDA
000001C0925D
000002D5015C
000002827E45
0000018CD144
000003285E67
000006519F5A
000006F5E521
00000422EBC1
000000BC8B3B
000001443539
0000035B30C9
FFFFFBA68D8A
00000325BE12
000006749F67
000006F8052F
000006572381
000005CE27A7
000006566412
000006BB4B2C
000005B08067
0000034DFCD4
000000A07818
FFFFFF8B6D3B
00000049361C
000001741B1D
0000037FAFE5
000005500EB0
0000056B203B
000004FF8EFA
000003F27F07
000001B64662
00000002BD1F
FFFFFFAAABAB
0000000E62A8
FFFFFFC1DA26
FFFFFEA5D4CE
00000012519C
0000047D0CFD
000007A8D7D0
000006E4F9B3
0000039DC46A
000001568419
000000E90726
FFFFF8487BA5
0000014BA20B
000005BE5AA0
000005EDC572
000005ACEFC3
000005526467
0000050A1E4E
000004DC7776
000005C744CF
000006478002
00000440BCCA
0000011A8E1B
FFFFFF49777E
FFFFFF65F827
000000B5E03B
000002557597
00000445CF55
000005F0FFA3
000004C3CD45
000001C9E849
0000010C9878
00000200FB4E
000001C7A8A1
000000672A92
FFFFFF1BEEE8
FFFFFFBD5739
0000027078D2
0000055399AF
000006C07D0C
000005E12A09
000004203CDA
0000028F7B2F
FFFFF9050722
00000094E805
000004D7FDAD
000004A6125E
000004646069
000003EF0913
00000387F44E
000003F2A0AA
000005752C86
0000070D6CF0
00000789C488
000005A7E18D
000001C7FAB9
FFFFFEAFB621
FFFFFD37C74D
FFFFFD73AD7B
0000005FBC8D
000004C30064
0000064AC5CD
000004CDFAC3
00000402B226
00000456A75E
0000044F4001
000003120B84
00000160A6DB
000000B71CE6
0000015D25CF
0000033949AB
000005848B38
00000627FCC4
0000058FA213
0000054A44E5
FFFFFCC4FE00
000003185DAD
00000511F70B
000005089721
0000048FDE98
000003A0B4E5
0000037066E5
000004075391
000003936C25
0000036651B7
0000062F4BB8
000008A3BBFA
00000639EA43
000001AD783D
FFFFFE08B365
FFFFFC4D15CC
FFFFFD9B4E0E
000001ABA62F
0000058503CD
00000682994A
00000496E3EF
0000027D79A2
00000288F8E1
000002CA25BE
000001DD5B37
000001445294
0000017A3AA4
000002D1F6D1
000004E3F9F2
0000056F2048
0000044E0B37
0000054F3F1F
FFFFFE362C3A
00000554D138
0000050DD79E
000005AE28AE
000005B1F517
000004A00A8E
00000412321C
00000410D8D3
000002909C09
00000149BCC8
0000030F1BC1
0000061C1F54
00000775CC63
00000680DB08
000002E8E8A7
FFFFFF249652
FFFFFDB1B5EF
FFFFFEED1061
00000296AEB4
00000538B9F2
000003E1D9C3
000000C6492A
000000094C22
000000E2AD73
000001401E8B
000001AEE21C
00000206D401
000002EADE27
00000470C049
000004AA882C
000003301713
000004937E2D
FFFFFDD24880
000005C08DBF
0000043B8E00
00000577D142
000006828662
000005C639C4
0000044D6555
000003BFBBD6
000003874F6B
000002E69D79
0000017A2CFA
000000E42842
00000486D1D3
000008B63C76
000007861DA3
00000361B1A3
FFFFFFC10667
FFFFFDEF0B48
FFFFFF34C4B3
000002A97F7A
00000475128C
000003306896
000001F7FFE0
000001DA6B2A
00000207A5E7
000001E132DD
0000010CD2EE
000001664FCB
000002A65335
0000030C681E
000002F6D290
0000048BC439
FFFFFE22A37E
000005974580
000003F19C7B
0000050193B5
00000695F2E6
000006D8A3B9
000004D01F26
000002F50D9E
000003582DF0
000004BCCE5C
000002FC7FED
FFFFFF88FCA5
000001036597
0000060047F1
000008A78BDE
0000077ECA39
00000385E7E9
FFFFFF3121F2
FFFFFD690CA5
FFFFFFFE9CEB
00000482EB48
000006A0BA22
000005E06D3C
0000041EFE99
000003268361
000001B7C0B3
FFFFFF57D825
FFFFFED4C19C
0000000887CB
00000194E7CC
0000032B78EA
000004818934
FFFFFE58DDB7
000005429E4D
00000492F3AF
000004FF0962
00000638FDE3
0000075C1DB4
000005B2D61D
0000025489DF
000001B5AFF4
000004CA2C3C
000005D367AA
00000274A116
FFFFFF66CC3B
000000686C5A
00000537E47A
0000091DBB19
0000080C87C2
00000395E564
FFFFFF85AD9B
FFFFFF5049C8
000003262FA1
000006A08DF9
000006328556
000003C0089B
000002C170E4
000002500038
000000ED0697
FFFFFFCE0CFF
00000096AE43
000003099E25
000004E5ACAD
00000484F46E
FFFFFD996FC0
0000044DC088
00000556B464
000005927901
0000061348F3
0000071B1014
00000666D33E
0000032B2A0D
000000E36641
000003093DA4
00000673AC89
000005EF508F
000000FBD957
FFFFFD9D2305
00000129B31D
000007A03929
00000A00AD12
000007697E9A
0000039238A4
00000215BAC6
000003369CAA
0000048827D7
0000045B1A49
000003416465
00000232C4F7
0000025DF7B0
0000035008EE
00000316CDD7
00000329655D
0000054219E5
000006D1D8CB
0000050F3A82
FFFFFC9B6753
0000028DA485
00000555FE32
00000604F4DA
00000607CEA1
0000068215A9
000007117723
00000506E739
0000017CA702
000000D181F1
0000045D14D8
0000072CF3BE
0000044809B5
FFFFFF974DA8
FFFFFFC4EFF2
000004124907
0000070B5702
0000061447CC
000004240AA4
000004540D3A
000004BCB934
00000452D742
00000516E89C
0000054D5BBD
000002EDE4BE
000000F66D38
000001AB1739
000002750BB8
0000026127E0
000003F665DB
0000069968C5
000005E92A1A
FFFFFCC00775
000001B27A3D
000004F16AD2
000005E29B1E
000005C74A28
0000062D58D3
00000778E28C
000006A4670D
0000032B35CE
000000365A64
00000189E7FA
0000058F2D37
0000064E875D
0000032402CF
00000078A0B2
000001553413
000003EB389D
00000392C8B6
000001EB2655
000003502EA0
0000057782A9
000006349B52
000006F8B77D
0000063DE1B9
00000430B11E
00000205CCD3
0000001B1D69
FFFFFEF40F49
FFFFFE87BFF4
000000B904DC
000004BD8659
0000065E8DD3
FFFFFDD7707E
000002AF0821
0000051158C8
000005A88F6F
000005A6F02F
0000059B151F
000006C37584
000007167475
0000050E9D73
0000016DC3DF
FFFFFFE3644F
000002B2A0AF
000006356ECB
0000059BC324
000001E21ED7
000001537F8F
00000462F59F
0000042819F3
0000010910A9
000000E8D9E7
000003B45948
000005D1BC1F
0000052D3159
0000034F4C7C
000003F7FF49
000005141EB1
0000028AC930
FFFFFEC38F08
FFFFFD64D06E
FFFFFFE63BFA
000003DC12B0
00000678691E
FFFFFF1422E1
0000045696B8
0000059599E0
000005B16F43
0000055A0815
0000049782D4
000005633CE2
00000670BF2E
00000613F115
00000319FB24
FFFFFFD27BBF
0000009F4328
000004E89F3F
000006718BB5
000002FF7120
000001836EBA
000004C02CAA
00000615E87D
000002CE1A09
FFFFFFC6D8BF
000000901012
000002FE3D33
0000028073AD
0000007F89A5
000001A3CBBC
00000411FEE1
0000040C2DF7
000001D99C75
000000168D6A
0000013EC98A
000003DE11B8
000006275C05
FFFFFFE4D69C
0000059914E2
00000578D63B
0000053C8929
0000046AEEC4
0000036861C5
0000042E0172
00000595FE16
000006706FE6
000004D64D0F
000001178DD8
FFFFFFDDDD4B
0000032A0550
000005CAC0D9
000003AB5413
000001623BD9
00000363BE4B
0000062F6BF0
0000053C35D6
0000018DA7FC
FFFFFFD95D24
000001F6ED12
00000369AB6B
00000181C24A
FFFFFF1E0D9F
FFFFFEEC6D4A
000001918248
0000040DDB8B
000003F45427
0000038C8772
00000409EF39
00000517CA38
FFFFFF4D95F0
000005AD3941
0000040A6BB3
000003EB0DDA
0000034EF19C
0000028C416D
000003315892
000004B593C7
000006849421
000006474553
0000030B50FC
000000497057
0000014DDBBE
000004289898
000004931079
000002A53E25
000001E89B53
000003EE822B
0000061F3F26
0000046D1005
000000C37210
000000FDF312
00000446E54C
000003D1A8AB
FFFFFEE778FE
FFFFFBB08768
FFFFFE466D36
0000039B79F2
0000065C5055
0000067275CB
000005141AED
0000041C96B7
FFFFFDF3AC49
000004C04792
00000284188E
00000323626C
000003CC16A8
0000037BA123
00000365BFB6
00000463302B
0000062FDCF0
00000711FB07
00000536D7D9
000001A1CDF6
000000048E40
0000021A67A9
0000051753D3
0000047EF1CA
0000013C5728
000001880A39
000005A1F9D8
000005ED12A9
000000DC4750
FFFFFEA4D6DB
000002652AAF
0000049F978E
000001D27EC0
FFFFFE63E024
FFFFFECC4A74
000002502CE3
0000059F80B1
0000070E2201
000005A99425
000003EF786F
FFFFFDEE79E7
00000458AED7
000001682119
00000261DD5C
00000495E68F
000005C74C05
000004C07289
0000047C696D
000005A634A7
000006E967DD
0000069CDD5F
000003BD45B0
000000188FC9
00000059DCCA
00000461F0C8
00000560EE08
00000179F375
00000073D79B
0000048A12ED
000005973507
000000F3BF16
FFFFFDD0EFD1
FFFFFFEF7939
000002DCB82E
0000041DF00D
0000041DABFC
00000344AED0
000002C7129E
000003EBF716
000005228437
00000486DC7C
000004213BF7
FFFFFF0A48FB
0000053A30D4
000001C7FA6D
000001F0650F
00000459ACAD
000006E089CC
00000577D948
00000461B1DF
000004DC3559
0000062BC07F
0000075A6930
000005D85ADC
00000184320D
FFFFFFF2B830
00000329D9AC
00000564BE02
00000315117C
0000018C90B1
00000400B974
00000512B8F3
0000029C0C3D
0000007B5E72
00000004B172
000000B745F4
000003AD6170
000006EB7708
0000068C0241
0000046D3D3C
000003C1E254
0000040477CE
000004262DDA
000004A7D4CE
FFFFFF618441
000005B5642E
000004A4E09B
00000360BCBB
00000408B5CB
000006CA85B6
00000540C8E2
0000047293D8
00000466200D
00000569EC37
000007392A95
000006FA132F
0000039F2D2B
0000018499FE
0000029D7D14
0000043FA42B
000004582F31
00000440BC9A
000004C237E1
0000047D91A1
00000458FF55
0000043F97A8
000002D83916
000001FE0BE6
000003E98C1B
00000692956E
000006B11B8D
000005628535
0000046F0E83
00000483D063
00000631C000
00000553DBA9
FFFFFFB9776B
0000049FFFF8
00000592F0A3
000004BEE504
000003D34E44
000004608601
000003B538A2
0000038C1201
000003429F9F
00000381F29F
00000505F70D
0000059ECFEC
0000045AB792
00000343F0DD
000002768EE9
0000029466D9
00000433E804
000005E0D551
00000523AE67
0000032E9CD6
000003C91B34
000005B0B5C2
000005680E0E
0000040A182F
000003BCC3C0
00000440F0D6
000004B389CB
000004AF2B87
000003F96A40
000003CC9FDF
000005258FE3
0000042B8AE7
FFFFFE558492
0000031F1335
0000056142C6
0000052AD483
000002C792A9
000002D08D4D
000002EE9BC4
0000035E77BD
0000032887C6
000003148B97
000003EBB19D
000004A016A0
000005073561
00000546CA82
0000044AFF32
00000382A69B
000005018725
000006CE18D4
0000062C567F
00000440C2E9
0000046AC40C
00000603B8C1
0000067A1634
000005C0C3DF
00000445645F
00000338BB29
000003A065A4
00000443FAB0
000004166C5B
000003FAD70C
0000047001DE
0000049E4926
FFFFFFAE41B9
000003F52284
000005CAC131
00000592422E
000002FA9E64
00000319979E
000002B20D73
0000033BAAF6
0000030B38A7
000002FF5604
0000035CD088
0000036C3043
000003F369DA
000004B7B9BC
0000046713D3
000003E8FBE9
000004896276
0000056930F3
0000059697BD
000004CF6A0E
00000440FB7E
000004A3583B
00000596E5A4
00000603F71C
000004D1ADFF
000003432C7D
000002FDA907
000003635C3F
000003F2AA5B
00000478FFE4
000003F4E906
000004D6B7C7
0000006858C5
000004137A51
FFFFFD2A39EA
FFFFFB24710D
FFFFFB26BA9D
FFFFFBB85FCE
FFFFFBCAF6F3
FFFFFBD42556
FFFFFCE40566
FFFFFE06BB5A
FFFFFE5B1AF3
FFFFFE421AE9
FFFFFD2DD309
FFFFFBB9D14E
FFFFFAEB40EA
FFFFFB1B35BF
FFFFFB594013
FFFFFB9C4D76
FFFFFD809D20
FFFFFF316ED7
FFFFFE6018C7
FFFFFCBC7113
FFFFFC8534D7
FFFFFD38A32D
FFFFFE293251
FFFFFF793698
FFFFFF0D4140
FFFFFC5F1908
FFFFFBAD99DA
FFFFFD511E53
FFFFFD5202CD
FFFFFC4E2971
FFFFFF055C52
000001B1DAD7
FFFFFE848013
FFFFFC88631B
FFFFFD72F027
FFFFFED5AC03
FFFFFFC63133
0000007AE9C1
0000010BDA8A
000000E3747F
000000361BBA
FFFFFFA8D561
FFFFFED4AC7F
FFFFFE21884C
FFFFFE61005C
FFFFFF54568B
FFFFFFF6DF29
000000839F9F
000001ECEC58
0000028B42FC
0000019C6FAA
0000009E281C
0000007973CB
000000D01018
00000148EB03
0000019658A4
000000A5BD96
FFFFFF490CD6
000000501D8E
00000232BD48
000000BA5B5F
FFFFFEF10D5A
0000013917F7
000003CC6719
000000BB86B3
FFFFFFD7621B
00000151980C
00000242F8D0
00000439E2D5
000004FE2C52
00000545AA71
000003E111C2
0000012645A4
FFFFFF2E0C7F
FFFFFE4D9D84
FFFFFEA53FBA
FFFFFFFB8748
000001577DCD
000001D83501
0000019D473E
000001E2FDD2
00000183A728
000000AF61A3
000000C8F27A
000001468B72
00000142545D
0000007F1E35
FFFFFE9F4F36
FFFFFCA33503
FFFFFD55C656
000000F25109
00000391CD13
0000014CA807
FFFFFEB363F2
FFFFFFA0AE37
0000015252FC
0000029AF861
00000207CE44
000002FD60BE
0000032D557A
000004C65218
000004231725
0000049FB1C4
000004A53685
000002F2D3B6
0000014C6E42
000000D0F9B7
0000011CE9AD
000001A28170
00000235D17B
000001E86639
000000BF0EBB
00000043B17D
00000074656D
000000C963AC
0000014FDA57
000001CBE1E4
0000014313DD
00000009E94F
FFFFFEB3D5BE
FFFFFDEE8620
FFFFFEB4AE3C
000000317556
000001443810
00000198A737
00000170682C
000000485DA7
FFFFFEA0FEE3
000000C41F7A
000000664A7C
0000007B5C5D
FFFFFD6B96A2
FFFFFEEFBAD3
FFFFFC460DB6
FFFFFBFA1EC3
FFFFFE2F3ABD
FFFFFFD892D7
000000F13DA2
000001FB4012
00000214C509
000001138FB4
FFFFFFE912AA
FFFFFEA80878
FFFFFD1121DB
FFFFFC476D0C
FFFFFD556F2F
FFFFFEA169C4
FFFFFE7BAFA6
FFFFFEF144D2
FFFFFFDD4510
FFFFFF99B609
FFFFFF8D13C8
000000E3B594
000000F12DC2
FFFFFEEF27D4
FFFFFE623DF9
000000FB5C5C
000003CA8A96
000002B780ED
FFFFFF93BE80
00000086EC17
000000489A75
FFFFFEFFD908
FFFFF9D85C2E
FFFFFBD8E9B2
FFFFFAE3EAB6
FFFFFA61DAEA
FFFFFBCEF538
FFFFFE14A3C2
0000004C7527
0000023C2FC5
0000029AD869
00000129AD5B
FFFFFF247498
FFFFFDA34088
FFFFFC7433C9
FFFFFBDCFC39
FFFFFCD9BD8C
FFFFFDA02070
FFFFFCEA6A93
FFFFFDE3DE39
000000380E06
00000017DC4A
FFFFFF99CEE9
000001AE2C94
00000253CEB9
FFFFFFE7B95F
FFFFFECD17FF
0000000DAEDE
0000008F802F
000000FACA37
000000E771CB
00000084AFEB
000000A30C45
FFFFFFAAE196
FFFFFA9ED05D
FFFFFE3E6197
FFFFFFA94886
FFFFFFAA3C6F
FFFFFF19F819
FFFFFEC046A1
FFFFFED28F1B
FFFFFFAF805A
0000003F58E0
FFFFFFC31E59
FFFFFEA8C942
FFFFFE7CF151
FFFFFF19D099
FFFFFF30F6A1
FFFFFF645B86
000000361399
FFFFFFB3497C
FFFFFF854ABF
000000E456EA
0000007EAB93
FFFFFFA8AB49
0000014E48D2
0000026D1383
000001ACCB3F
000000D19CE2
FFFFFF8774ED
FFFFFD0DF395
FFFFFCDC26BE
FFFFFEED0901
000000343EF0
FFFFFFC5C251
FFFFFFF3478F
FFFFFCD270F7
000000DFABEE
000001941962
000001B0CFED
0000011A0724
FFFFFF8ED1ED
FFFFFD9D8D27
FFFFFCA749DC
FFFFFCC5DE9C
FFFFFD5DDF3E
FFFFFDF74F4F
FFFFFFDC8C6F
0000022239FE
00000171E710
FFFFFFB59347
00000105CAC4
0000025AAD84
000000E99FAB
FFFFFF316082
FFFFFECA3560
FFFFFF83EBF4
FFFFFFE5AEB3
FFFFFFDBD7DB
000000CA952F
000001087EF3
FFFFFF9B7CF2
FFFFFF19C68E
FFFFFD618F2A
FFFFFC1860C1
FFFFFFB923FF
FFFFFED73616
FFFFFF7A6F74
FFFFFD5F39E0
000001A1303B
000001D27818
000001C27441
000001F82B7D
000001BA2808
00000008A914
FFFFFD816C64
FFFFFBF4CFAF
FFFFFC4DB9BC
FFFFFE5EEBCF
0000010606A2
000003964C4C
0000033BCA0B
0000010953E3
000001D73BED
00000406E360
000003106B74
0000001BF967
FFFFFEEBD764
FFFFFFA50CAE
FFFFFE645000
FFFFFCAE5899
FFFFFE191DCB
FFFFFFF9A5BC
000000495FC3
000002F474C8
000002ACAB47
FFFFFDF14524
FFFFFFF23EA8
FFFFFFA90FF0
FFFFFFEC79A5
FFFFFC920DB8
0000009B9B0E
000001B21348
000000DA9778
FFFFFFEC5B35
000001534B47
0000026024E3
000000AD0B9D
FFFFFDFA0C09
FFFFFDD0A8DC
FFFFFFA01D06
0000005B5921
000000D2B9CA
000001B20055
0000024DF156
000002892919
000002523309
000002080B4D
000001B74466
0000017008E2
00000090454D
FFFFFE411092
FFFFFCD8D643
FFFFFE256947
00000000678B
000000A3D2DC
000001CD0447
0000032D1E03
000000B34C26
00000144EF07
0000015A01DC
000001AEBA11
FFFFFD4CEF96
FFFFFF9592EF
FFFFFF9DED4F
FFFFFDF261EF
FFFFFC050098
FFFFFD2FE6A8
00000034CB7D
000001F1C11E
000001D7AB29
000001CD6630
000001D2286F
00000026FBD5
FFFFFDD52A79
FFFFFD222D9B
FFFFFE95C43D
FFFFFEA0A62F
FFFFFD059E27
FFFFFCD8385B
FFFFFF0E0207
0000019D2A86
000001813D7C
FFFFFFD57E3D
FFFFFF93B19A
0000005BDBDE
0000004320BE
FFFFFF15A05C
FFFFFD04FBBE
FFFFFDFDF8F8
FFFFFFAC0059
000001A84931
000001113B39
000001C63422
FFFFFE6AE041
FFFFFF7ECEDA
FFFFFD56401C
FFFFFD2D0EDF
FFFFFDBC41C2
FFFFFCBD15E4
FFFFFCDD3042
00000009C896
000003907C87
00000455D870
0000021E09FB
FFFFFFBDCA0F
FFFFFE429940
FFFFFCD87997
FFFFFC5C976B
FFFFFCC392B3
FFFFFD609F06
FFFFFCC676CA
FFFFFCE1E5BA
FFFFFF663755
0000010B21FE
000000D1A7B9
000000C64D52
0000011A9620
0000004307CA
FFFFFDC65924
FFFFFC1706F9
FFFFFCB247FC
FFFFFE734D27
0000006E3027
FFFFFF22308B
FFFFFFC4054E
FFFFFDBA8856
FFFFFFED1851
FFFFFE4A41E2
FFFFFFD0E4E9
000002045B02
FFFFFFE947F6
FFFFFCA0B8AD
FFFFFC8C9BA7
FFFFFF499E6D
000001280C61
FFFFFFD747B9
FFFFFECD5425
0000001E7090
0000010BFBD1
000000672304
000000EB77A1
000002DF1B4E
0000015C315C
FFFFFDF5F29D
FFFFFDFA0EC5
FFFFFF62F507
FFFFFF8038EA
FFFFFF8662D6
000000AD7263
00000160FC09
FFFFFFA2AD15
FFFFFF5CD266
00000007819B
FFFFFF2A3824
FFFFFFC06DA3
FFFFFEC11295
FFFFFF03CCEE
FFFFFC642A34
00000010B410
000000F2295C
000001BA62A0
0000013DA7AD
000000A2D2BD
FFFFFFD8DE86
FFFFFC696BFA
FFFFF9FE0BBB
FFFFFC3E56DD
FFFFFF511412
0000010AF32D
00000237C887
000002EB5DF9
0000029E6BAE
00000257913A
000003023337
0000013B85D1
FFFFFE77C1DD
FFFFFE866138
FFFFFFB24603
FFFFFFF38148
FFFFFF959F29
000000451ADC
000001889A2A
000000E7FB8E
000000624901
000000756471
FFFFFECFA243
0000001F2420
FFFFFFA33C00
FFFFFF832765
FFFFFB8B14C2
FFFFFF5F1042
0000012735FE
00000119C232
FFFFFEB162A3
FFFFFFC03408
000002BBF77F
FFFFFF7CBF26
FFFFFA1B54C8
FFFFFACB3448
FFFFFF181D22
000001CBECC6
000001C4067C
0000012FB326
00000082F2A6
FFFFFF204480
FFFFFDE8F4B2
FFFFFCED77AD
FFFFFD82D554
FFFFFF8C6F00
000001BF297C
0000036F66FC
000002C39D0A
000001261C00
0000008118CD
0000001CABEB
FFFFFFB3D4C1
FFFFFEE53B19
FFFFFD9935A1
000000555735
0000005567B3
FFFFFFDAD2EE
FFFFFB6254EA
FFFFFF84AC48
0000002CCFC8
FFFFFF4A85E0
FFFFFE2EEA0E
FFFFFFD9D2CB
0000021FEEAB
000000EBAD7D
FFFFFE50ECC8
FFFFFCE75734
FFFFFD4AF458
FFFFFE3A064F
FFFFFE7B47D7
FFFFFF6F632A
FFFFFFF4258F
FFFFFEBFA542
FFFFFD619ECF
FFFFFD2541C7
FFFFFF0A20F4
0000005B43F1
000000BBD636
00000267BDB1
000002FFBE48
0000018C781A
000000086DB6
0000003D110F
0000017D71AA
0000001C23A2
FFFFFDD5D356
00000000EDFD
00000047B230
00000012CC2E
FFFFFC046C76
000000A6FED0
FFFFFFDFCADB
FFFFFE3FC183
FFFFFE91DC5D
FFFFFFF31051
0000000285A3
0000009E2B10
000001FD697F
FFFFFFF01D35
FFFFFC9755F9
FFFFFB68BD1E
FFFFFBDBDC9E
FFFFFD92EDC7
FFFFFF68F666
000001470509
000002A9675D
000002539E6B
000001B54992
FFFFFFFBBD96
FFFFFD246C63
FFFFFC18BBE9
FFFFFD0EFBE5
FFFFFE7DCD6A
FFFFFF49A53D
00000123FDE1
0000038BC6A2
000002AA3618
FFFFFFBBCD84
FFFFFFEB45E2
FFFFFFB9427D
000000046CC0
FFFFFC7DAE0D
0000006E8BFD
FFFFFF5BBD1A
FFFFFEF39E55
FFFFFFAD41FF
FFFFFF38A3B7
FFFFFE31CE55
0000004121C6
000002ED053D
000000EBE75E
FFFFFD5B5B3E
FFFFFC99D223
FFFFFD752E52
FFFFFD0D0C86
FFFFFCA52D23
0000004F2C9E
000004DC1A02
0000040D59A6
0000006821E7
FFFFFED38145
FFFFFDECE1CE
FFFFFC29C95B
FFFFFB2CFB62
FFFFFCE4F245
FFFFFF728BC0
00000140D5D0
00000284FC7B
00000261BE97
000000B1A27D
0000007F27C7
FFFFFFB5D162
FFFFFFCF2DEF
FFFFFC1BC8BE
FFFFFF7AD70B
FFFFFEF142CF
FFFFFFFD4D0C
000000CA425B
FFFFFEE474EA
FFFFFD859E2A
000000073374
00000227E333
000000B06C97
FFFFFF731B56
000000FCD5F1
00000290C2E2
00000027190C
FFFFFBEC9383
FFFFFC9AF30D
000000544776
0000007DCFF2
FFFFFEA9868F
FFFFFF7E9744
000002181D55
000002DEF62B
00000133355D
0000006E7ACF
000000C96B1F
0000009661C0
FFFFFFE645CD
FFFFFFB6D41A
FFFFFFA8F91E
00000065608D
00000019A3D4
0000003D61F1
FFFFFBCEB2EE
FFFFFF146B56
FFFFFF913D82
000000880446
0000005034B4
FFFFFEA7D9EC
FFFFFDD3FE31
FFFFFF99F8FA
00000134A5E5
000000BBE95A
000000F80FA3
000002AE72B4
000003763B59
000001B27C05
FFFFFED4477E
FFFFFCDB1D3D
FFFFFC0FE30B
FFFFFDF8FB10
000000D3C356
000000E992A7
000000F61B11
00000322F1B9
0000045DACF8
000003061F8E
000000799F80
FFFFFEA3D9FF
FFFFFE23B046
FFFFFF260FB9
00000001895E
FFFFFFD28565
0000003B565C
00000128BDA8
FFFFFC88902D
FFFFFF8C0992
0000008EBF5C
000000A383BB
FFFFFF1FB423
FFFFFE34F6E7
FFFFFE5284C8
FFFFFF55E108
0000004F48F2
000000554B85
000000078EA6
FFFFFFC16B5E
FFFFFFC3FC8E
0000011324B0
000003563CD4
000001F55944
FFFFFE3D3DDD
0000001E17F6
000003C3B12C
0000009F0817
FFFFFC3212CA
FFFFFCD28388
FFFFFF8DB88D
0000006BDEFE
FFFFFEAD748A
FFFFFD283D5C
FFFFFDF6E571
000000855F40
000001BB480C
00000073CEBC
0000007FB739
00000179866C
FFFFFD7B4FDE
FFFFFFE43CC8
0000002CBFA9
FFFFFF72ABCC
FFFFFE4ABF51
FFFFFECCF510
FFFFFF73371B
FFFFFF2BB462
FFFFFF2BEE3A
0000000ED157
00000007DA32
FFFFFE190E90
FFFFFDA04595
0000013EDF0E
0000054EDAD1
000003B2CC43
000000054B1A
000001BD5598
000003B435E8
00000077E437
FFFFFCEB180C
FFFFFAFBAC56
FFFFFA7BE035
FFFFFC6E181F
FFFFFE805F3E
FFFFFF282FDC
000000206A10
0000020A8854
00000248DEDF
000001E1F046
000000E4E357
00000184C272
FFFFFE1A3D3F
FFFFFF893AAD
FFFFFECE6610
FFFFFDBECC85
FFFFFDE14570
FFFFFFAAE431
000000166847
FFFFFF25E059
FFFFFED52EB0
0000009C52CA
0000019BCAD8
FFFFFF043B50
FFFFFD7EAB7D
000000775959
000002B77E0C
FFFFFFC811E9
FFFFFD55FC1F
0000000356C4
0000021A9AB6
000001B8FC5F
00000135C212
FFFFFE66441A
FFFFFA677FDF
FFFFFAC8B229
FFFFFE67519D
000000DF8A32
000002043EA0
0000035FDDCA
000002B2959E
0000023C609E
FFFFFFEBA81A
00000036DE85
FFFFFDA21EB8
FFFFFF8D393D
FFFFFEA9D632
FFFFFDDCD471
FFFFFEA70857
00000031DA4A
FFFFFFFD685B
FFFFFF26FA4D
FFFFFF2BF18C
000000D8EAA7
000001F83A80
000000430F97
FFFFFE6D5AA6
FFFFFEFCBD30
FFFFFF80F800
FFFFFE3CBE7F
FFFFFDA188A4
FFFFFF05ABCC
0000006AAE8E
00000114CFB4
00000125B475
FFFFFFADFEE3
FFFFFDC2DE31
FFFFFD83ECFB
FFFFFEE04BAF
000000A5ADAF
00000135B2B4
0000023C3AFF
0000026944DA
00000119C8CE
FFFFFE1433FE
FFFFFD9FCC65
FFFFFB4EA1F3
FFFFFF1BFC48
FFFFFEFE6085
FFFFFEE50A16
FFFFFFF15589
0000009DF3A5
FFFFFFC7AD49
FFFFFF282C0E
FFFFFF5504DE
0000004873C0
000001450DEC
00000124273D
0000003D346D
FFFFFF162EEE
FFFFFF1224E3
0000003BF8F5
000000429645
FFFFFEA4F339
FFFFFD766532
FFFFFD32C6D9
FFFFFCC4F657
FFFFFD47F52B
00000034B0B1
0000022D229C
0000019D365F
0000019D4A25
0000007241F9
FFFFFF8989BB
0000004ABE69
FFFFFFE95072
FFFFFE8C28EA
FFFFFDE78F64
FFFFFA2A0DE2
FFFFFF225AA9
FFFFFF9FE770
FFFFFFF83EF7
0000007D2404
FFFFFFDD0987
FFFFFF088747
FFFFFFA11E26
FFFFFFF05009
FFFFFFA10966
0000000989CD
00000120F491
000000FC3F5E
FFFFFF8FBF06
FFFFFFC12ED6
00000108B32E
0000001D95B3
FFFFFDABB007
FFFFFC10B076
FFFFFB8CE051
FFFFFC0983ED
FFFFFDC2AF18
000001242E4A
000002FC0CC6
000001EA9952
00000165E371
000000E9C6B7
FFFFFF9BA65B
FFFFFF5D3569
FFFFFEB524C9
FFFFFFCB47B9
FFFFFFFA3825
FFFFFAF9AFBD
0000009C2105
000000D2F353
000000AC85FD
000000227D42
FFFFFE9B57E7
FFFFFE61C9F7
FFFFFFAD6BC2
FFFFFFB0BDB1
FFFFFE92E439
FFFFFE9F00E0
FFFFFFE352B1
FFFFFFDB1898
FFFFFE3C3E73
FFFFFE616C69
FFFFFF366EFD
FFFFFE1B9ADF
FFFFFCEA9D5C
FFFFFCF0859A
FFFFFDF8C76A
0000000EF688
000001728E3B
0000014C4015
000000780137
FFFFFF9C2B08
FFFFFF88855A
000001061117
000001A4FE45
000000A53AA7
FFFFFF078F60
0000006FCA77
000000BC6A09
FFFFFB747A65
0000014B9554
000000E73C7C
0000007911B5
FFFFFFA0AF68
FFFFFE52D182
FFFFFE9C7C49
FFFFFF0E3ABA
FFFFFDE79988
FFFFFD8E9EB7
FFFFFE6F38A2
FFFFFF61064C
FFFFFF185744
FFFFFDCD22C2
FFFFFD9D8404
FFFFFDD5D715
FFFFFDB7DF1A
FFFFFD962374
FFFFFE24D1FA
00000049B51B
000002BE7304
000002583F07
FFFFFF5AFA91
FFFFFE74B2E8
FFFFFF6CC7AD
FFFFFFE56B1D
000000E022C8
000001D6B3A3
000000FDFCB0
000001FAFD44
0000024414CC
0000008B3DAB
FFFFF9E66D92
000000AFE6EA
00000023FB73
FFFFFFF4EF27
FFFFFF43CBEF
FFFFFE6CF122
FFFFFEFC8989
FFFFFE7F332B
FFFFFCB9E5C7
FFFFFC9A1D20
FFFFFDB0F6DC
FFFFFED7CA90
FFFFFF501DCB
FFFFFF163223
FFFFFE65EE7C
FFFFFDE6CBF7
FFFFFEBADB90
FFFFFF2D8CEA
FFFFFF590DC5
000001B92210
0000037F200E
000001610A05
FFFFFE24EF65
FFFFFE5610DA
000000783CE4
0000019364F9
000000E709D7
FFFFFF077ED2
FFFFFDE388CC
000001310C4E
0000028BC20F
00000125EA44
FFFFF9A8E201
000000B82A6E
00000099ACAC
000000643B8E
FFFFFFE8923D
FFFFFF77FEE5
FFFFFF713049
FFFFFEAABAB9
FFFFFDCA268A
FFFFFD9F4488
FFFFFD84E8DC
FFFFFE991252
0000002A5DA2
FFFFFFE78B66
FFFFFE6533C6
FFFFFE992CC6
000000725361
0000004264B7
FFFFFF49741B
000000911FB9
00000175CA08
000000CC247D
0000003D0108
0000008CCBF6
000000FF64D4
00000115141F
FFFFFF169A0F
FFFFFF52DDE4
00000004C807
FFFFFB642930
FFFFFD4AB256
FFFFFDC63946
FFFFF6A436D6
FFFFFEFAE93D
FFFFFFA91C39
00000037D685
00000055898F
000000C6DDFC
000000D327C6
00000018E49B
000000951667
000000CBB859
FFFFFF7DBE7D
FFFFFFDB7357
00000192F662
0000013432AF
FFFFFFA00B49
000000171F92
000001D04D17
0000010BAA9E
FFFFFF220B15
FFFFFED1016A
FFFFFE7E2B71
FFFFFEAF5AE2
0000009B1908
000001BF3740
00000107355C
FFFFFFADAE8B
FFFFFF1207A2
000001A394C5
0000049BE092
FFFFF5A6A453
FFFFF620FB65
FFFFF5372D6D
FFFFEEDD010C
FFFFF591503F
FFFFF6430958
FFFFF6DEFFFE
FFFFF74BC285
FFFFF82B375A
FFFFF89CC1E5
FFFFF8A10B85
FFFFF97415DA
FFFFF9A476AC
FFFFF8BC79A5
FFFFF8BAEE6D
FFFFF9A98F38
FFFFFA076D9F
FFFFF9CC8AC9
FFFFF9BEDFE7
FFFFFA0ABE3F
FFFFF938B6D9
FFFFF7C8CD62
FFFFF759EF36
FFFFF6CA51C8
FFFFF6CB2B43
FFFFF8043063
FFFFF8B65C7B
FFFFF8707BD0
FFFFF8B07EC2
FFFFFA628D81
FFFFFCCB5346
FFFFFF1B7565
FFFFFE308C7E
00000266D029
0000033E9E9B
000002EC0E1A
000003746CF3
00000234813C
000001C6E751
00000215DF10
0000023D26A3
00000269D179
0000026FC589
000002548D8A
0000029E51B4
0000037745CF
000003D8B3E6
000003C082E9
000003F80932
000004359AA7
00000336B471
00000138D2E0
0000010155D8
000002779A95
00000392CE4F
00000432523A
00000333B505
0000007FF7F2
00000067F910
00000364312A
00000451FA58
000002D23C20
000002715416
00000238F73B
FFFFFE623D71
00000481E742
000006408836
000007480071
000007CF8E17
0000069B6AFA
00000590AB31
0000054EF012
000005A07C1D
0000063F8DC9
0000068A3997
0000065CB412
000006FB0031
00000863B05B
000009216F21
000008E16ABC
000008C39E2B
0000093A2AAD
0000082A46D7
0000059349FF
000004B20E30
0000057DC9CA
00000715DE57
000009785857
000008A5BC58
000004066D3B
000002FC4DBD
000006DAFA70
000008E9820E
00000724F48F
0000055CED5F
0000055B280B
FFFFFDC37F78
0000021C9F82
000001B16C54
000002D739EE
000003F7C237
0000043B4C67
0000036B9AAC
000001F2FA2D
00000131B3D1
000001A1938E
00000267EDD7
000002B47417
0000032BCBD0
00000409FDD8
00000488EF0A
00000457718E
000003BE5049
0000043E3E24
000005292FD0
00000554C447
000004A0BB11
000002A12A13
000001AFABB4
000004437010
00000610F95F
00000469D266
000003729F49
000004581258
00000553FCE0
000005101FDC
000003CA90FC
0000038243C0
FFFFFD4ADEBE
FFFFFF59686A
FFFFFF0F6F17
FFFFFE8E1D5D
FFFFFF2D87E5
0000000EE430
FFFFFFE9647B
FFFFFEF14151
FFFFFE0DCBFB
FFFFFDFC7C37
FFFFFE88D051
FFFFFEF9F686
FFFFFF19A441
FFFFFEE9384A
FFFFFEE63E02
FFFFFF2BB88F
FFFFFF31E3A9
FFFFFF60629E
000000A6E510
0000028C3BBB
000002428387
FFFFFF9F10CD
FFFFFE98E77F
0000004B8A1E
000001F0D889
00000295A601
00000226170A
0000002C6583
000000341780
000002990E8C
00000294AB12
0000014894D4
FFFFFDA19469
00000004BA9F
FFFFFFFC82F1
FFFFFEC1A2D3
FFFFFE61FF58
FFFFFF549939
000000EAF507
000002D69CE8
000003E289F8
00000390570A
000002A79620
000001F7F916
000000F40989
FFFFFF755981
FFFFFF3D5320
000000BA1109
0000014A0453
0000003B04DB
0000009EEBBA
000002E19F37
00000390B38F
000002BCE4CE
000002476514
000001BB2F79
000001D25030
0000036D92D1
0000021885E8
FFFFFD12D46F
FFFFFE025CE8
000005261E62
000006324939
000001610DA4
FFFFFD6DDC46
000000632048
0000006FCC52
FFFFFF37EFBB
FFFFFF44E48E
0000009D3FCC
000002881A4E
0000050EB195
00000719E190
00000747B363
000005E39215
0000049D57E9
00000329DA98
000000E0AD40
0000005E293A
000002247DA8
000002F2D072
000001C9396E
0000018F2CB8
000002ACB9A3
000003846755
0000043A1D45
00000404AEE1
000002061DB0
0000015CD8FF
000003A529B9
000002570680
FFFFFC178D2A
FFFFFC4C2AC3
000003380F02
000005C59A79
0000034C21E5
FFFFFD7AB5E0
000000C26DF2
000000991BE9
FFFFFF3D091C
FFFFFFA21732
0000011CE1A2
000001565903
0000009D9FB5
000000D2DF80
000001CD5FC4
000002B48487
000003C722C3
000004006AE5
0000022FE9DC
0000010ABF20
000001F959AD
0000026D87C5
000001020C9A
FFFFFFCE7316
FFFFFF5A691C
FFFFFFEA98FA
0000018CF3C2
0000016D70F9
FFFFFED777BA
FFFFFECC029A
0000031BEECA
00000453777E
FFFFFF1B2008
FFFFFB384351
FFFFFBF45C84
0000001FF82F
0000056A385C
FFFFFD999026
0000007C01F6
0000008FDF47
FFFFFF71AC6E
FFFFFEE52878
FFFFFF8400B5
FFFFFEF60034
FFFFFCC2A425
FFFFFB53339C
FFFFFC050C0E
FFFFFE182714
000000AD6E52
0000021EDDCC
000001923E30
000000909A15
000000E1E0F4
000000B58836
FFFFFEE0B7E4
FFFFFD90CA98
FFFFFD19D4DD
FFFFFCE48183
FFFFFDC160E7
FFFFFE368549
FFFFFD0C7EBF
FFFFFD3C896B
FFFFFFE70590
0000022D2CA1
000001C4F12F
FFFFFE3185E2
FFFFF969F892
FFFFFB4E8106
000003B466CF
FFFFFD8977C3
FFFFFF5E3225
0000000912DD
00000039686D
FFFFFED83276
FFFFFE28A805
FFFFFE77877C
FFFFFE38BD3C
FFFFFD44430C
FFFFFC4807B0
FFFFFBFA6C52
FFFFFC950F58
FFFFFDE79C90
FFFFFF058829
FFFFFFC054D9
00000064DD79
FFFFFFDB850F
FFFFFDE93F5B
FFFFFD6532B5
FFFFFE4AA7EA
FFFFFDE84D7E
FFFFFC68E975
FFFFFC65200E
FFFFFD8A66CB
FFFFFD3AB569
FFFFFB2E8C08
FFFFFCBD9D2B
000002EF454C
000004A9F37C
FFFFFEDCE432
FFFFFB258D06
FFFFFDD9A69C
FFFFFDEBBF29
FFFFFEAD4ACE
FFFFFEFAF26D
00000031B00F
FFFFFFADC25D
FFFFFE9CC0A2
FFFFFEA68A15
FFFFFF1F37A0
FFFFFF4BF097
FFFFFED68EB6
FFFFFD480A35
FFFFFBBD4C57
FFFFFC322055
FFFFFDC9A886
FFFFFEB68C0A
FFFFFEC0F865
FFFFFECB1BE3
FFFFFE95DA67
FFFFFE361E32
FFFFFF5B4F1C
FFFFFFEB7FB9
FFFFFDF0EA81
FFFFFCC1D969
FFFFFEE0A9E0
FFFFFF18ABB3
FFFFFAA93460
FFFFFAC87F66
000001CA4299
0000054B830B
00000219CBA6
FFFFFE01F780
FFFFFC021E73
FFFFFE9DAA47
FFFFFF0A8603
FFFFFE48CF54
FFFFFF02C0FF
FFFFFF84D483
FFFFFF1170C4
FFFFFE04290A
FFFFFD432FD4
FFFFFE995BAB
0000017070A9
0000026FFD53
000000CDA316
FFFFFF110038
FFFFFE6E883D
FFFFFD2CD20B
FFFFFB28533B
FFFFFC70CE79
FFFFFF99DA7E
0000001D2E9B
0000003AD33C
000001946F5E
000001AC51D6
0000011DAB7B
00000291B0C7
000002BDDC2C
FFFFFEBDE7AC
FFFFFC911DE4
FFFFFE2AC29D
FFFFFF5BB063
0000000759A0
000000B6D3A6
000000913463
FFFFFE6815C5
FFFFFF5E27F5
FFFFFEB1BA99
FFFFFEBE1412
FFFFFF00A6DF
FFFFFEF49453
FFFFFE910DBD
FFFFFE055542
FFFFFEA28B2D
000000CEF604
0000034CEE05
000003F23443
000001D0CF35
0000001A54C5
FFFFFE8ADC94
FFFFFB5A312F
FFFFFBD30398
FFFFFF4EC02E
00000117EF40
000001816C4C
0000024E04DD
00000355D84B
00000404FD61
000004AAA051
0000043AE013
000002127EF0
FFFFFF65A8BC
FFFFFCA83A99
FFFFFC461696
FFFFFE31C1D5
00000012FC72
0000029D001F
FFFFFDAD6DE5
FFFFFFAE2B17
0000000F5A6A
0000005EFAFC
0000000A8ECE
FFFFFFA70BFB
0000008F4DD0
0000013B9770
FFFFFEF701B8
FFFFFB8AD390
FFFFFC7958A9
000000BD5C08
000002CEFB4F
00000391FE48
0000031B368A
000000A1AFC6
FFFFFEA6A05A
FFFFFDCC0A6F
FFFFFEC78692
0000008C920E
0000008F5C6A
FFFFFFF93C2D
000000142C68
0000008A56CD
000001613887
000002B9EE32
000001DEE0F6
FFFFFE7CDD76
FFFFFD6AB8FB
FFFFFDA9AB1E
FFFFFD3117C1
FFFFFE9ABF97
FFFFFD99283C
0000002BF8C0
000000A048BE
00000132E429
0000015FFE22
000000D2116B
000000F645B4
000001A30EB6
FFFFFF78A088
FFFFFAD59CCC
FFFFF9530326
FFFFFBE5F7D6
0000005A2A92
000004166364
0000049D25B9
0000047B1EEC
000002D54053
FFFFFE32FBFA
FFFFFC856F51
FFFFFDF16F36
FFFFFDEC6436
FFFFFCFFC4FB
FFFFFC7EB0EA
FFFFFC8B81FB
FFFFFE595E3D
000001AF0F24
000002633A50
FFFFFFFC4B33
FFFFFE1CF63D
FFFFFD9FF0A1
FFFFFCBD0733
FFFFFB81DF04
FFFFFDB09174
00000056AB84
FFFFFFE7B731
FFFFFFA8F701
0000007E155B
000000FA2863
00000038A1B4
FFFFFFED33E1
000000D90721
00000103078E
FFFFFDAC65B3
FFFFF8F6110E
FFFFF9E206FF
FFFFFEAE3BCF
0000021B6940
00000594BF39
0000055909C5
0000006C934B
FFFFFD163333
FFFFFC5CC9A3
FFFFFD4364C9
FFFFFF30010C
FFFFFFB99380
FFFFFECD2511
FFFFFEEB093E
000000A62222
0000010D5146
FFFFFFA7AE58
FFFFFDFA0399
FFFFFE36C66D
FFFFFE8FBD5C
FFFFFC52EE80
FFFFFD558827
0000004A64A7
FFFFFFC711D5
FFFFFE1EC068
FFFFFE499FFE
00000050FFD3
000000AAA118
FFFFFF2F6869
0000005E1F97
000003A7817E
000001CA85CC
FFFFFB5B1842
FFFFF885C0F2
FFFFF9B54AFA
FFFFFD8FA8D7
00000290AC92
000003EC7EFE
000002D6D637
00000093CA67
FFFFFD0736CB
FFFFFD75956A
000001729999
0000028C7F6C
000000DFAC93
00000023B7E5
000000AAA90E
00000099140A
FFFFFF9C8969
FFFFFEC9EBDA
FFFFFF6FBD85
FFFFFFDB469D
FFFFFDCA474F
FFFFFD02F6C5
00000093ADFB
0000008EA299
FFFFFE3B94BC
FFFFFD3EC699
FFFFFF74AAF9
000000C329A8
FFFFFF361957
FFFFFE7FFAA5
0000008698B3
000002688FA5
000002357B3E
FFFFFE538171
FFFFF86F9868
FFFFF7C04638
FFFFFB9A8F10
00000006A2A1
0000055D6443
000005893838
FFFFFF5092FF
FFFFFCC2BF4A
FFFFFEE31ED8
FFFFFF4C2C8D
FFFFFDF43386
FFFFFE5B92F2
000000A4BD43
0000025CDF20
000002517CDD
000001B0919C
0000015A0368
000000AA1E07
FFFFFEC12B07
FFFFFD2D3ADE
000000147F05
000000594260
FFFFFF46B633
FFFFFDFE5ACD
FFFFFE20D628
FFFFFEE1A2E4
0000003BFE85
FFFFFFEE221A
FFFFFD7C32D0
FFFFFF3DDBC4
000004D82931
0000035B023C
FFFFFB445918
FFFFF76CFEC6
FFFFF8082FAE
FFFFFC1435C1
00000380C17C
000005A69787
0000013E67BA
FFFFFD393444
FFFFFBC51384
FFFFFBE8FE57
FFFFFC79B802
FFFFFD540C2B
FFFFFF8A75D0
0000026DB183
000004149A62
000003618686
0000018B5084
00000082EE88
FFFFFFCEC73B
FFFFFD7091CF
FFFFFEB64B42
FFFFFF01B96C
FFFFFFD917F0
FFFFFF30C319
FFFFFCF248DC
FFFFFD2C1C79
0000020CCC52
000002D193C4
FFFFFC52AE66
FFFFFADC413E
0000019FAC4C
000004886B51
0000018B45E1
FFFFFDF930A6
FFFFF9949019
FFFFF832A001
FFFFFBB222F2
FFFFFF38954F
000000FA93F3
FFFFFFC109FD
FFFFFCAC7AF3
FFFFFCF0C3DB
FFFFFFD3B608
FFFFFFF8EAA1
FFFFFE26004D
FFFFFE27423F
00000042FBEB
000000AF3361
FFFFFE789BF4
FFFFFE37DA3C
0000008C33B9
FFFFFDCD723A
FFFFFE3A5B35
FFFFFE324060
FFFFFFD58BB2
FFFFFFEFF841
FFFFFCEB0824
FFFFFC85B5B3
000001871C7A
000002EEC8D1
FFFFFDD27FAF
FFFFFB4D894C
FFFFFE0EA9D6
000001D0E682
0000049DB838
000002B7FD9D
FFFFFC3BE350
FFFFF848957B
FFFFF87A4D1E
FFFFFAEDAEE8
FFFFFEEDE9C1
000000DACDD9
FFFFFF2ED03D
FFFFFE9DE84F
000000D04D82
000001383A8D
FFFFFE3983A2
FFFFFBCCB1F7
FFFFFCFAA2F0
FFFFFE7AA657
FFFFFC7C77CE
FFFFFC16816C
0000001EEA93
FFFFFE309D04
FFFFFF2B39B8
FFFFFECC2392
FFFFFFC8F68D
FFFFFFFEB143
FFFFFDC8DAB8
FFFFFC94E95A
FFFFFE99A322
0000009B0580
0000016FBCD5
FFFFFFDB0FEA
FFFFFBE57001
FFFFFCA79146
000002B809AE
000003CC0703
FFFFFF5CF760
FFFFFD6F194E
FFFFFDF46F1F
FFFFFD8D8533
FFFFFD4B3802
FFFFFE93F80A
FFFFFF2F91AD
FFFFFD89FB3A
FFFFFCB08AC7
FFFFFE69ECDD
000000126C68
000000046FE1
00000057924E
0000009200E2
FFFFFE09B521
FFFFFCCB4478
FFFFFF6F269E
FFFFFE1A5B21
FFFFFFE34A7C
FFFFFF97EFD4
FFFFFFF0BA28
FFFFFFB91A07
FFFFFEE11D70
FFFFFDC62A4F
FFFFFC4ABEE0
FFFFFDB0DE3F
0000033F2777
000003655170
FFFFFBCBC8C9
FFFFF9F57967
000000AA0064
000003C63D23
00000125F429
000000511144
00000232CB75
0000018D15E3
FFFFFE09C36B
FFFFFCF2D990
FFFFFE59CBED
FFFFFDC6B0C1
FFFFFBDA7436
FFFFFCB9C26B
FFFFFFC11B5E
0000022E7F25
000003A28212
000003173D13
000000BF07F5
FFFFFF23C0D1
FFFFFEF84F45
FFFFFDDFF4ED
FFFFFFE2F6B5
FFFFFFBF7372
FFFFFFC6DC4D
FFFFFF5ED702
FFFFFFD862B8
FFFFFF5ED73D
FFFFFBADEC0C
FFFFFBBE00A0
000002C1D03C
000004853F1C
FFFFFD9897E7
FFFFFAEF1DBC
FFFFFF763E19
000002505939
000000595B33
FFFFFED8F49F
00000097E4A1
00000210ACC0
000000FF63DF
FFFFFF980B3A
0000004AE51F
0000019C5B57
000000FF37C7
FFFFFE51CD5B
FFFFFC05D809
FFFFFD3E41F0
000001032F40
00000305729A
000002FFF2C1
000000FA97A3
FFFFFDC89078
FFFFFDC2BCC0
FFFFFFAA1469
FFFFFF90849C
FFFFFFA92BC4
FFFFFFA5744A
00000099BEB6
0000004E68C5
FFFFFC516226
FFFFFB75FD91
00000102DB36
0000036EA2EB
00000002AD57
FFFFFD89961C
FFFFFDFF1FA8
FFFFFF72CDB6
000000401B60
FFFFFF2168FB
FFFFFD9C7970
FFFFFF6CFAD5
00000349A967
000003BBFE7A
000001A6A710
0000022FE382
000003E01682
0000013AA7AC
FFFFFC1897CC
FFFFFAC4FA3A
FFFFFCFA88D7
FFFFFFD616F1
000002663907
0000016522F4
FFFFFD83EF44
FFFFFD91EF07
FFFFFFAE9C0F
FFFFFF9819CA
FFFFFFF6BD19
000000C9DAD3
000001AC1F73
0000011D2B2D
FFFFFDE20980
FFFFFC702861
FFFFFE56D34B
0000009F31C6
000002219481
000000CE40A7
FFFFFCD62785
FFFFFD268863
000001F0FBCA
000001C284B2
FFFFFC0787A4
FFFFFC1A8940
000003037917
000004945D98
FFFFFF594E81
FFFFFDAA3902
00000166F17F
00000397DAA8
00000270CD90
FFFFFF969A27
FFFFFBC6A728
FFFFFB2E78E4
FFFFFE8917B0
00000057D886
FFFFFF2D96EB
FFFFFD102389
000000C6B644
0000008D7D69
FFFFFFE258E2
000000F13824
000001EA38F4
00000149970F
FFFFFF6A5A1B
FFFFFDCFFDF5
FFFFFC2B66C1
FFFFFD7798FD
00000318E876
00000377D446
FFFFFCD08426
FFFFFBCFBBC6
000002757B99
0000037E9D00
FFFFFC7BA4E4
FFFFFAAFEE08
000000954422
0000029268CF
FFFFFEA3BF61
FFFFFC869025
FFFFFE3EE34F
0000019A0AD8
000004FC4421
0000034375F3
FFFFFCEA9871
FFFFFA42E984
FFFFFCCFB308
FFFFFF2A6414
000000145086
FFFFFC8E7B70
0000027A20AE
0000022855AE
FFFFFF8BBD5D
FFFFFF146F7B
FFFFFFF2BF4C
0000002F8A91
000000169ED6
FFFFFEEE050F
FFFFFAF54727
FFFFFB449FFC
0000028D709E
000004908659
FFFFFDFA789E
FFFFFB8FCBB5
000000DE6CA3
0000033DE912
FFFFFF0F4953
FFFFFC263425
FFFFFE375403
000000E76FB9
000001C5E406
00000038AD1F
FFFFFCA709E6
FFFFFC4D6E89
00000029B9A6
0000014794A2
FFFFFE8DA05F
FFFFFD9394CA
FFFFFECAB887
FFFFFF81141A
FFFFFF91E660
FFFFFC0ED41C
0000022BD0DC
0000023EC083
FFFFFFA5DA1D
FFFFFDEDD429
FFFFFE1A78E4
FFFFFEBB63F9
0000002F39AD
FFFFFF9890D5
FFFFFB4FEA7C
FFFFFAC7F520
000000633F35
0000030CA7C7
FFFFFFC710E3
FFFFFD6DBBDD
FFFFFEDD5BAA
0000010C681A
0000010D894F
FFFFFF01639C
FFFFFD30099F
FFFFFED2D889
000002AAD957
000002163EC8
FFFFFD15F9F6
FFFFFA8E1B68
FFFFFB9C33D2
FFFFFDBBBCCB
FFFFFF7A2891
00000009DC7E
00000019B2F4
00000029EB87
FFFFFF800C60
FFFFFB9C14C2
FFFFFF286443
FFFFFFE494F1
FFFFFFFB9C40
FFFFFE7CB896
FFFFFDA44576
FFFFFDED4AFE
FFFFFFCDE9DE
FFFFFFFAF853
FFFFFCE70488
FFFFFB0FF645
FFFFFC85224C
FFFFFF2E9FF9
000001311AD5
0000002D28BA
FFFFFD2D80C9
FFFFFD6C712F
0000008EB035
00000050D1FF
FFFFFC558299
FFFFFBB12C2D
FFFFFF2BE45E
00000047A726
FFFFFE99D77D
FFFFFC965220
FFFFFA583794
FFFFFB634F1B
FFFFFF31660E
0000007AB001
FFFFFF3B336F
FFFFFEF523EE
FFFFFEFAEECB
FFFFFDAB46D7
FFFFFD5DC02C
FFFFFD753CA6
FFFFFF171DF8
FFFFFF7E1D29
FFFFFE4B38C2
FFFFFE458BD0
FFFFFFC5E2F6
000000152A34
FFFFFEE026F3
FFFFFD261B07
FFFFFB27D59A
FFFFFC449691
000000AF2FB4
0000012DF664
FFFFFD0989BC
FFFFFBFC8C2F
FFFFFF19BF81
FFFFFFA43593
FFFFFC5CEC65
FFFFFAACB2DF
FFFFFC2F6F3E
FFFFFE04FD70
FFFFFF6CF7EB
FFFFFEA0A3D3
FFFFFBC4B91A
FFFFFB975331
FFFFFEC995B4
00000088A974
FFFFFF142A83
FFFFFCFDD52D
FFFFFE3E62AC
FFFFFD426571
FFFFFBD18E5F
FFFFFC67ADA7
FFFFFF3D55EC
0000000306BD
FFFFFF82DA3C
FFFFFF63D124
FFFFFFD4F073
FFFFFFF778BC
0000005FC867
FFFFFF7B58F3
FFFFFC1850D2
FFFFFB031B97
FFFFFE3C1BF6
FFFFFFAE6269
FFFFFD8709A7
FFFFFC022DC8
FFFFFCC73C1B
FFFFFD8BBF52
FFFFFD407D51
FFFFFC377746
FFFFFAA928D6
FFFFFABF6FC4
FFFFFD31CE7A
FFFFFF179194
FFFFFEFB086B
FFFFFE4CF90A
FFFFFE9F7E90
FFFFFF621044
FFFFFE4E4ED0
FFFFFE549868
000000B3979E
FFFFFEFDB98D
FFFFFD02F97A
FFFFFE04657D
000001D36BB9
0000028BE39B
000002F89EF9
000002E962CB
000002A6D351
000002BBF555
000003955466
0000030A233D
0000002A6628
FFFFFE8FB6D7
FFFFFF64E0A8
000000425B38
FFFFFFF90DD9
FFFFFF380728
FFFFFEA6E869
FFFFFEC2C4E5
FFFFFFBD9BDC
FFFFFF801003
FFFFFD8A747D
FFFFFD1534A6
FFFFFEAE3C73
000000F652D9
00000300B6A7
000002EC8A5F
0000016E3483
000001394822
0000021AE9EC
0000021250B6
000003610790
000002883938
0000043B285A
0000037E6E7D
000004304275
000005AB28AE
0000062A5D1F
000005FA0A55
00000593E955
0000051FC685
000005607546
00000640EBAD
0000068D3E6E
0000066CE05C
000007483C37
0000090D378B
000009008D24
00000711C392
000006C89459
000007D798DE
000007EC1443
000007751104
00000694151B
0000052E3078
000005EEB3DE
0000083FCC38
000007638263
00000492BE66
0000055E96CC
000009437286
000008CCFD98
FFFFFFCC5323
FFFFFF024ADE
000003F7282A
0000063D905A
00000620745B
000006A6DFA6
000007B5768D
000008538230
00000849C308
000008332FF2
000007AF3F50
0000076AC117
000007B51606
000007B9E346
0000078E622A
0000081538C2
0000098F0A27
0000097A599A
00000778F59E
000006A798B4
0000070B5246
0000074B35E3
000007DC921A
000007957C98
0000057E6EA7
0000049C92A0
000005CECB9A
000005AAB0BC
00000445C8CE
0000055BF11D
00000912B3FD
0000099C0EAC
FFFFFF5BC220
FFFFFDFB6312
000000151043
0000004EF18F
FFFFFF1B33C8
000000848A1D
0000031F2DFF
0000040FEC6B
000004215DA8
0000041175F2
000003D4D0FC
00000328173A
0000021B929B
000001571752
000001254B62
0000012DED87
000002085BE7
000002768A40
000002422448
000002736B03
000002B41E85
000002EA65D9
000003903734
000002CCF62F
0000012CA35D
000000DB9C2A
000000C7B02D
000000D74CBB
000001C55B8A
000002192060
000003578167
0000062C8466
000001099D75
000000F75FF2
FFFFFFB25D17
FFFFFEBA89EB
FFFFFCF4D0C9
FFFFFDC84AA9
000000085C14
000000F55CE3
000000F80177
000001366325
0000023FD009
0000029D5293
000001AA6A79
000000FEC0DE
000000E4E757
0000002AC9D3
FFFFFF6C8796
FFFFFF00FCDF
FFFFFF0D39C0
0000000F439D
000000F94B5A
000001294FDA
000000F22AD9
0000002DB48D
0000005DFBC9
00000103B550
FFFFFF9EC621
FFFFFF815A66
0000024CC948
000002165248
00000069698C
0000032678EA
000000F30BF0
00000373DB58
FFFFFECAEC64
FFFFFE0E6A32
FFFFFE2B05BA
FFFFFECEA2C0
FFFFFFAE5C1D
0000010E4276
0000019B4CFF
0000021A756E
00000338C9B4
0000038AFEAD
00000291C995
000002142481
00000251BFD7
00000162B08C
FFFFFFAB3045
FFFFFED43D66
FFFFFE72C70A
FFFFFF4B34F9
00000110E184
0000011C0E45
FFFFFFADCBBB
FFFFFF7FF047
000001CA9940
000002369258
FFFFFEC39CF3
FFFFFE5D3C9C
0000024F5BDE
000001FB550C
FFFFFF7F0645
000001F08BD3
FFFFFED5D724
000003F32E40
FFFFFE608C01
FFFFFE0CCD89
FFFFFF5132E2
FFFFFFE29A0D
FFFFFF89E10A
000000BB7578
000002250AE7
000002CC340F
0000030C931B
00000291D9FC
0000012CE222
000000CD2EC9
000001DBEEF7
000001576080
FFFFFFA92313
FFFFFF52F578
FFFFFF80C3DA
FFFFFFB7B63E
000000E7D3E7
000001291584
FFFFFF6C7005
FFFFFF0BBBBF
00000198EC39
0000021CDB54
FFFFFEA4DE2A
FFFFFE0B7CF2
000001996E73
000001660641
0000002C0731
000001EC38A8
FFFFFBDDF1AE
0000017340CA
FFFFFE8D112B
FFFFFE6A296C
FFFFFFDFC9AC
000000123E8F
FFFFFE843834
FFFFFE48E160
FFFFFF1565CC
FFFFFF792910
FFFFFFEFC18B
0000000A4260
FFFFFF70FB5A
FFFFFFCE0DFD
0000015C0BF3
000001023196
FFFFFEFCAB60
FFFFFF4D0D1B
0000011406F4
000000DCE772
FFFFFFD4B44E
FFFFFFF4B546
FFFFFF85F818
FFFFFE82A2B4
FFFFFEFDF90D
FFFFFFDFBDD5
FFFFFFA07D28
00000001FEE7
0000011820EC
00000032AB64
000000B78C49
0000029FDC82
FFFFF9CEA5FA
0000003747A6
FFFFFF2913D0
FFFFFF1C6810
FFFFFFE02075
000000068569
FFFFFED9BE43
FFFFFE2F5042
FFFFFE3915FA
FFFFFE2E4D01
FFFFFEF36721
000000394D3A
000000C6693C
0000010B1E09
0000011BC706
000000016276
FFFFFE26F793
FFFFFEECD36D
00000226C6A6
000002D343EC
00000108F4D8
0000011D1AA0
00000204B5BB
0000007BBEF8
FFFFFDF1A134
FFFFFE0FBF8F
000000916CEA
0000023056A6
00000113B72C
FFFFFED4BB95
FFFFFF9A87A5
000002AAA511
FFFFFA4B0659
00000201C156
000000001243
0000002221DF
FFFFFFF8561B
FFFFFFCC9F68
FFFFFF296A44
FFFFFF1DEEB6
FFFFFFB5E8E0
FFFFFFAA2B08
FFFFFF9E6A39
000000C76814
00000220EFD4
000001C04E61
FFFFFF2C8652
FFFFFD5F46B3
FFFFFD039582
FFFFFE2A08C0
000000FAD1F7
000002B1B9B0
00000255FF16
00000227FA61
000002BBC572
00000123AEFB
FFFFFD6B55C6
FFFFFCABDF87
FFFFFF56E36E
000000E7B43B
FFFFFF7E6A5F
FFFFFDDE1BFF
FFFFFF255F8B
0000014E3506
FFFFF9A1B56E
000001651872
000000AED5FF
00000100E67B
000000903919
000000017753
FFFFFED8B8B0
FFFFFE9A5A1F
FFFFFFA5D11E
000000430028
FFFFFFEB6057
0000003259F4
0000020BD37C
00000294BB9E
000000040C0B
FFFFFE14D96A
FFFFFDD48C28
FFFFFDF8047B
FFFFFE77F5F4
FFFFFFA956CA
0000013A05A6
000001964542
000001768F73
0000009CF2E6
FFFFFE4CF547
FFFFFD4F5647
FFFFFE4B1374
FFFFFED876BB
FFFFFE34BEFB
FFFFFDD35283
FFFFFF7C699D
FFFFFF862C83
FFFFF6938C21
FFFFFEBB6CCA
0000008D70EF
000000A536C6
0000005E3470
00000055E4C4
FFFFFF8A5F0E
FFFFFEDF6635
FFFFFEB5C79B
FFFFFF6E34EA
00000045D2C2
00000068A205
0000014EB855
00000302B36B
00000319EDC5
00000175475D
FFFFFF56D316
FFFFFE7D99F7
FFFFFD8D1143
FFFFFE09179A
000000CE8F25
0000029B09BA
000003149607
00000306E0F0
00000254F2B7
00000161703E
FFFFFFE42664
FFFFFEC66C7F
FFFFFE14F435
FFFFFD28ACCA
FFFFFE866D51
FFFFFF97BF16
FFFFF65222E1
FFFFFF7B52D0
000000518FF1
0000000A4584
FFFFFF75EF03
000000574A6D
000001592B8C
000000F64E6F
FFFFFEA419BE
FFFFFDE922AC
FFFFFF8DD8F2
000000368200
FFFFFFB2148F
000000C05551
000002D6CAB4
000002AB4EE3
000000949881
0000005C130B
0000003215C8
FFFFFF5AA7BA
FFFFFFBE24E1
0000019881F9
00000422635A
000004D2193D
0000040F1789
000003726C43
0000019E57AE
FFFFFFB9824E
FFFFFE2CD6F1
FFFFFC5C336F
FFFFFCDC5816
FFFFFFB13F8E
FFFFF80E0DB0
000000FBF607
0000005AC5AB
00000045884E
FFFFFFA4D4DB
000000B9F714
000002BD8EC6
000002FB7EEE
FFFFFFF1FD6F
FFFFFD48994F
FFFFFCC15B51
FFFFFCECC555
FFFFFD28E3E2
FFFFFE2339C0
000000F4660B
0000035BDC8E
000003834BB7
000003A13405
000002EC9253
FFFFFF62D253
FFFFFB413622
FFFFFBF58204
000000BBDFDF
0000021A6257
000000FB4E05
000001C52463
0000027BE3A4
000001A9DAAB
FFFFFFDDB058
FFFFFD96AAC1
FFFFFC8FA7D3
FFFFFDB1933C
FFFFF787FEE0
FFFFFFA54150
FFFFFF9F5E03
FFFFFFEB52A3
00000037F9E3
000000C35358
0000018D2F78
000002EDEB90
000002A33DE3
FFFFFF92B841
FFFFFB0373F6
FFFFF9A47A0B
FFFFFC260460
FFFFFDBCC538
FFFFFEC98AA9
0000018D155F
000003F332CE
00000464CD5A
000002E7FD06
FFFFFF2FC7D8
FFFFFA5B6397
FFFFF9920806
FFFFFCDD703C
FFFFFE75883B
FFFFFF38AEA0
00000149D761
00000300CB57
000003635B07
0000025FFF83
00000012E932
FFFFFDA73B34
FFFFFCA31955
FFFFF6FDADAF
FFFFFEC22E12
FFFFFE47A808
FFFFFE4F1AC0
FFFFFFE6B9A2
0000000F5F04
FFFFFED2AE72
000000CD0CF6
0000049749F6
00000367F056
FFFFFD03AF91
FFFFFAC812A4
FFFFFDBDCEE0
FFFFFD8F5828
FFFFFA8B083A
FFFFFB928373
000000185358
000002AD1547
0000022AC9B8
000000AB9443
FFFFFEE0BCA1
FFFFFD072818
FFFFFC114F61
FFFFFD719877
000000DA2EBC
0000024EBB0C
00000181CC4B
000001E86192
000002641460
000000B6F864
FFFFFE0644C9
FFFFFD3FCC99
FFFFF80FFDBE
FFFFFFDC649B
FFFFFDDBB24B
FFFFFD2F8E36
FFFFFEF2068A
FFFFFF8A210C
FFFFFE35FF07
FFFFFF06D9A9
0000028EF08D
0000042C6E63
000001800FB6
FFFFFF03DF16
FFFFFE277E1F
FFFFFC32B24E
FFFFF989C188
FFFFF96FDD53
FFFFFC6D5838
FFFFFFA1463B
0000009ADCBB
0000007B4505
000000803252
FFFFFF8149F2
FFFFFDA24CFF
FFFFFE20387C
00000117E062
0000017BC1EB
FFFFFF626AA7
FFFFFF5714BE
000000432ACD
FFFFFF8DE4A5
FFFFFDD4E18D
FFFFFE3AAD2E
FFFFF986F47A
000001425BD1
FFFFFE811BFE
FFFFFD7B4728
FFFFFE2AD805
FFFFFEEEA464
FFFFFF93171D
FFFFFF58ABC2
FFFFFED1D3C2
00000125EF10
0000044D234D
000002C7E876
FFFFFDB671A1
FFFFFC4335D2
FFFFFDD2E574
FFFFFC4396BE
FFFFFA2CAA01
FFFFFC51A9F6
FFFFFFD560B9
000000ACEC51
FFFFFF40FD94
FFFFFE914409
FFFFFEBD9BC1
FFFFFE56DE74
FFFFFE9DF88F
FFFFFFA16A97
0000007FFF4D
000000F9B10C
000000907EF9
FFFFFFDD2FD6
FFFFFF74E53E
00000012F4C7
FFFFFABAE3EF
000001E3B36E
FFFFFF2F7030
FFFFFE66F5A0
FFFFFDD31649
FFFFFE3613F6
000000526A69
0000005B6885
FFFFFD43BC81
FFFFFE29C42A
000003939EE3
0000043CCFE4
FFFFFF1E3C97
FFFFFE2E77D6
000000E9458D
FFFFFEDBE1B8
FFFFFACFFE87
FFFFFBF98C0C
0000008D0BFD
000001E91ED1
FFFFFE88C4B7
FFFFFC9EA17F
FFFFFE931CA5
FFFFFEBDE94C
FFFFFDA915BC
FFFFFF104617
000002943382
000003E6E650
000001D78680
0000005CA41D
000000C4C717
000000F9BF8C
FFFFF9F6905F
000000D43498
FFFFFF5168FA
FFFFFEF47145
FFFFFE07C6A1
FFFFFE26E84B
000000137786
00000053CD57
FFFFFDDA2FFB
FFFFFE16BE3A
000001AFBB3B
00000286BEE7
FFFFFFE629A8
FFFFFFAED64E
0000018F2000
000000E090D8
FFFFFE3B70E9
FFFFFCD87DF0
FFFFFE76245E
0000004D416C
FFFFFED2271A
FFFFFDDCDC20
0000000842CF
000000DB4912
FFFFFFC940DF
FFFFFF8A5164
0000012ABA91
000001A93FA6
FFFFFF82947E
FFFFFE376AAC
FFFFFF527EBA
FFFFFFC61392
FFFFF7EF9D1F
FFFFFF4E982B
FFFFFF6975AE
FFFFFF6B26A2
FFFFFF0B2538
FFFFFEE224BB
FFFFFF4D14F3
FFFFFF67855D
FFFFFF42B81F
FFFFFFBD2903
000000081457
FFFFFFC6D81D
FFFFFFDCDE9F
0000008945ED
000000CABC70
0000019754BA
000001B4FCB3
FFFFFE65D559
FFFFFC03D9AA
FFFFFE9A585F
00000216B7A9
000002A4B1D8
00000165D459
0000012A5D86
000001CA06DA
000000AEED8E
FFFFFEB4B471
FFFFFD82EDC7
FFFFFCCD5A91
FFFFFD336BF0
FFFFFEDE4CEF
FFFFFFA2D972
FFFFF7AC5184
FFFFFEB57789
0000005A10C0
000000720613
00000080F9A9
00000006C145
FFFFFE5FCFC4
FFFFFDCC6E2A
FFFFFFF24AB7
000001176A76
FFFFFF4B45AD
FFFFFED860BF
000000EE0EB3
000000A90709
FFFFFE1F2766
0000002CC891
000004A9F09E
00000269B1C0
FFFFFCF47F1D
FFFFFEDA8AF1
0000053F51C0
0000056475E9
FFFFFF7E43AA
FFFFFDBA6297
000000F382FE
000000F6B39D
FFFFFE2D39F6
FFFFFCFA08D9
FFFFFDB46B51
FFFFFF9023EB
0000012D60B3
0000011B094D
FFFFF8BFADBA
FFFFFE69E993
000001C77F7F
000001B61C30
0000011FE66F
000000AF796E
FFFFFE59D3BF
FFFFFCEB7B59
FFFFFF84EDF5
0000013A485E
FFFFFF43A0EE
FFFFFF36D496
000001DFC515
000000B3A504
FFFFFC6F9F29
FFFFFE570EF5
00000492AB8C
000004568191
FFFFFF1BF041
FFFFFEEE1C3B
000004059EDE
000004E5D0A9
FFFFFFEFDF93
FFFFFD49E477
FFFFFEFB5077
FFFFFF999C4A
FFFFFF155015
FFFFFEA46C6E
FFFFFE57B521
FFFFFFD71215
000001ADFF34
000001585F89
FFFFF92E67EF
FFFFFE9A7066
0000025DCE33
0000021EE599
FFFFFFF205AD
FFFFFFF3B048
FFFFFEFFE1C8
FFFFFD64A29D
FFFFFE72F06E
FFFFFF817CB1
FFFFFEFD407C
FFFFFFF4A6AD
000002385927
0000010A7400
FFFFFD3FAC9B
FFFFFDD53118
0000016353C3
000001F6F7F4
000000420A6D
FFFFFFD641CD
000001AD583B
000003FB4A14
00000433678A
0000016835A2
FFFFFE4F5625
FFFFFDA9C551
FFFFFEF5B9EE
FFFFFE412CEC
FFFFFBF970C3
FFFFFD1FCA72
0000004B200A
000000B47B3A
FFFFF94030F6
FFFFFF1B9611
000001D7606A
000001965E83
FFFFFF18008D
FFFFFF228B19
FFFFFEF8BE09
FFFFFDE201A7
FFFFFD6DA16F
FFFFFDAAB034
FFFFFED07DC1
0000007FC478
00000176CF59
000000DAA1B9
FFFFFFA3BBAD
FFFFFF4A9C92
FFFFFEAC4146
FFFFFEC60E8C
000000D1112D
000001646406
000000447102
000001D7902A
000004A196F8
00000320C900
FFFFFE99D9DB
FFFFFC5C5B1E
FFFFFC86061F
FFFFFC0C9C89
FFFFFBBB6B87
FFFFFD77F82F
FFFFFFC2E2E0
000000099F95
FFFFF91CA3D6
FFFFFF12FD8B
0000009F3ECF
000000B93E9D
FFFFFFBE11E0
FFFFFFBAF432
FFFFFEFAF43C
FFFFFE5B82E2
FFFFFD3F51AC
FFFFFC894F98
FFFFFE8CCB99
00000065641B
FFFFFFB8574B
FFFFFFE3A49C
00000192BFB8
000000C48B18
FFFFFCE1B407
FFFFFC8C5302
00000082986D
000000EC3670
FFFFFE0298D1
FFFFFE232D1E
00000066DFB7
000000227BB0
FFFFFE5659B3
FFFFFCDA21D1
FFFFFB5E030B
FFFFFBB13427
FFFFFE79830B
FFFFFF72D5CC
FFFFFE8E462F
FFFFFEFB89DA
FFFFF977E97E
FFFFFFA6EB80
FFFFFF223D71
FFFFFF1FA5AE
0000006D9CB5
000000B5847C
FFFFFF503130
FFFFFEC394CD
FFFFFD28807A
FFFFFBC5B2BF
FFFFFDC4B88A
FFFFFF8ACCDA
FFFFFE41D368
FFFFFE6028F2
000001214F72
000000B840EA
FFFFFC74D961
FFFFFBB3F7D7
FFFFFECE6EF3
FFFFFED6DEBB
FFFFFCCBB6CE
FFFFFC93A6F2
FFFFFCE2229C
FFFFFC7315DD
FFFFFCFD8851
FFFFFDA1E509
FFFFFC7C6F97
FFFFFC720388
FFFFFEEA308E
FFFFFF211E6A
FFFFFD852EBC
FFFFFECA89CF
FFFFFA7EDA0F
000000A78BB8
FFFFFE2CEA97
FFFFFDBE1FAB
00000092FE98
000000EE517B
FFFFFF4969C1
FFFFFF00AD0F
FFFFFDC2E2FA
FFFFFC55FE96
FFFFFD3BE6C9
FFFFFE26FFBF
FFFFFD5B66FA
FFFFFDB2DBE7
FFFFFF6B49E5
FFFFFF6E0DC2
FFFFFD4ECF4C
FFFFFC8AD677
FFFFFCEF7634
FFFFFCD44514
FFFFFD81677B
FFFFFDCD165D
FFFFFC76EAAD
FFFFFB9C405D
FFFFFBFE4EA3
FFFFFC7E2107
FFFFFCB28903
FFFFFD055259
FFFFFE109C09
FFFFFF2D48D8
FFFFFFA3A185
00000045311C
FFFFFABB85B0
0000003942E1
FFFFFE43B495
FFFFFD8EBBFB
000000344F01
0000007F5798
FFFFFF8ECE82
FFFFFFDB6FFF
FFFFFF303F3F
FFFFFDDC142D
FFFFFD3925E4
FFFFFCD0F62C
FFFFFD0EAA99
FFFFFDC74AEF
FFFFFDAF7CEA
FFFFFD4A19B1
FFFFFD66562F
FFFFFDA60871
FFFFFC5F35EC
FFFFFB42CF17
FFFFFCC5BA42
FFFFFDF4F868
FFFFFD0B8BDA
FFFFFC67D778
FFFFFBDB581E
FFFFFB51FAE8
FFFFFCC5BEC9
FFFFFE4804D7
FFFFFE662B2E
FFFFFFBB3200
000001A6A48B
0000015B54F4
FFFFFA13AEAE
FFFFFF4FC356
FFFFFB39DA84
FFFFFA865131
FFFFFE2423CB
FFFFFF06CC67
FFFFFE866537
FFFFFEF73921
FFFFFE214C73
FFFFFD06B8A7
FFFFFB92CC6A
FFFFFA23F326
FFFFFABEFBB1
FFFFFBD0CE82
FFFFFB0D98D5
FFFFFA845CE1
FFFFFB9C232A
FFFFFC82C26A
FFFFFB8A964B
FFFFF992DCA6
FFFFF934D464
FFFFFA46BF2A
FFFFFB4C32D2
FFFFFB45D11E
FFFFFA489BAC
FFFFFA3500ED
FFFFFC79BC00
FFFFFE0BDB7A
FFFFFCDAFF49
FFFFFCC8F852
FFFFFF7AB498
FFFFFF66691F
FFFFF7528BC9
FFFFFE3737EF
FFFFF47C82C2
FFFFF2F87333
FFFFF5D36C12
FFFFF6944698
FFFFF60F9668
FFFFF6602D2D
FFFFF60A6F4A
FFFFF5DA6B2E
FFFFF49D1B59
FFFFF292BAA8
FFFFF2E15698
FFFFF46AEE77
FFFFF4A05AC7
FFFFF46501EB
FFFFF4D6A3A9
FFFFF5A2C4F3
FFFFF5FF5164
FFFFF4B5BBE9
FFFFF2AD1839
FFFFF24AB75A
FFFFF3B2EB5D
FFFFF45A7C5B
FFFFF42D820D
FFFFF4A38D90
FFFFF612B687
FFFFF6B9EE87
FFFFF591D818
FFFFF4A7E976
FFFFF71E88CA
FFFFF8E54E26
FFFFF38C76B8
FFFFFAB932B0
FFFFF6E6F57C
FFFFF4BB53D5
FFFFF8A9DE39
FFFFF9740430
FFFFF93DB6B1
FFFFF9B14B8C
FFFFFA28638A
FFFFFAB680DC
FFFFFA107A7B
FFFFF8394583
FFFFF751787A
FFFFF7F386C1
FFFFF8C0BA6E
FFFFF885951B
FFFFF7D90528
FFFFF891E6E4
FFFFF9F793C4
FFFFF9176295
FFFFF683CCD0
FFFFF5AD273F
FFFFF70F6D83
FFFFF8309392
FFFFF8B710AE
FFFFF9421DA6
FFFFF94BF1B6
FFFFF97037A1
FFFFF9E3E962
FFFFF98D2BB9
FFFFFA207F76
FFFFFAFDF54F
FFFFF740E7B2
FFFFFD582876
FFFFFACE9A71
FFFFF9CEC59B
FFFFFD2AC6E5
FFFFFE1A4A46
FFFFFDE0ADC2
FFFFFE16A9C2
FFFFFEA90294
FFFFFF535469
FFFFFF269149
FFFFFE097210
FFFFFCA60CD6
FFFFFC3738C2
FFFFFCD95CD1
FFFFFD1D8424
FFFFFC824B96
FFFFFCC3587C
FFFFFDB0FDA4
FFFFFD3446B2
FFFFFBB1A041
FFFFFB3C1B58
FFFFFBFB0390
FFFFFC8AFC0E
FFFFFD51A64B
FFFFFE5895A8
FFFFFE0FCE8C
FFFFFD9D6E6A
FFFFFE1A984F
FFFFFE324F3D
FFFFFD231C4E
FFFFFDC7E242
FFFFFBB4D087
0000001AAEC1
FFFFFD7EB826
FFFFFE0F967C
FFFFFD94096F
FFFFFD4A040F
FFFFFE7B6309
FFFFFF44BE08
FFFFFF5D67BC
FFFFFF2214E5
FFFFFED7CBE8
FFFFFF883453
00000097C9A3
0000002CE9F7
FFFFFF5758E0
FFFFFFCD2AA9
00000066ED60
FFFFFF017C63
FFFFFCEAF916
FFFFFDF4FABF
0000008801D6
000001478200
000000CBD847
FFFFFE5E854F
FFFFFB678660
FFFFFE830C78
00000425D57A
000001F092B8
FFFFFC856EDE
FFFFFCBCED88
FFFFFF25BC92
FFFFFEB4F6A8
FFFFF86C721C
FFFFF98A75D8
FFFFFBCBB811
FFFFFDE55D64
FFFFFD7CF507
FFFFFDE77FDF
FFFFFDF4F6FD
FFFFFE47B1D2
FFFFFE5F5BCE
FFFFFE366E53
FFFFFE0E165B
FFFFFEA85D76
FFFFFF7945AF
FFFFFF500B71
FFFFFF501BC7
FFFFFFE4151A
00000050017B
FFFFFFCAA705
FFFFFE7F8528
FFFFFE9347CF
FFFFFF7C0FC7
000000630B97
000001B08D1F
000000338F2B
FFFFFCF83812
FFFFFED18EEC
000002D7A8A2
000001F0CD75
FFFFFFCEBDAF
FFFFFF18E3CF
FFFFFDC4A8CB
FFFFFEC9538A
FFFFF96AE9F2
FFFFFA9696CC
FFFFFA21CDA1
FFFFFE5ED549
FFFFFF4A2840
FFFFFFF1ECBD
0000005B5396
FFFFFF9B2DD7
FFFFFF3923DB
FFFFFF8C1A2E
FFFFFFB97EE4
FFFFFFF31362
0000000EC761
FFFFFFFF5C3D
000000B24E35
000000EDF735
0000007F19F3
000000BA0263
000001242BCA
000000EE5C8E
0000002DC148
0000007FEE0A
0000027412AF
000001E5CD64
FFFFFED78C42
FFFFFF32D393
000000EF26FE
000001ABBB31
000003D00362
00000164E7A4
FFFFFB101F3A
FFFFFD8A1A85
FFFFFB129CC0
FFFFFC2AE4D8
FFFFFA464FA8
FFFFFF938BE9
00000276CA2C
000003500B83
00000364BBD7
0000027A376C
000001D60EAB
000001CF5952
000001C2B844
0000019DEF9B
000001317285
000001B8535C
000003495A5C
000002D19244
000000E149FD
0000010A760A
000002C76C01
0000032E4885
0000024C8ACF
00000205C530
000002C926EB
0000022E6852
0000006C0DCA
FFFFFF6AF64A
FFFFFEA0665D
0000018AA37D
0000079A5134
0000039B4F77
FFFFFA07CC53
FFFFFC04B11D
FFFFF9C284A2
FFFFFBAADB71
FFFFF8F32583
FFFFFFD7EC70
000002DCC64E
00000381966A
000002C6AC5F
000002ACAB41
000003059969
0000026EFB66
000001B3A31A
0000014290AA
000000B528A8
00000208D00E
0000043DEF96
0000032A959C
FFFFFFECB9FA
00000021A7EE
000002C5C50E
000003D6CF47
000003451CC6
000001F69A65
0000014302E0
0000015A90D1
00000177BC5A
FFFFFF7813CE
FFFFFC7A4A38
0000008C4ADF
000008D79F4C
00000581AD14
FFFFFBF85362
FFFFFCA7BAC2
FFFFF67809B3
FFFFFAE3D4B6
FFFFF8AF6CDC
FFFFFFB34FA9
0000024E7CD6
0000018350C2
FFFFFF9545E2
0000003BDC28
0000022E5479
00000293A8CF
00000203DAB9
000001AFB039
00000115F224
000002169D41
000004174603
0000023319B0
FFFFFE4E69FB
FFFFFF2EEB2D
0000027530CD
000002E11FBF
000001703D6D
0000003FBAA1
0000002CA36A
00000107ECE4
000001E62B25
000000435741
FFFFFCFA0A4F
FFFFFF61D762
000005BEEEB3
000004A4E8A9
FFFFFFC1DE01
00000021F322
FFFFF48D8AC2
FFFFF8CE493D
FFFFF91C0796
FFFFFFA865E7
0000016FF8EB
0000006C21FE
FFFFFE97C6C7
FFFFFF0D82AB
00000140FCBF
0000029D3D0F
0000028D393F
00000228894E
000001696AD8
000001AF0AAC
000002FA32B4
000000CB0E21
FFFFFD657E1E
FFFFFF7A2246
0000032A6906
0000020025BE
FFFFFF178BD9
FFFFFF128386
00000097D682
000000F21227
000000AACDFB
000001065742
000000840736
00000000AC2A
0000012ACDDD
00000164C087
0000022797A5
000004144781
FFFFF4EA235E
FFFFF6F95F32
FFFFF9FE8EFF
FFFFFFDB926E
000000A92E47
0000004A3FE8
FFFFFF91A9C8
0000002B95D5
00000162C514
000001852891
000000D1CA2B
000000DE3D38
0000011BC152
00000165EC34
0000019987E8
FFFFFFECEAD1
FFFFFE4FEE84
0000009BAED2
0000033F3437
000001220D9B
FFFFFDDB13D6
FFFFFECB4042
0000012985FC
00000019745B
FFFFFE01FF16
00000035599D
000003F839F2
000002E225D3
FFFFFFAB1AC3
FFFFFE8F350B
000000BDADC3
0000044E22FF
FFFFF50D1611
FFFFF797B685
FFFFFA5E21ED
0000001CB784
000000148566
FFFFFFDEBC79
0000003BD1A7
0000020AE5C1
00000325AB9B
0000013CEDD4
FFFFFF3442BB
0000001B5DF4
000001849B89
000001B51599
000000FD75BC
0000004A430C
000000B2DB82
000001D1016B
000002AFBF9C
00000180F70A
FFFFFFCEF92C
000000946910
0000025AFD6F
000000A348DA
FFFFFD083267
FFFFFF9A0CB3
0000056BE767
00000548831C
000001430B05
FFFFFEA53AE2
FFFFFF536A0F
000002C1AAC8
FFFFF4684995
FFFFF98A664F
FFFFFA241349
FFFFFFF90EAA
FFFFFFAB264B
FFFFFF933E80
0000006489A3
0000029F3B53
0000043318CC
000002F11F48
0000013A8A61
000001028C3E
000000CCD64D
0000006CF377
FFFFFFECA59E
000000D3E84B
0000029EDD39
000002F664D5
000002DD63E7
0000029EA504
00000250D7CE
0000031A542F
000003E0C22E
000001E1E570
FFFFFE089933
FFFFFF3463FC
000003723C44
000004090776
000002D38709
000001B37654
0000018454D9
000002751F1C
FFFFF37BBF9B
FFFFF95C7F1C
FFFFFA480DEB
FFFFFFFC80A9
FFFFFFDD7FAA
00000038C1F6
000000A21FAF
00000154FD75
000002671AC2
0000040966A3
000004DA4450
00000270B2A8
FFFFFFA22DE4
FFFFFF37ADCB
FFFFFF5B0AF2
000001086781
000002C62DB5
000003485960
0000038AD609
0000023FF408
00000194C550
000003171E03
000004044A71
000001ABD6C3
FFFFFE547D57
FFFFFE7FBBA3
0000002FAD35
0000010CCE42
000002DE4C60
0000039F15EA
000003374728
0000024741A8
FFFFF2799FF5
FFFFF814603C
FFFFFAF6C6A0
0000007A9B14
000000712BD9
000000EA4E49
000000B9F704
FFFFFFB1C169
FFFFFF7D72E6
00000212E895
0000053A03F4
00000490A5CD
0000026D5C5F
00000187C44F
000000650939
00000026CF38
00000023B845
000001AFC71D
000004046C86
000001EBF647
FFFFFF521DB7
000000F31344
0000033B9F78
000001D839B7
FFFFFF2BDD12
FFFFFF080B59
FFFFFF1F1C09
FFFFFFA36AD9
000001F6BFCF
0000024CE2A6
00000123DC4C
00000155B176
FFFFF3503E33
FFFFF90724C2
FFFFFAE4FB33
000000B5053E
0000010C83EB
0000012D24CC
000000A41BC0
FFFFFFB5E8A5
FFFFFEEBDF95
FFFFFF6AAA32
000001DE61DA
00000547DC49
000007045F2E
0000048A887E
000000F0B323
FFFFFEF340B2
FFFFFD853E7F
00000038895C
000004ACAB59
000003256BAB
FFFFFFC1B66E
00000060A2EF
000002E073C7
000002D01BD3
00000109CB68
0000007F319B
FFFFFFAF5FF5
FFFFFF8F0060
000001148AA4
0000008BC514
FFFFFEAB4EFF
0000007DD75A
FFFFF5CB9878
FFFFFB06E99B
FFFFF9909FD7
0000008845B4
0000024B33B5
000001C032F6
00000036D7B2
000000EBB83D
0000018342A0
FFFFFF52CDC9
FFFFFDE8DD40
000001D543B2
000006D5D43C
000005B6850B
0000028AB095
000000794608
FFFFFE6779E1
00000013A864
0000037B0007
000003CBC34F
000003173EED
00000292CE8B
0000022F5002
0000020910B5
00000203DABB
00000145D567
FFFFFF961208
FFFFFF7F036C
000000F92DB3
0000003BB3E9
FFFFFE3E387E
00000007353F
FFFFF750765E
FFFFFB46870D
FFFFF821E53C
00000024CA61
0000039E7EC9
0000028EF9A5
FFFFFF9671B8
000001497A53
000003BE31F8
000000FF7349
FFFFFCB8EBA7
FFFFFDBD353A
000002468481
0000050C3991
000005B1B5DA
000003A2336B
000000DAC41B
00000006A789
0000000A82DD
000002128939
00000541C599
000004498CEF
000000FA9C1B
000000B79015
000002801F5B
000001ED96B6
FFFFFF6D1312
FFFFFFD98C68
000001E22C01
000000E39C6D
FFFFFEEBE0C8
00000074C3FE
FFFFF7AFCEE1
FFFFFA802FCF
FFFFF7E1A7B7
FFFFFFC96FDC
000003626DB8
000002C6EAB4
000000712BB7
000000D8EA55
000001E81D80
000001D1ADB7
000000FA9BA1
FFFFFEAF11D5
FFFFFCD03B9B
000000839E37
00000635D45E
0000062F5E1F
00000363A416
000000D9CFB8
FFFFFE1F5113
FFFFFF40B68A
000003526061
00000370FC98
000001371B87
0000019C6EAF
00000327E4A0
000002CC3EDC
000000C79F1B
000000DD4142
000001EC4EE5
000000C7538C
FFFFFFDA4007
0000013B709E
FFFFF715E8E8
FFFFF9C9EFE4
FFFFF86C28AA
FFFFFF8C750C
000002098002
000002A20DC7
000002585294
000000A58E62
FFFFFE1FA11F
000001783B8B
000006BB7EC4
00000265C954
FFFFF9BDB47F
FFFFFB6B64C1
00000363B037
0000060AF82D
000004B1210D
000002376D64
FFFFFE83839A
FFFFFD8EC42B
00000017A9AF
0000024AC319
0000034C2760
0000030C7FC4
000002266587
0000021B26ED
000001C0BAB4
000000CD72D2
FFFFFFC6BAE5
FFFFFF8DC4CF
000000DB681D
000001A33691
FFFFF5667417
FFFFF8F85DAC
FFFFF8F2ABC3
FFFFFFC4BA0C
000000F59679
00000239AE7B
000003D76831
0000013FB87D
FFFFFC15EB83
FFFFFFDF8CF1
000007D94035
000004C1B4DB
FFFFFBF42168
FFFFFB647FF3
FFFFFFA625E3
000001FDC8C9
00000376FE55
000002906055
FFFFFF5E6E13
FFFFFE75DAB8
000000012082
0000023B102D
0000044227E4
00000308D487
0000003EB3D0
FFFFFFE75D34
000000B04A78
FFFFFFE4AF6E
FFFFFDEDE10E
FFFFFF25900C
000002D615E2
000002A54F2F
FFFFF3E387D1
FFFFF7FD22EF
FFFFF93B80BC
00000017B044
00000050E519
000001A15732
00000457C8E1
0000020BDB21
FFFFFC7DE8F5
FFFFFEAFDCD0
000004F1CD3E
000004AD7EF5
000000D44C22
FFFFFEFACC4D
FFFFFD91D619
FFFFFE792737
000002829B3C
000002A52CEE
FFFFFF567E0A
FFFFFFF3C608
000002002476
000001D4EEAE
0000027211BD
0000025F1B10
000000B4D7DB
FFFFFF820965
FFFFFFD17BCD
00000010E5BA
FFFFFE6C8359
00000026D170
000004D9B9EB
000003D35A3F
FFFFF34ECE1E
FFFFF7BAD675
FFFFF9425D39
FFFFFFE81D55
00000002CE80
000000D714E4
00000345BCE5
0000027D4637
FFFFFF8223E6
FFFFFF8B601E
0000006CA8EC
000001D07EE9
000004979EDD
000002D8824C
FFFFFD407058
FFFFFE483A62
0000047E95A6
000002EAE587
FFFFFD01B93F
FFFFFEDECBF1
0000031E1FAB
0000019DF746
FFFFFFDAC7F9
0000015D6F8C
000002EA6DA7
0000027C09AD
0000019D37BA
000000A9FC6E
FFFFFEB16991
00000043F132
00000486FF69
000003B4D780
FFFFF3F38860
FFFFF87AC06E
FFFFF9699298
FFFFFFAB4480
FFFFFFB057A6
00000036C0E3
000001CD5A4E
00000296F2C3
000002DE0616
000001150E90
FFFFFCC2389E
FFFFFEE819A0
0000065CE9D7
000004D5A603
FFFFFCFFDA36
FFFFFF09E7A1
0000069E5307
000003414BF3
FFFFFB4F482E
FFFFFDFA923E
000003FF3803
000002CA896D
FFFFFFC022F0
00000080121D
000003402DD5
000004ECA801
000003FD48B6
0000006D9C3F
FFFFFD11B255
FFFFFEFB9DFE
000002EA0278
000002C17299
FFFFF55FA308
FFFFF98AC9D7
FFFFFA02D6EF
FFFFFFECA08E
FFFFFF700564
FFFFFFD9AFE2
000000C1AB04
000002545777
000004AD0F1D
00000245FAAF
FFFFFBF7E2C1
FFFFFE008048
000005C4A725
0000044D1567
FFFFFD50FA2A
FFFFFF385808
000005956908
000003772739
FFFFFE8E70AD
00000064BA05
00000350E68E
000003375D7D
0000027A7B1C
00000116DCFD
0000006E0452
0000027A432B
000003FB46EE
0000012F78A2
FFFFFD8BC7E4
FFFFFED0E378
000001850778
0000016A730F
FFFFF62569BB
FFFFFA442783
FFFFFAB91D8D
0000008F2038
FFFFFF8C0583
FFFFFFAFC002
0000005523F1
0000020C3CB4
000005275307
000003139740
FFFFFD49BC25
FFFFFEB0FEA1
000003B70789
0000029C4D60
FFFFFEFC9ABE
FFFFFFF16B9B
000002892227
000002C47AF6
0000037A9E24
000003135D9F
0000001F3DC1
0000016E70F2
000005A041BC
00000347425F
FFFFFE0C864C
FFFFFE8173E9
000001D9E2E1
000002864EB0
000000D822DC
0000003E3CD6
0000004D41BB
FFFFFFE5CA65
FFFFF5BEEC74
FFFFFA6E1506
FFFFFA49D3CA
000000C7D3C7
000000814749
000000581660
FFFFFFF1197E
000001437CAE
00000412670C
00000352628E
0000005B568A
0000002E63B0
0000009003F3
0000009E6B49
0000022EAB97
0000020B11E6
FFFFFF2FF2D1
00000079DA78
000005FE56CB
0000048AA166
FFFFFD9BF4A0
FFFFFF58F1A8
000006B73207
000005E6B3D9
0000001AC7A2
FFFFFDF553F8
FFFFFEC4B8A0
000000DD47CD
000002C6A015
00000221D173
0000000D86F7
FFFFFF145739
FFFFF57DF89F
FFFFFA1A95C7
FFFFF82AAA9C
0000001B2AB5
000001CCC348
00000144CBD4
FFFFFF44E70A
FFFFFFDDBE07
0000023AA09A
000003167018
0000034DD032
000001A92F30
FFFFFDABFFE4
FFFFFF3BD770
000005570761
000004133730
FFFFFD22BAAE
FFFFFEB6AA01
000006EF9BE5
000005CC0A80
FFFFFE1346E4
FFFFFEC0F78E
0000050FF76D
0000060D57C2
000002EB5BB3
FFFFFF7C99C0
FFFFFCD00D94
FFFFFE6A3DAE
0000027CE676
000002DBC795
00000044E3FF
FFFFFF43B80E
FFFFF6082D2A
FFFFFA05CDB9
FFFFF62AC5AC
FFFFFED93AD5
0000025B3041
000001F4B8D7
FFFFFF2A2ECC
FFFFFF1C1B68
000000903D52
0000024298FE
000004B8521F
000002DCB37D
FFFFFD1A6109
FFFFFEC93268
000005AE2CF3
000004ABFD51
FFFFFE0D87D2
FFFFFF41306D
0000064FC26D
000005EDC81D
000000A00AC0
000000147BF9
000001F3A9FC
00000233C863
0000021BCBA0
000000F27D07
FFFFFEA048D2
FFFFFF1FF26D
0000016428F4
00000163A877
FFFFFFB8AECA
FFFFFFBCA495
FFFFF6A2EBE9
FFFFFA5CDF1A
FFFFF5ABC457
FFFFFE2EF939
0000020C2DCA
00000223CFCF
FFFFFFB24976
FFFFFEFA1148
FFFFFF387E29
0000010C6E56
00000484406C
0000036E2BC1
FFFFFE4F1AAA
FFFFFEE94783
0000038E454F
0000036A1EAE
000000131878
000000AB45AB
000003ECCCDC
000003D76EE4
000002399B7A
00000177AE9D
FFFFFF9CAFDD
FFFFFE55B6EE
FFFFFFC8F462
000001D27CBB
000001E2A3F5
000000BB8916
FFFFFF807249
FFFFFEFD2511
FFFFFF59E682
000000655D70
FFFFF6D42783
FFFFFA5B6E91
FFFFF71D5458
FFFFFF5A6CA1
0000016345F5
0000014F789F
FFFFFFF86F36
FFFFFF541DDB
FFFFFEADFAA7
FFFFFFDD1C93
000002E20CD7
000002C58881
00000015EB3C
00000008DB1D
00000118FF8F
0000010E2DD9
0000010B7BFA
000001C2955E
000001F9CD02
0000011DF0DC
000001621B3D
000001B560DE
FFFFFFBA1A1F
FFFFFE004B9E
FFFFFEB109BD
0000012C55E6
0000029E87EC
0000009E68B9
FFFFFDD04EF3
FFFFFDF2CE2F
00000026A322
000001589FEF
FFFFF6A04AC4
FFFFF9C39845
FFFFF8CE1121
000001323307
0000014902A4
000001116A8D
00000075F08B
000000747F8C
FFFFFF67027D
FFFFFF7BF42D
000001250EFC
00000195475D
000001264D62
000000FEFE89
FFFFFFB3B7E4
FFFFFED86A64
0000007C1ABB
0000020C4624
00000161AA39
FFFFFF2BC9AE
FFFFFEF48622
000000E37DA4
000001516AC6
FFFFFFF660D3
FFFFFEDEC0A1
FFFFFFA617FB
000001178845
0000005B6626
FFFFFE5CDD5E
FFFFFECDB31B
0000026A59E9
0000022D01FC
FFFFF4B05B5D
FFFFF96BB366
FFFFFC5AC2D8
00000444C285
000003A02D6E
000002B0978A
00000346E8BB
00000398B538
000002E04CEC
000002A67495
000002F1F2B7
000002B3716C
000002F6594D
00000342967E
000001D98BA0
000000B77A85
000001E2A240
0000035D8CDB
000003139301
000000CB1E89
FFFFFFC7B630
000001EF9C11
0000040660A2
0000038AD12F
0000020F215F
0000019BB12E
00000202D879
00000262E1B7
000002471C19
000002C3BC05
000003AF18B9
000002B8E265
FFFFF68F0B0B
FFFFFB562C3E
FFFFFCCCCFBB
000002826148
000000F95353
00000056495D
0000005F31D6
0000008E7295
0000003747AD
FFFFFFF7CD3C
FFFFFFC6CF2F
FFFFFF146B13
FFFFFF4552B5
00000016F6F1
FFFFFFCEBB3B
FFFFFEFAF0A5
FFFFFEF88061
FFFFFFC92EA2
00000086900B
FFFFFF4D1703
FFFFFD9ACAB9
FFFFFE8DB50B
00000099ED8F
0000014886ED
000000C520AD
FFFFFFA0BDB8
FFFFFED9A97D
FFFFFF15A797
FFFFFFFDE84C
000000BCB7F2
0000015A39C5
FFFFFFECA310
FFFFF70D14E8
FFFFFAACB7D1
FFFFF93A2A7D
FFFFFD3FC3FB
FFFFFB2E9082
FFFFFACE551A
FFFFFB01C423
FFFFFB21073F
FFFFFB2990EC
FFFFFB50D2C1
FFFFFB2F03BB
FFFFFAA8F130
FFFFFAAC4638
FFFFFB5C5426
FFFFFBBD66BC
FFFFFB95148D
FFFFFB4D2294
FFFFFB4E56AF
FFFFFBEB67C8
FFFFFBBA675A
FFFFFACCED76
FFFFFB010C0C
FFFFFB8FABDB
FFFFFBC4478A
FFFFFBDA5AB8
FFFFFB597228
FFFFFAAD8E5B
FFFFFABE17EF
FFFFFB51E55F
FFFFFBC765EB
FFFFFBC1E58F
FFFFFC34C1E2
FFFFF885C8E7
FFFFFC3FCD3E
