FFFFFE7D81E0
00000CFC5834
FFFFFC881BA1
FFFFFD6C72F9
000004A5768C
000004C31999
000001A50363
000000CE926F
000001E1A8D9
0000021B47AE
00000211726A
0000025D7237
FFFFFF75841C
000000781A78
0000004951FC
000000F36AED
FFFFFD97EA16
FFFFFEFFE37C
0000089808B2
000009AB8BF6
0000003A039E
FFFFFD87ECFE
FFFFF7DA2029
FFFFFD20BA76
000007885C78
00000DCA6692
FFFFFA534B3F
0000010152C4
FFFFFD1DFE7E
000007851633
00000AA7C730
000006E33A21
0000097554A0
000015AD9039
000000D99204
00000005E4DE
00000CED5201
00000E7B4AB2
00000B4D1025
000008712910
00000541F778
0000051BEB08
00000709B927
0000075B5D47
0000020D974C
0000029E32DD
000004C7810B
0000059B6BC3
FFFFFD2C7B1B
FFFFFFD95FBA
00000E02D4EA
00001045B263
0000071BA57A
00000131DAE5
FFFFF6656F7C
FFFFFCA7C690
0000116339E8
000012413AD3
FFFFFC78B120
000000444C34
0000035B44EE
00000C360988
000005BE3008
00000CADBA71
000009A39D9C
00001CC4E181
000006FA8F5D
000004D60B88
000006BF08F2
000010A9434F
00001359BAB9
0000157E9524
00001037B763
00000EE5C30E
00000C2BC589
000008FD2F0E
0000056668C9
000002AA7A7C
000007978040
0000081D303F
000002D9498B
000002CB215C
000005134B0B
00000732813C
00000D217205
00000A68754B
FFFFFB8C4121
FFFFFF3D9D33
000009A7A7E0
000008EC38CF
000002BAD802
FFFFF900143B
00000886801D
00000BD8A30E
00000897EB32
00000C23A364
0000032B2D86
0000123A3BD6
00000489DFEB
0000078D8F3E
00000C83DD83
0000125C6574
00001405C8F7
000017BFB773
00001578BE54
000011BE4FE8
00000EFBFA49
00000D522AF8
00000D97885B
00000954D580
00000A6AE30D
00000A7C4EDB
00000792829E
000005DB561C
FFFFFF751C2F
00000392AC06
00000E2ECB17
00000B60956F
FFFFF9CA413E
FFFFFAE9769E
FFFFFC8FD973
000002038E45
FFFFFDB5A615
FFFFFD01EC79
FFFFFB73F1CC
000004A74E77
00000C2C2CEE
00001005BBE8
00000487D676
00001B07BC53
0000003AC1FF
0000014218C7
00000800435C
0000045EFBB1
FFFFFC5D9ED7
FFFFFFEF1522
000005B7A100
0000028DAEBD
000000B48022
0000049900FF
000008A4DA68
0000064A309D
0000017EF482
00000057680F
00000442B149
00000590A107
FFFFFCE8FD26
FFFFFE9615B5
0000021CDF4B
0000014F39C2
FFFFF79626BE
FFFFF3CC8C50
FFFFEC135EF3
000002229043
000009A0A955
00000858C530
FFFFE8659D3B
FFFFFB894087
000004C93B1F
00001C9A1128
0000017EF310
00001D02B3AF
000001B745A8
0000039099F3
000002582E54
00000385A330
FFFFFD72BF02
FFFFF41FF2B5
FFFFF6047C16
FFFFF943C601
FFFFF7E7B505
FFFFFC0C5E7A
0000058A9B39
000006799357
FFFFF8F0A0B7
FFFFFD1A5034
000002026E55
0000035C5E58
FFFFFE01BEA5
FFFFFF9FE051
FFFFFC120119
FFFFFEB1AEBB
FFFFFB2BECBE
FFFFF56248AD
FFFFE7B74502
000001BF0E51
00001CFBD6BC
000011219A99
FFFFEB8806A2
FFFFF0591A33
00000112DA62
00000C95ED9E
FFFFFEC3A0EF
000019593504
00000C32A462
00000ABBDBD9
FFFFF87DB9E9
000003AD8E35
00001003F0BA
00000A3A4B72
00000450C6A7
000002B3C542
FFFFFF482CC6
000002DCE932
000007D90B8F
0000091EDA02
FFFFFB01EC00
FFFFFF24F4E9
0000041F30D9
00000C2E0377
00000E304DEB
000008C3911E
FFFFFAD8A9A4
FFFFFE9E5642
00001023A197
0000033BAB72
FFFFE7BC0089
FFFFF0F5B5FD
00000CF70731
00000DE8CEC6
FFFFFE0FE6F6
FFFFF96CDA69
FFFFFFE26ADB
FFFFF617B3B3
FFFFFF4D0104
000012D82133
00000839E593
000008E28AA6
FFFFFB5BB9A6
FFFFFCA9F695
00000ADB41F5
000011B66528
00000BC002E0
0000075B52AF
FFFFFCE66A9C
FFFFFDAFD433
0000058CED94
0000052D4845
FFFFFAC125E5
FFFFFE39B145
00000CE0D211
000016ABB7A4
0000091F36A1
00000AAB7C32
000009E7D808
000002268F26
00000A9031E3
000002EA8546
FFFFF278CB28
FFFFF3B64406
00000204B2BE
000009CA6062
00000D7A2687
0000062FD021
000005B0B27B
FFFFF6C668FA
00000463D2A6
0000136B78AE
FFFFFDC37E10
0000023F5B33
0000086B195B
000002B0C955
00000182A6C2
0000048C05A3
000008A4DCAC
000007181807
00000277812C
0000073EEDB2
0000087BDDFD
00000994350A
FFFFFD75D0CC
FFFFFD15806E
00001AD08DE0
000019BDC70A
FFFFF9200C00
0000065FEB7E
000016A5B07A
00000A82D59A
FFFFF1729A51
FFFFFD17933D
000004721A5D
00000B6599F8
FFFFF8CB51FF
FFFFFC6945A2
000002CD2009
FFFFF76E378B
0000079DF648
000007280539
000006902DAB
000013BFF6C0
FFFFFD2FD51E
FFFFFF9F5516
000005DA8226
0000016CA545
FFFFFE9607E5
FFFFFDE3FACE
FFFFFFE112C0
000004F6F62B
000005C70C3A
000004DBC88B
000003077018
0000079C7AB9
FFFFFC9837A7
000003BB0A31
000018946017
000017D19A15
000005B69B63
000007186428
000016EC92FB
00000E107B4F
FFFFF7B1D991
FFFFFEF3D593
000010E859DF
000012815DC5
FFFFFCF75516
0000009CC507
FFFFFD90707F
00000001BC28
000004665F23
000005D6A91D
000001B377D0
000013021881
0000073D94E2
000003C97B99
FFFFF9CF1C65
00000159F94F
000016518227
00000D0B5281
FFFFF6ADEE74
FFFFFC4D0392
000006F8934A
FFFFFE5199C0
FFFFF5EDB382
000003FF014E
00000E484BE6
00000EACD7F4
FFFFFEFA3B82
00000DDB045D
00000FBCDB37
00000844A7A5
FFFFFB868B26
FFFFFD909C81
FFFFF760F729
FFFFF070CC0B
FFFFFF66BF83
FFFFFF89515D
FFFFFFDD064D
000007FA98B9
000007BC0ECD
00000ADDD6FC
FFFFF8F4628F
FFFFF6B41EFD
0000017395AD
00001777D031
000008D0A216
0000085A80CD
FFFFFD94520A
000001F9836D
0000097E65C5
000009C7809D
FFFFF9E3A439
FFFFF54BC2FF
FFFFFE3C139B
000000A0CF78
FFFFF9209D37
000003AB54C3
000016E95207
00000FE1F569
000002FC2196
0000031604C5
00000A76CE7F
00000A636532
FFFFF7E46CD0
FFFFF94AC01F
FFFFF21A171F
FFFFF16EA189
FFFFEBC2DEA7
FFFFF88B32FD
FFFFFDD3B67E
000003988B21
00000A290553
000009EAF366
000004D2756D
FFFFF7161745
00000429027F
000018A4CFD2
FFFFFC5B8C66
000002AAC86D
000007701BA8
000001B5D701
FFFFEC24AD31
FFFFF84057C1
00001610D202
00000BF4A50A
FFFFF833D02C
FFFFFF26AFD1
000004F3B216
FFFFF84AA660
FFFFF24A014F
000004B06ED7
00000E9E3AC7
00000A339810
FFFFFF66640C
0000066F5887
00000D953A74
00000DF717AD
FFFFFE55D815
FFFFFA88F2C0
FFFFF3CEC77A
FFFFFCA9B203
000007BD521B
00000256F732
FFFFFAD9B966
0000079CF708
0000136765D5
000007F8C0F7
00000488B82F
00001B6A1146
FFFFFA62D394
FFFFFBF599AC
0000081A5B36
0000056AE18E
FFFFF3DAD7CA
FFFFFB0790D1
00001095F83F
00000814F208
FFFFF84BA618
FFFFFB936C54
00000291C681
FFFFFB8A97F1
FFFFE3B8DA6E
FFFFEE516406
00001019D042
00000EFC9CB1
FFFFF7F373EF
000007481992
0000194F9B5B
00000E43B48A
000000401E42
FFFFFF9D10B8
FFFFFFD1AB28
FFFFFDB022A6
000005921AB1
00000726B576
FFFFFCB0EC3F
0000003302DD
00000AC4B781
00000BAB31B3
000001D980A5
000020DC248E
000006FF478D
000002C2FD5A
FFFFFDBF52D5
0000071E55BC
0000028A3171
000000271EC7
FFFFE4DCEDF0
FFFFF65D32D5
00000D84D8D0
00000DD3B408
FFFFFF824D97
00000AFD6D12
FFFFFBD9D245
FFFFF029EDD8
00000933687F
00001123D740
0000011536AC
00000505F0BB
00000ECE3139
00000C214AF2
FFFFFF5BA24F
FFFFFA0E9D6F
FFFFFBFA7CC8
0000004B4013
0000062EFAA4
000008F9BE33
000004E7C4F4
0000069CBA4B
000004192393
0000060F5014
FFFFFE67D542
00001D99DEC6
00000A98419D
000008A0906A
FFFFF889CCB8
00000161B62E
000010F5DBB6
0000064C0432
FFFFE69AFD51
FFFFEA4081D3
00001176F6CA
000008D55E9D
FFFFF5A127D8
000000B86F7A
0000014F8B0A
FFFFFFB5A7BB
FFFFF037AEA7
FFFFFE539B00
00000E049705
000005E36F75
FFFFF8A9CDC5
0000054D10C8
FFFFFE151E69
FFFFFDB4000F
FFFFFCEAF213
0000010F7361
00000A4AF7C6
00000B7BC2FA
000005365EDC
0000055CEF28
000006E69C7A
0000050A51BC
FFFFFDDC85A4
0000188D2C6C
00000AB994AB
00000AD874E6
FFFFF828227A
FFFFF6466902
0000061CFF9D
00000990945A
FFFFFFDBBC55
FFFFF0E171A0
FFFFF032DC5B
FFFFF8359938
00000880BB3E
00000331517E
0000057B337D
000003BBC338
FFFFED13A6DB
FFFFEECDE940
0000116B4DD8
0000119AD252
FFFFFD8DB9CB
00000489D4BE
00001948ACCC
00000CD13AD3
FFFFF0EAAA66
FFFFFAC9E06D
00000365D317
00000145A2FE
FFFFF9BE5720
FFFFFE6073A5
00000A1C284C
000009A499EA
FFFFFF3F25E1
0000137A69DD
000005F49D4A
00000985B2BE
FFFFF9687937
FFFFF83EA7E3
FFFFEB36F9D4
000006986E69
000000776F12
00000653C273
FFFFDB7727B2
FFFFEF892DC7
000011841671
00001161FE0D
FFFFFE57816E
000005063B59
FFFFF89DFFD0
FFFFF6EF862A
0000077B0F08
00000F3736B0
000004BE08B5
00000D9369D7
000014AC5B5D
00000DCA0A43
FFFFFF970C1B
FFFFF5CC9DB8
FFFFF9C6C49C
FFFFFEF33756
FFFFFE677EF8
0000009B3671
000006B503F9
00000812F91A
00000389DA86
0000156F2657
FFFFFEC9F630
0000055F154E
000003F99BDE
FFFFFED3ECB7
FFFFE3C14D6F
FFFFF98B8094
00000C08CB12
0000136F9EAA
FFFFECE752D7
FFFFEDD4FB97
000004312BB6
000006442158
FFFFFAF75B82
FFFFFFDC4AB1
0000091BEA39
000008792F8B
FFFFF0937279
000000ACE9FD
0000137981F2
00000D5266C7
FFFFF12671F3
00000072F31C
00000CB32C3D
FFFFFDCCA802
FFFFF3985FF6
FFFFFF5320C6
00000B3A69F0
00000B97483E
FFFFFD3B32C1
000004C5B56D
000004A8A89F
000015633968
FFFFFF10FEB0
000001D2DDB6
00000A4633F9
0000001BBB55
FFFFEBD34B62
FFFFED68C6EB
00000C74A895
000007570376
FFFFF6063099
FFFFEFDE101C
FFFFF51E1981
FFFFFA266378
000000511D2A
000002FE42D5
0000010889B1
0000087F40AC
FFFFFCEBF163
FFFFFE597008
00000FE6EF89
000008378990
FFFFF0FDB0FC
FFFFF83D4B36
00000C56E41E
00000944DA43
FFFFF8FAE783
000005AA7C32
0000172C1D99
00001702D976
000003111778
000005C5C40B
000002927734
00001258CD26
0000026945A5
0000036B553C
000002451992
FFFFFDB40D12
FFFFEFF3EB97
FFFFECE13188
FFFFF2B5A061
FFFFFFE11DBE
FFFFF816266E
FFFFFB5E4B54
FFFFF385BDCE
FFFFFFC55A31
0000047970FB
000008006C9D
FFFFE4391006
000000244D11
00000B56A312
0000133B6CA1
FFFFFBDA9791
000003634D0C
000011F9AD50
00000D8162D0
FFFFFBA1E9DB
000000344B4F
FFFFF6AFAC3D
FFFFFAF7A471
000009AC9097
00000F9150DD
0000083F195A
000003A94759
000002490ABA
0000124F4955
0000023A8496
0000060734FE
FFFFFEDD4C3F
000000A76AAD
FFFFF83AA37C
FFFFF7E7E576
FFFFE3AD807D
FFFFFC549003
FFFFFE5165D3
00000563A8EC
FFFFE5DFF64D
FFFFFCCA601A
0000073BD6F0
0000050FDAE3
FFFFE262B038
FFFFF77E3551
000012529240
00001E94FD5D
FFFFF90B2E21
0000060E593C
00001AFD2A43
00000F928618
FFFFF603EC68
FFFFF34E8497
FFFFEC692D9A
FFFFF592FCA1
FFFFFA3E1D4A
000008BE86B0
0000026B19F7
000004D64B48
0000030A27AB
0000155ED6C3
000000C48701
0000036F153F
000001973DC2
00000137C2FE
FFFFFF98C0D3
FFFFFE53138E
FFFFE847AEA7
FFFFF89C042E
00000C014C6E
00000B94554B
FFFFDF697EA9
FFFFF48504F6
00000EE76377
0000135119E7
FFFFF8BD67EB
FFFFEE0101AF
000010D76C27
00000BA35D92
000000C3FA6B
FFFFFE32C030
FFFFF5B3C425
FFFFFA15A03E
00000FCE60D4
000012F6783A
FFFFFCA2868A
FFFFFF3AE361
0000016BA8B6
000009D0D855
000002012E61
00000912E36E
000006688647
000020619456
FFFFFF4A2947
000003E048C8
00000444A96F
00000117C00F
000002BD8AEA
FFFFFD28A145
FFFFECA425B7
FFFFF2229400
00000A6E6B6C
000007EDF662
FFFFED704BEF
FFFFED3FCFB0
000007B2B259
00000B28B37C
FFFFFE78C8A8
FFFFF28F7CFD
FFFFF5E0DB10
0000019865AB
FFFFFFCEECB5
FFFFFBFC66A7
FFFFECBF80B3
FFFFF10415D4
0000055C04CF
000006E5AB1B
000001B3D423
000000B496E7
00000C6DBA44
0000109703D9
000003627146
000004D51A6D
0000090F1400
00002AD4CC49
FFFFFE3DAD73
000000F812E8
000000841A3E
FFFFFED23997
000001596B40
FFFFFEADE7F0
FFFFEDF47104
FFFFEF2071FE
FFFFF53DEAF8
000000E4E4F6
FFFFF8EDDE68
FFFFF4CF6AE8
FFFFF1CE8C65
00000552C1F0
0000071D5822
0000060B3463
FFFFEC9DA906
000001085352
00000F9B1396
00001A81628E
FFFFFCCB274B
FFFFF7CDB4FB
FFFFF6031178
FFFFF7E5DD0E
00000059799E
00000941F08B
00001027913D
00000E02A79D
000001E2D783
000000510496
00000236BD93
00002D020B8C
000001775D10
FFFFFD1D0015
FFFFFC6E8883
FFFFFD9AC346
FFFFFE6A7FC0
FFFFFFFF2AEA
FFFFF654D52E
FFFFF7C03EFA
FFFFEAA70023
000000B4D5CB
000006F097BE
0000064A045E
FFFFE89A000D
000000034AFE
0000108AF20E
00000F172B41
FFFFF1D1B2C2
FFFFFB7487D6
00000AFD7A89
00001028812B
0000059E7E4B
00000149E622
FFFFF62B76B0
FFFFFE0D1736
00000F7A5BD5
000013B41082
0000086AF939
00000AC97E66
00000BD7CFE7
0000006F1538
FFFFF76738C6
00002687D2C2
000009250E1F
000007B1DAB5
FFFFFD0EE3F8
FFFFFD50F244
0000013DD7C7
000003C0F2CC
00000182467B
000000E2E30F
FFFFED1CCFEC
FFFFFA1D23C0
000010280CF7
00000EE5E31F
FFFFEEE6C3AC
FFFFFB7529DE
00000E44A648
00000CCC4ED2
FFFFF6D22ECD
FFFFF93A97DD
FFFFFA61C24F
FFFFF8C11543
FFFFFF75CC26
000005E286F6
0000069523B5
0000065CD431
00001969410E
00000F751A2A
FFFFFCC76559
00000A5C3A72
00000AD48788
000006B53EAF
FFFFF98C7711
00001D89A887
00000ACCD761
00000F490DEA
0000007E9BAA
000000047215
0000049273D2
000005CD5B35
000007EFA913
000000B5B04E
FFFFF0EC6BC1
FFFFF2A8C087
000005804C14
000008E6ED63
FFFFF56AC7C2
FFFFF91C2D2F
000001E56974
00000A89EE82
FFFFFAFE2C8E
FFFFFD303BBE
FFFFF3A71732
FFFFFC21CDCC
000002AD7345
000006120613
000008A0EDEA
00000C055C82
00000DA59C8E
00000847FE10
000002403A92
FFFFFB469C0F
000004FD421A
000007804341
0000036B74BA
000016C9DEDF
00000968C237
000008CBAF52
00000157B76E
0000049D1B35
0000018FE482
00000324A9C6
0000032333AA
000000B99EDD
FFFFF60F7BD6
FFFFFA905C35
FFFFF5522620
FFFFFF0C1FA9
0000008FCA0B
000004003048
FFFFFE680600
000002DE4E70
0000060AC343
0000037439A9
0000032E7A12
000007757741
000000DE1926
000005688994
00000E633891
00000F7EB36D
FFFFFCCA53DB
000008FF6C00
00000C9159E1
000006A960A0
000000494697
000003438397
0000078E5522
000010B2C1AF
000006B5B0DB
000006AFD523
000002E12512
000005E20944
00000034C08B
000000CF57FB
000003603315
0000042FC436
FFFFFF150AE5
FFFFFEA00745
FFFFF77952D8
FFFFFDDFBE74
00000465CD8A
000007A84F9C
FFFFFFAEF7D2
000000CD02DC
00000145D198
FFFFFEC31724
000005092040
0000077C3210
00000292588E
000007C6324E
00000E7D5CF6
000009C7603E
000001C0FB11
000005C270B3
00000E47398A
000011F13011
FFFFFEC973F8
000000D4E090
00000BFAF668
00000D1DFC04
000003AD46EC
0000074BBDC9
000004ACF028
000002471FE7
FFFFFEE991CC
FFFFFFBCAAFF
0000022863AC
0000003B11E4
FFFFFDC48B18
FFFFF92C3150
FFFFFF779D0C
000001D8A457
000001194B50
000003024D14
000007534170
000003CD4C5E
FFFFF9BDBBFF
FFFFFE844E90
0000073834B5
0000099DA0BF
000005801AB6
000003E4C040
000000416F42
000001B4EA66
00000542CA56
0000014540B8
000007494530
0000059F7189
00000055F1C2
0000056B7CED
000006293BDC
FFFFFDACA1C0
FFFFF249E9F0
FFFFF0E51CC9
FFFFEC0FAFF4
FFFFE700E407
FFFFE3ACADB6
FFFFE2D83D1E
FFFFE5C22ADB
FFFFE861BCA6
FFFFE9082366
FFFFE837DF14
FFFFEB2280F3
FFFFEE077EF5
FFFFEC945DA8
FFFFF175E84B
FFFFF55C5CCE
FFFFF4DDA74F
FFFFED441899
FFFFF0E8B0C6
FFFFF88FF041
FFFFF685D136
FFFFF05E2007
FFFFF0080B30
FFFFEB84A0CA
FFFFEC3D919D
FFFFEE9080CD
FFFFE945EF5D
FFFFE9990B5C
FFFFEAC7E050
FFFFF120FEA9
FFFFF691C81F
000012F4F127
00001625C2D5
00001CA5823B
000014E7607E
000012E81026
0000114ED534
00001051A504
000011848EE1
000014C051C9
000018821DDC
00001CB2377B
0000215FC111
000022B11572
0000225CBB14
00001FB525CA
00001D9BF61E
00001D7D0CD8
00001C560BF9
00001A52567D
00001B281394
00001AF7B9F5
00001E116ABB
00001F44FFBC
00001DAB761C
00001A7856C2
0000241F3BC8
000022A3CCF7
000024DE37FB
00001C4D6D22
000010689827
0000096B13B9
0000002C2DB8
000002D9C65E
0000021087BA
000006988B22
0000024B5005
000002BD0407
000002AF26E9
000004DE0EAA
000006FDD0A0
0000082A1324
00000778BF18
000005DAAAAF
000005926C11
0000064F91EC
00000637D2A6
0000037C6EA7
00000545BB6F
000007C11877
000009ACEF55
000008C6E249
000007D68240
00000671D6C0
000007616B21
0000088DEFCA
0000086427D3
0000040C2EE3
00000BAE3DF1
00000FAAB74C
0000159D58E0
00000EC990D9
00000159B90B
000003AF8877
FFFFFEB017A4
FFFFFEF5F2BB
FFFFFB6BC2A6
FFFFFF0A3CAA
00000102193E
000005088D72
00000AEDF494
0000108D88F9
000011C6B636
000010FB0537
00000D26C6DD
000008010EED
000003B59091
000002000944
000004C58723
0000039FCCF2
0000034F8B9E
000006804D5E
000009AD39CC
00000CC1776D
00000AB27F84
0000063E2518
000008790E62
00000A9FF5A2
00000CBA6E12
000006D14F3B
00000D167D93
00000E900D77
000015F6DEB5
000018DE8392
000009AA84D5
00000C88B56B
00000274317B
00000032054E
FFFFFBE1EDE8
FFFFFBFEFB87
000001E70A5F
0000086345AB
00000E015024
000016804C0A
00001A8668A4
00001A209F06
00001391CCCD
00000D42930E
000007300396
0000030A0D6E
00000A050537
00000BBD8DBF
000006A2AB88
00000415022E
00000850B786
00000CA5AEBE
00000FF4CD53
0000086BC08C
0000075F5878
0000082600A1
00000BCA9428
000005EDE3DF
00000C0CE2B6
FFFFFC942809
00000D4F39AC
000015D896C1
000019659816
0000137E01A6
0000066688E0
FFFFFF7C819E
FFFFFCA5E076
FFFFFE0B91AB
0000070DED48
00000BAB53AA
00000ED06831
000012D95045
0000131CDD2C
000013141CE7
000013304C87
0000125001A4
00000CF2C1AA
00000831EE47
000011A49EC5
000010A8BD79
0000071E0F21
000006F7ABB9
00000C511347
000008D4D751
000008B8C3AD
00000A6FC02A
00000FC42B93
0000096818CB
000008E7CA51
000004D8E774
000002DB74A4
FFFFFA3DF15C
00000A00DDC3
0000111C0057
0000220801BB
00000CAB08C8
0000018D0649
FFFFFF4FDB8B
0000002F0A54
FFFFFF4BCB1B
0000031B70B6
0000089F4D04
00000F57D019
0000134F487F
00000ED3B4AF
000008FFA30E
00000AF6FB30
00000EB0828C
00000E771FF1
00000A32B125
0000119B7257
00000DC82314
00000812C0E5
00000C7A238D
00000A58413B
000001C49702
000001934A93
0000077C424A
00000E195DD3
0000055296C4
FFFFFCB2B706
FFFFFEE7D6A0
FFFFFBD56F41
FFFFF7376820
00000FB51B7A
0000136CC139
0000102D993A
0000042EE32A
000003E2E3FE
FFFFFF427439
FFFFFCF40F5C
FFFFFCE10DB1
FFFFFFEC58BA
FFFFFE5053AF
FFFFFABCA13F
FFFFFC784CA3
FFFFFEF849DA
000003D5458E
00000024EC97
0000008A9E1C
00000AEEA037
00000D80FC7F
00000FD667DA
00000AD3B45E
000009E9B8CB
000008D40F94
FFFFFD1DFC95
FFFFF805C81D
FFFFFE7A96B3
0000096120CD
000000001CD2
FFFFF95068F8
FFFFFA766F30
FFFFFE3C5A94
0000043F321B
000000F1F6E5
00000B86F87F
000013FD3169
00000C17DCBC
00000B271983
00000AA78BB3
FFFFFF688029
FFFFFB3D3C17
FFFFFBC701D7
0000004465E0
0000006B8EDA
FFFFF63CA85D
FFFFF0B89031
FFFFF5295011
FFFFFC69AA52
0000007C1393
0000027923BA
00000356FB4B
0000025E97CF
0000066DC2A5
0000087E273A
0000083AF245
000000421D06
FFFFFCB94625
FFFFFFD58DE9
000002533C34
00000553CFEB
FFFFFCF14CCE
FFFFF6E88E8D
000000031B11
00000582DE5A
FFFFFE4E5506
000008D1A738
00000E846FDC
00000104785C
00000EC8451C
00001C63A60B
00000D484922
FFFFFF993EE4
FFFFFE0193A0
FFFFFF5625B0
FFFFFEDC5207
FFFFFFAC8358
FFFFFB70C089
FFFFFBE5DE1C
000000416254
000000B61962
FFFFFE13480C
0000037A6B23
00000495B9EB
FFFFFE6A52B6
000000F21687
0000014ABF6F
FFFFFD3B42C7
FFFFFA585EA3
000003153348
00000EA63E0A
000007D234B7
000001D7823D
000004E2D6AC
000007D0BDA4
FFFFFFBD07AA
000002433B9A
FFFFFE8CA828
FFFFFEB78C70
000011BA26AF
000000AAD38C
FFFFFA78B175
0000099C7FA2
000003C15F68
FFFFFD2DD30B
FFFFFF645FBD
000000B186B4
FFFFFA525E04
FFFFFC329BBF
0000054B5076
00000672DAFB
00000911C792
00000D9BF5A4
00000EC433EC
000008C7F4F7
000004FC5407
000006D37256
000008B62587
FFFFFF5AEEBC
FFFFF8077741
FFFFFE239FE6
00000F1A8BCC
000012A513FA
000004FA8770
00000224396A
00000B03680D
000013FB7828
FFFFFFF8995E
FFFFF8D87719
000004CE7B20
00000CA609FF
000009105B08
00000262E70C
FFFFFFE8E018
FFFFFBF10DB4
000002F15DAF
FFFFFB41D5C1
FFFFFD031119
FFFFFF2BC02B
FFFFFD33BCA6
FFFFFE158A38
0000014A6CB3
000004C05811
00000AEBA79C
00000B35B2A3
00000EDDE754
0000102A9B0B
00000D48C3F1
00000F655AB2
0000081BBCA3
0000022B6846
0000033A1F90
000001DDF322
00000D1943AA
00000CC43CA5
00000876EFC2
000007915EFF
00000D206EE3
00000E08E92B
000003FDBE1B
FFFFFB8BB7B0
FFFFFEF3EDE3
00000B511B39
0000066C2D7C
000004D695A2
00000945855D
0000097EF0C0
00000E9154A6
FFFFFD27EACD
FFFFFD777A9C
0000012068E1
000003D6C4FB
000002FB01B9
FFFFFC2DC865
FFFFF9C5F0D4
000008D7442A
00000F46133B
00000556D32F
00000614BEE5
000013AFD98E
00001656A598
00000E19B38A
0000075E9EBB
00000BA980DC
00000AC5B6A2
00000612E494
FFFFFFA5213B
00000C6851B6
00001616A826
000015D1F5E6
00000AD49218
00000803E583
000007C5604D
000001B24E8B
FFFFFBDECD41
FFFFFE69C10E
000006788323
00000AAE53E1
0000178F634E
00000F5F6331
000000A59899
FFFFFF057144
00000362772F
00000669A487
0000051DD25E
FFFFFD8D4C8F
FFFFFEBBB863
FFFFFB0344AE
FFFFF7E14162
00000422894D
000007028BBD
000005F4A6EA
0000116DB4EF
00001AE37001
000018BCDE04
00000716DBE8
0000019191AB
FFFFFEB80BDD
FFFFF8C04D6C
FFFFFF63FD41
0000090D51F2
000004FBC83C
000002A3A258
000003C73F76
000005CBF03A
FFFFFE48D4EA
FFFFF9854BCE
000000015F0C
FFFFFEA70C6F
FFFFFBDDB217
0000056FD222
000004B1407F
00000146E999
0000020D17BD
00000469CC45
0000049A2C36
000005D9ADBE
000003CF3CCD
000000CB1A92
00000013F264
FFFFF086915F
FFFFFC794B36
0000104ABC0C
00000C8C234F
000004CE111D
0000138C57E9
00001FE794E1
00000DB5312D
FFFFF9F5E2A4
000007820CEE
000003F1DE22
FFFFFEBC6DD3
FFFFFF7984A2
000003442271
000005FA9FB4
000005F9B7BA
0000048A8330
00000065BCD7
FFFFFF112FF3
000007893C0F
000002C58E1D
FFFFF7B3D758
FFFFF3EC32A2
FFFFF77F85DB
FFFFFE124AFD
FFFFFEC5E095
000000016380
0000021AD709
000004DE047F
0000065FB5C9
FFFFFF41804C
FFFFFF37B494
00000194FB2E
FFFFFEB17E33
FFFFFDF37AA2
000007403137
00000A58DF6B
000009B40927
00000FDBB1E5
000012891323
000005A68FAA
00000C48BAF2
00000EAE3CB0
00000455CB92
000002461935
00000DD7208D
00000CA51B49
000008952349
000009311FF1
000008B17AF7
0000041AC8D8
0000057086B7
00000306CE0B
FFFFFFCD98A2
FFFFFC8534DC
FFFFF78FD095
FFFFFF6C7758
FFFFFC0E9343
FFFFFB4A8C12
FFFFFF2EB6D0
0000050490B3
00000473D083
FFFFFEF3EE09
000005429E3A
000007BC80AA
00000859E97D
FFFFF754B7F6
FFFFFA554F1C
0000164285A2
0000110A8937
FFFFFDE10E77
0000047BCC71
00000E1AABC9
00001112A178
00000B99AE4C
000010FF60B3
00000FE23F30
000016595D94
00000DBB9B4E
000005BD0958
0000095F3718
00000DE72BA0
000008189F2F
000004B4A466
000004535224
0000072582A1
000007AE563D
FFFFF825D655
00000061A04A
FFFFFBC1A940
FFFFFB55B29E
FFFFFFAC4E16
00000307628F
00000A0532F0
00000173A82E
00000572ABF0
000002E61364
000001A0F0FB
000002298C4C
FFFFFA2E4793
0000045F4E9C
000010462E65
000004FB9BFF
0000045A4B71
0000083604B7
00000C464341
0000016A9D5A
FFFFFE6967D7
0000076FB4B1
0000092AAAAD
000009404F6F
00000A6533BF
0000085DCEE9
000005A24920
000003D5DEE3
00000C02B73C
00000A54F492
000006CD4F9D
000006466979
FFFFF9BA68A0
FFFFFE7B7584
FFFFFB027CD9
FFFFFC741A09
00000143CBC2
FFFFFC2EB010
0000098AA505
000008F37A4B
FFFFFF9C2876
FFFFFD41CEFB
00000299932D
0000065E520C
000003A7AB0D
FFFFFB4D391B
0000014A171D
000007799BB2
0000177A0EC7
00000D80A2D0
FFFFFBD2235C
FFFFF39F1601
FFFFFA1C502A
FFFFFA1B8772
FFFFFF42ED8D
000006569026
000010A40C71
000012E9F7A9
00000B678ED8
00000414451E
00000B4CADD8
000003A1223D
FFFFFF9E256F
0000037B136D
000000D13A98
FFFFFB13311B
FFFFFAA0A1C5
FFFFFCF3F9D0
FFFFFFA15B1C
FFFFF8C000CE
0000024EDBF4
00000B99D8E3
000003343B30
FFFFF736CE4B
0000025A9576
0000098E0AA7
000002B6148A
00000523B9B2
000004904C45
000000B64D2C
0000054237EA
00000770E963
FFFFFE492F4A
FFFFF404E60B
FFFFF922E40A
FFFFF65CFCAE
0000078771D1
00000DE1AE64
0000096660EC
000001CDDABD
FFFFFFCEDF4B
0000051C8DE6
000002F7898D
FFFFF5B8CC91
FFFFFA39A7BA
0000046FCF54
00000466EB46
FFFFFAFD25DE
FFFFFA903B86
FFFFFF09DA35
FFFFFC9A0338
FFFFFA99937B
00000306082B
00000BC741F4
00000B1D9A55
0000019831B1
000000FD7A18
00000F3453E6
00000553FBE5
000005E40A35
00000ADA8F63
FFFFFF40F75F
00000A06DF14
000002B719EF
000004CB8980
000006CDBB08
00000198795C
FFFFFA9ACBFF
00000A5A0A49
000010AFB4B4
0000043087F5
FFFFFE26294F
000003130927
0000091F44B3
FFFFFE596E9F
FFFFF7B022EF
00000192474F
00000BE6B135
00000821ADE2
FFFFFE809DE8
FFFFFBCF6149
FFFFFFB2C369
FFFFFBEAD8E9
FFFFFBBDC80C
000006FFE552
00000651FC0F
00000C4BFDF3
0000097E1A19
0000076EA5C1
00000079EC68
0000086C6CD5
000000C4D340
00000507A778
FFFFFC1935C9
000010C2B29B
00001035961B
00000BB195E0
0000068A216B
000003C72792
0000045697C3
000005FDB6AE
00000BCE8377
000008A3F6E3
000001070277
000005B4CFDE
00000D34FD6B
00000ADF75F5
00000498BEE9
00000BADDA44
00000D02E777
000005701866
00000216828F
FFFFFFA51266
000000765EB1
FFFFFC58E447
FFFFFED9B5E8
000005B8D941
FFFFFBBCF72B
00000898D99C
00000C029772
0000095BB212
FFFFF2E939A5
0000013DE1D1
00000485E961
000003ACEA21
FFFFFFEA2283
00000FEF2B02
000013F2C7E5
000011CF6975
00000CF6485F
00000A5377D5
00000E43D2D6
0000095E87A6
000001B2CDAD
00000B4FC858
00001656F590
000011D08955
000003CA48BF
00000B1F2BDD
00000C36080A
0000086EFB91
000006341327
00000110EBAD
000001D32C6C
0000020491BC
FFFFFEAAE091
FFFFFDB0A7CB
000001DE02FB
00000208D59A
FFFFF7A0AB00
000000EBA40A
0000096C2B50
000008B5545E
FFFFF8349F1B
000000D68711
00000ABD750A
000008AA2B18
FFFFFED33EAB
00000BA7DD75
00000DBF9334
00001006A077
000013028543
00000B63856A
00001031E1B8
00000D89630E
000007CC64A3
000000B8D446
000003827445
00000FAF73F7
000008699DF2
00000135812B
00000403B46F
FFFFFB039F7F
FFFFFAF658B5
FFFFFA24CF5D
000003923893
0000032AB601
FFFFFF982457
FFFFFE97392F
000003942EDE
FFFFFF553E4A
FFFFFC09D770
000002F29CE9
00000A16526C
00000CA4C0C8
000002E7C0B6
00000D3285DE
00000C9778B5
00000B955A6E
0000030488BD
000007637DB1
0000030A8BF0
00000D7A04DA
00001203B089
000010945DEF
00000F0F5E18
00001012694F
00000B9B48EF
00000AF7DE70
FFFFFE128E66
000004659B79
0000102D5496
00000049D6DB
FFFFF7C6B443
FFFFF72E4450
FFFFFA402E47
FFFFF8F0B906
000007D73B7E
00000413B7EB
000002922CC1
000000B759E0
000000EC270F
FFFFFC889401
FFFFFC03D2A8
000008ADF33C
000004E6C71E
00000B7F6251
0000084BC541
00000E663D9C
FFFFFF678865
0000068410FA
000001580B52
0000065E1416
FFFFF59BF66A
000004615C36
00000BB29703
00000B0F4311
000000FB09FF
00000E93721E
00000B29E62F
000004DFC252
0000081E36E9
0000069B9335
FFFFFE7F1BC0
FFFFFB6F6B20
FFFFFB9E6B41
FFFFFE820111
000002C5A720
FFFFFAEF9C8B
00000946486E
000005D67927
0000097EDF21
0000058EE212
FFFFFC7E1BED
FFFFF870C46B
FFFFFCA8FDEA
000005F33F7A
FFFFFBC90A48
00000665048B
000006B114D6
00000A73CA2A
FFFFF57C12BE
000000203ED0
000007E21ECC
0000031A667E
FFFFF66F4C48
000000D5B564
00000D39EC10
000007976975
FFFFFEFB3342
00000166335B
00000ED88D7A
00000EC8FF56
0000085DD608
000002C8BF6C
FFFFF364B1BC
FFFFFAD44811
00000319D75C
000004E62BC4
00000848891A
FFFFFED63646
0000099B1EDC
00000364D2BC
000004A4A243
FFFFFF6CE981
FFFFFC5B5B76
FFFFF8EBF7C0
FFFFFBB04F6C
FFFFFFEDE8A3
FFFFF8CE19DE
000002F33D28
000006948808
000007A6F686
FFFFF9899E0B
FFFFFDE9ACE0
00000E2F5E3C
000000BFF368
FFFFFD1B004A
00000B5AC311
00000D70BB4F
0000070B2A23
0000040B2E41
000005DA9B23
000003892383
000008B5E0D3
FFFFFEF91D55
FFFFF5F2C50F
FFFFF817F37E
000001498461
00000F16C8F0
000008533B39
000003F261F1
FFFFFEC516CB
0000077CA935
FFFFFF5D35D9
FFFFFE5056BB
FFFFFDE3608B
FFFFFD7FCF7D
FFFFFA9CAD33
FFFFFCA89B76
FFFFFC59564C
FFFFF9291C79
000005AF17A6
00000A586C13
00000653CAD9
000001A18E5C
0000045ABA83
00000C7FFCEB
000002CB34D8
FFFFFE3627C6
00000A609C1D
00000883CE54
00000D5A8BF5
000004BA7DAD
000001BDA2B6
FFFFF88DD4BA
FFFFF3DB263E
FFFFF594D352
FFFFF7854188
0000003F3D6A
0000089A2EEC
00000EB25697
00000367087B
FFFFFD1BC6FC
FFFFF9699C21
FFFFFE1DB34E
FFFFFCC835AD
000001EC938F
00000054A980
FFFFFE47731B
FFFFFC96448A
FFFFFD7DB6F4
FFFFFB76A2C2
FFFFF74DA672
000003A6E09E
000005FBDC2F
000002512632
FFFFFE79FFF6
0000027B1612
FFFFFDECBE62
0000011C2B62
FFFFFB159162
0000003D20B4
FFFFF99A8EC0
00000525C425
0000018B0B03
FFFFF5B6D641
FFFFF1925D40
FFFFF2FE2614
FFFFF7488650
FFFFFF351847
0000034BB7F1
000002FF0D3C
FFFFFF5CECA2
FFFFFB2B240B
FFFFFF6823AF
FFFFFBDFF8DE
FFFFF71C8CCF
FFFFF983B8D2
000003869714
000005829416
000004166D75
000000915ECC
FFFFFFA9403A
FFFFFEFB5860
FFFFFE71E55B
000002B174A3
000000B42025
000003DA8284
00000314695D
FFFFFE04F65F
FFFFF4F89133
FFFFFB80E736
FFFFFFB4986F
FFFFFE84EFFB
FFFFFA33997A
FFFFFD5E540D
FFFFFEA68259
FFFFF5F58564
FFFFF593E871
FFFFFEDE23C0
000000543C14
0000008B4312
0000040BB339
FFFFFD95F485
FFFFF81056E6
FFFFFEED680D
000008A89404
00000C434A6F
FFFFFCB20C4C
000002ACD9D5
0000088752F6
00000B422B95
00000A7AF3B1
0000077B92F4
00000772FF9D
00000444443D
0000054F60B2
000007DF038F
0000039568ED
0000026C2807
0000035CA2A5
FFFFFDFD419C
FFFFFB563C12
FFFFFA0E4B12
000000C2870A
FFFFFFC80F2F
FFFFFAC71FAC
FFFFF9E7C57A
FFFFF8568DF7
FFFFFD93498D
0000013145F6
0000048CB107
000006C39BDA
000004888F60
00000298D49D
FFFFFF915F9B
000000E94125
000005B79F08
00000D0283D2
000009CF9745
0000023C14EF
00000410C120
0000094B9161
00000EC30885
00000EC76E7D
00000B224F87
00000B217151
00000886EC9B
0000091E684B
00000D5725C7
00000B333D3D
000008AC8F61
000007D28380
00000443AB65
00000144C700
000000332D29
00000289B90D
000007630C46
000004B00077
FFFFFFADCA32
FFFFFDC28374
00000463A568
0000097B5F23
00000A1A1CE7
00000B1839DD
00000874480F
000003F95971
00000445E3CB
000005A448E2
00001062299B
00000D7D8272
FFFFFB8907B3
FFFFFA01B9FB
FFFFFBCFE7D2
FFFFF80D05CF
FFFFF765CF96
FFFFF7C6895D
FFFFF97433D7
FFFFFA016CEB
FFFFFA1BA5B6
FFFFF9D302CF
FFFFF94B5423
FFFFF89D7F4A
FFFFF8268874
FFFFF79F970D
FFFFF781BBC0
FFFFF7210655
FFFFF77E19B2
FFFFF7F074AA
FFFFF85FAC1A
FFFFF852B828
FFFFF8247F48
FFFFF7904079
FFFFF8161463
FFFFF882B627
FFFFF910C0EA
FFFFF7E7787F
FFFFF6E713E0
FFFFF7644DE3
FFFFF7E2F822
FFFFF5F74A06
FFFFF80A33EF
FFFFF98A4292
FFFFF97A477C
FFFFF5F9EE62
FFFFF7D80955
FFFFF32A9864
FFFFF3337BC4
FFFFF2F95DBD
FFFFF3992C69
FFFFF445C201
FFFFF4642DF8
FFFFF3C1F412
FFFFF33BAC39
FFFFF29214C1
FFFFF1CA6197
FFFFF1A89F68
FFFFF26DF3D5
FFFFF2EC5375
FFFFF3088DE9
FFFFF2BC6385
FFFFF2B32180
FFFFF32F474F
FFFFF2D7AA7A
FFFFF2745B08
FFFFF3364D3B
FFFFF3B249C3
FFFFF56A948C
FFFFF4A8195C
FFFFF1A4E078
FFFFF16BCE43
FFFFF2AB5708
FFFFF2B30956
FFFFF68E0D08
FFFFF79120CC
FFFFF7058855
FFFFF91BF9F9
FFFFF964ADB1
FFFFF287D043
FFFFF2FD7212
FFFFF30C0F5F
FFFFF2EA8BAE
FFFFF2776B24
FFFFF218A08A
FFFFF216F340
FFFFF2D7FC1A
FFFFF313FA8F
FFFFF234676F
FFFFF184BA3A
FFFFF26EBF8B
FFFFF361E53D
FFFFF2FA6822
FFFFF1BF754D
FFFFF18F50AF
FFFFF22FD5AA
FFFFF27D397D
FFFFF251D1AD
FFFFF17BD988
FFFFF1554B35
FFFFF416F34F
FFFFF5BF4683
FFFFF1F3A623
FFFFEF17C006
FFFFEFE3C9AF
FFFFEFB80935
FFFFF34C0C13
FFFFF50EE485
FFFFF5DC85FE
FFFFF8FB3D88
FFFFF87571FC
FFFFF2A8B870
FFFFF4D3A317
FFFFF6541EF4
FFFFF6198223
FFFFF4AE0A47
FFFFF35FB6AD
FFFFF35A60CE
FFFFF49A31A6
FFFFF506A0E0
FFFFF4154FD3
FFFFF3503553
FFFFF4A87ADF
FFFFF5EEDC28
FFFFF54994A6
FFFFF42DE6CE
FFFFF4EB4C10
FFFFF56BACFF
FFFFF5B1AF2A
FFFFF5BE9BC1
FFFFF3A70329
FFFFF3A418DC
FFFFF62FEFCD
FFFFF84D6457
FFFFF56503E6
FFFFF0D1C1B4
FFFFF2CD2524
FFFFF1110050
FFFFF2DC5ADD
FFFFF6F30E80
FFFFF80AE30B
FFFFF8981E6C
FFFFF833FE7C
FFFFF322491F
FFFFF4658DD5
FFFFF6104595
FFFFF625EDF4
FFFFF5916B8D
FFFFF4D86D16
FFFFF458B8BF
FFFFF49315EE
FFFFF41D45A9
FFFFF36D5C38
FFFFF353BDCE
FFFFF508B3A6
FFFFF6222F97
FFFFF5D14EE1
FFFFF5498498
FFFFF63D8E57
FFFFF6C52258
FFFFF7DCF341
FFFFF736662C
FFFFF4BBE536
FFFFF55B1D75
FFFFF65EF131
FFFFF5E4BFE5
FFFFF7576397
FFFFF3559A21
FFFFF542AA34
FFFFF38BDF21
FFFFF475A5AD
FFFFF6A264D9
FFFFF7E04BC4
FFFFF88F6DDE
FFFFF7ABFC2F
FFFFF3266B37
FFFFF3B6CB3F
FFFFF4FDA22D
FFFFF43E4051
FFFFF43403D8
FFFFF4C5F02D
FFFFF48F6996
FFFFF4A95DF4
FFFFF417E486
FFFFF377DEDE
FFFFF3878291
FFFFF4643852
FFFFF4A0CB57
FFFFF4F8E45F
FFFFF4233515
FFFFF3F57687
FFFFF5B1036F
FFFFF65588F5
FFFFF54E6897
FFFFF51410BF
FFFFF61717C3
FFFFF628C8DD
FFFFF331520D
FFFFF3FA5751
FFFFF469868D
FFFFF2FA8602
FFFFF1B052BF
FFFFF38ACBC5
FFFFF451176F
FFFFF7C82162
FFFFF95B929E
FFFFF8E76C8E
FFFFF3C66C7E
FFFFF48718F8
FFFFF5FDA7CC
FFFFF508F3A1
FFFFF43CA188
FFFFF4573F05
FFFFF5009F84
FFFFF5746464
FFFFF5059801
FFFFF48453B1
FFFFF49EA964
FFFFF4D72F36
FFFFF3A4B2DE
FFFFF3726AA3
FFFFF2FC7E16
FFFFF3C8AF42
FFFFF5E71CE2
FFFFF65129B7
FFFFF58DA8E7
FFFFF647D91C
FFFFF73A8394
FFFFF5E2CEEE
FFFFF42FE48D
FFFFF48564E5
FFFFF5AF2C42
FFFFF176A431
FFFFEEF44BB1
FFFFF3964E79
FFFFF53AE17E
FFFFF9891A0F
FFFFF939CD84
FFFFF9564380
FFFFF4DA1CD5
FFFFF6161EA0
FFFFF6F54FA5
FFFFF5343606
FFFFF3B1AD59
FFFFF3F56524
FFFFF5AA0C20
FFFFF62AA78F
FFFFF567C9AE
FFFFF553ADB6
FFFFF65C9BA4
FFFFF515F5D3
FFFFF3C8DE89
FFFFF2F6F350
FFFFF2F3F504
FFFFF5132A47
FFFFF5592E72
FFFFF48AA8D4
FFFFF43E2E05
FFFFF63358EE
FFFFF709730B
FFFFF635DCDD
FFFFF558C8F2
FFFFF5BDCDD7
FFFFF676EDDE
FFFFF17D15C0
FFFFED729A80
FFFFF1FBA0CF
FFFFF5BC18BB
FFFFFB37D049
FFFFF8BC8FEF
FFFFF8F19EEC
FFFFF462BCA1
FFFFF5190355
FFFFF6201B20
FFFFF504B180
FFFFF46DAA1B
FFFFF467ADAE
FFFFF39D0FFD
FFFFF3401519
FFFFF3D37142
FFFFF585C9BA
FFFFF61C1861
FFFFF5EB5B31
FFFFF56EB112
FFFFF45A2137
FFFFF4538747
FFFFF4A2208C
FFFFF3A1E82A
FFFFF261E507
FFFFF2C9B86F
FFFFF4CB1EE5
FFFFF5FC196B
FFFFF5B8944C
FFFFF63146DA
FFFFF742D1B3
FFFFF664E365
FFFFF2F9DC55
FFFFF03D268C
FFFFF106D196
FFFFF5BEE394
FFFFF9EDB07D
FFFFF89FC21F
FFFFF85BE233
FFFFF434E2DF
FFFFF53FD5F4
FFFFF6579134
FFFFF61B59F1
FFFFF60869B4
FFFFF54B4D4E
FFFFF40D3A99
FFFFF2188FEE
FFFFF1F32DCD
FFFFF35B7D12
FFFFF4D85058
FFFFF6876745
FFFFF7AC43CB
FFFFF5C38691
FFFFF466E365
FFFFF4B9CA3C
FFFFF38C390C
FFFFF3004D9D
FFFFF2C89B3B
FFFFF37CBEFE
FFFFF44F7162
FFFFF55352FA
FFFFF4ECA5ED
FFFFF655178D
FFFFF573015B
FFFFF422DD4C
FFFFF2FDC65B
FFFFF2FBBC30
FFFFF4ACA1AC
FFFFF8D87AA6
FFFFF83E9425
FFFFF779026F
FFFFF3CCBABB
FFFFF4674869
FFFFF51E5937
FFFFF5BE7FF8
FFFFF66D4CCC
FFFFF50DE7EE
FFFFF2D24EF8
FFFFF1B4BAAD
FFFFF0C033DB
FFFFF097C811
FFFFF23F71A8
FFFFF4C5E6DE
FFFFF63CE8F9
FFFFF5176DF4
FFFFF3D0B260
FFFFF3AFFE62
FFFFF44E8E21
FFFFF338130E
FFFFF1E69EB1
FFFFF310B718
FFFFF469AEFC
FFFFF4A06B0E
FFFFF47F2AF0
FFFFF4433479
FFFFF5B47D12
FFFFF516CE3C
FFFFF1B4E147
FFFFF37BF9B8
FFFFF4A7612E
FFFFF7BB52F0
FFFFF861C1C3
FFFFF76C3C36
FFFFF2C60F11
FFFFF35F922B
FFFFF4BFAAFE
FFFFF4DE4268
FFFFF4EB4BE7
FFFFF4EFB3C6
FFFFF56AF3D5
FFFFF4720194
FFFFF2F12D80
FFFFF1E365CB
FFFFF18B32B2
FFFFF2E2842D
FFFFF3E2EF48
FFFFF3E9D06D
FFFFF3C2A4FC
FFFFF3E33E86
FFFFF3AA3F66
FFFFF3DE4B4F
FFFFF3B452FC
FFFFF4064AFF
FFFFF3FD4C64
FFFFF3C87E79
FFFFF4625BF4
FFFFF44E1F2F
FFFFF43F437B
FFFFF3FD9CB6
FFFFF264D6F6
FFFFF4498A11
FFFFF73DF643
FFFFF98F8F12
FFFFF889EE66
FFFFF793B8C1
FFFFF260E564
FFFFF34C9B62
FFFFF56A386A
FFFFF47EECAC
FFFFF3D24C59
FFFFF4CD3B4E
FFFFF6F28CDD
FFFFF56767BA
FFFFF31E6C3F
FFFFF3B609A0
FFFFF36A7ADD
FFFFF1B9D6ED
FFFFF1FE6D67
FFFFF41D3817
FFFFF57512FB
FFFFF5205B00
FFFFF3D72377
FFFFF36AFF3B
FFFFF4375DAE
FFFFF3A9292E
FFFFF2E653B8
FFFFF3F95013
FFFFF46DDD1D
FFFFF521D726
FFFFF49222D4
FFFFF2ADD720
FFFFF30F310A
FFFFF4BB391C
FFFFF767EBA3
FFFFF9C2FB7F
FFFFF8E6D4D2
FFFFF802BDDC
FFFFF21FEA35
FFFFF3BD4747
FFFFF623779A
FFFFF4FEF1C9
FFFFF3D42BE2
FFFFF44986E7
FFFFF3F28A63
FFFFF497A2D5
FFFFF522ED20
FFFFF50CF305
FFFFF41A008F
FFFFF4708849
FFFFF289C301
FFFFF30CA13D
FFFFF5372351
FFFFF5534187
FFFFF3CB853B
FFFFF431C368
FFFFF5712855
FFFFF511A4E1
FFFFF409C94A
FFFFF4EC4874
FFFFF5DE026F
FFFFF6809575
FFFFF5AC603A
FFFFF33D2E25
FFFFF31AE70C
FFFFF44377E0
FFFFF6C4789A
FFFFF8FAFF31
FFFFF920CAB7
FFFFF88E6C68
FFFFF237B979
FFFFF36D8FEC
FFFFF519F300
FFFFF5177F24
FFFFF50FF02B
FFFFF3DE7210
FFFFF1C06FC4
FFFFF44FB7C9
FFFFF7168099
FFFFF61A2DFB
FFFFF2F70B6A
FFFFF4ABBBBE
FFFFF417539D
FFFFF31D1B74
FFFFF2BED382
FFFFF1D9EC62
FFFFF2E54F03
FFFFF3E65FD5
FFFFF4BC8174
FFFFF595ADD0
FFFFF52A69D2
FFFFF55A635B
FFFFF60DBA66
FFFFF6912C1E
FFFFF524BAE3
FFFFF25AE570
FFFFF282D518
FFFFF467B44A
FFFFF79B193C
FFFFF96B3C54
FFFFF8EDA146
FFFFF876A2E0
FFFFF2CEA232
FFFFF366D1EC
FFFFF4E073AE
FFFFF5AFF6D1
FFFFF7DB4B28
FFFFF579646B
FFFFF25DA7E5
FFFFF3C3DC6F
FFFFF52BEE82
FFFFF4E88A31
FFFFF3326DF6
FFFFF3481EB5
FFFFF47F2D43
FFFFF52502D5
FFFFF465BC3F
FFFFF31DD33B
FFFFF3C44E58
FFFFF4A1FC72
FFFFF4F3CD44
FFFFF62D4E63
FFFFF6713EE0
FFFFF4BCB43A
FFFFF3C073ED
FFFFF51CB716
FFFFF50B7E3B
FFFFF2EDDD65
FFFFF2CD8852
FFFFF3B9B7BF
FFFFF84D84F0
FFFFFA729C8F
FFFFF8CE2996
FFFFF88F7AE0
FFFFF39BC82E
FFFFF36E9458
FFFFF41867E7
FFFFF600CBB7
FFFFF75D4BEB
FFFFF68592BE
FFFFF27FC26D
FFFFF30C00F9
FFFFF30552D7
FFFFF43175D5
FFFFF509AA0B
FFFFF3987839
FFFFF3C1D8D5
FFFFF6187562
FFFFF70EFE49
FFFFF688960F
FFFFF4F8B016
FFFFF287F3AF
FFFFF31C83E6
FFFFF513D39E
FFFFF4E78714
FFFFF347398F
FFFFF2E47E17
FFFFF4C61E10
FFFFF5A2EA69
FFFFF3B93D81
FFFFF2DC0D62
FFFFF2AD4303
FFFFF7A3468F
FFFFFA5FF180
FFFFF8D94A65
FFFFF9041ADA
FFFFF42DA857
FFFFF3A88A9A
FFFFF3BCF9D1
FFFFF56C9B18
FFFFF5B6668F
FFFFF5B10627
FFFFF45E4726
FFFFF50B7A5B
FFFFF4377408
FFFFF503F56C
FFFFF5C62C31
FFFFF1EF8CF2
FFFFF1ACA1DC
FFFFF4FA4BC5
FFFFF6A63165
FFFFF7839588
FFFFF50AAA3D
FFFFF1FFC127
FFFFF372CF98
FFFFF5F1EDFA
FFFFF4666EBD
FFFFF2C93F9D
FFFFF3771059
FFFFF590A8C7
FFFFF6389AB9
FFFFF54881B5
FFFFF2FF0172
FFFFF3264C04
FFFFF698843F
FFFFF938F490
FFFFF8A09E02
FFFFF94D536D
FFFFF4AEE80C
FFFFF4565124
FFFFF47A6246
FFFFF4DF66C2
FFFFF48207FD
FFFFF5F2DF9B
FFFFF603A3C5
FFFFF4E0F21C
FFFFF44BDF03
FFFFF4A238A8
FFFFF55FD229
FFFFF29E4D6C
FFFFF03DEBBB
FFFFF261BEC6
FFFFF5FA9580
FFFFF75BA0D6
FFFFF46EFBBB
FFFFF37F4736
FFFFF4BA744F
FFFFF4E93437
FFFFF479C220
FFFFF3E2FE1A
FFFFF424664B
FFFFF4684833
FFFFF4F53FAD
FFFFF5912811
FFFFF2FC2E26
FFFFF4128C8F
FFFFF6D378B7
FFFFF98D9675
FFFFF84D5E7B
FFFFF8E0D943
FFFFF4CA62BB
FFFFF50A7E53
FFFFF5D312D1
FFFFF3DC4FB0
FFFFF3A6D77D
FFFFF5486A11
FFFFF6D1A50C
FFFFF2F00800
FFFFF23F7E17
FFFFF60C9F78
FFFFF6FD5A2B
FFFFF670EDA4
FFFFF194570B
FFFFF2183221
FFFFF41D9F04
FFFFF6D58EBE
FFFFF53B542F
FFFFF42D2D34
FFFFF5F785D5
FFFFF54ABEE1
FFFFF3D1A0A1
FFFFF48F0398
FFFFF45A0A5C
FFFFF42C788B
FFFFF4BFD6F9
FFFFF56B0EA1
FFFFF2F99DF0
FFFFF43A5206
FFFFF8646CDE
FFFFFA53FA5C
FFFFF7FE4010
FFFFF8506F58
FFFFF49EF0CB
FFFFF59CCC2E
FFFFF6179732
FFFFF34C8191
FFFFF2B9CC25
FFFFF54FFDA4
FFFFF681DC6B
FFFFF50B32AE
FFFFF24DCAE4
FFFFF622587A
FFFFF7051628
FFFFF75275EA
FFFFF35A82A7
FFFFF1CE2671
FFFFF24B9E5D
FFFFF4926099
FFFFF4F8F705
FFFFF4293187
FFFFF3953FC2
FFFFF27EA426
FFFFF364E8D5
FFFFF3E5692A
FFFFF21AFBA1
FFFFF3C076E2
FFFFF4246183
FFFFF3EF1D4C
FFFFF310A26B
FFFFF427996D
FFFFF870ABA4
FFFFF9FF5386
FFFFF8263476
FFFFF7D7E8CF
FFFFF3D48FDF
FFFFF58CA13C
FFFFF60D9318
FFFFF3628EAB
FFFFF2943BE1
FFFFF4FF7DEE
FFFFF5DCF3B4
FFFFF6727225
FFFFF49657B3
FFFFF45F3565
FFFFF5B76F6B
FFFFF6D5A3FC
FFFFF6C0DB31
FFFFF4394EF7
FFFFF206D7A5
FFFFF2FC7261
FFFFF4DC5385
FFFFF4D1DBD3
FFFFF0A482AF
FFFFF0E9D8B9
FFFFF27FD516
FFFFF47D0D68
FFFFF4141B7F
FFFFF4424020
FFFFF4F0C111
FFFFF401009B
FFFFF3131489
FFFFF390D172
FFFFF7014430
FFFFFA00A8B3
FFFFF8468A76
FFFFF7EBFA4D
FFFFF2B14027
FFFFF4733BD2
FFFFF6213FA0
FFFFF440FBBE
FFFFF3132855
FFFFF4317265
FFFFF4814A06
FFFFF623D798
FFFFF6555D57
FFFFF356D09B
FFFFF39B0C63
FFFFF6B1E8EA
FFFFF761A047
FFFFF4A2D2B9
FFFFF08D06F7
FFFFF208A60E
FFFFF432CDD4
FFFFF4FB930E
FFFFF12E6E00
FFFFF05D6644
FFFFF214A440
FFFFF42D3FCD
FFFFF4EE8625
FFFFF41D8A49
FFFFF354D427
FFFFF45B6A4B
FFFFF3EDC7C9
FFFFF3C435D7
FFFFF692D268
FFFFF9956A44
FFFFF8358C44
FFFFF8351692
FFFFF1371D73
FFFFF392DB6C
FFFFF61C86FB
FFFFF55AE251
FFFFF4DBC5A9
FFFFF377B46B
FFFFF3D8E80F
FFFFF6110F56
FFFFF7A322FA
FFFFF44763BC
FFFFF1C1A7F0
FFFFF4C6C8A1
FFFFF66575B2
FFFFF5259A7B
FFFFF0922F05
FFFFF2C03D6D
FFFFF4BD6F95
FFFFF649DC10
FFFFF4C4F9A7
FFFFF251CD85
FFFFF26A40D8
FFFFF3870073
FFFFF344C50A
FFFFF22D18D0
FFFFF3CA2FE4
FFFFF4544E5D
FFFFF5B21907
FFFFF68A69E4
FFFFF7072481
FFFFF89952BA
FFFFF7BD2960
FFFFF7EF72CB
FFFFF01760D0
FFFFF322401C
FFFFF5B7261A
FFFFF69CE6A9
FFFFF6499FC8
FFFFF39C20AB
FFFFF39CD78F
FFFFF6CB6307
FFFFF7AB4C7C
FFFFF537593B
FFFFF28C18B3
FFFFF4B1BDBD
FFFFF643D6E3
FFFFF5BBDFA7
FFFFF2E171E4
FFFFF3EC5F08
FFFFF4CEFECA
FFFFF51D85F3
FFFFF41ED92B
FFFFF21DEBC8
FFFFF160F891
FFFFF2913C62
FFFFF31DC94B
FFFFF3B0A016
FFFFF3E7F51A
FFFFF58254C9
FFFFF5C766AB
FFFFF650EA9A
FFFFF7B01622
FFFFF8E58270
FFFFF765B3AB
FFFFF7B6A7DA
FFFFF05525C6
FFFFF3264535
FFFFF5B535A7
FFFFF6C39C51
FFFFF743C09D
FFFFF49DED49
FFFFF39038C0
FFFFF6619D80
FFFFF6BBE16F
FFFFF65973E0
FFFFF4D8505F
FFFFF4DB9D4E
FFFFF597FFCE
FFFFF60DE505
FFFFF5A0CE2F
FFFFF3D5E255
FFFFF345093A
FFFFF38AB460
FFFFF3B7B44D
FFFFF25E6442
FFFFF34E3C11
FFFFF5175370
FFFFF550C392
FFFFF588860E
FFFFF538B2D4
FFFFF3F153C1
FFFFF3A2E730
FFFFF56F9B55
FFFFF8D6CF16
FFFFFA739E99
FFFFF71408D3
FFFFF786065C
FFFFF1064289
FFFFF28B3D0D
FFFFF53BD997
FFFFF66CE0B4
FFFFF74E2816
FFFFF53D0DDA
FFFFF41012A9
FFFFF561A67F
FFFFF5D494E8
FFFFF6724CEE
FFFFF59AED9C
FFFFF412293D
FFFFF4F7F990
FFFFF5B9B225
FFFFF54CFDC6
FFFFF37F9EB1
FFFFF2FB6DA5
FFFFF3F8281C
FFFFF2D40893
FFFFF33016BE
FFFFF3A87707
FFFFF52B577D
FFFFF57F2AA4
FFFFF67395E5
FFFFF6016866
FFFFF339161D
FFFFF28DD345
FFFFF4E5EF4D
FFFFF828BA6A
FFFFF9ECB632
FFFFF6868557
FFFFF6832DF9
FFFFF0D0C2A2
FFFFF2C4FF52
FFFFF50C559C
FFFFF65DF886
FFFFF6F41813
FFFFF5EFBB26
FFFFF557DA81
FFFFF464F064
FFFFF53A9CB1
FFFFF5E9AF47
FFFFF63003E3
FFFFF48E65E5
FFFFF402B60D
FFFFF5DECF01
FFFFF54E59EC
FFFFF56DE191
FFFFF45C780B
FFFFF4BD3A88
FFFFF3C69488
FFFFF54963ED
FFFFF4E4D8DC
FFFFF3786EF1
FFFFF5E8280E
FFFFF7A55F76
FFFFF6C58B61
FFFFF5C693FE
FFFFF49C8407
FFFFF4DF2412
FFFFF726BEF5
FFFFF9E8C1B6
FFFFF83A1B34
FFFFF64D84FE
FFFFF25A8B94
FFFFF401B705
FFFFF4B01D7A
FFFFF55FFCAD
FFFFF6439385
FFFFF64CF756
FFFFF5E5DA1E
FFFFF46446D7
FFFFF4AAA519
FFFFF5B36E76
FFFFF66EDAF2
FFFFF6586FA9
FFFFF5EE3A68
FFFFF5E182F5
FFFFF5CD42B5
FFFFF5F86954
FFFFF56897DE
FFFFF43C0C24
FFFFF3C1E5C2
FFFFF57E228F
FFFFF522BDD2
FFFFF48F02BF
FFFFF5098A0A
FFFFF6EFF7B1
FFFFF79F72A3
FFFFF554D8E9
FFFFF3F01B9D
FFFFF3500929
FFFFF4E6526E
FFFFF950C574
FFFFF74F8A31
FFFFF5898C67
FFFFF2828CE2
FFFFF3F974F4
FFFFF55AFB44
FFFFF4A19573
FFFFF52CBA5F
FFFFF5A921C2
FFFFF55A6D9B
FFFFF403B377
FFFFF3BF7C94
FFFFF4EEA8B8
FFFFF556E060
FFFFF5B52843
FFFFF51ADFC7
FFFFF429F248
FFFFF48AE9AB
FFFFF55616F1
FFFFF536FC33
FFFFF2F4950D
FFFFF40D609E
FFFFF5E603D7
FFFFF675F296
FFFFF6241B13
FFFFF555B3E5
FFFFF543552E
FFFFF4E65CE3
FFFFF4244592
FFFFF4B2D790
FFFFF47CE110
FFFFF680C83B
FFFFF9F1E2EA
FFFFF9CEB020
FFFFF9458FA5
FFFFF75205C1
FFFFF8CB3CF6
FFFFF93A4982
FFFFF7D0E797
FFFFF87817E2
FFFFF8EBF0A4
FFFFF84FFAF3
FFFFF75EAA8A
FFFFF745EECE
FFFFF75702CE
FFFFF845C0FD
FFFFF8AAD8E4
FFFFF8574E14
FFFFF72183D7
FFFFF7A7F99E
FFFFF849DEA6
FFFFF7B209F3
FFFFF7E5C746
FFFFF8A79639
FFFFF9D0E743
FFFFF9E1FA4C
FFFFF9F64F4F
FFFFF93C9515
FFFFF89C1A0E
FFFFF8D9497E
FFFFF7EF3712
FFFFF57D53D7
FFFFF5DEF603
FFFFF8E9C230
FFFFFB4587C8
FFFFFAF1BE1C
FFFFF949E286
FFFFF5F1FF8D
FFFFF7A3B0EF
FFFFF929CFEE
FFFFF7C0C223
FFFFF7BB54BE
FFFFF830EBB2
FFFFF8C9A4C4
FFFFF90C0D4B
FFFFF887250D
FFFFF7232773
FFFFF7CD6DC7
FFFFF89EA50D
FFFFF8CD6A62
FFFFF82A0639
FFFFF7F8632F
FFFFF8CBEFAB
FFFFF93FC403
FFFFF90D295F
FFFFF88F904D
FFFFF89E7C9B
FFFFF915897D
FFFFF8D24D73
FFFFF8BCF46F
FFFFF8DBE87B
FFFFF8A89028
FFFFF80432D0
FFFFF973361E
FFFFF8CE6D2E
FFFFF8A41B6D
FFFFFB07535D
FFFFFFD45D9A
FFFFFC0A1912
FFFFF9BCD3F1
FFFFFA7DF502
FFFFF1C228CD
FFFFEF158C42
FFFFF0A210BE
FFFFF292FA64
FFFFF43508A3
FFFFF36730ED
FFFFF42EBA26
FFFFF6A4D149
FFFFF88CCBC2
FFFFF915B8A3
FFFFF60E65F8
FFFFF6F85FCA
FFFFF98B2198
FFFFF4626FFD
FFFFEC81A0B8
FFFFEEA64066
FFFFF5D041F4
FFFFFC9EA5E6
FFFFFCE61BBB
FFFFF3E4EF86
FFFFEE818FA9
FFFFEFB37A19
FFFFFB3C5AA4
FFFFFDA1B4A8
FFFFEAC19CC7
FFFFEEC164B5
FFFFF930622C
000008192A0B
FFFFFAA62907
FFFFF7211C04
FFFFEDA3DD40
FFFFE9D0AC7C
FFFFE01344A8
FFFFCDA7CE4E
FFFFC224CA5D
FFFFC1AAFBC1
FFFFCC4282AC
FFFFD877FE3C
FFFFE0460832
FFFFE251749B
FFFFE1768E3A
FFFFDF71BB79
FFFFE1186327
FFFFE3E6298C
FFFFEA02FC40
FFFFEEE70AC6
FFFFE8DC1781
FFFFE19A1565
FFFFDE4507FA
FFFFE2AF8FDE
FFFFF1F891A8
FFFFF96C26E2
FFFFF3D29802
FFFFF2A3A4C1
FFFFEF49960B
FFFFEE9BFEF1
FFFFEEF25EC2
FFFFEF3EEA3D
FFFFF1010F56
000007247EFE
FFFFF9CF7F9A
FFFFF731E62D
FFFFEDE0D730
FFFFEE9BB4BD
FFFFEE48594C
FFFFE543036D
FFFFE024A10B
FFFFDEE19703
FFFFE0CC18BD
FFFFE2EA3594
FFFFE412BE3A
FFFFE607AF5B
FFFFE6E244DB
FFFFE603EAE1
FFFFE9C39A54
FFFFECCAB7CE
FFFFF014E62E
FFFFF3CF58D1
FFFFF7767D3D
FFFFF858F2F7
FFFFF208EDB7
FFFFEA591981
FFFFF077DB55
FFFFF1B4B306
FFFFF438D62E
FFFFFB195B8B
FFFFF1527CFF
FFFFE9F5FF03
FFFFF217C891
FFFFECD3BCD1
FFFFEC35A8E5
0000057CB287
FFFFFFB54974
FFFFFD1DD7FE
FFFFFF97332B
FFFFFD10D21D
FFFFFF2CE274
00000208FB38
FFFFFC75CE32
FFFFFD0C7768
0000014DF5FC
0000045C56AB
0000029A9D98
FFFFFDDE475C
FFFFFAE3A9A7
FFFFFB279880
0000035A94FF
000004BB6AC6
00000275A4E2
FFFFFF1E6042
FFFFFDD6158F
0000031A2C7E
000008B5BA5C
000007BA5F72
0000067B4742
000000207D5B
FFFFF3C1B361
FFFFF5D8F105
FFFFFC03D2A8
FFFFFED7B633
000008B88324
00000095F37D
FFFFED8C3549
FFFFF41DDCF4
FFFFFCF0A746
FFFFFC58A534
FFFFFE848377
FFFFFB736DB8
FFFFFD848BB4
000003E59F49
00000C111607
00000F6D0D26
000006AFF18C
000005688ECD
000005EA9CB0
00000360AFFB
FFFFFF4F3A00
FFFFFDB151CD
000001183044
FFFFFDC958A2
FFFFFF55B65C
FFFFFC440F9B
FFFFFFEAA8F1
000002F55F74
000000595B7D
000002FC0E1A
000001406DF8
0000010CAAF8
FFFFFAE5AA1C
FFFFEE483172
FFFFE9A955F6
FFFFFB12F928
000007E6ABF6
000007ED84CD
FFFFF630813F
FFFFF267095B
FFFFFF8F7993
0000011E4CFB
0000003DF032
FFFFFF63D9DC
000002911617
FFFFFB3ACCDC
FFFFF23AC841
FFFFF686F572
0000062B0CAC
00000C79D9D5
00000911108F
0000049E90BC
0000033376F1
00000457CEFC
00000152A1D5
FFFFF6DFFAC2
FFFFF5F0E7BF
FFFFF39D54F0
FFFFF5B3949F
FFFFFA5238DB
FFFFFC20A307
FFFFFF30A621
FFFFFF2EE23A
000000D5F6B6
000005D721B8
FFFFF4982B00
FFFFD8B5E298
FFFFD8EC6A1D
FFFFF35B0CF8
00000DC83479
000009CED12B
000006F6245E
FFFFFFBE3110
FFFFFE8A9528
FFFFF98C778C
FFFFFB6F2461
FFFFFC057392
FFFFF2F8B603
FFFFE560B6B5
FFFFDDEE22C4
FFFFE330685A
FFFFED366699
FFFFF7398EF5
FFFFFA28A051
FFFFFCF6E228
FFFFFAEF8B14
FFFFEE35C289
FFFFEC02D5AB
FFFFEE93923B
FFFFE77ABF11
FFFFE7232BE2
FFFFE6FBBED9
FFFFE7FADB90
FFFFEC6259D5
FFFFF469BEB3
FFFFF3858CA2
00000032D979
FFFFFFDED1D0
FFFFF3E7A9CD
FFFFEF0DD3C9
FFFFEB6FBCEC
FFFFF51096E3
00000AE49354
000017335517
000000111336
000000A84AAF
FFFFFE4744B4
FFFFFCF2FC60
FFFFFD624BFE
FFFFFFA53E98
FFFFF82CF52B
FFFFEE52D48E
FFFFE9A9667B
FFFFE8AA5A97
FFFFEAA1978A
FFFFF42033D0
FFFFFCC4F4D3
FFFFF8CB8395
FFFFF09F2F27
FFFFEC42DF25
FFFFE804E1A8
FFFFE59F750A
FFFFE6C01FE8
FFFFE4690FA9
FFFFDE12D99B
FFFFE2813382
FFFFE9E87278
FFFFE73EBADE
FFFFEB59510E
FFFFFE3FCC36
000007FF5FE1
000003D0AFCF
FFFFFB9E4D9D
FFFFE3A26A4B
FFFFE33C7E11
000007029746
FFFFFAA188D6
FFFFFB9B5DAB
FFFFFD1B9799
FFFFFCEFB3E6
FFFFFC7CCBFB
FFFFFCFE6862
FFFFFE5C7D61
FFFFFDBDE4FE
0000001678CA
FFFFFDCA1CCB
FFFFF49D596D
FFFFEAF65681
FFFFEC7EFC1F
FFFFF4FBD410
FFFFFA8D6386
FFFFFC786108
FFFFF52C6539
FFFFF32255C0
FFFFFD1D2E40
0000047F2CDA
FFFFFF21A1AC
FFFFFD17FB99
0000012538F4
FFFFFD76E186
FFFFF02BBEF4
FFFFECFAEEDA
000008CD7122
0000068C6B10
00000745020E
FFFFFE12A8FA
FFFFE8FE7410
FFFFF86AC0E5
FFFFF6AEB5B7
FFFFF2515286
FFFFF1A3733A
FFFFF394892B
FFFFF4761D88
FFFFF4EECF26
000001227305
00000A3F818A
00000675042C
000004FFF1C5
000005DEEC0B
FFFFF53EF2A1
FFFFDC25A9A2
FFFFD89C2E40
FFFFEF97C2F6
FFFFFE5DD936
0000002C8240
000000EBD250
00000842BF08
00001128ACA8
00000BD56949
000007A167B6
00000F8E5249
00000A1955A5
FFFFFFDC9BAA
FFFFF25B785E
FFFFF9CE79D5
FFFFFD65E7A3
00000E5C0889
00001538F7C3
000007E9C91C
00000119B57E
FFFFFDE37581
FFFFFB5AEF74
FFFFF6DF3D23
FFFFF714D287
FFFFFC22A182
FFFFF8F4138F
FFFFF201861D
FFFFF855CC8B
0000087B6B8C
00000830DEEE
000001E9EAD8
00000170FF37
FFFFF76C9020
FFFFE9BA923D
FFFFE24A21B1
FFFFE6799729
FFFFF8E50B19
FFFFFD9F87DE
FFFFF719A86B
FFFFFD6E3CCA
000009226530
000000C06BE2
FFFFFD1B770C
FFFFFDA0442F
FFFFFFBF6892
FFFFF4B2C824
FFFFF0FF25CE
FFFFEE436334
FFFFFF0261AC
00000AF0AD3F
00000F2A84CF
0000140B3E86
000002A3116E
000002289C16
FFFFFF2DAB51
FFFFFF95806B
0000036EFAAE
000000FDCEF8
FFFFF6462D39
FFFFEB380749
FFFFEE81315A
000004F15466
00000BB7C750
0000045C5992
00000A2678A3
00000761E658
FFFFF54E5B9F
FFFFE82F267A
FFFFEFAE3F31
FFFFF3E7113B
FFFFF3053602
FFFFF021E6C2
FFFFE620F0D9
FFFFE8E6AB37
FFFFF2843F26
FFFFFA53E8F5
FFFFFD78D5EC
FFFFFEA8C084
FFFFFED64FAB
FFFFF984ED41
FFFFF45B308B
FFFFF8E41303
FFFFF51C5343
00000AE06C68
FFFFFF447A73
0000014E8E85
00000153E104
FFFFFF9C1E8A
FFFFFBCD14E4
000002303B45
FFFFFFA348E2
FFFFFB2E97CD
FFFFE9D32A5B
FFFFE82001DB
FFFFFFAC1E35
00000335205F
FFFFFF8A35C6
00000154DB0A
00000429D4E5
FFFFEE80DFBA
FFFFDD4FA5B2
FFFFEBEABCF1
FFFFF3C2F8EC
FFFFEF2ADEE3
FFFFEF2A6FC8
FFFFEE3D5A6C
FFFFE84B8E97
FFFFEBF9C979
FFFFF2389343
FFFFF1528187
FFFFF1C45F28
FFFFF88D7D4E
FFFFEE727CB5
FFFFF16E3245
FFFFF01C159E
FFFFFE555714
FFFFFF76E678
FFFFFD34146D
FFFFFF5B57E8
0000033DF358
0000025943FB
FFFFFC9069B3
000005A8465C
00000A6C7394
FFFFFE2D6CE0
FFFFED380A8F
FFFFEBF0BA53
FFFFFE7BC8EC
0000022C087E
FFFFFC804CA4
000006080514
0000029EA4C7
FFFFEA446D7B
FFFFE3ECE9DF
FFFFF4352FD2
0000039B4285
FFFFFE3C57D1
FFFFFD37D3E5
000000A36E89
FFFFF64E0584
FFFFF26DF8DA
FFFFE6E0F689
FFFFE0F92341
FFFFEE3B069F
FFFFEFC33848
FFFFF893E8BD
FFFFFB44C69F
FFFFFBE056F5
FFFFFEF95A9D
FFFFFB9A985E
FFFFF8A177C9
FFFFFC67BF91
FFFFFF26325C
FFFFFAE479D6
FFFFF8D08A76
0000003B7FE3
000008131A23
0000041A1FB2
FFFFEBC09F1C
FFFFE4F7F71E
FFFFF57CC278
FFFFF89986F6
FFFFF9121C86
0000017F9465
FFFFF92258B5
FFFFEEF2CDB9
FFFFF6FA2285
000005D64542
000005B4692A
000002D55DAB
000002219F43
FFFFFB1E6A82
FFFFFD9F8398
FFFFF9AE0EFB
FFFFF530841A
FFFFF73B4044
FFFFF7BB0B54
000001734645
000002318F0E
000000616471
FFFFFF465C5B
FFFFFE4EE74E
FFFFF91FC62C
FFFFF6A4CB05
FFFFFA05B9C9
FFFFFB4D8C15
FFFFF53EBA03
FFFFF08B17D8
FFFFF8388BE3
00000EC60DB4
000001535074
FFFFE5A65927
FFFFDD3128DC
FFFFF2F2043C
0000057B7D8B
000002F46366
000001F69067
000002B38E20
FFFFF8FE2FA7
FFFFED6C6A91
FFFFEB29ACE4
FFFFF2A03118
00000283A1D2
000009AE8C01
0000037EDBBF
FFFFFDDB8DE8
000002AFE01C
FFFFFFA97439
FFFFFBB63538
FFFFFC434EAE
FFFFF917D3B0
FFFFFBC16BE1
FFFFFE83E694
FFFFFF7F337F
FFFFFB38EF02
FFFFF7905E78
FFFFFECAD7D7
00000177B8C1
FFFFFBCA5CED
FFFFF2B01145
FFFFECA927FB
FFFFFEE5F486
00000FA47672
FFFFFBAF87B4
FFFFE686264E
FFFFDF049D8B
FFFFF1628EC8
FFFFF9043344
0000050DE9A4
FFFFFFB9D247
FFFFF768F5E4
FFFFE659194B
FFFFDFABFE3B
FFFFEADB9DDA
FFFFF04C2F59
FFFFEF8B450E
FFFFFC933BF8
000001D46904
FFFFFDF48334
FFFFFB835BA0
FFFFFB57AA88
FFFFF9904D6F
FFFFF718D153
FFFFFA483D2E
FFFFF8DA3C98
FFFFFC52E093
FFFFFB9B009D
FFFFF8B12DED
FFFFFC92DE49
000001B87E61
FFFFFE6AC0D8
FFFFFB84F0C4
FFFFEF1BD1B5
FFFFEACDA925
FFFFFE3D2163
00000803E858
FFFFF7EFBE09
FFFFE5F96E69
FFFFDD9AF3A7
FFFFDAA71D32
FFFFE43128E1
FFFFFEDE23CB
000004AE4237
FFFFFACFF47E
FFFFFD511153
FFFFFB18497E
000001887204
FFFFFBDFA461
FFFFED1030F9
FFFFE1C62C38
FFFFE5A38EB6
FFFFEEC044E1
FFFFF7F0AEF7
FFFFFFE482D6
0000052DFAB9
00000389CBDE
FFFFFA1C8145
FFFFF8A346F1
FFFFF8867CE1
FFFFF5CB27DE
FFFFF940E190
FFFFFA0FF3DC
FFFFFFD8D532
FFFFFC02E05F
FFFFF5690F85
FFFFE7180BDC
FFFFE6E6A13E
FFFFFFF7C17E
FFFFFF110513
FFFFF34B7105
FFFFE9BD1C0B
FFFFE7064186
FFFFE508BFE2
FFFFE08B98BD
FFFFFF5FBB07
00000094EF20
FFFFF7F13C90
FFFFFD2CA45B
FFFFFF24DD47
FFFFFA62F55D
FFFFF7063402
FFFFEF8CDC84
FFFFE86AE063
FFFFE984815C
FFFFEA9851E7
FFFFF0D1AC0D
000000068141
000007624BB5
0000007C0436
FFFFF9ED5501
FFFFF7EECDA4
FFFFF5CEEDA8
FFFFFBE36CBB
FFFFF3829CE5
FFFFFA6033EC
FFFFFEB92CDF
FFFFFD6D4291
FFFFF241D90D
FFFFF0709A65
FFFFF4E0AD8D
000008CA69CF
00000309C35F
000004C84294
000003B676C1
FFFFFED7C1CE
FFFFEF8230A8
FFFFEC923ADC
FFFFEAA15CF3
FFFFE86D58AF
FFFFE9336907
FFFFF80B016B
00000C4D8D95
000008C088DE
FFFFFBBAF44A
FFFFFF36D9F8
FFFFFE808865
FFFFF015D889
FFFFF21D7E7A
FFFFFA7D7A97
00000806DC19
FFFFFF8B5992
FFFFFAFBF9F3
FFFFF8E2D7D6
FFFFF56C2FF8
FFFFFAA9E9B2
FFFFF8B6C406
FFFFF6B475CB
FFFFFE79EB8E
00000208CB1D
FFFFFA986B45
FFFFF948CFBF
FFFFF09EC684
0000005148BE
FFFFFC4E8008
FFFFFA6C582F
000002611DDE
000008DB83AC
FFFFFE6EF3C3
FFFFEAEBD265
FFFFEC64CB84
FFFFF3E13FF8
FFFFF599AB9B
FFFFEBAC5407
FFFFF3A126A7
0000035AD26B
0000033005AE
0000001F1034
FFFFFB99D10D
FFFFF6BDE943
FFFFF517B586
FFFFF2D24950
000005617958
FFFFFA5889F2
FFFFFA0CA328
FFFFF91CF5AF
FFFFF45A0C82
FFFFF2D5D0AE
FFFFF88BAE34
FFFFFB73C155
FFFFF9ADE11F
000002EA95C3
FFFFFBBC3A2A
FFFFF84730C3
FFFFEF27F504
FFFFF6497C4E
FFFFF6D43A5A
FFFFF0A2973D
FFFFF1130F37
FFFFF8286F06
000007A6B0B4
FFFFFFCE2D08
FFFFFA14AA1F
FFFFFD93581E
00000929DD1C
000002609223
FFFFF1CCF635
FFFFF13BDEE8
FFFFFA5553F5
FFFFFEA621E0
000004F1B8F9
FFFFFC19FEDC
FFFFF2BA904C
FFFFF166B966
FFFFFD077E89
FFFFFA8FDA62
FFFFFD040507
FFFFFDE259A6
FFFFFA29E52E
FFFFF760BD19
FFFFF8B8CF39
FFFFFFBDF627
FFFFF6088176
FFFFFB8BB7BE
FFFFFA52CD64
FFFFF848D6D8
FFFFEFF6BB6A
FFFFF68D1A6D
FFFFF58BE6BB
FFFFF3A25E50
FFFFEC6CC230
FFFFF15747F3
FFFFFFF21D12
000001948EAC
000000A0D242
00000049A8DA
000001DBF0AB
000006BAFE9B
000001081394
FFFFF2F8C671
FFFFE78888C1
FFFFEE18331A
FFFFFE5987B6
FFFFF7885553
FFFFF542534E
FFFFF790E8D0
FFFFFA219D2D
FFFFFB60899F
FFFFFC34B44B
FFFFFF120955
FFFFFDEEFEBE
FFFFFC8834BD
FFFFF990D1C2
000002F5BCA8
FFFFF9D6C944
FFFFFC14A449
FFFFF81D36BD
FFFFFB159A2D
FFFFF100FA25
FFFFF42686BF
FFFFF866A632
FFFFFADA8549
FFFFF83B07D7
FFFFF9111167
FFFFF8672841
0000090ED2E0
FFFFFEDC0CF6
FFFFF8F306F0
FFFFFB8838D5
00000967E8AF
00000D564B15
00000805AF11
FFFFF28B864D
FFFFE4947B73
FFFFE785F518
FFFFF6C4AB40
FFFFFB4C11C3
000000B567C6
FFFFFFA54073
FFFFFE5E8712
FFFFFB5867AE
FFFFFE5F6300
FFFFFD6042D0
FFFFFD178666
FFFFFA42376C
FFFFFF2CF6D3
FFFFFE59023C
FFFFFE036D20
FFFFFC5D8A84
0000019975DD
FFFFFC7BC140
FFFFFB027F12
FFFFF8F49809
000005D9C1A1
FFFFFF2312A0
FFFFFEDD8100
FFFFEFEE403A
FFFFFC26E534
FFFFFC11AAF0
FFFFF30BEF6E
FFFFEBA95161
FFFFF4B85A38
000002C76279
000004CF378B
FFFFFA3E9642
FFFFF1B1AAE9
FFFFEBA97BFF
FFFFF2A88369
FFFFFC78372A
000005E2E8B6
00000443AC32
0000058FCECB
FFFFFDAB7304
FFFFF882034C
FFFFF3C11322
FFFFF8EE3E1D
FFFFF8331316
FFFFF439AF2A
FFFFF971DF88
00000043A28D
FFFFFC0FC56A
0000012660CD
FFFFFD4B591A
FFFFFE09B5E6
FFFFF64830BE
FFFFFFF55608
FFFFFE310416
000002FCFA21
FFFFF3862B0F
FFFFF7B0A6A9
FFFFFA14F0CD
00000231A007
000000B8C59F
FFFFF11A7F20
FFFFE7DB0D87
FFFFF8BA2952
FFFFFDE4FA91
FFFFFE01C49D
FFFFF728D3A2
FFFFF6EF1F89
0000009A8D46
FFFFFF14A77F
FFFFFE5333E2
0000018B0E63
FFFFFEC22B53
FFFFF8F60F72
FFFFF15019FF
FFFFF1B4897F
FFFFF583A0C3
FFFFF12F7041
FFFFEE6D68AD
FFFFF80F038A
FFFFF450A32E
FFFFFB64992D
FFFFFB2A6945
000001A16523
FFFFF36978EE
FFFFF9EA631B
FFFFFCD9C16D
000004771876
FFFFFD91EC9C
000000A262A6
FFFFFDB958B6
000006EBFD40
000003FCF173
FFFFF66556F5
FFFFE7DB5C78
FFFFEEEFF664
FFFFFDDEA056
FFFFF741A1C5
FFFFF815B514
FFFFFA85E345
FFFFFA4B7241
FFFFF603B378
FFFFFBEF52C0
FFFFF44E8F32
0000016314C0
FFFFFB9D6249
FFFFF29C55F3
FFFFF327347B
FFFFF6FCF296
FFFFF632FF0D
FFFFEF61F5E0
FFFFF489E6D9
FFFFEFB1E765
FFFFF841D216
FFFFFC5B9A77
0000039D961F
FFFFFE83F83B
FFFFFBD32A6A
FFFFF98431B0
000004169DCB
00000094C0D7
FFFFFBF73D67
FFFFF594E404
FFFFFA999FF0
000003E2252B
00000112211B
FFFFF36AC793
FFFFEC9415B9
FFFFF77A82C6
00000181B0F9
FFFFF63D9C00
FFFFEAF649D0
FFFFF7DF026C
FFFFFB3D2FEF
FFFFFF32E30E
FFFFF47A519B
FFFFFCAB744D
FFFFFAE7B45A
FFFFFBB1E010
FFFFFEBD722A
FFFFFD8A2443
FFFFFF1388E9
FFFFFD024B37
FFFFFAE8CE01
FFFFFA2F40D2
FFFFF838439E
FFFFF4114E82
FFFFFC5AE0F3
FFFFFEC106FC
FFFFFA742735
FFFFEE2E6E84
FFFFF35D5F33
FFFFFC5965A8
FFFFFDF347AF
FFFFF2B1FD29
FFFFED0EEE1F
FFFFF756B776
000003487792
FFFFFEC34DCB
FFFFF49F825D
FFFFF6F2649C
FFFFFA20EF11
FFFFF6A306F8
FFFFF06F3F55
FFFFFB870AAA
FFFFFE37E9A1
0000033C6333
000000198A2E
000000A312DF
FFFFF9C9610A
FFFFFA3DEEC3
FFFFFD392187
FFFFFAE7FCCE
FFFFFBD1DC85
FFFFFC6C1EBA
FFFFFAAF89A2
FFFFFA8191AC
FFFFFBFD9255
FFFFF3BC40D0
FFFFF2FAC1F3
FFFFFA7D4FCE
FFFFFFE85DFF
FFFFF4EE8681
FFFFEE157691
FFFFF5146744
FFFFFD679F60
FFFFFA74817C
FFFFF629C85C
FFFFF948CAD9
00000038F96D
FFFFF5356CF5
FFFFF3949D16
FFFFF6F6AFED
FFFFF59FB6C7
FFFFFA01099F
FFFFF8D2688E
FFFFF7CDA4E8
FFFFFCA43097
000005DFE1DA
FFFFFBD58B3E
FFFFF9B037B4
FFFFF7EA52A0
FFFFF9E143D9
FFFFFCBA2147
FFFFFAE1EFE4
FFFFFACB6B76
FFFFF8383807
FFFFF88D2410
FFFFFD648CBF
00000413220A
FFFFFB84B755
FFFFF6BB44F5
FFFFFC234109
000003F7D5DE
FFFFFD81AB3E
FFFFF9F5FCC5
FFFFF93E3EAF
000000222F03
000001EB58BA
0000046E942D
FFFFFF3ACF87
FFFFFB32A971
FFFFF984126C
FFFFFAD6E833
FFFFFBCE111E
FFFFFD60FE40
FFFFFC96C65F
FFFFFEC86A01
FFFFFD3B73A5
FFFFF9594D40
FFFFFD53CCD9
000008515927
00000D36C89E
000008895025
0000077A1298
00000D1356F0
00000BBEFFE6
00000DB8C2A7
00000CD39F1C
00000B504EB7
00000734CD73
00000B19363F
00000B976A86
000005B664DA
000002D621F0
000007BFF423
000006DA5AF3
0000047AE9E0
000001F2ACC7
0000044C18DA
000007ADE0F2
000007C0B231
000006DD59A9
0000080BD9CB
00000BC43E79
00000C6B4450
00000EE675BB
00000F5473E5
00000BF70437
000005D50542
00000D27AE44
0000065CD214
00001192B185
FFFFFEA53574
00000C641FF6
000013859B66
000011940198
000012DADEEF
00000E8084B3
00000EADC7A0
00000DAFDEB1
00000E3F8934
000010EDB4A2
000012C80F52
0000133980DF
000014FB1492
0000162A587A
0000174522F5
000016518DD8
00001605DA3D
00001591F16B
000012F8BE0E
000011BD115D
0000131543FA
000011759974
0000134EEF37
0000184D5C8B
00001848523A
00001247FEFF
000011A15455
000014C82CC1
000017C971EB
0000138DBF1D
000013B847CD
00000F433C8E
000010629DA4
00001C2B531B
0000233CFF0D
00001A4298F3
000019C70658
000017FC0848
00001A9E936E
000019AC9A3F
00001B41339E
00001E9155BC
000021CE2D50
0000269F8DAC
00002A7A49BD
0000295FCCD1
00002711F6CE
000029D054A5
00002A478816
00002047945C
0000198BB1FC
0000200E2212
0000284FC05E
00002ADC6FC3
00002A32C101
00001EE226CA
000017295483
000023D47FF9
0000325D3A51
00002CA97A6B
00002140571C
000020F8500C
0000270A77B7
0000137783C6
00000F26DEDB
000013EBFEFB
000019F10DB5
000010EFB061
000015853B0B
000013AE672E
0000145ED1C4
000015DA1E8B
00001A7C4F04
00001CF61886
00001DEEF143
000021CF8A9B
000024F01B39
000022740A50
000020021174
000024FD2479
000029CB786D
000023C0DAF6
00002211359D
0000254A55C8
000025DC0677
00002766C77B
00002EC3212A
0000267655A4
000020858A1C
000029972082
0000356179EB
00002A1E0849
00002007A317
000023411A3F
000029C104E4
0000108D03BF
00000C67054D
00000D54E228
000019A3E166
00001617BE71
00001A832192
00001A397AF9
00001ED56D7E
00002564E87F
000029F7BB33
000028475841
0000249152AC
000023C2E494
0000268565DA
000024186228
00002199FE48
00002951C348
000030ECC091
00002EC1AEBC
00002E00115D
00002B8A6A87
000025FC8807
000028FB1615
00003815CE1B
000034FAE2BD
00002CA5DC13
00002905C765
00002EF48F35
00002B7211C7
00002DC4D207
00002E4BE774
00002E7BD094
000012B26CF2
00000D7F5C20
00000D9085DD
00001C0B35C5
00001ADD5F97
0000237D8F69
0000298B91FC
00003499D0AC
00003A80ACF3
00003A838490
0000377CD9A5
000032463827
00002E68DB81
0000317BE793
000031453F58
0000313B2D31
000037991872
000039BDBA90
0000358CE82A
000033CB0ABE
000030EEBC46
00003035A55C
000033CF951C
00003B61DB9C
00003884092B
00002E6354B1
00002254CD1F
0000275C6E90
00002C050696
000035C01F7D
000032FB9F66
00002A942D90
0000133F858B
000011F054FE
0000116CD774
00001E317600
00001C193C3D
00002B80B44C
0000375D5F70
00003E1853E1
00003BE0CE5C
0000399223A8
00003883B35A
00003788C14E
000037027E37
00003A14C710
00003EC88199
0000403DCED9
000040FC8696
00003D9AB3E1
000037F45252
0000354B1340
0000345C5D64
00003524BA09
000037F7B5F8
000037AA52BC
0000372FD814
000034ED2098
000026DB96E5
000024CD8981
0000324F6E1F
00003A8FDFB3
000034D3520C
000033C4376B
0000198700F1
000013CFF0AB
0000113CBF29
00001BE9AA54
00001B257CF4
000026DDB210
0000295BA83A
00002BE697EF
00002AB44537
00002CFAA9F0
000030C56EE5
00003539B637
00003873DDFE
00003C2D05C7
000042D12B54
000042E35D15
00003910DDB0
0000305AB153
00002C1FC4DA
0000290EF11C
00002BE7E429
00002FDE7861
00002CFA7ADD
000029B86559
00002FB42352
00003A47BB64
00002C775458
00001DDDEB33
00002A2847C3
00003658324B
000035A2B6B7
00003EDE0129
000015B9CB48
000015A382D2
000010F762A6
00001A6BC989
00001A450145
0000208C33E6
00001B4C2007
00001CECE3C6
00001FF8AD05
000024D51AD7
00002CC21030
000034A7CFC6
00003655AC2B
00003817BA82
00003D136C66
00003CF46FE8
000030D26345
000029EEBA38
0000279E4342
00002566787A
000027E3F48A
00002C63BAE2
000028B56425
00002620A2A3
00002C488696
00003A70C41B
0000309C0108
0000228A4D2E
000027059617
00003197B222
00003894A690
0000453268BF
000012801279
000014A3C40E
0000108299DB
00001BF0A46B
000018CC6017
00001FD6F8CA
00001F375255
0000243429A4
0000292D328D
000029EF1F3C
00002B25DA72
00003297D028
000033D3B093
000031B4C0AE
0000326F76CC
00003726713C
000031E324BE
0000298F4D15
000028E085BD
00002EBEE7F1
00002EA66F63
000030D05458
00002EAE400C
00002C1AE6C1
00002BBE1B4E
000033D35A20
000030712D07
00002B92C8D2
00002D5B3C41
00003124C8E4
0000345E080F
00003F64D3DB
000014484346
0000116023D7
0000104D7B5A
00001CE6D7A5
000018876579
00002286C068
000022FC4F3E
0000247E3D6B
000029197794
0000325C1B70
0000389F1DC9
000038D9A3AB
000037875E93
000036C11D7D
000033900B6C
000034F2910F
000033137BDA
00002C7BDE4D
00002E7B1117
0000351CF738
0000353B231D
0000366B4101
000039C1F34F
00003AC2CC81
0000324AFD95
000030022E12
00003491D86F
000033FA3FEC
00002AA68062
00002ACB1C4B
0000301A19E5
00003DE3FE2B
0000171DE539
00000EF6231F
00000F9E24D7
00001B9A48DA
000016B45C1E
000020D4BC88
000022DA07AD
00002722B7E3
00002A2AD1B1
00003187218A
00003E2D5250
000040F8A81F
00003E888C49
00003B0CFDC6
00003635BF00
0000334C73D9
00002F7D915A
00002FD71E70
0000362E2929
000039FA5B4E
000037ED0C92
00003B9BA43E
000042E1F96F
00004571643D
00003927FF0D
00003276754A
0000330F71C6
000033862654
00002A581032
00002B884924
000034738891
00004887F7C2
000019889258
00000F172384
000011909956
00001ECA351C
00001B658652
000021B0827C
000022A0385F
00002BB996D6
00003389D5CA
0000351F1860
00003782AD8D
00003E1FFEDF
000043BD94B6
000040602922
00003B12282C
000035E6B660
00003556342D
000033BF7F14
000035378FD3
000037133444
0000381AAF94
00003D5F8827
000042DE5FC7
000045394C84
000038C9AE48
000033A0D889
0000300E681E
00002BE3FE01
000026CE77E0
00002B0B2E02
000032FDA9FC
000047EFF396
0000158488EA
0000102279BE
000014BD653C
000025CD9C33
000022956771
0000265FAFBB
000025E65333
00002CD510D0
00002CBEAAEF
00002E2A80AA
000030E85F37
0000378F74C4
000046DB11BE
00004B4F206F
000043FA7D89
00003FA5BF0D
00003DB81678
000034E8D162
00002F6FD8D2
00002EA26897
00002EDAB9CB
00003157CE79
0000347DB220
00003B55DB82
00003A507B0E
0000345EB073
00002FD0929A
00002C5FEEE7
00002758D7A7
000026C17F98
00002704BF51
00003AEF48A6
00001347FFD6
0000114CEAF6
000015A77230
00002835E42E
0000236E2FC3
00002673117B
00002830A42D
00002EE15D49
00002DF97439
00002ADA22B0
00002C836651
000033478CE8
00003F74F94B
0000494887E0
00004A23C17A
000045E75562
00003BF44B1D
00003287AEF6
000030487556
00003123C07B
00002D1A9147
00002DBF77EB
0000313B517E
00003AEAF24C
00003E5EBA24
000039702715
0000314EB7D1
00002D7AAE4D
00002C25E46D
0000270E3F84
00001D4F8E0C
00002CE1A29E
00001175640C
00001199A944
00001442075F
000026308A56
000020E1B5CE
000025BEF59D
000028AACE1F
00002F871FC1
00003426CAD5
00003801F75C
000030A56A1C
00002E5D310B
000038062D0F
00003F385805
000046DAF941
00004900FEF9
00003ADF9227
00003401DC54
00003AAC5C54
00003B68B4E5
000036B4D58F
000034440B73
000035EF5BDC
00003EA678E4
000040B07B83
00003E12572F
00003554EC4B
000030F19D10
00002F741F64
00002B5A7850
000020679EFA
000028DD7FFE
000011453E7F
000013E7BF78
0000118B09C7
00001F139ACB
00001D36F246
0000293E7D6E
000029AF09EA
00002B37CA99
0000344C50CD
00003E78A813
0000340E4BCF
00002ABDFD83
0000310CDCAF
00003650FA24
00003C21CB8B
00004560E5E3
00003B3391ED
000037901DC9
00004418D459
00003F646AE0
000038B1AADF
000036B7842B
00003431852E
000036680045
00003A574EE4
00003D9EEFE0
00003B12D2A2
000039214E44
000035656048
000030BEE54F
000025AB17FC
0000280383EF
00001195B884
0000185AD753
0000130A41D3
00001A0F3100
00001A1A8C62
00002F48CD3A
00002C010D19
0000279885BF
0000334DAA21
0000428EC50D
00003A92C388
000033A5A23F
00002C899B8D
00002D743C61
000035EDC89D
00003E90EFB3
00003A145657
00003B650D9D
00003BE3E67A
000035B4C265
00002FE2F3BB
00002EC0602D
00002CACC6D7
00002F63FEC2
0000361ED58F
00003FB100DF
00003E776767
00003B07F0A4
0000372620C9
000032F770D8
00002A037178
000027597884
000010782AE4
00001A4F6CC4
000012AFDB45
000018087627
000016AD543B
00002DC8A81B
00002DB5EBA0
00002B6D398F
00002D30C9E7
00003A6D983F
00003EC7C953
00003D6471CE
00002BEC8627
0000244680F1
00002FEE6CD5
00003685D4FD
000038D7DEB2
00003AAD1037
00003220312D
00002B6E9126
00002AED2523
00002AF3993B
0000280B34AB
00002E0A5FC3
00003C32CD0F
0000443CCF73
00003FAF0183
0000390D57B4
0000319EF9CA
00002F33AEE2
00002BF89A99
00002ABF1B8D
00000E971E97
0000183F5EDB
0000118B6EDE
000019376414
000014E4B102
00002651D847
00002DB8D245
000034AFC112
00002AF2D300
000028371CE3
00003A092B3B
000044AEC303
0000356E7FE6
000026BA7A72
00002AD1541E
00002D1A3C7B
00002A773DD8
00002C455598
00002BED2972
00002CDE9F0F
00002F46B559
00002FBDB4AE
00002C32A864
000033C670AD
00003D8F41B1
00003C07040A
000034B3748A
00003225EB2C
00002AE33EF4
0000281D5770
00002B0A6F67
000032784900
00000ED3683A
0000160725B2
00001364679E
00001CBA7052
000013FE66D9
00001E4830E4
00002BA11FA0
00003BFD8301
00002D990BA0
0000210B1E5B
0000330CF26E
0000453577A0
00003E0BB87A
00002E446D0D
0000275A6268
00002A8B0CE0
00002B1904AF
000029E22BA2
000028EA8E5A
00002FF17CA1
00002C8C8C1E
00002B68CFAC
00002B6A7AD1
000032ACF444
000037D1C339
000038E88A25
000037EA434F
000038D5C8A0
00002DE77793
0000256A487B
00002944920D
000036F94D9D
00000DDDAC02
000014EFDD2F
000015B9F818
00002134110F
000014DF6FD4
00001884FC1A
000024988823
00003BB0B29A
000031FF4024
000026717775
00002F14C6A0
00003EA8BDE7
00003C9120FE
000036C8DBD5
00002814CAE5
00002D34CC7A
000035D4D038
000035D46F11
00002BB37411
00002C916FFD
00002D072E17
00002912CDF6
000028D5C064
0000310C0D9F
00003434D455
00003AB9ABC7
0000466F4538
00004C14B787
00003C9F500E
00002FB54B36
00002D529C06
000035FBC640
00000BD48C42
0000149522E5
00001678FF55
000024184774
000017696A7C
0000190A45D9
00001FBC64C5
00003445E577
0000362F8C40
000031267D42
00002A5E6D92
00002F54A3AC
0000367EE72D
00003BF7319E
00002D34730E
0000284869A8
000031BA2EE1
00003A80AA13
0000311DBE2F
000027FD4F21
00002E853EA3
0000333AFE1E
00003391BE03
000034E76F84
00003B4F2691
00003F5B3EFA
0000463243F7
00004A3727BB
000036B92DE8
00002C566141
0000280F66A1
00002F5993AD
00000B14A1BB
00001411D406
000015D6AF2C
000025E819F0
00001BECA21D
00001FA7DB11
00001F6E2228
00002AFF8FD0
00003593967F
00003B461B6A
00002C485E9A
000024257C42
000031833849
00003F14FDC5
00002CFB052C
0000229DFA3F
00002D8DF6E1
00003ECF4B32
000038DED257
00002DD20AF1
00003714FBBF
0000435564BF
000041A3EDF9
00003E315E38
00003C86C83F
000040A54150
00004486A908
0000419C4F8A
00002FB45D9A
000024C09DEE
00001F8FFA24
000028C58419
00000B708255
000013620660
000016E271F2
00002C0D02FF
000023FE4091
00002734446E
000020A8C302
00002402BD4F
0000301EBDB8
00003FEB8407
0000302579C5
000022D9DADE
00002FBAC95D
00003FF93B76
000030EF1DF5
00002384B9A1
0000281A3F9F
00003EA395CE
00003DB28F10
000038B8E43C
00003DA219E2
00004441D0FB
00004124FE40
0000422B41AF
0000406EF0E4
00003F2E9ADB
000040BFC812
00003B46D98E
00002E15D3F7
0000231730FD
00001C30C307
000026F27E4E
00000ED1B849
000015686A5A
00001C71990B
000033C8FBC7
000029C131D9
00002BF93FC0
0000219574F2
000020728B0A
0000295BD250
00003CE732FC
000034D3D789
000028BDF387
00002E1CB178
00003DE4C4A0
000036448736
00002D9F1366
000027D6C908
000034C978F0
00003C74BB74
00003F712C5E
0000395D500C
0000369CB66A
00003E0636E0
000047482C18
000046E2722E
000043D97522
000039EFBD48
000031311F42
0000294ABA06
000023248EAA
00001E5A2F48
000029FA42B1
00001143F975
000019C9A4CA
00002171539F
000035B3B4BC
000028F34CD0
00002D2811B7
000020E94806
00001DE440B2
000023D6DA08
000033B35355
0000359E1CAD
000032A9CD65
00002E149D13
000034441D19
000036FC26B2
000035BE03CB
0000299A61B4
00002A540651
00003440E70C
00003F5C9D96
0000383D4C47
000034A157EE
0000401E3DFF
000049A1844A
00004434B93C
00003D62CAF4
0000301B40CE
00002826E5F0
0000236918AD
000023E5EFEC
000023183CA3
00002B64B4BF
000010D39EEF
00001DDE8D42
00001DB57225
000029A39243
00001EA9606D
000029158CAD
00001FF44532
00001BE8BF78
00001DAF889C
000028355897
00002FD6BFA8
0000360502C2
00002E60206C
000028FDA08F
0000322D0B00
00003BFAEE0F
00002E527B81
0000280E7A4C
000030283E8B
000040BB9569
0000404D581C
00003E95099C
00003DBE9DE2
00003B36DBD3
000036581A5F
0000348404DF
000028F45C26
000022B4104D
0000238F46CF
000026E7B5D7
0000255F3C45
0000277BA14B
00000C67EA22
000020D73180
000019624223
000024753B48
00001A66C3E5
000027ACE736
000023D370A2
00001F0C30C8
00001B33EDB3
00001FF63353
00002A6C0733
000035A93140
00002DB5CEE1
000027739F24
00002E60191E
00003AEA1E8D
00002F8CC900
000029CBD4C4
00002C970996
00003AECF338
000040D79577
00004153314C
000035904764
00002D57E1E4
000028441EA9
00002C6EA54E
000026982FE1
000020A65B9E
000021B0B190
000025FD9D10
0000235CA315
000023CAA5AF
0000088BB3B8
00001E2F9382
0000191C2FAD
000023F1263D
00001B579B5A
00002A407079
00002871180A
0000268E865D
00001F6425D2
00001E0198C9
000025EC0B1E
000031229765
00002DB6FF2D
00002A2D5A0F
00002A458A47
000031271E0D
00002D404451
00002C671F2A
000029D13EB2
00002E1B1A8F
0000340D2985
0000358090FC
00002EB3B542
00002ABB9314
0000252D8A31
0000256254CB
0000250001D8
000024B562AB
00001DF34342
00001CEAA722
00001FA2EC47
000026AD3519
0000063DAA66
00001B74C7A6
00001E6BE825
00002B5D3D9D
0000227AC350
000032058AAD
000033566E1D
000036077CD1
00002EFD0ABE
00002AE280D0
00002E42BA56
0000348B147D
000036DB9B85
000035D3A80C
00002FA261C6
00003043CB05
00003012978F
0000306C5901
00002E297A14
00002EB55891
0000321CBE93
000031E194EE
00002F997981
00002DFFBD53
000028E9368D
000029AB8F70
00002FB20FAF
00002FCC80CA
00002672825C
0000202563AB
000028B1BC79
00003C19C861
0000119276D7
000011CCB661
0000150FDCE4
00001CFBF7BA
000011BBB5D5
00001C28ED2F
00001E59EB19
00002208E225
00001E640662
00001B03B96C
00001C039183
00001C5DEAA9
00001D49BBBD
00001CA80886
000017BCE08D
000018B25307
00001A4A95FF
00001A3EED62
00001825E0CD
00001940D7E5
000018082E87
000016B05013
000017BE4656
0000184D1863
0000151CC92A
000016CE8FD1
00001A6B44D2
00001AAF6DC2
000018FE91BD
0000151DF145
00001842BC44
00002BFDB016
000006EF5EF0
00000E251B98
000010F7CBDC
00001A46400A
0000107B31EC
00001316D1AC
00001523C3D8
000018633022
0000170E3773
0000155AA157
000013F4F90F
0000127EE6FF
0000137D818A
000014C9BF48
000012006FCC
000010EA9486
000010A27691
000012CEAC9D
000012818C4C
000010E6969C
00000DE5A64A
00000E620763
000010638410
00001179E87B
000010A21DBB
000011771D0C
000010A9500A
000011C52FBE
00001313271B
0000123A8C8C
0000118CEB84
0000199A5201
FFFFFE93193C
00000FA4D524
00000E2E4D24
000000D9A8FF
0000002924F6
000000C079B2
FFFFFEEEA947
FFFFFDA541C6
FFFFFE07B360
FFFFFE709443
FFFFFE6B1F2F
FFFFFEC16A0B
FFFFFE14CC3A
FFFFFF2609B6
0000015594BC
0000023E104A
00000156965D
00000012C562
000001FAE15F
000002D142F7
000004AF6AEC
0000042ADDBE
FFFFFF878552
0000029E0D46
000002400DA2
00000369D464
000002624FD8
000003886163
000006E2655D
00000500B015
FFFFFBEB26AE
000003BFB55B
00000507E470
00000B51E554
00000BE699BF
0000065DAAD3
0000086C3660
0000044F14CC
000000A4F657
FFFFFD6AA53B
0000021EF098
00000227FAAC
00000231C7A4
000006E19D38
000008024D12
0000091AAA0D
00000A048BFB
00000BA8D448
00000A343C77
000009793243
00000CFFEEE6
00000DD5455A
00000A5D68DB
00000A51E471
0000072D7972
00000A37B951
00000C4541C5
000016340337
00000D502D16
00000B91817B
00000D78DDE4
0000135D5D48
00000E6C1F84
0000122FD8A7
00000DA41587
000010884BE2
00000CED4D53
000008E9262A
00000C67CC66
00000C12F08D
000008428F86
000007F38E86
00000D2F5B25
00000C2D9565
00000C7435D6
00001005C574
00000FD129F8
00000EC96F05
00000BD2EA55
000008DBB3C2
00000558A8E1
000006F3E941
00000BD88206
00000E1375C0
000007E3A272
00000A0D10F8
0000065EBAD6
000009C42152
0000111D6FCC
000014052D3A
000009DB5D61
0000063B23A9
000004417941
00000CDB3064
000009EAF6A4
000008A524EE
FFFFF9CE8933
000014C80B77
0000193A64E4
00000D9E4170
00000A17F104
00000DB60683
00000E7C9F53
00000F6ED43E
00000C91B26F
000009C41492
00000BE0A31F
00000D536E19
00000F0E80E0
00000D59B1D9
00000A2C9D4C
000006E8354A
000005133F0C
00000A1C0CA5
00000B627D9B
0000085F6008
0000070B5AE2
00000A5EAA59
00000788C95D
000002350495
000003370129
00000B9BFFC2
FFFFFF684074
FFFFFBA89113
FFFFFA77650D
0000062963FE
00000FDE4962
00000B1431FC
000006A2CFA3
00000E334431
00001606826F
0000038568A1
FFFFFFAE2DD1
000006D8AB9C
0000087D6E04
0000049C4C5A
FFFFFE6B4885
FFFFFF348C4E
0000017042ED
000000EDA730
000000414273
00000126AA8F
FFFFFE2CB72B
FFFFFC722F82
000001BF7152
00000A9DCC70
000009375643
FFFFFFC08C6E
FFFFFFCA3A57
000005C4FB66
0000054343FF
FFFFFEB83CF6
FFFFFAD9E968
000009224DE0
0000088AC4CF
00000AFD917F
00000826D0C1
00000644DD54
0000176C1A10
000015F16C37
000015FD384A
00000D385517
0000119EFD52
FFFFFE64DFA0
0000027CA4E1
0000023BE586
FFFFFD6329F6
FFFFFB473166
FFFFF99EE9F4
FFFFFBDDDB1C
FFFFFA68BC37
FFFFFC51ACDF
0000000C141F
000006869A86
FFFFFF1460ED
FFFFFBE31D4A
0000040E5771
000004D90F62
FFFFFA443AC8
FFFFF77E7AEB
FFFFFC38F4F9
FFFFFDF1628C
FFFFF4DE8A7E
FFFFF957480C
FFFFFF53AD28
00000D54A489
000011FA56A4
00000DE1A588
000001E4634D
000000EAEB19
000013BE54D3
000018FA9B2A
000013AEF2AF
0000110C82E4
000013BB9463
00000392B14E
000005AA24D9
00000215AA6A
000002131EDC
000005F53278
00000BF1891A
00000CA391DB
000009D397C3
000007CF1778
00000851530F
00000C6BE76F
000001693CC8
000003D6E396
00000BC753A3
00000B12C461
000007F43870
00000CE5C23B
000010D58605
000007578B53
FFFFFFA65091
00000B976AE3
00000BF3F61A
00000775A68F
000006943491
000008C08D72
FFFFF94FB43A
00000A62FCE5
000014C08814
000013025AE1
000004D04D35
00000D54E852
0000170BA45D
000006C8B482
FFFFFD07F941
FFFFFF4FAEB1
00000C020343
000013131008
00000EED865D
000007489248
00000701C53B
0000053A23CB
000008482777
00000C366771
000002C1BEA4
000009ACDD96
00000D69A969
0000127F2669
00001867C3B1
000017AFA95E
0000108ABEE3
0000052963A2
00000B16B5AA
00000E67AEE8
00000900944A
FFFFFD2FF374
FFFFFDD06FA2
00000D3FAD4C
00000130BADD
000007782654
00000CF3F7E5
FFFFFC0D94D2
FFFFFA955880
00000D5AC796
000017DF3E2D
000006107FB3
FFFFF9E47A4C
FFFFFCE7C220
00000618CF35
000005E1EF6F
FFFFFD1781B8
FFFFFFBF6571
00000695628A
0000077CB690
00000CBE0FB2
00000FFEEFE8
00000D0D09E1
00000C524FDD
0000059123A3
00000D0C75D0
00000FC7707F
00000A68D460
000001FCD8D8
000007B1BA0E
00000BAAE032
000009001DB5
00000338B6C7
00000224F4F0
000008166BBB
000003D772BA
0000036F01AC
00000112E701
00000BF63F77
000000FA1630
00000A2FC488
00000CAA5E67
000013821D59
0000026409CA
0000014E5665
FFFFFFA53C04
FFFFFF45B00B
FFFFFF9FC9CF
FFFFFF5F05D0
000000D325A2
000002AA66D9
00000685B1BB
00000C656BDF
000009D24C1E
000001EF959F
0000025C927F
000006DBA6D6
000010DD639C
0000037826FF
000003921B0E
0000099B3536
00000E3A7E90
000004680884
0000069C412D
0000055D4265
00000B2DAC7E
000007F13FC9
FFFFF709701F
FFFFFC7428F5
0000046267E7
00001019D86C
0000094D674C
000013D95244
00000CBE71F7
00001323D81C
000003D3D632
00000A17A00B
0000052C822B
00000222BAAB
00000A8CE36A
00000E0FFA65
000009B488FC
FFFFFE50A724
0000037B9F01
00000A4E6E28
00000C5863A9
000006B49FB5
00000E258DF2
0000151A5448
00000FF31EE6
FFFFFECCD8BA
0000054C5C1A
000010B9FB8F
00000AB2AD99
FFFFF92DC772
FFFFF9DC2FF7
0000048D7BBD
00000C81B8DC
FFFFFEF5A4EB
FFFFFAF2266D
00000557AD18
00000FF21BC5
00000DE51FB4
00000051C1D3
0000033B9DA8
00000E40C77A
0000158E6CF0
000007510E24
0000088716B9
00000573C4A4
000005BBFDF7
00000773D77B
FFFFFC48CFEB
FFFFFC491A11
000001A63CBB
0000079F8D7F
000002E17B89
00000A127291
000015CE6686
000015975A5D
00000F5686B3
0000021701D8
FFFFF7D4F056
FFFFFEC6F0E7
00000744B891
FFFFFC30E0C9
FFFFF18CB128
FFFFF5E4B863
000005F6E999
000009E1AB69
FFFFFC8E5D57
FFFFFE052A98
00000CD3761C
000004136C88
FFFFFE56058E
FFFFFCADB272
FFFFF98906DE
00000ECC1B55
000013789267
0000008310C2
FFFFFFE9C3AE
00000268A682
000007BE6768
000006760238
FFFFF78FE8EB
0000015F55CF
0000154C7589
000015D736C7
000003F7A6CC
0000062A9C69
00000FF8EA5C
000010AA9BFF
000004ED534A
0000026E2693
000003F3EF9C
00000AB75ADE
00000AB64586
000006161BC5
000007DE2D3C
000011BA836B
000017216959
000014775825
00000DB7E402
000005331C37
0000106063EB
0000035BCFA2
000005C13119
000005D998E0
000007F09233
00000E8ED3AC
00001367C25B
000000500187
FFFFFF4FC097
000001D55CE9
000001A310B2
FFFFFE844C5D
FFFFFDE7441E
00000AD50125
0000067B3B71
FFFFFBE12E36
FFFFFBAA3E61
00000C3C82F5
000011108DB5
0000123A5DEA
00000EF98946
0000131C68E4
0000123FD4D0
00000EBFA2D0
000008C1D323
0000116C2AED
0000162C16FC
0000138FB84E
00000A34F475
00000AED9880
000014DDE6A4
000010C6816A
000005F82AA1
0000044C508F
00000F41321C
0000105B5B5A
00000B85F3FA
0000124018ED
0000173247DB
000006FCD148
0000058D0F9A
00000828FACA
00000357DC5D
0000042A434A
FFFFFFDCAC74
00000984E7BD
FFFFFB349A55
FFFFFCB6F901
000009256D1F
00001769C350
000014547F9C
000016037252
00001970A51C
000017173519
00000A9D9D20
0000072E2784
FFFFFADD4085
0000030C1141
000003EED86E
0000021B0FA2
FFFFFC59E028
000007E28639
00001254C4AB
00000D63FF66
FFFFFF5D8BAA
00000526C2DE
00000C24AEA2
00000B9B19A2
000005DB1421
00001446B6D8
00001944AC24
0000077D4F1E
000004A33245
000002BE3849
000003C4C184
0000088306AA
000003688366
000000C25629
FFFFFB12110F
0000083EA445
000009588BAD
00000632E581
FFFFF74C5CB3
000004EBD583
00000F508D86
000014345A47
00000576ACC4
0000037A32F7
00000273AB66
000001327E31
FFFFF2C9F4EE
FFFFF5F0CDDC
0000027BC37B
000007620417
00000BBE48A1
00000C87202B
0000078138DC
00000BF8C123
00000A4D7BC2
00000807C874
000003DF41E2
0000118D4D29
0000185CA48E
000006D6F405
000003B72277
FFFFFA7D3D2E
00000050B19D
00000A44F9E8
00000827F5EE
000003315D9F
FFFFF6837D39
00000A20B632
000003BAD49A
000000D12E8C
FFFFF8B65D27
00000F6EB5B7
000013232591
00000F89D2B6
000007ACCFE6
00000ED0109B
0000167BD1C2
0000128D2A08
000007F9B45F
0000147EDBEA
000016F488BC
00000B470781
000004A18D0C
00000BF5B910
00000D3DB7E9
0000094E01A4
000001D78242
0000059CDAF7
000005E74607
00000D7B5F7A
00001856348A
00000932862C
0000020DE4DE
FFFFF95A3B71
FFFFFA992FF2
00000C945AE0
00000760DA8B
00000955A0D9
FFFFF98FA835
0000049D0AAD
000009505398
000008BE55D8
000007981BBF
00000F950564
000001E85639
FFFFFA0D8D09
000008EF0E37
000016738E05
00000EA7CEE4
000007C2107D
00000E9C8158
000011334184
0000021FE2B9
FFFFFD6C9A10
FFFFFE7E4113
000003B08D5F
00000018A093
FFFFFCAB7447
FFFFFB6175A9
00000114D0E6
0000073939BE
00000EA0D96A
000019AA1CB6
00000AA0B831
000003140313
000000309199
FFFFFCA96C6D
000009C13296
00000CE455DE
000010ED7A9B
00000910A3C0
00000775E5AA
00000C10F983
00000F679A1B
00000923A351
000005D525CE
FFFFFC312F84
000008384E4F
00001A71D7AD
00001D49AA0F
000003FC8383
FFFFFC923E9A
00000C703EA3
00000AA0460E
FFFFF561357F
FFFFFF70F5CD
000011ECC286
000012AA2755
00001035B27B
0000128A597A
00000FD570F2
000007EB50E7
000005F9C12E
00000EF56D70
000018EA6B5C
000006CC9DE1
000006DF9A54
0000060BC501
FFFFFDD7DB30
FFFFFEFE90E2
00000D1CF9BB
00001515ECEA
000006C61F10
0000058758E4
FFFFFB21B055
000007DADFB2
000006EF9AAF
000002E1D196
FFFFF8FCC5F2
00000BBC18C4
0000108C8B4F
FFFFFC5E7E1B
FFFFF0DDE792
FFFFFD730DF7
FFFFFF879B88
FFFFFBB76A22
FFFFFCB2B8A3
0000105C4EAB
000018870182
00001272DA6D
000011542E7C
00001A9D2C94
00000F61A1B7
000007E2B416
000004AF1F29
00000C3432C0
000016CD6888
000001A7D8F4
000006085DD0
00000501943D
FFFFFE2756E4
FFFFFBE5C03B
0000067F14AF
00001156B575
FFFFFFD7852B
000002870D57
FFFFFAFA7498
0000062D1677
00000C802927
000009064211
FFFFEEE593AC
FFFFFDA52C15
00000B62469E
FFFFFE1B74FD
FFFFFA5B4A18
00000C68DE18
0000066BD3C0
00000D400A5D
000011042096
00000F8F6BB6
000000893BE7
FFFFFD6384BD
000008660D90
00000FC7C541
000000E8EFB7
FFFFFE5DFC35
000001DB63B8
00000C295AA6
000014E75841
0000012AB89D
000008276196
000005D110A7
FFFFFD77ABFC
000003D19F34
000001E8ECAC
00000620BEAA
0000082E042C
000004909F6C
000001EC17A0
000001E6321A
00000A1DC5DE
000009349A5F
FFFFFA5F4A8E
0000009C07D7
00000ADDC2D6
00001042CB8D
00000C7260B2
00000C520DA7
000004443A05
000007BA33C8
000009A0B907
000001244B69
FFFFF72CD8AF
FFFFFC000D2E
000007F3A6F9
0000070AAEC6
FFFFFB4F72D4
FFFFFC6D22C4
0000042820E0
00000FA78DA1
000015B7E748
000003EEBE49
0000088D9EA2
000006EC376B
000002F1DA38
00000AE51F84
000003C6EE81
000004F06EB7
000012C45D02
000011E17DFB
00000771469D
0000021850B9
00000E8E609D
00000BA638CB
000004863B6F
000007E9B60D
0000049AA564
000010165DBC
0000052A4B6C
0000047A93BE
FFFFF43083D3
0000057C1E66
000006A1FA2E
00000356FF8B
FFFFFFDDDF66
0000124648CF
00001B1D34EE
000012D3E758
00000A7D6712
000007AC29A2
000009D2B314
000010CE21E3
000019BB4239
000006881D3E
000005ACF4C0
000006E0AA4B
000009B79FB4
000007C76946
000000ADCB73
FFFFFEA6FBF9
00000FCB10A4
0000148EFA72
00000482F3B9
FFFFFC3A7EC2
000004AC4F9F
000010EB6354
00000009BE45
FFFFFE18B923
FFFFF4FD7F13
0000056854D5
000001DE8458
000005CA01FB
FFFFF9BE012E
FFFFFD992C9B
FFFFFF1F247E
000006955039
00000BF0EF40
00000ABF123F
000001003319
000009758FEF
000010A24209
00000D231761
00000778BEDD
000010B3519C
00001C03653F
0000068861CE
000000876BAA
0000031DA4FA
000009E7C0BC
000004423D27
FFFFFD1E4B7E
FFFFFB3C3705
0000063CBE5C
00000CD61AE4
FFFFFE83E9D7
FFFFFC2FC786
FFFFF8E99641
000007C8DF1E
FFFFFE03D931
0000001E557E
000001559BB5
000005FAD6FA
00000F3B9986
000013D3C2C3
000013064041
000006BAD9B6
000002B1A5B5
000006DA9EE0
00000A549345
000005DEC788
0000008B024E
0000094BEECA
00000E16A59C
0000096EB094
FFFFFFD64C85
0000117C6862
00001B410C5B
0000050B3DB2
FFFFFD7829E6
000001DE7825
000006E2DE9A
000001637099
FFFFFB51F1D9
0000018ED3F1
00000486CE26
000005C1AC9F
0000067A6E9A
000009112738
00000435CB54
0000007ECEC4
000009D85FF3
000009F9A1DA
00000743EFF0
000001BEE2A2
00001125C19C
000015D2874D
00000ED444A4
000002B0E7FF
FFFFF989DC8F
000006C2F322
00000C340DBD
00000DBE753D
000015CA544A
000007E7D15C
000003704AC1
000004AD48A2
0000001DA844
000015313983
00001F8E1C76
000007E2C65F
0000075D5DEC
00000E81E88F
00000BCBAEAC
00000780CB28
000003852E35
00000716D96A
0000066CD99B
000001A5530C
00000F73BAAD
000010CF2789
000008003C46
FFFFFACF7B88
000005BD4D76
000009530B17
FFFFFE58ABA8
FFFFF794A4A4
000003E80030
0000057779A9
FFFFFE74407D
FFFFFD7E7A0B
000003D07B15
00000F3C3404
000012B83C0B
0000170F7B88
0000155E911E
00000641EE9E
FFFFFDFDE0DA
00000441D960
00000846BA21
000012933438
0000259D87F0
0000110BACAE
00000C597062
00000F3AE4F8
000009B7D860
00000B3D7299
00000E15F85D
000007FE969F
000001B9118D
FFFFFBA50138
00000BB44E95
00001053F508
FFFFFEC06FEA
FFFFF803CBEF
000000C7276E
0000083089B7
FFFFF63F5E4C
FFFFF9C5B906
0000054B03FC
FFFFFF134A3C
000001AF3B99
000005E6F65F
00000E6EE152
00000E909AAC
00000A14D6D6
00000DD6A677
000009EC4D8C
0000016A4ED8
FFFFFC5A5892
000006D434D7
00000BD9FEDD
000013377F64
00002233BC1D
0000100D9B08
00000A3524EE
000007F25900
000004285557
000005B027B5
00000B8958B1
000006452009
FFFFFF82FF52
FFFFFFD7EF7D
00000EAFF2F3
00001052B375
000000D3217D
FFFFFDDA89F2
00000D09D8DB
00000D5B2298
000001B3473C
0000056C11D9
0000136B7521
00000BECEADA
00000F8F0237
0000143F8045
000010D2D50F
00000CC193D9
00000CD89574
000007FB9066
00000AAF7B06
00000E858929
00000C0FAADE
00000D5977A6
00000D088825
00000A82AEF1
000018C6BF81
0000080E3CCE
000007503152
000006696F72
000003FF682A
00000346D39B
00000631C0E8
000006055E67
FFFFFDD5CC3C
FFFFFF27F0DD
000006962CAD
FFFFFDF091AB
00000248C9BC
000009898EBA
0000112C5436
00000449031C
00000533DA03
00000A7AE576
00000E33DB43
000005C18620
000005F032F4
00000C48C6BA
00000F97D852
00000C7224A4
00000615541E
000003B717B1
000007235C7D
00000FE7A84B
00000BFDEB35
00000BBD74CC
000008FB6F1E
0000016BB5B9
0000124AD01A
000006C2EA5A
0000088BDCA3
000007457B55
000006A8289A
000002ABE121
000000368B1C
000003A620B5
0000001A4C6E
00000199AA76
0000057ADD57
000000564EE4
000008356B9F
00000F488E91
00000E08D12F
00000403AA31
000004D82097
00000A88BD63
00000A9EAB59
0000066063EF
00000710F2D3
0000036093C2
000004132186
0000063B2579
000003F44FDE
FFFFFF869BF8
000003BD4C24
000008C3A68E
00000AFE7F66
000005FB22E8
000001E11C62
FFFFF7C73DB4
FFFFFC576C4F
FFFFF81406B3
FFFFF55D0D2F
FFFFF334228B
FFFFF21AD4AE
FFFFF104A3BE
FFFFF04DA5CC
FFFFF2568E56
FFFFF4CA2F9C
FFFFF5285074
FFFFF68C34D9
FFFFF5E6E41C
FFFFFAD33803
FFFFFC4F12C0
FFFFFC3F6504
FFFFFD21E8B9
FFFFFA5D04CD
FFFFF8005222
FFFFF6D96584
FFFFFC532C73
FFFFFF64A5E8
FFFFF973AEAD
FFFFF585957D
FFFFF867E434
FFFFF3C13DC2
FFFFEF9DEA0B
FFFFF7FD7AF1
FFFFF7CC8774
FFFFF3F75636
FFFFEEF6BE23
FFFFF63D0B74
000003890770
FFFFFF31D7E7
000002B09355
0000050610B6
0000050DB490
0000049F06EE
00000066A4B2
FFFFFF96F557
0000002AE977
00000129F1B7
000002B5E72D
0000027E58C3
0000036E7FBE
000005A7ACB5
0000045F3F49
000002ECA5DB
000004D4E954
000009EE9F6E
00000E880A1A
0000086FCA16
FFFFFCEEC9B5
FFFFFC9747C6
000005C24107
00000D0217B4
00000D3FC350
000003AA95D7
FFFFFD5376F0
000009F1B801
0000127CAEAC
000008941CBA
FFFFFF521FBB
FFFFFD8C160E
FFFFFFCC649A
000009901A28
000006BF8A31
00000130957D
000000EBDE13
000000E4DF47
FFFFFD7D4F87
FFFFFA020AC8
FFFFF86B4701
FFFFFAEAA127
FFFFFE9D8B09
FFFFFFC8DD43
000001E869DF
0000055B79AB
000008C1B509
00000765BAF6
000006C94745
00000D4A1955
00000F0363C3
000006CB9A78
000001EC1860
0000015A2E4D
000007295A28
000013256A38
0000105CD979
0000036BD936
0000069EFF48
0000144D1EC3
00001F8F79E4
00000F377E9E
0000009A8DE3
FFFFF84FF695
000000ED4EDF
00000376A9C2
000003E4C8EB
0000047C2A45
000005F80046
000004F74C17
00000A0A45C9
00000AAE6AF8
0000061C8F2E
000002D86B98
0000013CF625
FFFFFEECE8E7
FFFFFE65378A
000002DEFE2B
000008128A4C
000004F89A69
00000701F114
00000D46608B
00000AD332D3
0000061ED4A8
0000057F526A
000002E25868
000007B16DD3
000014543935
00000EDD7D87
FFFFFE472576
00000195EC4B
00001323F017
00001F4C84CF
000012AD172F
000004327864
FFFFF558A09F
00000B677F65
000003F8FEBC
000000780765
000005177D17
00000BBFD25C
000010464D28
00001784D649
000019DFD105
000015E5AEBC
00000FC3A0FC
00000C03CB9C
000007C26EE4
00000555082B
00000A1A3E96
00000CCED42A
00000DE2324C
000010D734C7
0000137AF7E4
000015B8FF04
000012EE941E
00000EE1E0E0
0000069B6628
000009ED94D8
000015D195E9
000018915765
000008B9EEDB
FFFFF9A449F3
0000075D2CEB
00001A63BFBC
000019D5B638
00000B343690
FFFFFBF2B8A2
000009F6F01C
000002CF7C7D
0000011580D7
0000086AA91F
0000100D9D7E
000013702915
000012BF68FE
000013106B86
0000142467A1
00001371ECA7
000010B5C40C
00000C19FDBC
0000095E71F4
00000CB502E7
00000DEE5382
0000125CEA01
00000FADABCA
00000CE28D00
00000FB2733F
0000110F627B
0000111C1711
00000BF0706E
00000868D6FE
00000A5859B6
000009F80622
0000100FD915
0000059B055D
FFFFFC68177B
00000A3BD898
00001D90E422
000019FBC4F7
000006E80E7A
000006E379B4
000001CA8CAA
000000B8E5AE
000002B54425
000003720829
00000B23BB74
00000AABDD00
000003EBB17E
00000498D9CD
00000B8954FC
00000F77D332
000010F861DB
00000AED9ADB
000008745020
00000D6A898E
000011B1A106
00000A7FE0D1
0000036F8007
00000676AC66
00000794433D
00000BD7DD08
00000F33EB58
000006E8ED30
0000049732AA
000007E75FA4
000013210C0C
00000D276542
FFFFFEEF79FB
000008CDC0BE
0000143D44FE
00001A15D985
0000031488DF
00000872DF32
0000032E61F8
000003A1D776
0000048AA756
00000372FDF9
000004C14DF2
0000044FEB9E
000005EDB98E
00000077BD7A
FFFFFE452418
000003949E2F
00000C6C2226
00000F3D7247
00000B8FA429
0000100335C7
00000DFA2957
0000094F7ABB
000002A764C3
0000050BF7FE
00000541CFA1
FFFFFFFE2EE7
000004B4AE14
00000839232C
0000035C4B3E
0000023ECEFE
00000C344279
00000DA476E5
00000236BC82
00000C64DC43
000007D63089
0000049C2121
FFFFF71DA353
00000816E8D9
000001A9E6A8
0000006EF16C
0000039742BA
0000044B0704
0000011F5CD6
FFFFFE368556
FFFFFF9A4523
FFFFFFEFEEEF
0000002AED59
000002882E2D
0000062ABF20
000007CCA08A
000006F9D508
00000A99FAEA
00000AD27B1E
00000742309B
FFFFFEEED423
FFFFFF5F0FE8
00000343FB40
FFFFFFA81369
FFFFFA5DFED5
FFFFFE975B6D
FFFFFF26B723
FFFFFB48620F
FFFFFE04B471
00000406751D
000002A157E8
000003A9F9DC
0000061700B9
FFFFFD1BFA95
FFFFF555EAA4
000004FFCA62
000000AADD42
FFFFFE8CE0C5
0000009CAB03
000004D607D2
0000047C2C00
FFFFFFED1A6D
00000115AAB1
000007FB1872
00000C6E3F69
00000C8AD0E2
000009056FC5
0000080D0158
0000059A636F
00000477817E
000007B5E56D
000009994E82
0000057F805C
0000044D2011
00000A8C6217
00000BAAB10E
00000639AFAD
FFFFFE5F499A
0000000D0DBC
FFFFFF824877
FFFFFE99AA21
FFFFFA2905AC
00000807B357
000005BCC432
0000070CA04B
00000979B615
0000066FE928
00000269147B
FFFFFEA2ED84
FFFFFE20ECDA
FFFFFE31058A
FFFFFE97F169
0000027C22CD
0000035A5B71
00000748E98B
00001343ED6A
00001962FF25
000013A34477
00000D456087
00000ACBE481
000003A9E9F5
FFFFFEC85383
FFFFFBF7FCBC
FFFFFD3FFDE7
000007444A69
000017EE0307
00001789A093
00000FA33B7B
000011BBB8EC
000015A9B3C6
00000E14C75A
0000082E9B18
0000070A2B0D
00000504DAE0
000005D82674
00000A43D2BF
000011762578
00000D628F2E
00000A000C27
00000255F362
FFFFFEA2CE0E
00000313B1F4
000002DC0180
FFFFFF184D53
000004326F75
00000D832CB2
000010DFD9BC
00000F2FA913
000013276289
00001B98DD15
000018EB1A71
00000C075095
000006CBF7AA
00000B4C877F
000006D2AD83
FFFFFAA1F8D7
000006EC350E
000016E1A501
000017B2CBE2
00000F009A42
000012BE0994
00001B222297
0000193EB523
0000103B608F
0000019F15E1
000005444653
000001A322F6
000008FBB010
000012FCA33F
00001235E377
000001CA9F57
000003F31B4E
000001F38EDA
000007F5A945
000009C3CF8D
000008DAA1A1
0000070757D7
000005FDDA14
00000DD478F5
00000E4D61BC
000003B860B3
00000AFA2D4B
0000205CF701
00002590029C
0000145866B6
00000EE36A63
00000E76FCA6
00000874E94D
000002B1C6D3
000003F07BAB
00000C41E3BC
00000A511BF9
000007A1B9C7
00000A37FF6B
00000FAE5936
00000F75F7D8
00000398D336
FFFFFB9CB6F8
FFFFF4684F99
FFFFFE59653D
00000F124FFD
00000F184626
FFFFFB2F3221
00000666FB73
0000048C2728
00000600B2C8
0000087E7B19
00000AC723E0
000007D2F2E5
FFFFFEA38F6B
000001BDA1FB
00000CD05B96
000009B78844
000002EFF4E2
00000F926E97
000021833867
000024F27D73
00001B497A91
00000AC00D01
000004793DC8
FFFFFB8D6C89
FFFFF9C95260
0000044E41FC
00000EDCDB40
00000AD2CB79
000002588825
000002B300BC
000006C57B45
000004D5E93C
FFFFFB59DB7D
FFFFFA323CD1
FFFFFBB45243
000004D084A5
000008EE182A
00000094B9EC
000007F35A7B
0000054BA57E
000003A92AC6
000004A7C057
00000A21BD74
00000A7239E4
000008753C42
0000026A6263
FFFFFD64DA89
000007693AE1
00000DF74F7C
00000542EB0B
0000083C6777
00001EB48AEA
000024CB3F75
00001B242673
00000EA1323E
FFFFFCEB7E87
FFFFFD018D2B
00000814A0D7
000010C11BCF
00000EAD8705
00000EA4B713
00000F03B536
000011581206
00000C93C614
0000038C2FA4
000001510638
FFFFFECDF44F
FFFFFD726396
FFFFFF3D01A9
0000027B4455
000009C577D9
000006E4C457
000003251E90
0000030EB39E
000004C4E5D1
00000C1F9AC0
00000E9BBA1D
000004D2938F
FFFFFD1FDF3D
000004B36F85
00001148D976
000009A04586
FFFFFF1E4C12
00000690674A
00001B624BFF
000028E7415B
00001C8B2AF6
0000029CE802
000005A2E846
000003974046
000007383AA6
000013B39132
0000136043EE
00001475D998
000016E61FA0
0000151D9199
00000C0B6F83
0000039AFC9F
0000033BB9E1
00000099D78C
0000023EC422
FFFFFDC57095
00000AFE5FCB
0000062D7B0A
0000029149CB
0000031F6D6F
000000FB9CA5
00000CD4FA33
000010340571
0000092CCD6E
00000642C913
0000109481B4
00000F6F84F1
00000AB0CBAA
000007FC1135
FFFFFD76E250
FFFFFFCDFDB9
000015220E3B
00001D863ADE
00000EEFC01A
0000098E7591
0000047EBE8F
00000451F2AC
00000B08EF29
00000EB4ED1A
00000DAA04EB
000013363244
000018B2E979
000013361D51
000008DED943
0000091BD07B
00000BE63A95
00000BE69581
000002D083FF
00000B93A184
0000063F93DE
0000054AA3F9
000002E222B4
000002700737
0000099D814B
00001506C094
0000107FE7C6
000009D8B9DF
000007330A09
00000AED16AD
000009B04AFE
00000A201D36
FFFFFD6C1037
FFFFF43DBF24
000000872AEE
000014BE2A2B
00001B480FAE
000010F03BFF
000007880DF8
000007EDFBFB
000003992B8E
00000A75EF9A
00000D39DFC4
00000AB557F3
00000DC5E30F
000012A72297
00000A66B45F
000002DAFE82
00000C2DA7B7
00000B175CD7
00000649A52E
000009C1CFEB
00000453910D
0000023C1E7B
0000028BD260
0000013CE0EA
00000607948B
00000DD52A73
00001459817B
0000069CFCB7
FFFFFCFCE481
0000019A3D78
00001893F9FC
0000116214FD
FFFFFFC1AE94
FFFFFAFBAD79
FFFFF70FDC4C
00000016FFAA
0000052E4265
000006D23AF0
0000030C6C91
000005845B5C
FFFFFEDADCB7
000005F6E7C3
0000153CBF0E
000014B63135
0000045160C3
00000374D18B
000001A66CB3
FFFFF94EA295
00000161799F
0000035BEEE8
000001C0946D
000005F660F8
0000030B2EBF
00000209DA3F
000004D3B1D7
0000006E7FB7
0000011E80A2
000008AF5CB1
0000172E1E42
00001188412E
000002C0D955
000005C91717
00001394B82C
00002048B8DD
000009A004C3
FFFFFD9C6817
FFFFF9BF92B3
FFFFFC764CA6
000002DA97C8
FFFFFE07C047
FFFFFD265165
FFFFFFC10214
000000F3EC37
00000771A662
0000128455DE
0000155B21A3
0000111EF6DC
0000071BDBC8
0000013DF5A2
FFFFFB05348E
FFFFF95FEA91
FFFFF977C762
FFFFF93259FB
00000329BBC7
0000020BE054
000005F75C9B
0000081037A2
00000385803B
000003BB0296
00000C53ABA3
000016B3AC41
00001CF647F6
0000060AAD35
0000053F0B30
00000870D0B1
000018382D62
000012718EE1
0000044D9C4B
FFFFFF94817C
FFFFFCAE757C
0000077B62E2
00000AFFFFB3
00000255E1D6
FFFFFC9B7B75
000000FA60DC
000007FB027F
00000B69F871
00000ED79C58
0000154AB3B5
00001349FD8A
00001076C87D
00000C0C8CFD
0000061FE773
000006B9A752
FFFFFDA8A59F
000001F9EB80
0000007A9C29
000006EC376F
00000670DEBA
000004E59B82
000006B8F610
000007147470
00000D3AFE62
0000137211FF
00000E56C31B
FFFFFCB6D65C
FFFFF98A3304
000003C80146
000013328647
00000836FEFF
FFFFFA04BC24
000000179F82
00000ABA5D9F
00001513B5D7
000007DD7814
FFFFFA39DF4E
0000034D161B
0000147BF931
00000BFD0C7D
0000004056E2
00000C1E545D
00001CD84E53
000019506C54
00000C1A0873
FFFFFFB129B9
000001AC4007
FFFFFB116C93
0000024D710F
FFFFFF81BF0F
00000422AC5E
000003185B79
000002794C10
0000048806CF
FFFFFC7773AA
000003289DDD
0000109F5EBC
000016AC3240
000002AE20BB
FFFFF3D77319
FFFFF9065E33
00000EC98FC2
000013315DCA
00000362E96D
0000071C91D1
00001AD0A656
000022BE62FC
00000CC0FE0A
000003ED7D53
00000ABEF661
00000C4D79BB
000010611E5A
000016315AE3
000010D1BF03
000011280D49
00001454CE94
0000117DFDE5
FFFFFFB36CC4
FFFFFE3021EA
FFFFF9D7C97F
0000036A7C3C
FFFFFEBE93C1
000001EC93D9
0000070CAC6D
0000071A84C5
00000632D126
FFFFFE6C6D1E
0000016671CC
000011A35B32
000019D851FC
000014814AA8
FFFFFFBA4080
00000348F717
00000B9D6252
0000163DCBC0
000009B9C40F
000009FA24C2
000014FD74E8
0000233F4D2D
000011537BA3
00000A593C5E
00000DF1E13B
00000CA5FC50
00000E3B86F6
00001911AAA8
000011E1C369
000008AEABC8
000002417233
000007F91093
0000006D747A
FFFFFFD42FB4
000000CA404B
00000751F379
000002ABD5FC
000004BC891B
00000E8EA975
00000D02CFF3
000008A79538
000003C8EDCC
0000060B3A0E
00000EB2278A
000015A2D411
00001D8C0B50
000006726AB6
0000058D2EA3
00000A8AA056
00000CF256BE
0000064FA56C
FFFFFD5AA3D2
000003BE7345
00000EA6D4D0
000017285511
00000AC5B7AC
0000029E6684
00000C791DC6
00001362F601
00000EF77A13
000006E5C78B
000003C9BFAD
FFFFF906B449
00000006E6D8
FFFFFCAC79B2
FFFFFB759A83
0000014F78D9
000009A09619
000009C7290E
000006A48A17
000009E8D0E0
000009737D57
00000753A9BE
0000051CB365
000004545994
0000041DC16F
00000AF5E8BB
0000166127D3
00000DFC9773
FFFFFE8EE8DF
000002067227
000000224887
00000985587D
FFFFFBC77E14
FFFFFD17DE1F
0000034C2999
000014F27D9B
000017DF85B3
00000ACBFAD7
00000C96F9F7
00000D8D955E
00000FD75B86
000004FF745A
0000009EC7E2
FFFFFEF1671F
FFFFFD93BEBC
FFFFFE6FC2CA
FFFFFF78E007
FFFFFDDB5B77
00000ADD0310
000010070905
00000708A0FC
0000018BDA98
000003099116
000003C5850C
000003385478
0000015A9AD8
FFFFFCEA80BA
0000005B4495
00000F2C1489
000015DFD326
FFFFFFFA8EA3
FFFFFDB08633
0000034E1FEE
00000E61BCAF
00000746DC1F
000004178B4D
000010398D1A
0000155CC8BA
000015953A79
00000AB6D5DB
00000FC5D8F9
000008453A1E
000004C5E348
00000771CB37
00000511429C
FFFFFE860012
FFFFFE9402F7
000008033A4B
0000075FC2B9
FFFFFDDFD8FE
000009B20346
00000DB611EA
000004319F32
00000072F7B3
000001181DC3
FFFFFD448650
000001C622DC
0000045995B3
FFFFFED6067D
FFFFFEE49578
00000BD534D5
000015FB475B
00000E6BB86D
000005E09BA9
00000B3FAD69
0000073FE524
00000AF0034B
000007EDA44F
0000127F7B6D
00000EF47871
00000C6BCCB7
00000A097895
000004044F8F
FFFFFE2F8D03
FFFFFE5DFFD1
000003783D2B
0000035EAF7A
FFFFFEA691E2
000004CF4814
000008DDC130
0000039DE0F7
0000032E044B
00000C8D7620
000009E12635
0000011142FE
FFFFFF66F2C8
0000005BD877
0000010A43EA
0000056379E7
00000723AD64
0000025E26C0
000002FEB0CE
00000A16151F
00000BDE0F7C
00000F5586A4
0000074EA782
000009DDAF55
0000028F0CA9
000001751F7D
000008FEC4D0
00000B4017EA
000004672ADE
00000338A492
0000085A8B91
FFFFFEDD3C63
FFFFF906289F
FFFFF60E5DCE
FFFFF2FE6A81
000001B67207
00000A6D298B
0000015231AD
FFFFFFCFF4FE
FFFFFF8B8D76
000001937609
00001069976D
000008EB4FD1
0000041AD0DA
000005FB6606
00000254F727
0000069B6221
00000837E131
0000049F775C
000003522F32
0000045FFA80
0000071DC004
000004D35724
000009278BBD
00000975567D
00000361B6A2
000001F07634
000000A03D69
000008515D8C
000009B02B9C
0000084E0D99
000005304E7F
0000040AFB5B
FFFFFDB08B86
0000002AE60B
FFFFFE1556D5
FFFFF9A06CD4
0000026E9FD7
000006683F6D
00000752E8A9
000005EEB84C
FFFFFE192A7E
FFFFFE0A2E71
00000468A3AC
000004E8C88C
0000033DC10F
00000720C6D2
0000039778B8
000005EC758C
0000078198BD
000005AB57FE
00000339AD6B
0000027BCAC2
0000010DDFA3
FFFFFE573341
000002364B44
000003621D0E
FFFFFE45ABD2
FFFFFCDBD6E0
FFFFFC34876F
000000BEB1E5
000000008D9C
0000007AF6A1
FFFFFB8F5A5E
FFFFF849B466
FFFFFD0689BD
000002AD555C
000002A8CAC2
0000031CFE66
0000081515DF
0000081231D2
000005E0B46A
00000447F9EE
00000AFAAA96
000005E244F0
000000C5649F
0000052241AD
000017CA308F
00001EDF3F71
00001E86830C
00001F70E503
000020E1F823
00001DADB450
00001CCA5350
00001A8DEA3A
000014038BA7
00001258EE5F
000019F51BD4
00001ACF9C39
0000168EAE4F
000012DEED64
000010DCCA40
000010A015E8
0000116DF1F7
000012CC4D72
000010FC883F
00000A82C77D
00000F892192
000017495545
00001B82FACF
00001C855D11
00001CF1A5DD
000014FF7B83
000011A2B536
000014BF1AC8
0000212C723A
00000DC2FF00
FFFFF9766AD7
FFFFEC481A8F
FFFFF1CDEFBE
FFFFEF256C26
FFFFEF6BD969
FFFFECB4D77A
FFFFEA502CFF
FFFFE9AC271C
FFFFEB963A9E
FFFFEF53A27A
FFFFEE7533BF
FFFFECC61C2B
FFFFEC3E351D
FFFFEBFFEC31
FFFFF15082F7
FFFFF396AFDE
FFFFF1B95073
FFFFEF9A9D92
FFFFF27FD6F8
FFFFF3B0306F
FFFFF175683F
FFFFECC5F96A
FFFFEEAECCF6
FFFFF033862A
FFFFF0190764
FFFFF127AA37
FFFFEFFF7F1E
FFFFE967D391
FFFFEDCA3CF6
FFFFEC756DAE
FFFFF298E082
FFFFF2858EAD
000020EA9960
0000348E2D20
00002DAA5903
0000286A5CA0
0000236496A8
0000200C1C89
00001E84BFE8
00001FC2BA4A
0000232EC5EC
0000262F6D5F
00002843D628
00002CF2E53A
00003236DCD5
000033E365CA
000032CCAE04
000032594DE2
0000325E30D2
00002D5F179E
00002482B001
0000210A6054
000024D2F882
00002C9A112E
0000323F1CF9
00002DBCF648
000020559994
00001E71450C
00002BD02189
000034D97C79
00002DA93C54
000022E0CF83
0000218EF8B8
000012664EB8
0000343FAAB4
000043E604F6
00003BB93FAD
00003A0C5511
000033BED63C
00003012E3A4
00002D2E638D
00002DA7EEC4
000032FF1581
000038563C51
00003CE6E296
000042DC62B5
0000481B7086
00004B1FF6B2
00004C229FAE
00004D590BB0
00004E4E2011
000046452FD1
00003C5E1F78
00003BC350F8
00003DD8A9C6
000044366234
00004D228C82
000044E42F9E
000038DB7F35
00003BB457CE
00004591C44A
00004CC121EA
000049BFFBA9
0000455B6D9F
00003BED9889
00001B84632C
00003367E27A
0000385737C5
000032A9055A
000035090C87
000031A9AD69
00002F2254FD
00002B68EAD9
00002CCCA22A
000031FFE385
000034E2129C
00003912AC77
00003ED3806B
0000428FF89F
00004412A8BB
000047E08223
00004CDF53C2
00004FA1FD3E
00004B85B0A9
00004587A2E6
000041DDBCD4
00003E9D683B
000043CAADAB
000050636A90
00004B96ACE9
00004158D2E7
000041247D95
00004200FB71
000047C6C868
0000542E8534
0000568A86FD
000047470606
0000209259F6
00003272B36A
000032B5BAB2
00002A2C01B9
00002D81B635
00002F8DB0F1
000034527261
0000397D7373
00003B7A51D9
00003C2F4E61
00003B1679B1
00003B636ADD
00003C233D70
00003B39CAEF
00003C4B7373
000043345704
00004A7C728F
00004BCDB9EA
00004A2E1324
00004891650F
000043DFD7BA
0000417B4080
0000491F3C25
000053810F08
00004D45E048
0000425F58A0
00003D5C18AC
00003816DE4F
000046A76FE7
00005FEE7368
0000630A34C0
00004CAEBF15
000026323E88
000032E9F6ED
000033229A78
00002690F9F4
000027AD7EB5
00003318C999
0000421CD9A2
00004A872DF9
00004E51DB05
000050CB0244
00004E83A6AA
00004A5778BF
000045D43108
00003F75DB55
0000412F641F
00004DCCCB43
0000535619BD
00004E25BB11
00004997FE2F
00004A38F084
00004B2C97C6
00004CD1D048
0000526A4BC5
000055AD20BF
00004DAF5594
000044008135
0000390D5F5D
00002D3D000E
00003F7AA4A1
000062356CE8
00006A44B8D9
000052F2ABFB
00002F80B39C
000035D2F3C5
000035905AE0
000023FA2225
000028141F2D
0000357ADE22
00004093F58B
000044AC22FC
00004A99B0C0
00005306A7AB
000056EE3A77
000056537519
00005191EB7B
00004B8B7F6F
00004F8679E4
00005AA5A0CA
0000590F3759
00004C16B0DA
000045D94E6B
00004938EA9B
00004DFC83C1
00004C57F951
00004B0F5933
00004FEE8FFE
000053D1BEE4
0000525DACBD
00003F4BD76D
00002E370941
00003B94EC11
000059573142
00006DBFF5EA
000066F46C39
00003B57D891
0000395C9268
0000392FC025
000026F2BA60
00002B7FD607
0000334D7DAB
00003675A072
000036DA7924
00003E88609C
00004793C40B
00005070E6BA
00005890D2C3
000058BADBFC
00005430D7A9
000058578D82
00005D8DD84A
000052CEAE55
000044646237
00003DBD7237
000040080E5D
000043943847
000041E9228F
00003F71CA4E
000046CB196C
000050294D34
0000560E10E7
000042F5022B
00002FCE80FD
00003CDE20E4
0000515C9D5B
00006707FD18
00007196F262
00003FCFBCCF
0000381E18A0
000038CCC7CF
00002763204D
000028E3364F
00002DBFF5C3
0000321934AA
00003342AF73
00003881C60A
00003FA28EEA
0000480120D4
00004EA2152D
0000504C3C1C
000052184CE3
000055A7735E
000056A10EFA
00004C896D2E
0000404762A6
00003F5DE74F
00004184BD46
00003F6D4C93
00003E92DFDF
00003E285BB2
0000418A3F8A
000046C0BBAD
00004CAA6B44
000041588B8E
00003AFF271D
00004A2920EF
00004FDE8A63
00005B418110
00006B43B9AD
000040BB877D
000034D6D93B
000035A26F11
000026AEFE9F
000026188A75
00002CEB5447
000032AA73B5
000036346B5D
00003CC281B6
00004450B63E
000048C7652B
00004B69C9AD
00004A8B34DC
00004BA626FA
00004C252F6B
00004EFFB182
0000489661E7
00003DA57268
000042F7A5EB
000048D7E51E
000044B31956
00003F8F179A
000042144510
0000410C6BE9
00003D47420C
00003EC145D4
00003EB4CD5C
000042671FD6
000052710A3A
000050AEB967
00005402DE58
000065C59A38
0000409BF141
00003314D8EF
000033B050B3
000028362D74
000028F7997D
00002BEB57D0
00002F077986
0000318C7E4C
00003D7B58C0
00004BCA9458
000051284EC4
0000528D6A74
0000530BA439
00004C7E3467
000045964BEB
000047C73CE6
00004457DF3A
00003FB92080
000045A84977
00004DF1FE5D
00004C0F6DC7
00004944089F
00004BA9E009
00004BFD7E4A
000042C70F44
00003B22E8BE
00003B80528F
00003D2784EB
000048EA0215
00004C5EEED3
00005A3BB85E
00006C4F680C
00004200F9A9
000032C7C0A8
0000349EC702
00002B5AC635
00002C885EE2
00002C6BE78C
00002C873AA2
0000308CE9BB
00003C35C621
00004A931C32
000057764B35
000060235CA9
000060897177
00005552BCD5
000046641416
000040ECB4DF
00003F9B5EA3
00003EC83F41
000044A8FF83
000053224B7D
00005A6ACC4E
00005878A506
000059D31C36
00005F674631
0000542B6DC2
0000443AFB2E
00003A921D4D
000036F8D3F0
00003DFB5542
000047139268
00006298A083
000071D51081
00003F6F63ED
000033FD8515
00003938BF59
0000308FD37F
000030C2AF8E
00002FE4CA1A
000032527E60
0000369B1E60
0000398395D8
00004151C3D8
000050B05991
00006377B3C4
00006AAD239B
0000634C9D69
0000560E1CD2
00004BE0E606
0000435CD8D5
00003C22D978
0000411DD7FB
00005058CB51
00005993F279
000055E7C2A8
0000599B83CF
000064D97ACC
00005EF2E347
00004D0EABAD
00003F3F3C8B
0000362CFBF5
0000381D7895
000042187B46
0000568E0802
0000647D6816
000039875DE4
0000366985AC
00003DD5749C
00003523BA6E
000035D6F6AC
000038D12FCE
00003E338659
00003CB860D0
000034E124D4
000037D1D0AB
0000444A5181
00005371A338
0000677E448F
000073C1CD14
000070F31F87
00006169C3AC
00004D9A3040
00004177E2ED
0000403C3363
000047AB1AAD
00004EABE3CD
0000505C3028
00005781534D
00005FA3276E
00005D72F467
0000528B0E66
0000473B2FEE
00003A7A5CBE
00003A7502BE
00003CFE3841
0000444E8350
000052E399FA
000035BC13F6
000039411216
00003D6CB5E8
00003212A148
000035A5BCD5
00003D0D97BE
000044061C7D
000042BE9D62
00003CFC6597
00003E7B811A
0000403596A5
000041BCEC31
0000529FEBFC
00006B27C5B4
000075BFF762
00006C9AD257
00005A641306
0000486B1942
0000427D8250
000044E78383
0000498E8E3C
00005231AF2B
00005A7658DC
00005AD88E75
000057596E88
00005625730F
00004CED5930
00003C88D4E8
00003C36C9C2
00003BEB768B
00003F8B3144
000049B6ACAD
0000323B6CEE
00003B744BE2
00003C92566E
00002F3E8BB9
00003398B36E
00003B07D8A6
0000457760A3
0000488EF5C2
00004B538F20
00004D5188E1
00004026D41D
00003A6ABEE0
00004397B844
000051BCBE91
00006281B11D
0000743EF613
0000693DC590
000055C91F57
00004DA0522E
000048C7046C
00004A6B0884
00005599A771
00005B2A49AC
0000594C04AF
000058C69B60
00005A60A00C
000051D4E9E6
00004126A12A
00004082A408
00003DCB85FD
00003EFDC7E0
00004444B209
00002BE263A0
00003DDB7F0B
00003CBC501A
00002C407D8E
00002FDC74B1
000038F29821
000043898584
00004B00B655
00004F89FFF2
00004F6EC5C8
000044196334
00004033DBA3
000044294290
00003DEAC2AE
0000492800B5
0000656BCDFD
000071C08EE1
0000655603F4
000054A9E670
0000453ABB5E
0000426664C6
000047D3E340
00004DCDF9CE
00005155A215
0000599FBE8A
000060549553
000058C4502C
00004C913F90
00004BC11477
000041F2FB67
00003C58E6E2
000040C3328D
0000298AB563
00003F7AE3F8
00003D62EB14
00002A732E66
00002D98717C
000036C52BBB
000041EE2E75
000049B44985
00004D98A8B6
00004F10B1D1
00004D36E401
0000539732C3
00004951AB47
000036C31922
000038A61A3B
00004C0944B7
00005FF34467
00006879A908
00005A051DE0
0000474C82C4
00003F98A220
00003F45A04B
0000426583C8
00004B9E2C04
000059EC8AD8
000061AA7E71
00005CADE071
0000567E69D2
000054143164
000045479D98
00003E1134F1
000046C73CB5
00002E4DCF7E
00003E2AC19B
00003BCCC05D
00002908C3A4
00002B8AB9DD
00003323572D
0000421F925E
00004C74F82C
00004A41F47D
000049891752
0000512392CC
00005C193F1C
00005074C274
00003780758C
0000391986A2
000038FA4021
0000435C31C6
000057C80A36
000059EC94B1
00004AEEF5AE
00003FD09EC3
00003CAF534A
0000410B4E58
00004EAC0C89
00005547B0DF
0000586D205E
000058C76AC1
00005514268B
00004D74D0B4
00004148A2E2
00003FB4AA2E
000050FBE992
000034C69A4E
00003B81C940
00003A652263
000027D76C0A
000027A4BAB1
00002DF57039
00004009F4FD
000052915105
00004C3F4597
0000438287F5
00004BCB0C3E
00005AAA4FB5
000058025C0C
00004A68983B
000042C9CCBD
0000346DF7C2
00002F2CA018
000044EDF050
00004FCAA834
000045A4FB3D
00003BD946AC
00003B3F72A6
000044360CED
00004FF36603
00004FFFC756
0000526B4322
00005710771E
000050484FDD
000045B2BDBA
00003ABED1A1
00003EFE4577
000057173E2E
0000360E83DE
000039B30813
00003A3811CB
000028EBD288
0000257A083B
000029F0AF8F
00003B55192C
0000541404E4
00004E82472F
000044CC2A09
00004A5491D6
000051A7EFB3
000054DB3480
0000556C70B3
00004BE78873
0000366E5A41
000031258E31
000044B8D03B
00004B87D0B9
00003FC376CB
000034EBBDF8
000034B667DA
00003C47ECC1
000047F17024
0000501235D5
000056D6C9F6
00005AD90EF8
0000564C10B5
000049C23A05
00003A2EF5E0
00003BFD48F3
0000538660CF
0000331F8626
0000390A9ACD
00003ACD5F07
00002C295494
000027391557
000027942D7F
00003633B2F7
00004C8B946A
000052601EF7
00004EA445EA
00004D223566
000046512836
000049EC3ADB
0000584FB71D
0000536EB79D
00003DF62E72
00003F6F4E68
00004E5A2E2B
00004D723A61
00003E99323E
00003982CA7C
000035F661D4
000038BD8132
000044FEDB24
00004FBA27C9
00005981403C
000062D72D7A
0000662D51EE
000057EA90E1
0000413844D9
00003CCC66E6
00004C5DEBC8
00003021EF57
000038F3CC55
00003B503D91
0000303EB6C3
00002C61BDBB
00002A1F0131
000033C017CA
000042E4DBF4
00005326A843
000058C8870B
00004FADDB75
0000411BE405
000044A989F9
00005672DDBA
0000529FC234
0000400CFB61
000042F3655C
00004EDA42AB
00004EC91914
000044BB3BF5
0000453255AE
000041EDDEA3
0000418B6517
00004ABC7CD3
000052822D19
000051C9EFCE
00005971B6E1
0000656B66AB
00005A41C2CD
000041BFD067
00003B64D321
000045060BF7
00002BF81FC6
000039AAAF50
00003CFD2962
00003495DAEC
0000329AA3B7
00002ED5935D
000032FDF068
0000396A7F44
00004A2F5C7C
00005F788DE7
00005535EC16
000042539ED6
000046EADF96
000050FCEF37
00004AB57A1C
00003F5143CE
000045CA13C8
00004EE5B031
0000506961C3
000056341B79
0000586229D8
000051A12319
00004F7078BC
00005A3C345E
000059BFD1E6
000053E603B0
00005588DF87
00005817DA19
0000522F4F0F
000041F9E393
00003DECD2D7
000043321C0C
00002932C509
00003B7206B2
0000439A2633
00003BA283A1
0000382EEBF6
0000350E3D08
0000347383EB
000032FF3FBD
0000407FD680
00005C59C54C
000058C6372F
0000492D1BD0
00004D5D6F43
00004E67FE9E
0000453D2236
00004429CE7B
000049A50954
00004A559196
00004F6B3BE4
00005E18B35C
00005CBBB954
000051122114
0000522F3B75
00006140A7B7
000064A725D4
00005C2D0790
000052F3349A
00004875DE6C
0000428591C5
00003C6D00FA
00004077338D
0000457DEE05
000027A70002
000042BEACDA
00004DFCCF1B
00003E770F60
00003A38AD41
00003ACEFB19
000036AC6A12
00002FB3A84C
0000391DE3BC
000050490E87
000057BB18FB
000051D4E89B
000050CB21A7
00004A8A2C20
000044DFFDFF
00004D0FEB53
00004C4ACB46
0000432DD781
00004A7DBD5D
00005EC7D8D3
00005E969CEE
0000509ACB11
000054B11090
000061E7787A
00006A458DB5
000061DF1A5A
00004E01F8E5
00003D3A2764
000036253691
000034BB4B18
00003F78B4B1
0000450B2349
00002664DEEF
00004D5C656B
0000553F28FD
00003BF23910
000037FA170E
00003B9E9FAC
00003721184A
00002F502610
0000339104CE
000041C734A5
00005279FF35
000059C58580
000053BF964D
0000470A9F58
000046048768
0000532FD9F8
00004DD94281
00003F5D242D
00004726A66E
00005EF02F9E
000062554230
000057D569E3
000058D9CABA
00005A29EFDC
00005AAAA056
000057F569B7
000048B01F08
000036604CD5
000035F8E64C
0000361300D8
00003BC399BD
00004139B77B
000027484181
0000549CCA3F
0000571A8923
000039A2574C
000036AB9166
000038B577F7
000036355552
0000303A0F8E
00002FDF3E97
0000351CC6D0
000046DE386D
00005C506A62
000056C462C1
000046E33270
000048BB1289
00005410C924
00004D685FC7
00003E4B6EDD
000047FE45D3
00005C76D4E0
0000652704DD
00005FFC5A6F
00005707649E
00004C5E6B89
0000465023A9
000048A4B263
0000411A6F23
000038BFFAC9
00003F6EDD56
000038866BFF
000037E99A14
00003FBF5FF9
00002A161661
000051AEBD73
000055ABA4E6
00003D2767A2
00003A41E39C
00003ABC7E80
000039E2D50E
000037033F8A
0000336F2965
00003153C039
00003E78E3BE
000056689D17
0000574B9E39
000049C0447B
00004B1412AE
00004FFC5471
00004936B57B
00003E6D1589
00004560F147
000052B8C6CF
00005C329739
00005ADA308C
00005000F09E
0000458BCB0F
00003DD1F8E7
00003D9A003B
00003C545969
00003B83E221
00003C577A6F
000034C8E76E
00003822C609
000044F09691
00002E936324
00004B27AE57
0000520241F5
00003E7699D1
00003E589BB6
00003EEB8A09
00003E93F6D6
00003FB41311
00003941EDE0
00003293F144
0000392526F9
00004A64D463
000050484A2C
0000496736B2
000045F9D0F3
000045DB4EB8
0000416EDDFD
00003BE79E9E
00003DB11FBC
00004538733F
00004B0B8C5D
00004B9FC7BF
0000470BD339
000041CB6792
00003B3C597A
000037C5E019
0000396BA982
000038BB3293
0000372F8B31
0000331A72A6
00003BFCFE90
00004BEF9F7C
00003098BFA0
00004351A2B7
00004F1FECC5
00003B95C05D
00003BAA5F0C
00003E5B9C0B
00003E8CB031
0000424F1821
00003C2BDDD5
000035056AB7
000039AF8438
000042B69398
000048562195
000045039D62
00004107AAC7
00003F8BC233
00003BF8DEDE
00003940CC45
00003A41F69C
00003F75C8FE
00003F530366
00003D807703
00003E5B7E7E
00003F86CD1D
00003B9A37B4
000037441952
000035A6FAE6
0000362975F4
000037453B75
000035F04239
000044681195
0000527E9D9B
00002C59C0C4
0000327C2715
00003EF14A5F
000032EFEB50
000033ADB9F6
000036FAF45F
0000390C76DA
00003DA64E0B
000039BB99DD
0000347B1498
00003520B43F
00003539842E
0000368B0E71
000037C856A6
00003584B074
000030C5BF97
00002E0B90AB
00002D2DBC93
00002ED1F0B1
000031001CE4
00002E93B9EB
00002A77363F
00002D35E904
0000321002E2
0000333FDAEE
000030B083F3
00002FE0AE46
00003223CF3C
000030E8F3A7
000030F410EC
00003E929089
00004690CE18
000023293A1D
00001E89BEE8
0000276842CB
000025A289BD
000026C915D5
00002952FBF0
00002B04779A
00002D3B121F
00002C0DE261
000029489D72
000027C228D8
000026208396
000026DA9E9B
0000274CB438
000026541479
000023A20B21
000021698EFA
0000208A3EC6
000020C14421
000021BDAFCA
000020CA6D1F
00001EA9567B
00001F4A4A4D
000020C4539E
000021FFDF81
000023484CE0
00002408B754
00002695C6F3
00002724D363
000022C97DA6
000026CD884C
00002EA6F1FE
00001CBACF84
FFFFF8DE0111
FFFFF7E14678
FFFFF96E622A
FFFFFE49EF1B
FFFFFF8E1A88
FFFFFA4600DD
FFFFF9F2871E
FFFFF7F3295E
FFFFF74E47BD
FFFFF52EA641
FFFFF54EE75C
FFFFF9E5970D
FFFFF9BBB455
FFFFFD0EA7D4
FFFFFA793CB6
FFFFF804D5E5
FFFFF60F5C2B
FFFFFB7E67A7
FFFFF62D211B
FFFFEDF59C27
FFFFF48FAE06
FFFFF97B9974
FFFFEF54B482
FFFFF5E7F95E
FFFFE910E396
FFFFEBD95F43
FFFFF609B41A
FFFFF94C28DF
FFFFF2445F90
FFFFEEF2640B
FFFFED825C08
FFFFEA4C8F77
FFFFFC27E57B
FFFFF5E6437F
FFFFF8ECFE8C
FFFFFCCF4F2D
FFFFFE7DF92C
FFFFFBEBF8E3
FFFFF5C7E52E
FFFFF1FFDD54
FFFFF48DCD2A
FFFFF695BAC8
FFFFF71D5497
FFFFFAA8B438
FFFFFCA9606C
FFFFFDAE93D5
FFFFF84A9500
FFFFF4ACE0BE
FFFFF631E413
FFFFF9A7DFEF
FFFFF7C577E4
FFFFF3BDAC62
FFFFF3FE932C
FFFFF4B17F23
FFFFF109D425
FFFFF39FB880
FFFFEA48073D
FFFFEBC561FD
00000357EA75
FFFFFFAB2AAD
FFFFEF7C1914
FFFFE2B6C3B9
FFFFE8B8991F
FFFFE79D68EC
FFFFFF80BC54
FFFFF51307BA
FFFFF57FCD6C
FFFFF31E74B5
FFFFF4B818BC
FFFFF55BB6B2
FFFFEF6DED52
FFFFEC4EB604
FFFFF03526C5
FFFFF3A90453
FFFFF4E8095E
FFFFF46DB9AE
FFFFF37568E3
FFFFF297ABA8
FFFFEB31B028
FFFFEA9434A2
FFFFF0F3C133
FFFFF627091F
FFFFF5C79C94
FFFFF843B762
FFFFF0200017
FFFFED74AC12
FFFFECC62005
FFFFED48F091
FFFFEFFBAEDA
FFFFEF97EC90
FFFFF577F584
FFFFF07945D6
FFFFEC50B469
FFFFE1AA9641
FFFFE85B0F32
FFFFE2FA844C
FFFFFEBA3B20
FFFFF0B415E8
FFFFF0A04CB2
FFFFE8214C6B
FFFFDBC82B82
FFFFDA9AD657
FFFFE2C16277
FFFFEC7FBDDF
FFFFF1346187
FFFFEFEA633B
FFFFF0B9E984
FFFFF102911B
FFFFEDB597CD
FFFFE951DB3D
FFFFE2AD805D
FFFFE9FD4A47
FFFFF37F19FF
FFFFF555D6E5
FFFFEF8EFE83
FFFFEE6B49A8
FFFFEE26641B
FFFFF4B5E38D
FFFFF7D2A74E
FFFFF456A928
FFFFF56D1F58
FFFFEBEE95CC
FFFFD9281BA0
FFFFE3C192A9
FFFFEC104220
FFFFF05B8670
FFFFDFC2B060
FFFFE10D668D
FFFFFD059FDE
FFFFF62D6F58
FFFFF4A6164F
FFFFECB7844C
FFFFE6EA8EFF
FFFFEB927449
FFFFF19BF1D4
FFFFF7B8B535
FFFFFA4E2ACD
FFFFFAC79044
FFFFFA63D203
FFFFF9F8AA83
FFFFF5DE9AC6
FFFFEFBEE695
FFFFEE934071
FFFFF4FC8AA8
FFFFFDC1D53D
FFFFFBAFA840
FFFFF6867F5A
FFFFF99C9F21
FFFFF59B2ECB
FFFFF71F8099
FFFFF9F667E2
FFFFFC11D4A6
FFFFF64E0179
FFFFF3268390
FFFFDCE16DBD
FFFFE34C60DA
FFFFF45C852C
FFFFFA2BC0EA
FFFFDDED63C4
FFFFD331314D
FFFFFB698D6C
FFFFF96B9854
FFFFF76DDC7C
FFFFF1CADE0D
FFFFF149928A
FFFFF89FB997
FFFFF8276EF4
FFFFF5410ECE
FFFFF096D198
FFFFF48336F6
FFFFF7E06A1D
FFFFF9C5592E
FFFFFB722AC4
FFFFF9714B1A
FFFFF4B1DD22
FFFFF745480A
0000029E1FF3
FFFFFE652EA3
FFFFF7CDE3F3
FFFFF9144FF5
FFFFFA4B2605
FFFFFA259489
FFFFF1AF772F
FFFFF3733165
FFFFF61133C8
FFFFFD5B037C
FFFFF073C346
FFFFE31565BB
FFFFE4A9F0A7
FFFFE6618BA8
FFFFD1A20E0E
FFFFCA68C48B
FFFFFF030E84
FFFFFA1E8CFD
FFFFFBFA6117
FFFFF8AAA311
FFFFFCB0FF3C
000000368CE9
FFFFF7635FCE
FFFFE995A713
FFFFE5AF079D
FFFFEE1FE841
FFFFF611FF14
FFFFF5E3ABC7
FFFFF9544303
FFFFFB4E104F
FFFFF5A62209
FFFFFAEEE64E
00000183A090
FFFFFB60CE5C
FFFFF40E3EBB
FFFFF875BDB9
FFFFFE30B778
FFFFF9885169
FFFFEAE74A2B
FFFFED22FF3A
FFFFFED2EF40
FFFFFBBFC7C6
FFFFF6B02D62
FFFFE71489D2
FFFFDDBC1635
FFFFDDFBFE7E
FFFFD53BE7A2
FFFFE05E1DC7
FFFFFD3B7D35
FFFFF61FA9F0
FFFFF91145FD
FFFFFA1969B6
FFFFF95FD0DE
FFFFF48F8BC3
FFFFF1F076C9
FFFFEE1E83CC
FFFFECED7E4F
FFFFEFBDC79D
FFFFF1B41E25
FFFFF5B8E3FE
FFFFF4EE1AAE
FFFFF31FD1D2
FFFFF7BB1971
000002362D3B
FFFFFD1AAB8C
FFFFF1FDCD33
FFFFEF1FA709
FFFFF4132AC1
FFFFF7287987
FFFFF239E31D
FFFFEA125705
FFFFEDE3E5FF
FFFFF2912D73
FFFFEAA95EA9
FFFFED5D993C
FFFFF9CA9BEA
FFFFEB9140D3
FFFFF335DB28
FFFFDF8C5548
FFFFE55EFDBE
FFFFFB873919
FFFFF3F14B78
FFFFF95EBBE7
FFFFFC035B91
FFFFF4A56DC0
FFFFEBAF06F9
FFFFEC492140
FFFFF32C2B30
FFFFF3E30E69
FFFFEFDC1C87
FFFFF035339E
FFFFF6E73D33
FFFFF243FD24
FFFFEF42A37B
FFFFFC0093B9
FFFFF96529BA
FFFFF4814ABD
FFFFF065E1DD
FFFFF15FFFA8
FFFFF23C68EA
FFFFF5F8B22B
FFFFF0F08AF5
FFFFE911BD49
FFFFF4FF931E
FFFFED3A187E
FFFFEE602E26
FFFFECB34327
0000018440AB
FFFFFA8E444A
FFFFFAC41850
FFFFD425F23B
FFFFE15DF766
FFFFFECD105F
FFFFF66F36C7
FFFFF8B2B455
FFFFF78BB935
FFFFF6984968
FFFFEC525B57
FFFFE4F63320
FFFFE411C01E
FFFFEA0D3597
FFFFF3DD5F23
FFFFF481964B
FFFFF3639D2C
FFFFF3DD8ABD
FFFFF64B5E10
FFFFEFB1CD36
FFFFECC3B52F
FFFFF1C586F4
FFFFF4DDC1E3
FFFFEFE0651D
FFFFE9ECDB51
FFFFF447CB5F
FFFFEF4A17F7
FFFFEF0B38D1
FFFFF73F0E51
FFFFFC861299
FFFFF5168118
000000512D32
FFFFF9F9C089
FFFFE759692F
FFFFF191742E
FFFFCB153237
FFFFDFA3754D
000000492E16
FFFFF54FCA7C
FFFFF6F65188
FFFFF65B6DE4
FFFFF4D4D36F
FFFFF444873C
FFFFEF9E76E3
FFFFE1A5E8E0
FFFFE23E0ED2
FFFFEC2C88E4
FFFFF4BC74EC
FFFFF380A531
FFFFEFA552F6
FFFFF699C074
FFFFF24842D2
FFFFF2EC0269
FFFFF8C1B024
00000360CBFE
FFFFF8B0C66E
FFFFF2FA0C07
FFFFF777012A
FFFFFA3FC925
FFFFF2450B0F
FFFFF5782543
FFFFF994FEF0
FFFFFC344D1A
FFFFFC53B701
FFFFF12B9792
FFFFE36FF8F7
FFFFE771F87A
FFFFD2A30743
FFFFE671BBBF
FFFFF95FDBE5
FFFFF153FC21
FFFFF9538D45
FFFFFDBFA795
FFFFF8AEDF48
FFFFF67108D5
FFFFF8D4EADC
FFFFF56B620F
FFFFE2BF7021
FFFFD84179C3
FFFFE11F5CD8
FFFFED795133
FFFFEDEADF6B
FFFFF3B26E1E
FFFFF0E57E09
FFFFF59B68F5
0000031B7EFC
FFFFF79B19E3
FFFFF6EACE26
FFFFFB914C80
FFFFFCEAF5B5
FFFFF3301460
FFFFF30D3071
FFFFF62AEA4B
FFFFF1071406
FFFFFDF0A4FA
000001308609
FFFFF819121D
FFFFEE0526FD
FFFFED7E04F3
FFFFDEBD656C
FFFFF1F8ABD0
FFFFF88E2803
FFFFF0A5E34E
FFFFFA1400FA
FFFFFFA72CD9
FFFFF53A0A36
FFFFF1EBF256
000001F359F6
FFFFFCA73795
FFFFE7C2D58C
FFFFD67ED3D8
FFFFD7971CFD
FFFFE2328301
FFFFF1827AB6
FFFFF76A943F
FFFFEDA1F201
FFFFFC5BFA83
FFFFFAF4445E
FFFFEAFDBF11
FFFFF5B0B486
FFFFF99C8FA5
FFFFF177885B
FFFFECB4130B
FFFFF106738A
FFFFF6C1C03F
FFFFF3A1597E
FFFFF5340C4D
FFFFFCCE6D00
FFFFF91A21ED
FFFFF076AEAE
FFFFF7CFAE7C
FFFFE167F577
FFFFF38E44E4
FFFFFB83B002
FFFFF1FD7D83
FFFFF6EBF53C
FFFFF92983AE
FFFFF0D1F6A6
FFFFF0D0FA2B
FFFFF0941864
FFFFF525C5AA
FFFFF40DFEC7
FFFFEDBA726D
FFFFE5173A54
FFFFD10F9597
FFFFE3530F29
FFFFFA9F2723
FFFFF7FC498C
FFFFF91FA9F2
FFFFF5D6AF0E
FFFFE5A712FD
FFFFEA1852EF
FFFFEC86C365
FFFFF1771B24
FFFFEBBFD82F
FFFFF2AC398E
FFFFF4E43FDE
FFFFF7DE6656
FFFFF5153ECE
FFFFF7B55884
FFFFF4FA19EB
FFFFF40DB675
FFFFF929B132
FFFFE1867564
FFFFF379B55B
FFFFFC4536BF
FFFFF3F1F52D
FFFFF2463262
FFFFEFC819AD
FFFFF30AF0CD
FFFFF4A6A9A6
FFFFE7CD1934
FFFFE99D1B3E
FFFFFB265D5A
FFFFFECBF834
FFFFF3570149
FFFFD95819B6
FFFFD44DC0D0
FFFFEC0646C3
FFFFF645CFD2
FFFFF43982B7
FFFFEB00A455
FFFFE97C5D34
FFFFF2BD3939
FFFFEF83EEE9
FFFFF4ECB6FE
FFFFF7B1100C
FFFFF35D1F49
FFFFF2E65895
FFFFEFD204B1
FFFFECD84F9A
FFFFF1FB9668
FFFFF4C4D889
FFFFF62F5082
FFFFF78B8183
FFFFE21CB8D8
FFFFF2885561
FFFFFBCE99F6
FFFFF86E37B9
FFFFF5E40030
FFFFED092019
FFFFF3C6F342
FFFFF7A90090
FFFFEE9DA177
FFFFEA7C9050
FFFFF9969863
FFFFF4A9B720
FFFFF38BB127
FFFFE48D2EA9
FFFFE4E71D08
FFFFD2611F69
FFFFE4182CD5
FFFFF1D8273E
FFFFE4E190B8
FFFFFAB5B3B5
0000022DAB09
FFFFF1F9ABF7
FFFFF95216FF
FFFFFB97309F
FFFFE78E57E3
FFFFE664C188
FFFFEBCCBE69
FFFFED579885
FFFFF222040F
FFFFF56E5DE9
FFFFF997F917
FFFFFD0F8BD2
FFFFE0A3720E
FFFFED0D6161
FFFFFE64D4AE
FFFFFA7F67B2
FFFFF7FB60FE
FFFFEA64BF4C
FFFFED07B013
FFFFEF96F7DE
FFFFEA83A584
FFFFEC2EA897
FFFFEBB7384C
FFFFE5CE20AB
FFFFE4B49134
FFFFF2FB2D5F
FFFFF9C036CE
FFFFDF564A3F
FFFFD9B6ABC8
FFFFF4F8B14C
FFFFF65D4B57
FFFFFCCBFB0B
00000576965F
FFFFF3E6FAF1
FFFFF4C88772
FFFFEC9C6B28
FFFFE7F041FC
FFFFECF4C4DC
FFFFF8FB7DA7
FFFFFBEDD641
FFFFF54BEFFE
FFFFF388D83A
FFFFFD937931
FFFFFC6C7E9A
FFFFD6600FAF
FFFFE1D95055
FFFFFFA4ED18
FFFFF9282067
FFFFF8B4141B
FFFFECC57749
FFFFE4E3DC2E
FFFFED1316A0
FFFFE53B9A89
00000076CF37
FFFFE72296F5
FFFFE7B3701B
FFFFED848309
FFFFFBE5BB0B
FFFFFEF97A23
FFFFEF6D8E26
FFFFE7692AA5
FFFFF24890AD
FFFFFA473556
FFFFF7B02BBD
FFFFFE78F832
FFFFF498C6F8
FFFFEBDC502A
FFFFEBA88917
FFFFEFE4C3B2
FFFFFF58B157
000003C37827
FFFFFA879D1F
FFFFF2F2A667
FFFFF4947D7D
FFFFF85A0BED
FFFFF2615EC6
FFFFD0259991
FFFFE07E38BD
FFFFFF0EB2E6
FFFFF83AB352
FFFFFAD816DD
FFFFF1DFA567
FFFFE0614D25
FFFFED8BFE4C
FFFFF0C5F346
FFFFFD0A69E0
FFFFF3380D46
FFFFE028B1CA
FFFFFD5E7401
FFFFED7A8FBD
FFFFF42F7463
FFFFEBCBA276
FFFFFE017F51
FFFFF14AC584
FFFFEDD295AD
FFFFF9E766EC
FFFFFEB348F2
FFFFF6B0EB87
FFFFF27AD1BF
FFFFEA7FF070
FFFFF58ABCFE
00000360D747
FFFFFC226EFA
FFFFF30A31FB
FFFFF04ABFE8
FFFFF48242A7
FFFFEF3A9974
FFFFEF422501
FFFFD0FEF34C
FFFFE6B7EED3
FFFFFFEB4314
FFFFF7C4FF12
FFFFFB9C3BB0
FFFFF6951FBD
FFFFE6AAAE7C
FFFFE7AB2782
FFFFF306B418
FFFFF3578F84
FFFFF298F3C8
FFFFE5AA51CE
FFFFF4C73A4B
FFFFF1297D1B
FFFFED2F0F4B
FFFFF38CDD58
FFFFF52D9E91
FFFFF5B168DF
FFFFE5040E05
FFFFF979C997
00000697F5C1
FFFFF1442206
FFFFF428F2EB
FFFFEF60A123
FFFFEABC9274
FFFFE5B75AFF
FFFFED6833B0
FFFFE4C26D11
FFFFE7D84DEA
FFFFF0A85480
FFFFF48A6B7D
FFFFF3D1AC9E
FFFFDC1B378A
FFFFECC8A674
00000124811B
FFFFF7EF3EA7
FFFFF808AC11
FFFFF85D16FF
FFFFF00257BD
FFFFE37DB701
FFFFE774534A
FFFFF23E4CFA
FFFFE6FFDF3D
FFFFF4AC9E37
FFFFEF02A9B4
FFFFF15069DE
FFFFEE1FCEF1
FFFFFD6E221C
FFFFEDA43E0A
FFFFF08C83F2
FFFFF1B79403
000003CBB61B
FFFFFFB1D179
FFFFF22DC0C8
FFFFF9C1DC79
FFFFF3D25984
FFFFEC41D659
FFFFDD00809B
FFFFE15F1A1A
FFFFF39556EE
FFFFF1014486
FFFFF5B6F1B8
FFFFF8AA82FE
FFFFF8DEEA51
FFFFDF2D6866
FFFFEFA56766
FFFFFF530A0A
FFFFF5662BEA
FFFFF5D1EFBA
FFFFF77B2CB6
FFFFF58FC27D
FFFFE91D2E16
FFFFDDD49CE8
FFFFF76769E1
FFFFEAA8CEBC
0000000A3BFF
FFFFF5C847AE
FFFFEE008C10
FFFFF4F78316
000006E88761
FFFFF8846118
FFFFEB1560D9
FFFFF81EE73B
FFFFF6E5D065
FFFFF89E46B0
FFFFE4B6C8F5
FFFFFB9FCC55
FFFFF2A480C5
FFFFF80C0E8C
FFFFEA309AD0
FFFFEEF2EDC4
FFFFED474624
FFFFF2088D85
FFFFF60EEB85
FFFFFD16E106
FFFFFCE6A2F0
FFFFDDFE1481
FFFFEF232E49
FFFFF95FE1E7
FFFFED8886AF
FFFFF5C88C0E
FFFFF97D80C2
FFFFF89BD626
FFFFF06BB7CF
FFFFE08C6A9E
FFFFF02F7E91
FFFFF7CD05E6
FFFFFC890B6E
FFFFF71373A3
FFFFE8FB2EC9
FFFFFF02676C
FFFFFA9054C8
FFFFFB502B50
FFFFE4174A2B
FFFFECD15310
FFFFE6636D44
FFFFEE2746A1
FFFFEBCF671E
FFFFF877103C
FFFFE855D983
FFFFF0CB8092
FFFFEFBE234B
FFFFF70CA042
FFFFED1B8186
FFFFF53333E5
FFFFFEFF2AF9
FFFFFA4A939E
FFFFF9698E5B
FFFFDE3663AF
FFFFEB3DA624
FFFFF1972B13
FFFFE8989827
FFFFF6E76ED8
FFFFFBBCF70E
FFFFFC9411FB
FFFFFA0A9EBF
FFFFE9C462F5
FFFFE7134E52
FFFFF2DFF1EB
FFFFF93B834D
FFFFF09B4F8A
FFFFEA640871
FFFFF63C44C0
FFFFF3349E2E
FFFFF218F256
FFFFEDBD9013
FFFFE85FB9A1
FFFFEB2CF2CA
FFFFF030235B
000000CCCBCC
FFFFF28F2AA1
FFFFDE6D94EA
FFFFE0D273FC
FFFFF56E95DA
FFFFF4DBBE9C
FFFFF2685FED
FFFFFB024643
FFFFFD5A5BA9
FFFFF73FD3BC
FFFFF91F9247
FFFFE13ABCC4
FFFFEB300D64
FFFFF16DC2E8
FFFFF128DBD6
FFFFFB1DE786
FFFFFF7FE82A
FFFFFCAB85C8
0000008D4405
FFFFF48CBEB1
FFFFE3C1E9C8
FFFFE64B0BD2
FFFFF8440385
FFFFEB11A1A1
FFFFF62579F1
FFFFF0BF49D8
FFFFF55E6604
FFFFEA6143A2
FFFFFD3A828C
FFFFEEFECB3A
FFFFEF920FE6
FFFFF095D089
FFFFF4AEBB13
FFFFF3F13E0F
FFFFE0A0EC7A
FFFFED82FF66
FFFFEF40B0CC
FFFFF5B9930C
0000000FF137
FFFFFFAFB519
FFFFF60696F4
FFFFF2CA85BD
FFFFF8CE9443
FFFFE31801FF
FFFFEF13A596
FFFFEFF1E3B2
FFFFF8141E99
0000022D28A0
FFFFFD4CB2A2
FFFFFA06C437
FFFFFFDD3DCC
FFFFFA3BC572
FFFFE83DDBE4
FFFFDAF28868
FFFFF48A48FA
FFFFED2E974F
FFFFFFAEA0BA
FFFFF649BD7A
FFFFF57CA3C0
FFFFF49FFA73
FFFFFB61A70E
FFFFF2BB4D22
FFFFE75FFF27
FFFFF06A4A1B
FFFFECAC7B48
FFFFF8431E57
FFFFF23B6F84
FFFFF78F68E2
FFFFFB2254F0
000000130C29
000005338929
0000011BFF7D
FFFFF515787D
FFFFF3424F76
FFFFFB59B86C
FFFFE44DE5B0
FFFFF1D335D6
FFFFF586F52C
FFFFFC4BBDDB
000004385EA8
FFFFF64AE812
FFFFF9B6B652
FFFFFDEBD4BF
FFFFFB3416EB
FFFFF10EDBCB
FFFFDFE80DDC
FFFFEEDF842A
FFFFF917DC10
FFFFFF6CF281
FFFFFBB709D9
FFFFF19E67E9
00000102CB4C
FFFFFBD1A2A7
FFFFF497CB77
FFFFEA9A1A22
FFFFF26797E9
FFFFF4693393
FFFFF80C168D
FFFFFFF4F3B2
FFFFFC5A7B2E
FFFFFCC992C2
00000016DE5A
FFFFFAD63A37
FFFFFB83CF39
FFFFF9D626A7
FFFFFD5CF4B3
FFFFFA498178
FFFFDE777D36
FFFFEC624229
FFFFFD50E52D
FFFFFAAB143C
FFFFFD60488C
FFFFF15D15A9
FFFFF5CF8D77
FFFFF8176F49
FFFFFACEEEA3
FFFFFBBB15AF
FFFFEEF357B0
FFFFEC2966A3
FFFFF8BE8398
FFFFFE37792C
FFFFF594C4C1
FFFFF6C46317
00000390A199
FFFFFFE17611
FFFFF6D32874
FFFFF6B1E4EC
FFFFF1A7A2CE
FFFFFCFAF600
FFFFFC9F331F
FFFFFFB600B5
0000023A8838
FFFFFC97E09E
FFFFF3CF1F79
FFFFFB85CC81
FFFFF95150A9
000006DA7BFB
FFFFFF440EA3
FFFFF7546F8D
FFFFDB550F56
FFFFEC700152
FFFFF92D3B22
FFFFF56C5BC8
FFFFF4D11040
FFFFF4C46BEF
FFFFF3B1C7DE
FFFFF3964270
FFFFF7A43EAC
FFFFFEF99D03
FFFFF7564B28
FFFFEDF209EA
FFFFEEEE2530
FFFFFA41218D
FFFFF439CAB0
FFFFFECCD668
00000031B2D6
000000541D4C
FFFFF669DA0A
FFFFFADC3937
FFFFF4E8ECD0
FFFFF9557868
FFFFFBB80946
FFFFFD675C35
FFFFF81D75BB
FFFFF9FE9FD3
FFFFF786FCFD
FFFFFA7874A2
FFFFF94431F7
000001643380
FFFFF3624CA5
FFFFF1888DDA
FFFFD5F4A6C5
FFFFF00D5825
FFFFF4A07F7B
FFFFF6CD1062
FFFFF0725741
FFFFFD53CDE0
FFFFFABB4098
FFFFF739C40B
FFFFF96CE947
FFFFFC38EDC1
FFFFF8C5A050
FFFFF80CDDD5
FFFFF79BD1EC
FFFFFEB4D362
FFFFFE09D11F
FFFFFF02EDB7
00000330DA2E
FFFFFED3B160
FFFFFB537E66
FFFFFA000D39
FFFFF761D865
FFFFFA9A3687
FFFFFBA1E1DC
FFFFFB3C73E3
FFFFF6D31F1B
FFFFFC014234
FFFFFDDB052F
FFFFFE51D96C
FFFFFAF0086D
FFFFF841339E
FFFFEDA00A2A
FFFFF57B02EB
FFFFDEE7F38C
FFFFF09A9115
FFFFF77B3310
FFFFF49A05F7
FFFFF8372C6D
FFFFFCD3E92D
FFFFFBC3310F
FFFFF72EFE53
FFFFFAE2C7B1
FFFFFCAB8C8E
FFFFF98840EF
FFFFF8C226DD
FFFFFC8E5144
FFFFFD2A428B
FFFFFF0672BB
FFFFFDC391F0
FFFFFC254738
FFFFFC2BA3BE
FFFFFDCC086D
FFFFFCC2E850
FFFFF54002C6
FFFFF9E81C4B
FFFFFE3A5DF0
FFFFFAE0C98C
FFFFFBC097EA
FFFFFB5DFBB6
FFFFFD0E4648
FFFFFD87DB1A
FFFFFCDC3947
FFFFFA7D0F47
FFFFEEAC1DD8
FFFFF284FEAC
FFFFE642D4D2
FFFFF1FAA84B
FFFFFC5D15AE
FFFFF9ED95DA
FFFFFA10B5DF
FFFFF22FF5B6
FFFFF22B0F5C
FFFFF4DA6D1A
FFFFF8344F4D
FFFFFB52C655
FFFFF93E02A9
FFFFF4CD9C7D
FFFFF5EC3862
FFFFFA25209B
FFFFFFBEEA36
FFFFFEB20048
FFFFF91E62C1
FFFFFA0F204E
FFFFFD0FD94D
FFFFFCB5F321
FFFFF9D2F43B
FFFFFCCC4DD4
FFFFFF0044E8
FFFFFBAB6C32
FFFFFA3A8494
FFFFFC300748
FFFFF98ED0E6
FFFFF7F7C479
FFFFFD0C7985
FFFFFDDC491D
FFFFF314EB4E
FFFFF10FC7F9
FFFFF7A4CF64
FFFFFCCECB41
00000244FBCC
000001B80846
FFFFFCB495EC
FFFFF769CAFD
FFFFF3A4835D
FFFFEEA96BD9
FFFFEB27CFB4
FFFFEC484D70
FFFFEF8D49D0
FFFFF1AB464D
FFFFF532C4CF
FFFFF82A531B
FFFFF6EB8A7C
FFFFF78DFB00
FFFFF7264C06
FFFFF8CAA304
FFFFF952D68A
FFFFFA9FC041
FFFFFAD1E818
FFFFF7C8ACDF
FFFFF79FF9D8
FFFFFE35A9D1
FFFFFC647F93
FFFFFAC766F6
FFFFFF7D7256
000006BA5538
FFFFFEB4D542
000000510902
FFFFF94D402D
FFFFFA38E57A
FFFFFDB704DF
FFFFFF3F5AA6
0000049EE767
00000225ED06
000008211BB1
00000589F870
000002BAEC9A
FFFFFF2F08E1
FFFFFE5AFAD7
FFFFFFD1AF09
000001AD2E4A
0000041CD690
00000517CCA3
000005609F59
000005F2071A
000008AF7A67
000007DC2844
000005BA9D53
000004A45E64
000001A9DBC9
FFFFFD4F5A19
FFFFFF938849
0000053B7C5C
0000068B5CCF
000002FB0EC3
FFFFFE921FA2
FFFFFD810F67
000003C625A0
000007EC0019
000009A33571
000000852849
FFFFF77FBA7C
FFFFFBB44F16
FFFFFE27C47B
00000353574C
000000AC6238
FFFFFECA5836
FFFFFD363A6B
FFFFFBE893FE
FFFFFFE4B493
000005B77C6B
0000082864B7
00000461AB68
0000011B0A9A
FFFFFEA8D1A9
FFFFFE1DF991
000000CD8656
000002F5B591
000003CA5C8F
000005182A09
0000094DF7DF
00000A5483DB
000004F35DF2
000001775FE5
000004BE450F
00000946855A
00000B2F9B91
000004A949BE
FFFFF90FC458
FFFFF3CA3514
00000121DF38
00000A82DB84
0000071097CD
FFFFF56166AD
FFFFF7AC0491
FFFFF8D7EE62
0000015E9237
FFFFFF28D750
000001B6047E
000004279DBE
000004BF92FA
00000272FED0
00000277B02B
00000385DDAF
000001671ACD
FFFFFDC4CCBE
FFFFFBA11B06
FFFFFB54FA8F
FFFFFF670FB6
0000018C140E
000003D2632B
0000054DD15C
0000040521DC
0000060B49C8
00000141C597
000003CEC195
0000050D6847
000002C42BF6
00000475040B
00000365D48D
FFFFFBB0E4A9
0000038225FF
00000A151DCD
00000D2803EB
00000B303662
000000DB5036
0000058E0FE4
00000675AD1B
0000014548B1
000001CFC89A
00000188B9E8
000002AC5CC9
000003F1194C
FFFFFDFC5CED
FFFFF471F871
FFFFF692D6E3
FFFFFE4E9839
0000032FE0A7
00000586D5E7
0000055F92F6
00000310AB0B
FFFFFFA710E4
FFFFFEDF14BD
0000000926FA
FFFFFCD279E4
FFFFFEE5CEAB
FFFFFF3ED843
FFFFFF9FC84A
000000094C49
FFFFFE5FDE05
FFFFFFD4A17C
000005738977
000003531BC8
000006FD8CFB
000004B59CBA
FFFFFD631A8E
FFFFFE08D502
000000341C35
0000048105B8
000005BE59A9
FFFFFEF9063E
0000019F3D86
000002833BC8
000002EFD85A
00000485734F
00000791C738
000005BFC743
00000599CCB2
000004097285
FFFFFDFE7ACB
FFFFFC6228E1
000001423221
0000038E6980
000005800C91
0000053CD953
0000031EC8F5
0000011F8616
000002B0258B
000002ABC7BB
0000016BDEF0
FFFFFCE0367F
000002DCAA87
000005F7B5B9
000003C7F639
FFFFF9E5BBBB
FFFFFFC68025
00000811D670
000006125670
0000087A26C9
FFFFFA317192
000000DEB7DD
FFFFF1D1D035
FFFFFF1111D0
000001969BC1
000005D50F1D
0000070CA5FD
000003CFD751
00000C4C33B5
00000F780B57
00000E09515C
000007A91017
0000042043C4
FFFFFE6945A6
FFFFFB7E6D88
FFFFFD5F4705
000004BB1DBC
0000020FE9EC
FFFFFFDF1633
FFFFFC2C87C4
FFFFFDF51A0D
00000594A67B
FFFFFF36D87A
FFFFF61E6333
FFFFF8249941
00000121C296
FFFFFC1D28AC
FFFFF0955E1F
FFFFF87CC45B
000004D6D8E6
00000014C9BA
00000BD3C1DC
FFFFFAEE204B
FFFFF958D8BA
FFFFEDCCBC40
00000160862C
FFFFFE26E3EB
FFFFFE8DE8D0
FFFFFEAB7096
FFFFFFD3FFC4
FFFFFE7E1767
FFFFFD1CB463
FFFFFF622559
FFFFFF648775
000001F45D7C
000000F94C67
FFFFFE854E0B
0000000B3D92
FFFFFEA1676C
FFFFFB508693
000000ACB405
0000010DE028
FFFFFB695CDE
FFFFFBBAFA20
000000A4BCCB
FFFFFF225639
FFFFF9FB12D4
FFFFFB4AC530
000001679BF5
000005A476A9
0000021FE09A
FFFFFF75764C
000002FAB092
000005717311
000000DEB3ED
0000051A46C6
000004E4DE41
000000289E54
FFFFFC157828
FFFFF99B3CFF
FFFFFC9D4BAD
000001C58ACD
000000F99788
FFFFFEFEF0EA
000003A5415C
00000B5CC520
000008249617
000001A2B402
FFFFFF90553E
FFFFF9E05ED1
FFFFF2E3749B
FFFFF38ABB19
FFFFFCD511DE
0000040613FF
0000033AE88A
FFFFFF85D2E0
00000817C8B3
00000C9BE38C
000009FE1B6C
FFFFFEB3AA05
000004A73F80
00000AD57D95
00000E03067B
FFFFFA2DF9DD
0000005253B9
0000040C7F2E
00000DF56432
0000117EEA9C
00000DB098F1
0000022B9E7F
000001D67250
000000ACC3F8
FFFFFD1F3122
FFFFFCFB5AED
0000025581E1
000006AB2DF6
00000197EE95
00000379BBC4
000008A1B27C
0000035AC46F
FFFFFACF0EE5
FFFFF6D3E164
FFFFFBBBA8A6
FFFFFEF472B9
FFFFFEC517CE
FFFFFD9D456F
0000061A9994
000007406714
000003E71D09
00000237FDCC
000004F171C0
000003A97235
00000277459E
0000000F57A6
FFFFFE0C29CD
FFFFFE3B39B4
000001F0FC79
FFFFFEE8AF6E
FFFFFE51621D
FFFFFE950EE0
FFFFFC21A2A9
00000191880C
000004152FEA
0000043C66F1
0000022D425C
0000010E78BC
000001A5BA77
0000051684D9
FFFFFF362E3D
FFFFF554725F
FFFFF613E1D6
0000071C2CC8
000006AD7B53
000001292812
000001CD2F64
0000059B1611
00000446074C
FFFFF7ED7D09
00000331778E
FFFFFCC75DBE
FFFFF63175AB
FFFFF2A4C7F2
FFFFF7FF0ECC
FFFFFE690BDC
000000365349
000000E406A7
FFFFFC703900
000007CAC0D3
00000AB46632
000005C37E39
FFFFFDBC07E7
FFFFF85DF78E
FFFFF5DE662C
000000DEEA5E
000001353B66
00000024A0AE
000003847D8A
000001AC8935
00000112AC4C
FFFFFC595373
000002553DFF
00000A3DF968
0000033FFB00
FFFFFD903867
000002786F22
0000008906E3
FFFFFFFEA9C4
FFFFFAB7BEEC
FFFFF90558C9
FFFFFE463337
0000011F18CD
0000010E5425
00000279A21B
000002365805
0000057FC4DA
000005FB1929
0000021B8269
FFFFFCC56B15
0000006E62F8
0000012697F4
000001AFE57D
000002150629
FFFFFCD9098F
000000DE5CFE
000004CC55DE
000002392D0A
000000A4A320
FFFFFF93AC8D
000004396379
000005DF5FA6
FFFFFF0ABAF6
FFFFFFD74365
0000096F6769
00000EFEBA9F
000008FCA7EB
FFFFFF070DBB
FFFFFE259BF2
000007D56BE8
0000013490B5
0000009623F8
0000022C7765
00000B158B93
0000083EEDCB
000003C74490
00000BB4AA05
00000D56ED2E
00000CBB7766
00000D4706A0
00000882682F
FFFFFD85C805
FFFFFB060E70
000001CD8599
000002402290
0000016796ED
000007D1A776
0000093175F2
000007F8FDB0
000001535754
00000200FDED
000003C7ADAA
000002B7E27D
0000001502CC
FFFFFF7B4465
000002CAE6B3
000003137FD5
FFFFFABDB633
FFFFF8E6A802
0000055E803F
000004A35705
0000061C4155
000005F1C80B
000000316AAB
FFFFFC94A1D9
FFFFFF3CB5CF
000001470865
FFFFFFBBBA1E
000002D35A10
00000098E7B0
FFFFFD883D7E
000000724BD0
000002BFFAD2
000004D12CB7
FFFFFEBA345D
000001094CAF
000001723828
FFFFFF29E9F5
FFFFFFED8A72
FFFFFE69EB36
FFFFFD449BDD
0000035CB075
00000491A472
000006666C0E
000004E86365
0000044FB5C2
000004E301A4
00000458FAD7
0000066937B0
FFFFFE4D0C8F
0000066F34C0
00000AAB1CCD
000009ED0CE9
FFFFFDED6CC5
FFFFFD08F1F9
000007507DEB
0000009B9C09
FFFFFFA73294
FFFFFD18E8B9
FFFFFD4E30E1
FFFFFBF885D7
FFFFF7B2052B
FFFFF57ABC6F
FFFFF3BD1593
FFFFFE47D448
000006D219F5
00000524A8D1
00000512CE01
000005644213
000002C6576E
FFFFFD748839
FFFFF97811C2
FFFFFB366E8A
FFFFFF1AA31C
FFFFFFE5B410
0000047FA75D
000002D979A7
0000006FD9F5
000001AEE1B9
000000AB78A5
000002A43940
00000381284C
000001DFA62E
FFFFFB66E4AE
FFFFF4B3CE27
000003D5B418
000004828385
0000050C1AA0
000000C9228E
FFFFFD27EE45
000002E1AD77
00000BCCED69
00000609FF80
FFFFFB602BCA
0000068F8412
FFFFFE3A6C78
FFFFFB3C3FBE
FFFFFEFB94EA
000000A3F4DB
000001C21DBD
000001C17B93
000001ED1FC9
FFFFFFBCB24D
FFFFFF2D4C18
FFFFFD02652C
FFFFFD716251
FFFFFDD91D7C
00000319CF1A
00000135F0EA
000000927ADA
000003D027AA
00000352962D
FFFFFFAC6246
0000051C4E85
000007CB84BA
0000005B8C9F
FFFFFD67046C
00000DFDB1C6
000009F45FE3
000003C0D779
FFFFF736A8BF
FFFFF091E97A
FFFFF374C7A6
000006A7DECE
0000074E604F
0000003B0B19
00000C55795C
00000F64024D
000004D90A2F
FFFFF97699B7
FFFFF1513FA5
FFFFF0848B6B
FFFFF530F9D1
FFFFFBFCDC35
FFFFFEEE3F59
00000492405F
FFFFFD0068CE
0000023FB0B0
FFFFFF1173E8
FFFFFFB9F00E
0000024C5D71
000004FD7460
000008477F60
FFFFFBFF5AE4
FFFFFE725882
0000028EAF74
00000F55296A
0000021F6341
000003339B78
FFFFFDDC3658
FFFFFDA26FE8
FFFFFC4F0411
000000C97D4F
000000198A43
FFFFF8222A45
FFFFF416961F
00000018432D
FFFFFEA95D03
0000002E2B3F
FFFFFF1E3B75
000003E9F306
00000297D08F
00000124B1FA
000000BB43BF
FFFFFF3AA3B5
FFFFFFAA6235
FFFFFD67FEF7
00000134036C
FFFFF7B7DC0E
000005131F5A
0000029C4630
FFFFFD2D545C
0000029B949F
0000060A10FB
000005CAF551
FFFFFB0308AC
0000032E1437
00000484C9DC
0000057D3DEA
000004D7BC75
000007DD1ABB
FFFFFBC02A43
FFFFF64F4864
00000ACCE543
00000AF5ADBE
00000E2713F2
000003F02EE0
FFFFF79A5DFB
FFFFFBDE797F
FFFFFAED9600
FFFFF609FD18
FFFFF251EDB3
0000054B66A7
000010D92EF5
00000F189CB9
0000063C9492
000009314E06
00000B489C7B
000009CE85A4
0000042CDE63
FFFFFBD8F04C
0000016C5210
000000EA91C0
FFFFFC3C82B5
FFFFFE6A78BA
0000068CEA59
0000040BF4A0
000002563C80
FFFFFBE06B6B
FFFFFD12E0F8
FFFFF73726DE
0000033FBA42
000006272BCE
0000000B4556
FFFFF767D008
00000164AD6B
000002BC1D09
FFFFFAC67088
FFFFFB15BE10
FFFFFDA4BB1D
00000196C0CD
FFFFFF1103A5
000001704E12
000000507804
FFFFF5630309
FFFFF6FB5207
FFFFFE3B2BD5
FFFFFF1C7BD7
FFFFFFA337CF
FFFFFDA223FE
FFFFFE03076A
FFFFFC484EF3
0000009FEBD7
FFFFFE32B30C
FFFFFDC7B993
FFFFFB4334D7
FFFFFB3E3CED
00000260A2CB
000002CC2AD7
000008755A5F
000007C613E4
FFFFFD5DA266
FFFFFF9D4C46
00000738E78B
00000BFC36A5
00000686807E
000002D8CA11
0000018FE358
00000532BA86
FFFFFA828C1D
00000681D95B
000000E8FCF5
000005AE2D87
000002B91AD8
000007EE85E1
00000889E7E7
00000598A1FD
FFFFFA45BEB5
FFFFF7CD3C8E
FFFFFAF3F5D2
000000E3CDBE
FFFFFB88429E
FFFFF6EAA3A1
FFFFF7AF4566
FFFFFFAD8002
FFFFFF9E129A
000001D27668
0000002CD21A
0000003EBE5C
FFFFFFDB8A3C
0000044B5B06
00000A2FC049
00000CB70F96
FFFFFADABEA6
0000016FF050
000007B07FCB
00000A797501
FFFFFFE08BF0
000004B7B4BE
FFFFFECD6205
0000053995FA
FFFFFD26A196
0000011C53D8
FFFFF3D6E03A
FFFFF982F50C
FFFFFEF9D6B1
000005E212EE
FFFFFE247B73
FFFFF986B603
0000034D4E57
000004EAFC9A
0000035FF2AB
000000DE0181
FFFFFB6F28AE
000001B6B63C
0000001C32AB
000003E75342
FFFFFEB61D39
000003948D1C
0000059AA219
000004E8A22C
FFFFFE447F14
000002ED7060
00000A430314
000009F6DD8B
000002F063DA
0000013E8A2E
0000021A40C0
FFFFFCB45D8D
FFFFF90B92D8
0000034547C1
FFFFFD103A43
FFFFFDDC437D
000001D3FEA7
0000034388EF
FFFFFFD6EF5A
FFFFF47D778B
FFFFFC860EF3
0000048AD01F
0000097FA21B
0000073D401E
00000F8BBE04
000009B3A574
FFFFFBB12983
FFFFFA830C41
FFFFFAF6F219
000003BAE008
000006293A3B
0000087B877B
000001821AC3
000004E41F26
000003FC1432
00000498307E
FFFFFD114C71
FFFFFE365A22
00000894B9C4
000003A1B2C9
000004863313
000001201077
FFFFFE1D5175
FFFFFE35CFE2
000003B97C6A
000003144CC6
FFFFFC95F7E4
FFFFFDE16488
000007C57C19
00000CA8F935
000004398BF5
000004D7F55B
00000496AB51
000008FF9204
000004A5DB52
000006CFD56A
FFFFFD71DF50
FFFFFAD6FC8F
FFFFFFF35FC0
000001DB07B7
000000C331EF
FFFFFD1B73C0
000000539EA6
FFFFFEADFF60
00000255AEEE
000000D1D400
FFFFFC4BC1F2
FFFFFD3B406A
FFFFFC12C280
FFFFFCE6667E
000005B2BAAC
000003B16E43
000008F57446
0000072F60CB
0000004FAE32
000003C1F3DA
000008695EF5
00000B29DF67
FFFFFC6C70BC
000007FE6794
000009CDC1CA
000010F325BC
00000754F9EF
00000D12A196
00000584FC9B
0000086A4367
FFFFFFE6E9B6
FFFFFDF8CC2A
FFFFF100C17C
FFFFF8ABD787
000008DA5A62
000009ACCF2D
000007089EEF
000001F16F30
FFFFFF72D061
FFFFF8171321
0000028C8270
0000030CDD29
000002ABE49E
0000018BE4FE
000002541DC7
FFFFFFDBAF80
000001790A4E
0000052EF658
00000B6A2F49
00000A7ECE8E
FFFFFC4396A9
000004F379A1
000008E82BD1
00000BFC90F2
FFFFFA59B2DE
0000067224B8
00000669BAE0
0000028C81CD
0000020D6284
0000032F4EC5
FFFFFF3E8C1C
FFFFFDAEEC84
000004087F17
FFFFFEF95CDC
FFFFF9DE7884
FFFFFB7EBD31
FFFFFF3DA0C1
FFFFFD0A03DF
FFFFFC7B806E
000003484FC0
000001CF1F7D
FFFFFEBA6B6A
FFFFFB6A54D2
FFFFFEEE3EB6
0000032262CA
000001BDAFB5
000002202192
000001519EA1
FFFFFD9AEE65
000001933BCC
000009344035
000006879001
FFFFFCF843CB
000001D28C22
0000048FBE66
00000523C2B2
FFFFFBF1C5E3
0000027E10BE
000003A0499D
FFFFFF9FFCCC
000000A66E53
000001693622
FFFFFCA9C30F
000002CE40F9
00000A7FF5AA
000005416C47
0000021F3EDC
000001DFD775
000003CF5F40
FFFFFB383313
FFFFFA144C07
00000090E55C
00000105F77B
FFFFFE97DCD4
FFFFFC5A6299
FFFFFE67DD90
FFFFFD46B712
FFFFFC78F8EA
FFFFFF69B23A
000003B74DCB
FFFFFECC255E
FFFFFD43CA21
000006D8E4A2
0000035A0452
000001495501
FFFFFEA2868D
FFFFFE0C0F44
FFFFFFE4BD9D
0000026790D2
0000044B6B3B
FFFFFD5B19BA
0000045456DA
00000AB54D62
000007CEEB4E
FFFFFF9F3B8F
000000F942B4
FFFFFE8809C3
FFFFFD388337
FFFFFEC79A38
00000438A372
000003D54BEF
000005391D3A
FFFFFFA04034
FFFFFDE540A2
FFFFFF4676BB
FFFFFA3EF6E8
FFFFFFDD2400
0000026514FB
FFFFFE56AC4D
0000001843C7
000000BDF34B
000003E28551
000000FA1547
FFFFFF3C59F2
00000609F021
0000061C1FBA
000009DE1401
000003787348
FFFFF85FACD8
000003C351BE
00000868CD7C
000006CEFA4A
FFFFF9136E91
000003C6D0A5
00000742C958
000001A80F9C
FFFFFCF1B028
FFFFFE99EA99
FFFFFC4840B0
FFFFFEA278CC
000005364BA8
0000076E13D2
FFFFFF3351E8
000005C37B25
0000060AFF3E
00000695516E
000001B39C51
FFFFFAD5EB4E
000005C1AE9A
0000019DC751
00000016E0C6
000001DD8E67
00000128D191
000002D99E2F
0000027BA1B0
000001F3215A
00000084EBD4
00000087A5D9
000006658BC4
0000055F939C
FFFFFE9A25FD
000004267F1C
0000048FA02B
000002845C6E
FFFFFFEA75EC
0000038FE8E3
0000045A03EB
000000BC7081
0000029FC45C
000004C638F8
0000043AC5EB
000002EE82E4
000005289F2A
000002399B8D
FFFFFE56863F
FFFFFFD7066D
0000003BCAB2
0000034B89A0
000000AC1AC1
FFFFFE2689EE
FFFFFD34CB48
FFFFFF0D73F0
FFFFFA4DD30E
FFFFFBDB9092
FFFFFB97ED7E
FFFFF8FCAA37
FFFFF9EE5F22
FFFFF7ED45CB
FFFFF8DDF027
FFFFFA9E66EE
FFFFFE074869
FFFFF9A1A944
FFFFFAC9EA68
FFFFFDD9B81E
FFFFFD91C39F
FFFFFAF019DC
FFFFFE7CFDC4
FFFFFC238E5C
FFFFF8A67782
FFFFFBFECE2A
0000003A02AD
FFFFFDA08F78
FFFFFE65455E
FFFFFE5401E4
FFFFFBFE0097
FFFFFAD11DC1
FFFFFCFE5737
FFFFFA8CFC29
FFFFF684A6F2
FFFFF44181FA
FFFFF5C363DF
FFFFFBCB9F20
FFFFFCFA8706
FFFFF5AC671F
FFFFF8DFE15E
FFFFF7E932B1
FFFFF6DD3186
FFFFF7102FB3
FFFFF9824C56
FFFFF897E9FD
FFFFF767932D
FFFFF9E3B376
FFFFFF852D86
FFFFFD194E4D
FFFFFB68EA22
FFFFFE1E4CB2
FFFFFF56D184
FFFFFEBC4897
FFFFFEDB27AB
FFFFFFA6B5F7
000000BB7BBD
00000223CE83
000002BAD829
000000CF599D
FFFFFFEBC084
FFFFFDFDA716
FFFFFBE551AA
FFFFFB44C8F1
FFFFFE5FD45A
FFFFFD28F64B
FFFFFB881B4B
FFFFFC50C8C0
FFFFFBD32D79
FFFFFE2A7276
0000032FFDB4
000000EC2DCD
FFFFFAC6FC50
FFFFF9D85CF4
FFFFF669AF80
FFFFF97F9B22
FFFFFF603EB7
FFFFF955DA4D
FFFFF4D8390D
FFFFF4B46E0F
FFFFF5955EC0
FFFFF8B3D150
FFFFF8DC8D1A
FFFFF4C30C20
FFFFF589EEA6
FFFFF725CD2C
FFFFF61F6999
FFFFF315F189
FFFFF61224E0
FFFFFFFDE307
00000211E72C
FFFFFA119A5B
FFFFF272E394
FFFFF08508D3
FFFFF3861DAB
0000015C5989
000004546F5E
FFFFF8B048AB
FFFFF4896D1B
FFFFFC294C46
FFFFFED9C445
FFFFFFB8F1C0
0000007E560F
FFFFFE41AF6B
000000F20A83
FFFFF8A40E1C
FFFFFA6CD0C1
0000004F2310
000003A486F5
000001DF12CC
0000003D2F13
FFFFFEF5F2B9
FFFFFFD7E008
000001176289
FFFFFD613790
FFFFF8FCCA6B
FFFFFC061C3A
FFFFFFD1B26A
FFFFFDBB5805
FFFFF934DB90
FFFFFA00335C
000000F46295
00000298B62F
FFFFFF5747A0
FFFFF8ECB373
FFFFF120EE02
FFFFF249B3D5
0000030646AD
FFFFFE60D78B
FFFFF097C9A9
FFFFF3DC4512
00000075913D
000006DB1449
000000B8C9BB
FFFFFE5A99ED
FFFFFD4E728C
FFFFFFC5E084
FFFFFC06FB26
FFFFFB0BC4AD
FFFFF9A9CD38
FFFFFB85D0A2
FFFFFE7F922F
FFFFFFD80164
FFFFFD93E6D3
FFFFFC169F33
FFFFFAFF1B54
FFFFFC04C07B
FFFFF931F439
FFFFF9BCF55F
FFFFFC178AB6
FFFFFA4C54CB
FFFFF6264677
FFFFF456D925
FFFFF53C1986
FFFFF9213221
FFFFFAA0E46A
FFFFF499DCC3
FFFFF1A22E7E
FFFFF037D892
FFFFF5A3671E
FFFFF74EE4B1
FFFFECF4A1FF
FFFFEC11BFF7
FFFFF2FB10BD
FFFFFD18EB74
FFFFFDB56A8F
FFFFFFADEF98
FFFFFAF264D4
FFFFFA192A3D
FFFFFC2F210A
FFFFF9CC4033
FFFFF66537E8
FFFFEFE9445A
FFFFED1D4B3F
FFFFF2C370D1
FFFFF8551398
FFFFF92CE6F5
FFFFF75B5ADD
FFFFFA874292
FFFFF9903C1E
FFFFF95A4ACF
FFFFF568037D
FFFFF4DB8365
FFFFF842A08B
FFFFF6DB1FEF
FFFFEF0D93AE
FFFFEF39501F
FFFFF74AD82D
FFFFF64D7759
FFFFF2D97815
FFFFF03C816C
FFFFE96A08BA
FFFFF1DCED3B
FFFFFA079780
FFFFEB4F8AC3
FFFFE14908FD
FFFFF2B9A5A7
00000288A26B
000001048327
FFFFFC4DC50A
FFFFFB8815D4
FFFFF9932C0E
FFFFF31912FF
FFFFF1F1975E
FFFFEC41C73A
FFFFE001E8F6
FFFFE06746D6
FFFFE8DA3B17
FFFFEF3BA427
FFFFF3729B58
FFFFF8A43D6C
FFFFFBB7FFB1
FFFFF8FB2DDB
FFFFF0016E78
FFFFF14836F2
FFFFF7510E88
FFFFF9E9D1F5
FFFFF3E24DD3
FFFFEDA86F1B
FFFFEC43871F
FFFFF30C6C71
FFFFEFCA83BC
FFFFE91EC1BC
FFFFEA2C5F89
FFFFF58A6793
000007B002B9
FFFFF30B9D47
FFFFD5AFC209
FFFFD81E9830
FFFFFFA9F3C7
0000016F3E07
FFFFFC2A8759
FFFFFE1C3901
FFFFFDF580DC
FFFFF9FBFB33
FFFFF61A72DA
FFFFF56F5B41
FFFFEB656A03
FFFFE805D624
FFFFEB0BCB43
FFFFEE690EFF
FFFFEE685117
FFFFF1F09084
FFFFF8AC2F30
FFFFF75C66F0
FFFFEED1AD51
FFFFEE9CF168
FFFFF6FA0606
FFFFFD44F29D
FFFFFC400C28
FFFFF6365FDA
FFFFF0AF3204
FFFFF2FADA34
FFFFF56C45F6
FFFFF0F010E2
FFFFEF07893A
FFFFFCF2D5C9
000011349095
FFFFFE5056C8
FFFFE1FD53E1
FFFFD89AD8F8
FFFFF73B0FAD
FFFFFF169D44
FFFFFB4689A7
FFFFFC5C0081
00000012B7AF
FFFFFC4E61BF
FFFFF162B76F
FFFFF321DDC5
FFFFFBDAB596
FFFFFD2C30E2
FFFFF7C14F62
FFFFF529FC2A
FFFFEE039DC4
FFFFEBF783F0
FFFFF5EBFF11
FFFFF8FD15B7
FFFFEF078E6A
FFFFEB9CC202
FFFFF83E4272
FFFFFE109E65
FFFFFE5862B7
FFFFF90A7A43
FFFFF38B724E
FFFFF5545DC6
FFFFFE3CDFF7
FFFFFE9813A6
FFFFEB8896B0
FFFFF2375556
00000502F151
000003C695F8
FFFFF44D95CF
FFFFE8FE4EFE
FFFFEF52847D
FFFFFD1174BF
FFFFFAD7C4D3
FFFFFAEA0238
000000A55605
FFFFFED6440E
FFFFF6D14D92
FFFFF8E632AD
000007C25002
00000BFC160D
000005253C83
FFFFFCEB3004
FFFFF44594D9
FFFFF52AA37A
FFFFF9758C43
FFFFFA89F72F
FFFFEFB73CCE
FFFFEDDE5C96
00000503547F
0000074BB646
FFFFFC709191
FFFFFC161976
FFFFFFF17198
FFFFFF47DFF7
FFFFFCE57D36
FFFFFAB0176D
FFFFF3F2878A
FFFFF2F0B533
FFFFF80C6456
000000AC4048
00000140AADE
FFFFF88CBC62
FFFFF5B6347F
FFFFFDBB9D5E
FFFFFD12879D
FFFFFAD34F95
FFFFFA9BF285
FFFFFB7C6DAC
FFFFFDC77C82
FFFFFC3CC0B5
FFFFF941B260
FFFFFB7DFAE6
0000027A69E2
0000067C241B
FFFFFF503D9C
FFFFFBB7A00F
FFFFF7B5DA56
FFFFF809C00F
FFFFEF25A758
FFFFEE651445
000008EB87F2
0000029709F6
FFFFF6F1D2ED
FFFFF7CAA57D
00000449DA49
0000008BCDD1
FFFFFDCCE1C9
FFFFFB4B9871
0000030E572B
000004F8E2C6
FFFFED72A75D
FFFFEA85A0D0
FFFFEFDAB5DC
FFFFF7F19EF1
0000030CF10A
FFFFFF84A3E6
000000122904
FFFFFCBDEDA9
FFFFF9D0AA14
FFFFFB3A9C52
FFFFFCC73D77
FFFFFB9F4CD6
FFFFF6B38EE9
FFFFEE6610E7
FFFFE77DC4F0
FFFFF379AA29
000002AD2DFE
0000017F0168
FFFFFC1DB56C
FFFFF7ADB26C
FFFFF78903DE
FFFFF942A7D6
FFFFFE4CCC4C
FFFFF92093C9
FFFFEDFDC923
FFFFE969EA45
FFFFF5F47678
FFFFF6915E40
FFFFF5953040
FFFFF8C2490F
0000046AC7BA
0000091EDDA0
FFFFF52DAA17
FFFFEAA81665
FFFFE58F3310
FFFFF1ECDB2D
FFFFFF18EA19
000000DC5560
000000000882
000000A6B58D
FFFFFFCBA33F
FFFFFEF18FA5
FFFFFAE908AA
FFFFFBDAA778
FFFFFBD707DE
FFFFF3DB870B
FFFFDBF8211E
FFFFD6CF8B50
FFFFEB245A74
FFFFFCDD4106
FFFFFEAD9E27
FFFFFE2222E9
000006842FAF
0000046C51B9
FFFFF8F92963
FFFFF551ED85
FFFFF3265DCE
FFFFEB88657D
FFFFE8B15145
FFFFEA9E2461
FFFFE8AF6FE8
FFFFEA2E7362
FFFFFDE548A9
000007668973
0000047409FC
FFFFFB099ECC
FFFFF3F6C4B8
FFFFF59C13B5
FFFFEE617F94
FFFFFF096C99
FFFFFD23EFDB
FFFFFE3120B2
FFFFFCE58278
FFFFFFC78AFD
FFFFFD96804C
FFFFF96E6E36
FFFFFF130003
FFFFFADF8386
FFFFF0E1114A
FFFFE7C6E82C
FFFFDEC7EBF2
FFFFE14428B9
FFFFF19AF2F9
FFFFFD809A7C
FFFFFF37B474
0000042227CA
FFFFF9677779
FFFFF7ACDB1E
FFFFF7C81961
FFFFF6943644
FFFFF224760A
FFFFEE7E6E81
FFFFECBED596
FFFFEF076DED
FFFFF68ECAE1
000001A44DE5
000006335E62
000002B3F17F
FFFFF8216CF5
FFFFF56FE5E6
FFFFEA4D1A38
FFFFFEF6987E
FFFFFC96423C
FFFFF8DABEB1
FFFFF62E3113
FFFFFAC1441F
FFFFFFEE8E4D
FFFFFB629FCA
FFFFFAC9328C
0000016CE4AB
000008B34ACD
FFFFFBF70DDE
FFFFE50F7FCF
FFFFD88A37D8
FFFFDD12BFC7
FFFFE9179096
FFFFEDDC245D
FFFFFC4B2EB6
00000B7CB61F
FFFFFCFCA9B4
FFFFF03C6402
FFFFF432EB6E
000002597065
FFFFFE2D422D
FFFFF8B42D7E
FFFFF850FAE9
FFFFF5034116
FFFFF8846BE2
FFFFFC937BAE
FFFFFF2C8A60
FFFFF8907B31
FFFFF50D41C1
FFFFF5CB9AF0
000000822CA5
FFFFFAD52C46
FFFFF8A60D3F
FFFFF3C983BC
FFFFF4D900D4
FFFFFA2C1359
FFFFFB2CF0D0
FFFFF484B5B8
FFFFF8C3CD8C
000007615D29
0000098B7D6E
FFFFFD620639
FFFFE83E1D5B
FFFFDCB6770F
FFFFDAC32004
FFFFDEE4318D
FFFFF1C20778
00000CD3E14A
000009459F48
FFFFF4F18964
FFFFF24DC651
FFFFFD283F08
FFFFFDF0E787
FFFFF8AEBEC3
FFFFF647BE14
FFFFF4AD9F2E
FFFFFA7B54D7
FFFFFEDE75A8
FFFFFD076A8E
FFFFF84325E1
FFFFF81DE9A4
00000229A8F7
FFFFFDB99387
FFFFF7D1D6E8
FFFFFCDBB890
FFFFFB121D65
FFFFF5883BA0
FFFFF07C5C38
FFFFF7A72C78
FFFFFF077816
FFFFF32202E6
FFFFEFC5E238
FFFFFE9C409D
00000EBA9219
00000274B454
FFFFE8CE2C76
FFFFDDFA526A
FFFFDC97FAC1
FFFFE56BAC03
FFFFFCAF8B6C
000006987F04
FFFFFE58B381
FFFFEFB410BC
FFFFECEAFE08
FFFFF0FC7992
FFFFF49CA1DA
FFFFF084383A
FFFFF1D4DC15
FFFFFB526AA7
0000028EE22A
FFFFFC89F13A
FFFFFB39C6C3
FFFFFBA19434
FFFFFD993A47
FFFFFCEFFC89
FFFFF6EC9020
FFFFFCD00F29
0000008EFF16
FFFFFD895DFE
FFFFF2678302
FFFFF60E4EDE
000001380011
FFFFFE845877
FFFFE83F0EE4
FFFFE85B10ED
000002D55D46
000007AE8EA5
FFFFFF26109C
FFFFED93037F
FFFFE641E6A5
FFFFDF3F64DF
FFFFE30865B3
FFFFF78354A9
000003E0A931
FFFFF7A6E6CD
FFFFEC64339D
FFFFE813D4C9
FFFFF40E33FF
FFFFF7E8C791
FFFFECD245DE
FFFFEFB3CE7B
FFFFFA740209
FFFFFAFF402C
FFFFF7C8DBB1
FFFFF9F5F9BD
FFFFFBAE87B0
FFFFFC562ED0
FFFFF8CECD15
FFFFF8F0B5EF
FFFFFE0C4EDE
FFFFFE4FA9AE
FFFFF4067B18
FFFFF1815F2D
FFFFF089B49C
FFFFF91C6215
FFFFF61A3FC9
FFFFE721BFBE
FFFFE8DEB9EB
FFFFFCE2621F
000010D0C165
000008E97E91
FFFFF2A28987
FFFFE642D395
FFFFDD8D8279
FFFFE01A0A1E
FFFFFD28D66C
0000090DF5A2
FFFFFAE7D9EC
FFFFF3D0B973
FFFFFFF9B1AD
FFFFFB28015D
FFFFEE2E799F
FFFFE79BDABC
FFFFEA76775C
FFFFF3CAC307
FFFFF49D654A
FFFFFA672F4D
FFFFFDDE1A95
FFFFFC6D5CED
FFFFFBEDC161
FFFFFA7DB0DD
FFFFFAE6A65E
FFFFFC8E1EE2
FFFFF776ADA6
FFFFEE67EAFE
FFFFE8292950
FFFFF3093706
000006B4F999
FFFFF951AB81
FFFFDD5C5BB5
FFFFE7CC22AA
00000C4BE63F
00001443C099
000003AB6173
FFFFF5A5C22B
FFFFE9A99BA4
FFFFE6F41009
FFFFFA58D8A1
000008CAD4CF
00000A8FDD0E
FFFFFD723AD7
FFFFF9568BA1
FFFFFB47FE3A
FFFFF63C7862
FFFFED4982C7
FFFFEBD56B7D
FFFFEFFC60ED
FFFFF73B94E9
FFFFFF835EE8
FFFFFE13E3F8
FFFFFEDE2F29
000000C3F46B
FFFFFFEB33E9
FFFFFC8578DB
FFFFF9DD510E
FFFFFD92A7CB
FFFFF46A2BF2
FFFFE8A3DD33
FFFFEE9E1F8D
000004F57146
0000063CC0E2
FFFFE69867A8
FFFFE209F00D
FFFFF4612C3E
000007340391
00000BDF2B06
000009897BB6
FFFFFED76A8C
FFFFF7B7C24D
FFFFFE3E46EA
FFFFFB82B422
0000021E9B22
FFFFFA5D0EB8
FFFFE7CE83F4
FFFFE7C8B117
FFFFF95FF3F1
FFFFFC5554FB
FFFFF445432B
FFFFF7DA3DB9
000002A47842
000002E9668D
FFFFF9BA4AA6
FFFFFF933F23
00000242A78D
0000003D34A9
FFFFFE0820DB
FFFFFAC9554A
FFFFFD47CABB
FFFFFA78899F
FFFFEF4ECE3E
FFFFE99D99B7
FFFFF9A69E80
000002D01B58
FFFFF9AA158E
FFFFEC236D2D
FFFFEA2D2F7A
FFFFEFF3EA03
000002C4163E
00000ABBF7CE
0000016FF1A1
FFFFFE0ED0FA
FFFFFEBD6D86
FFFFFA1A93FE
FFFFFE14AD52
FFFFF50BA734
FFFFEC2F330F
FFFFE8A00BA4
FFFFF08A03B9
FFFFFB47A455
FFFFF947C402
FFFFF8BF1355
0000042E4635
000003D7171A
FFFFF7DE5F98
FFFFFD3CA004
FFFFFEBE522C
FFFFFD495DF0
FFFFFDD81215
FFFFFBEC0E19
FFFFF7BC5B2E
FFFFF8665963
FFFFF00C1807
FFFFEA574FEB
FFFFED3DF644
FFFFF88B2100
00000044A424
FFFFFAF45CCA
FFFFE960CF3B
FFFFEB85ED08
FFFFFBE82E47
FFFFF7767815
FFFFEC1BB482
FFFFEF1224F4
0000071E3E4D
000003867788
FFFFFC1F9C52
FFFFFCFD6FBA
FFFFFF65A417
FFFFF47B3456
FFFFE7CBE053
FFFFE2985858
FFFFE42F5437
FFFFF130E285
0000005BBC26
000001279F78
FFFFF8785CF2
FFFFFDFE56D6
FFFFFD5C8C55
FFFFFB47367C
FFFFFC165A80
FFFFFE63B94D
FFFFF9B68401
FFFFF817118B
FFFFF40E6139
FFFFEFCBA68C
FFFFE41BF93A
FFFFF0FF4459
0000046D462C
000008D2C9D6
FFFFEEFB58A4
FFFFEE5F6B85
000002CD4FC5
FFFFF8F70430
FFFFE1985A31
FFFFE1B4E337
000004126046
00000B6A8922
FFFFF9261609
FFFFFC572B09
000000BE6025
FFFFF98A1888
FFFFEF95920F
FFFFE81A7968
FFFFDC5AED62
FFFFE3D22C36
FFFFF5826415
FFFFFD5FC461
FFFFFCA43DBC
0000017EC47B
FFFFFF9F94A4
FFFFFA86B9FA
FFFFF91601F2
FFFFFEDECD44
FFFFFED0DA11
FFFFF89433FD
FFFFF902CAE9
FFFFF6653139
FFFFE60AFD9B
FFFFED942B3C
0000090F20F9
000007FC283F
FFFFF4B755DD
FFFFF16FEE57
000003255BEB
00000081AF20
FFFFED4EFA88
FFFFE875507D
FFFFEF2604DF
FFFFFC21A546
FFFFFB9D36BF
FFFFE9375C42
FFFFE81910C0
FFFFF809F078
00000490253B
FFFFFBF56DFE
FFFFEC319B4A
FFFFE4E0DDBA
FFFFF1B00E62
FFFFFE92AB97
FFFFFCB6F41F
00000205528F
00000185A67A
FFFFFBAC5BB8
FFFFF4482B4A
FFFFF92842F5
FFFFFDC6E9B2
FFFFF9D28CB2
FFFFFC031775
FFFFF888FD2C
FFFFEE2B62BD
FFFFEA847DE2
FFFFFC6CE7B8
000006B7B60D
FFFFF9AAFFB6
FFFFF421D7B1
FFFFF95797CC
000001506076
FFFFFAD931AF
FFFFF05A5082
FFFFE7897044
FFFFEBC66D30
FFFFFC4F044A
FFFFF1E52307
FFFFDD9F935C
FFFFDEE3CB92
FFFFFA955D99
0000088A1E5C
FFFFFBA380DC
FFFFF4B360AB
FFFFFB6AD441
000004CB4117
FFFFFC596894
00000051FCE1
FFFFFB0DE74F
FFFFFD2A16D2
FFFFF662F301
FFFFF2B91AD8
FFFFFA5EDD06
FFFFFB61FC6A
FFFFFABFB819
FFFFF9912C43
FFFFEE1B2D2B
FFFFEE1EC7D5
FFFFED7DE582
FFFFFB336460
FFFFFEF71969
FFFFF7211DF7
FFFFEF847098
FFFFF1597ECD
FFFFFFE778AD
FFFFFEF5C3C6
FFFFE7422CA6
FFFFE97CDF8F
FFFFFD60C506
FFFFFFE9451E
FFFFE9A7A71A
FFFFDEDC5D25
FFFFDF46EFFF
FFFFF0BB8D66
000002B0C900
000008DF0BB6
0000030BDC7F
00000330CF86
FFFFFAC06F5E
FFFFFB156415
FFFFEEF41561
FFFFFB6EC03E
FFFFF9CCC910
FFFFF729EF99
FFFFFAB05999
FFFFFFAFB66D
FFFFFBD14FD6
FFFFFC62B6F4
FFFFF26E5832
FFFFEFCE5D82
FFFFE50B24D1
FFFFEED72BFF
00000152D8C5
0000024DB9B7
FFFFEB407D92
FFFFE8644B02
0000018FD47C
000005420801
FFFFF176E781
FFFFE4F2E5A3
FFFFF7427B2E
00000328FFC7
FFFFFC6F7F3E
FFFFE645222E
FFFFDBD06DDF
FFFFE8FDC528
000007CF5281
00000D1DC184
FFFFFBF3DEE4
FFFFFE442AFC
FFFFFA80630B
FFFFFA56DAE0
FFFFE6ACD7B2
FFFFF126B715
FFFFFE1715A0
000000CA3516
FFFFFCD21476
FFFFFF471297
FFFFFF217289
FFFFFC151E20
FFFFFBCC78C3
FFFFF854DFA6
FFFFE7B45786
FFFFE8237458
000004C0B6B7
0000066A0C40
FFFFF68DD251
FFFFEAEBEC66
FFFFFC6D4A91
FFFFFF8CEFA0
FFFFF1CA369C
FFFFE6415013
FFFFEB3E69F5
FFFFF9070AE6
FFFFFB87D0DC
FFFFF4A8C9A6
FFFFF20DA8E6
FFFFFBFDE2CD
000004092279
FFFFFF55BA10
FFFFF950489E
FFFFF7235208
FFFFFAA7D290
FFFFFAF401A3
FFFFE81AB12B
FFFFF0E5817F
000003952924
000003167283
FFFFFD93CC29
FFFFFEAF5C3F
0000007816DA
FFFFFF7E933F
00000274108A
FFFFFC5AFEF2
FFFFEF02A0F1
FFFFE7C7B614
FFFFFEF0C30D
0000046948B3
FFFFFA06207E
FFFFF320B111
FFFFFA48ED79
FFFFFAD1505B
FFFFF37DC322
FFFFEE08CBDB
FFFFE60B608A
FFFFF1EAA787
FFFFFC2F870E
000003BCE10C
000005DF4A52
00000129A31D
FFFFFB8BD3ED
FFFFF76263AE
FFFFF699F835
FFFFF8B618C4
FFFFFEFF200D
FFFFFCDECC5A
FFFFEDA119C4
FFFFF5BF30E3
FFFFFF2EAA4B
FFFFFD4F09B3
FFFFFE09E4CB
FFFFFCAAF40B
FFFFFEAFF9B4
FFFFFE3717D4
FFFFFF4AA831
FFFFFE76CE2B
FFFFF44E371D
FFFFF27F7F9E
FFFFF4AF09FF
FFFFFAFEE781
FFFFFBC79778
FFFFFE454B67
FFFFFC50D05A
FFFFFB4DBB88
FFFFF850E6D9
FFFFF7F8DA5F
FFFFF17C484F
FFFFF2386163
FFFFF977FF9D
FFFFFE5A0E87
00000505580A
00000207CAFE
FFFFF25C8701
FFFFF2B7B337
FFFFFA673160
FFFFFD4A5AAB
FFFFFDAF56BA
FFFFFA4381BB
FFFFF6EA3081
FFFFFEA69676
FFFFFA3CE78A
FFFFF562A199
FFFFF9D11B1E
FFFFFCAB0B34
FFFFFDEA31AE
FFFFFBC77404
FFFFFC0107CF
FFFFFEBF8FE5
FFFFFDCCBCA7
FFFFFE3F3C64
FFFFF50B99D4
FFFFFACCC655
FFFFFBDBFFE3
0000053F7711
FFFFFF541A89
FFFFFA80DC6B
FFFFFB2C14C1
FFFFFD4231A4
FFFFFE4A176D
FFFFFC79EF4F
FFFFFAA8CBA6
FFFFF90065B1
FFFFFD0B6635
0000016DF654
FFFFFA706FDB
FFFFF2CC0574
FFFFFDD7E392
FFFFFEB50E54
FFFFFBDE8EF0
FFFFFB0E3F57
FFFFFD091C47
FFFFFFC979DD
FFFFF964954D
FFFFF7314503
FFFFF9213925
FFFFFB98F311
FFFFFC7AB8E1
FFFFFD3B2014
FFFFFAD46A49
FFFFFCDF3FD8
FFFFFE080870
FFFFFDBA4534
FFFFF9FA46BA
FFFFF9F58B0B
FFFFF987EF7C
FFFFFDCAB866
00000206B93B
FFFFFC00DC36
FFFFF84B4408
FFFFF90FB9EF
FFFFFD53A554
000002DC7A11
FFFFFEB07E4A
FFFFF7DD4989
FFFFF64887E8
FFFFFE57503F
0000028603C4
FFFFF8E39F03
FFFFFDD5A386
FFFFFAC966D8
FFFFF7FEEAB5
00000B83EC07
000002B3B35A
FFFFFD3DFE0B
FFFFFA12FC94
FFFFF7841259
FFFFF68CA0F0
FFFFF840FF27
FFFFF61A75F9
FFFFF91241E6
FFFFFAA880B0
FFFFFAD4B1F3
FFFFFC31ADA6
FFFFFEFC099C
FFFFFE5DEF88
FFFFFF4C027F
FFFFFD44ED34
FFFFFF240442
0000025CEAE2
000002187F9D
FFFFFDEE7CF7
FFFFFE63B14A
000003D2BA8B
00000435D990
FFFFFD40EC26
FFFFF9EB9F6E
FFFFF66F5F45
FFFFF97FF671
FFFFFE5AF8BD
FFFFFD3C2EFE
FFFFF674E47F
FFFFEE880068
FFFFF21A679B
0000004B67FC
FFFFFE64C65F
000000253237
FFFFFEC65FF9
00000107055D
000004E198B5
000007E7DAF1
000008C1D8DC
0000084D7AD6
000006B08786
000005134AF6
000005002D2A
0000021AD1A7
000000EEE70F
000004532E09
000004E52719
000000EBFE46
FFFFFDBA0296
0000014B8DF3
0000045E5066
000004D4B050
000005372B5E
0000035101E4
FFFFFC37E25D
000000601CE8
0000071626BE
000000EC2950
FFFFFA9D9F7B
00000343A1DF
FFFFFFE21ECD
FFFFFCA911EA
FFFFF6E4FF47
FFFFFF20D577
FFFFFEA87AF2
FFFFFCC46DFE
FFFFF96ED965
FFFFFB3DF302
FFFFF8446768
FFFFF8BEB173
FFFFFB0731F9
FFFFFDA9D62D
FFFFFF6D4C83
000001383DC2
000002C803EC
FFFFFFC09214
FFFFFC08BAC5
FFFFFD68D420
FFFFFFA3BFE6
FFFFFF3A6D65
000003309C7D
0000063EC91D
000000639660
0000003C1F89
0000034D9265
000006468C1B
0000023ECEC1
00000B5A2B63
00000B3CB0D4
0000013BB92F
FFFFF971FA4B
0000064B5F9C
000004143E91
000001084700
FFFFF881F7F1
FFFFFFB7E258
FFFFFC354456
FFFFFEE0D14B
FFFFFF01AE50
000003A7D9C5
FFFFFE21F06C
FFFFFABDAED8
FFFFFE0A1C36
000001C97749
000002FCCBF1
000000404693
FFFFFFEA8F48
FFFFFECFF9F7
FFFFFFC6D3FD
FFFFFFFE6795
0000013C7F5D
0000056A15EA
00000A4FE9C7
0000094F17FD
000001FC9267
000002E0AC12
000007089EC0
00000D156398
00000D1F8B54
000002CBC037
00000CC8C2E8
00000B18EEB8
000004716E3B
00000A0842BD
000000F99D77
000005CA29C3
FFFFE946E25E
00000503C624
0000045ED4F6
00000CB70B04
0000117E0397
00001C2F95F5
00002396ADB8
0000234DFB05
00001E52B417
000016567A02
000010EAA44B
00000BDAAC3B
000009CB0531
00000B13AEE7
00000ECE8067
00000F3D4DCC
00000EFD6391
000012DA4DA3
00001364E603
000015365523
0000120690F4
0000128192D0
00000F80EEA4
0000086B8665
000006DE7700
FFFFFC7CF9DB
000002A7A4A7
00000E2A9367
00000FE05698
000008F693EE
FFFFF5E85BF1
FFFFFE0C6721
FFFFED816208
000000BD8FE2
0000047ECB58
00000875C61A
00000BBCDD6A
000012FF84D7
00001A53FFC9
00001ABDFA8E
0000176E743A
000012FADF84
00000C9D5398
000006AE43F9
000003A44CA3
0000071FED66
00000E07604E
00000B341632
00000755B950
00000D7A63BD
00000B34EC69
00000E329920
00001006CBA1
00000D48BAF9
00000C34A552
000006E65F20
0000030CA88E
FFFFF634BE2A
FFFFF628DAA6
000007EC5DF9
000013694257
000012B1B2A0
FFFFF28203A8
FFFFFB38DAF1
FFFFEDE55FFF
00000072EF22
FFFFFD9EF425
00000015FD4D
000002F4AF30
FFFFFBB0F110
FFFFF99AE29A
FFFFFE143824
FFFFFEAAA110
0000042EA48F
0000082A6D00
000007834695
00000597EC45
000005C47A34
00000827A4AB
FFFFFF80A8E9
FFFFFC03B2E7
FFFFF9E4A5C1
FFFFF4FB23D4
FFFFFD50BE0A
00000320F9AE
FFFFFEBE09E3
FFFFFC786488
FFFFF9913639
000003A74FFB
FFFFFF0860B4
FFFFF5BE6F33
FFFFFB6473DE
FFFFFC50FEEF
000008D6B0FB
00000D35F4CC
00000987BC97
FFFFECD244E7
00000229AF1F
FFFFFC8247CD
FFFFFF0CD138
0000004685B6
FFFFF944A9D5
FFFFEF4ED0AE
FFFFECDB11B0
FFFFF42B8362
000000B1B78E
0000055EEBB1
000009E98B39
0000052BD26B
000000CBD591
000004F4B465
FFFFFA9BD579
FFFFF0917C02
FFFFF56A7722
FFFFF58073F9
FFFFF87BE74A
000000521BC9
FFFFFBE0F526
FFFFF9703778
FFFFFA49AF40
00000642DED6
00000C5B0FD7
000002BC7BD0
FFFFF9E9C7A8
FFFFFD10E979
00000B6E04DA
00001BAB2621
000009FB837C
FFFFE91C684D
000001C69B1B
000000C5373A
000001636370
000000672729
FFFFFBD398F8
FFFFFDD6B0EE
0000005E3C79
FFFFFA09B0C7
FFFFF5AD1F87
FFFFF499CE98
FFFFFB23B4BD
FFFFFD51B6EF
FFFFFDB7C131
0000013EF417
FFFFF514BDE7
FFFFED214AAC
FFFFF8DC6056
0000008604C0
FFFFFDA6C176
FFFFF82D9488
FFFFF766817F
FFFFFB342875
FFFFF8DB1839
FFFFFAE509F5
000004F3671A
000010559063
00000BDFD70C
0000050FC61B
0000025A1D78
FFFFF9D98A59
FFFFF60EA954
FFFFDEACA4F1
0000043D65AD
000005FB8699
00000275A6AB
FFFFFF00458B
000000C1095C
000006D9A216
00000674FE83
FFFFFF458B37
FFFFF6475BDD
FFFFF856B678
000000B07C8D
FFFFFE538562
FFFFFF5ABF09
000000F303D3
FFFFFEAC8C83
FFFFF81E0BA8
FFFFFF1F888C
000000B666F3
FFFFFE03D92E
FFFFF1E32792
FFFFF6CB8A56
FFFFFF292A4F
FFFFFEBFB573
FFFFF2096A36
FFFFFE239219
00000AB902A2
00000F288895
000006356A7B
FFFFFFEE6814
FFFFEB1B539E
FFFFF11AE6D5
FFFFDF2A06CB
000000E55D57
FFFFFF76F17C
FFFFFCD22C0E
000000190918
000003CCB368
0000025DEDF3
000009F3C9CD
000018911F70
000013F62FB8
0000050C435E
000003E76806
00000009D9FE
FFFFF68D629D
FFFFF227BE20
FFFFFC0581D5
00000EA663C9
000011C85B67
00000D280A1E
00000FA75390
00001292A017
000012439B79
00000FCB3213
00000865F389
FFFFF91BEACC
FFFFFCF007A1
FFFFFC17352E
0000029D32E6
0000042F0DD4
000006657FDB
00000E3C0582
00000658DCC1
FFFFE38FD314
0000009504B6
FFFFFEAD21DE
FFFFFDC0860C
0000023D5162
000001D4D8CD
FFFFFEC1A373
000003CA65FD
000011FC854F
00001580E963
00000DCEC0E8
FFFFFFFF3D8B
FFFFFA301A77
FFFFF5990E05
FFFFEE184950
FFFFFBF37EB0
00000A169B8E
00000D7BE61C
000007B38610
0000101EC0ED
000014B0FD14
0000106BBC17
00000D6A0595
000005EB945E
FFFFFEB10F7A
FFFFFAB827FB
FFFFFEA86158
FFFFFAF513DA
FFFFFF60717A
000007597371
0000183948D7
000008342B4C
FFFFE06845E3
000006D6684A
00000B47279A
00000A562E6F
000004110201
000004845792
000002220924
FFFFF45C1CD9
FFFFF25CBFB6
FFFFFB3E45A0
00000E448EDB
000015157674
000008B0E509
00000980FE4A
000006BBFA33
0000003547A4
FFFFF9C25510
FFFFFE828A0E
000002469ED2
000005252A03
FFFFFD69DE51
FFFFF8058DC9
FFFFF847734E
000000DBE161
000001E14149
FFFFFB1D18F4
FFFFFD643494
FFFFFE2B667F
FFFFFB824D29
FFFFF7A6E8C9
0000045C1437
0000010F930A
FFFFDCD098A7
0000051B3F74
00000C66792C
00000990F3C5
000000C0ECC6
0000040E28BC
0000061F3433
FFFFF93B0BD9
FFFFEE12F3F1
FFFFF2E3CB59
0000051446A7
0000164B8809
0000153A7D84
00000F374C0A
00000760A40A
0000002CBE65
FFFFF37C7E03
FFFFF64D2BB6
FFFFFD78DB3F
FFFFFE0A28A0
FFFFECF1C5DE
FFFFEA2F408D
FFFFF7A309FC
FFFFFF8D2AFA
FFFFFDFF43CB
000000CDFF40
000001E2FFC4
0000035D4934
000000D081A1
FFFFFCB51F26
FFFFF2C3191D
FFFFF5E8E813
FFFFE2AEC1AF
FFFFFF5CDBFE
0000050ACA8D
000005D8C693
000004B9763C
000005B7079B
000003AAA1AE
000000D75AEC
000005CC4336
FFFFFA219586
FFFFF0391925
FFFFF349F8F1
00000B07E4BA
000017399E60
000009D6B2E0
FFFFFF41A67C
FFFFFAF15381
FFFFFD98017B
0000021E60EF
000008870932
000008F18A1F
00000D9F8111
00000C5282F3
00000505E9C0
FFFFFF3D7E2B
000000E53090
000000B1CB06
000001A337DF
00000477B7A8
FFFFFDF4DE22
FFFFF99EA09C
FFFFFE05197A
FFFFEACA630B
FFFFFF19FCFB
FFFFFE778B63
000001F33607
000007B51CA9
0000054D4A45
FFFFFCD83805
0000072EA53D
00000EB8961E
FFFFFC6D073E
FFFFEA78A68B
FFFFF0BEAD0A
000001489B89
00001434F797
00000FBC3096
00000835D2AD
00000293331F
FFFFFE035275
FFFFF9E4ACD2
00000A2C5F03
0000127C8F41
00000E4C1E38
0000093A8588
00000885CD52
000000593431
FFFFFFA5312E
FFFFFECB1A85
FFFFFCAF9327
00000209FE7E
000000097444
FFFFFB61ED53
FFFFFE336286
FFFFEE698B41
000001AF7A7A
FFFFFB1B19F1
FFFFFF6ACF18
0000036E2677
000002DECF48
FFFFFC8A8295
0000022C4B1C
0000099D0099
000004C6C3B3
000001470872
FFFFFE016799
FFFFF2D6F966
FFFFF412BF11
FFFFFE8E7518
00000F6BB8E0
00001207B08C
000007F69E11
FFFFF690EBF0
FFFFFD52BB66
FFFFFF12CCB0
FFFFFE00895B
FFFFFA376B70
FFFFFFE06E6B
000009AC7596
00000E3BC738
00000932A47C
0000047E8B5D
000009411CFE
000005B91F66
FFFFFAA8B0F7
FFFFFCC361E8
FFFFEC6E1816
000002BF2DA9
FFFFFBE4AEF4
FFFFFD52AAFB
000003E32DE8
00000507474A
0000075811B1
0000000B1B1F
FFFFFE5AEE6D
000008658912
00000F7A17A8
000000FFDE2B
FFFFE81DC532
FFFFEB9DA4E7
FFFFF994EC87
000010AF6BDF
00001606821C
00000F0949F9
FFFFFEB8F147
FFFFFAFC7EB3
FFFFF52F3806
FFFFF315262E
FFFFF520D000
FFFFFFF81935
00000A613FDC
00000DBC1542
0000092F6352
0000042F3CB0
000007504EE7
00000513594C
FFFFFC3FB81C
FFFFFC08DD7F
FFFFECFAFBD2
FFFFFE84F2E9
FFFFFFE9CC22
FFFFFEC6B839
000004CFC0D9
000006430B84
00000CC040BF
00000056298D
FFFFF3D474B6
000000B09A29
0000045CCFAB
0000060CF563
FFFFF504B2A2
FFFFFDC13E46
FFFFF37ECA41
FFFFF8312C53
FFFFF8056090
FFFFFA0F39B1
FFFFFFDBEBAD
000005402510
000000D020E7
000000BE2DD0
000009C69ABB
FFFFFF6AC4F2
FFFFF8376DE6
FFFFFCB4EED6
FFFFFBD029EB
FFFFF48915F8
FFFFF276699C
FFFFFB6C33FD
000004CD8692
0000022CC424
FFFFEA459C6C
FFFFFEDE97E8
000002392A03
0000019D8124
00000226A821
000004007C8F
00000B7904F1
000007C83911
FFFFF320983D
FFFFFE747E3E
0000009920C4
00000A3BCD99
FFFFFFDE4966
000008188C85
FFFFFAA933D5
FFFFEED5961C
FFFFE8402DF6
FFFFF78793B7
000003573772
000003622293
000007C852E5
0000082D140E
00000EB7DFBF
000006A6B28C
FFFFF2F3F70B
FFFFEC8C939E
FFFFF112609F
FFFFF1B4B119
FFFFEBDEEACD
FFFFF74BB96F
0000099AF39C
000004E1E36B
FFFFE4A7EAA2
000002741BC8
00000293BA88
0000021A0BB8
00000106BE49
FFFFFF091718
0000070ED6A8
000008474CF0
FFFFFEC8BFE1
FFFFFF9DA85D
000002B931A3
00000939036C
000007818379
000008F02B6C
000004E7AC60
000009D1433A
000006ED178F
FFFFFD4FE826
FFFFF5CF78BC
FFFFF5AC24CA
0000017FDB00
000005980165
0000023F98E8
FFFFFC5A3C75
0000069D727E
000011EDE84F
00000E778B71
000004D70143
FFFFFD9BFDF3
000004C6F8E0
00000930B12A
00000454D2F7
FFFFE4A4DEB8
0000038E4221
000002B841F0
00000314F331
000002AB0A4E
FFFFFD37DA95
00000761B3E3
000007FFF6E1
00000B17EAA9
000002468A75
FFFFFDAAC463
000004DA72BB
000003615513
0000055560A3
FFFFFBE41689
000012673388
0000120F5569
FFFFFF7E0949
FFFFEC3E2C60
FFFFF5B368C7
FFFFFD5E6903
FFFFFC5FE9CC
FFFFF7C3D942
FFFFFE918F5F
00001066E725
000013953800
00000A05CCCD
000001236A04
FFFFFDFC5C30
0000023BD0BD
00000B447CF9
FFFFFF042FAA
FFFFE39CE7A6
0000022F3869
0000034C2B32
0000040E7236
0000031F4087
FFFFFE69C2BA
000007050901
0000073F1C09
00000B507AC1
000003ACB5AC
FFFFF6E6703A
0000038D035E
FFFFFFB5C205
0000049162D4
FFFFF2A3E8E2
000006D9599E
0000160D811B
000009B87289
FFFFFA944F49
0000103CC4F4
00000A5B63F2
00000AE3E3BF
000003F6A6D2
FFFFFE557EC2
FFFFF81DDE51
FFFFFB74D9E6
000009F2C952
00000D310129
FFFFFFA14D1B
FFFFFA2FFA42
FFFFFDA9A11D
FFFFF72DCEE0
FFFFE67EC148
000002E3B748
00000551F3E0
0000039C4F9E
000003014C1E
000003EF0571
000005731511
000004F99168
000006705DE8
000005116D3C
FFFFF38D9E8F
0000016E1AB5
000006A16F95
0000086435A9
FFFFFA0CCBF2
FFFFFB6926A8
00000C298289
00000C233A6B
000009CA479F
00000DDBFDE5
FFFFFF90286D
0000125F2CF8
00000F2DBC35
000001D43ADD
FFFFF2E336CC
FFFFF493B2FC
000000DF731A
000005E231BB
FFFFFAD2FA90
FFFFFAFA417A
FFFFFD2F06BB
FFFFFEEA1885
FFFFED8EFC8D
000003DFDE5C
00000B72DC2F
00000AB4E018
0000082F0C33
000007E8B0DA
0000039F3057
00000097F5A7
00000544E098
00000A113E9D
0000003EC69D
000000D6810C
00000B5830EC
000005B7DB2A
0000069BCE78
FFFFFB782C8E
FFFFFE10E4D6
000004FA1546
0000065FE982
000005E61E44
FFFFF3D87082
00000AD4A385
00000B37B0A2
000009CF5B81
FFFFFED4F99E
FFFFFCC78390
FFFFF64BFBF9
FFFFF012AB39
FFFFF072A9A2
FFFFFF08EE60
000005DABCBE
000005B7A0F7
FFFFEFC4B54F
0000040A325C
00000840F9B6
00000A310739
000005246F8B
0000050590B0
0000018080BD
FFFFFE969FD9
00000A5FEEB9
00000A654B5F
00000B104AA1
FFFFFE14886C
0000003D55FD
000008535122
0000082A3D12
FFFFFF32DBCA
FFFFF0179F13
0000012CB794
000000B1595B
0000050F8573
FFFFEE87B9CA
000002210FD0
000001E89B5C
000009C2F21A
0000086BBC81
FFFFFB57CDC5
FFFFEE6F0987
FFFFF247C321
FFFFF48FE0B9
00000069D81D
0000080F34B1
000001288484
FFFFEDE0F8E0
0000030BAE5A
FFFFFB8B2297
FFFFFED625D8
FFFFFA0EE474
FFFFFE85EBE5
FFFFFE59EC81
FFFFFD6F7C4D
000008649DB3
00000ADC0536
00000F71BC8B
000003871426
FFFFF71C0FD8
000005147F20
000003C9436D
00000953D104
FFFFF58CF7BF
00000927EA50
0000089B6D42
000009D4F5D8
FFFFFE34B3AD
0000014306F3
FFFFFCD89FB7
FFFFFD960438
FFFFFA2EEB9D
FFFFF54F6760
FFFFF24C04CD
FFFFFF1AF242
0000045028D8
000003791289
FFFFFFE565ED
FFFFFB198B4B
FFFFEBB7C1CB
00000373DA6F
FFFFF31303F5
FFFFF9F0077C
FFFFFA63F6F2
0000000DD483
FFFFFF4779BB
000001E90FC2
0000060F5164
000007B27AEC
00000E23D808
00000ADDD358
FFFFF5440673
FFFFFFD11292
000004855C2C
000009539E3A
FFFFFA6BA466
000002515A10
00000B2E1011
0000071B308B
000006E13D68
FFFFFBCCD264
FFFFFB67E419
FFFFF1BC7C38
FFFFE953609E
FFFFF3443A7C
FFFFFCE59C56
000001B5CB4E
000003A4DB08
000006C67842
FFFFFF1A91D0
FFFFF7EFEEFD
FFFFF10DFF3A
FFFFFBC8E77A
FFFFF4F33CA4
FFFFFE47C4B9
FFFFFF092D02
000002824AA3
FFFFFF16DF7A
000002C60D79
000000A3B3AB
FFFFFC87EE23
000004EC33B5
000007AEA2F4
0000018331D9
FFFFFED9AF17
000003762AE0
0000022E1EF6
FFFFFF2CB9CF
FFFFFD8BFE94
0000046546B6
00000157394C
000001DF9EA4
FFFFF7FC2018
FFFFF32ABDE3
FFFFF1392723
FFFFED911A00
FFFFF94DD3CB
FFFFFF386FDF
FFFFFEBA3ED2
FFFFFEBAA0EE
FFFFFF4B070B
FFFFFD81D5D4
FFFFFD172329
FFFFF1D55EF3
FFFFFD15B9AF
0000019A7C1B
0000047B9366
0000017B16CA
00000178FEB6
000001E22E3B
000004861406
000000429028
FFFFFCC38AA6
000002EE8519
000003FA2982
0000086DD9B0
000000C268D1
00000121715C
0000000705E5
0000003F9EB3
000002A44869
000002805F39
FFFFFDD41F43
FFFFFB6F65F5
FFFFF756E475
FFFFF7745CB8
FFFFF9CD345A
FFFFF83C69E8
FFFFFF763CAB
000004F2A2DC
000001EA2CFC
FFFFF68F2831
FFFFFC65E185
000000B17DCC
0000064A551D
FFFFF0063D12
FFFFFC181727
000004D16E49
000002B0C03D
000003084EF6
0000059B6D6E
000003C96394
000003C00BAB
FFFFFF2FDD7A
000002085564
000003ADD528
FFFFFE28C938
FFFFFB12E61A
FFFFF939D93A
FFFFFA079AD2
FFFFFCD2E6C2
FFFFF7D3E204
FFFFFA30FD30
FFFFFD061586
FFFFFA88FC02
FFFFF611E698
FFFFF3FCBD22
FFFFF6A3DCD4
FFFFFFEEF9D9
0000058138BC
000002FAA9DD
000000890B1F
FFFFFD5D2C42
FFFFF8A6974E
0000025E29F0
000005C7D229
000001FF3BCE
FFFFE6306EAB
000005B79BB9
00000BCE5BA3
0000095B648C
000007128032
0000086A266C
0000064E645E
000005416908
0000010D7A33
000002FE37B6
0000038FD12A
000002458592
0000011AD930
00000131FA63
0000009E4773
000001688691
000000DF6831
000002BA3803
000004E4FA66
FFFFFED21F43
FFFFFB113389
FFFFFD1E7628
000002F2BCA1
000007FE80D6
0000085E8E31
00000241F0C6
0000006633C6
000001651A22
0000056F1034
000007A7D995
00000D07B843
FFFFFFCDC241
FFFFE8AABC31
FFFFF5E65C04
FFFFF3CDC1B6
FFFFEBBFA474
FFFFEB4A4B94
FFFFE89698FB
FFFFE66B190D
FFFFE62FD622
FFFFE319C019
FFFFE6BDFF15
FFFFE8E7205C
FFFFE71FDDE1
FFFFE87335F7
FFFFE71F34A0
FFFFE6CED4E5
FFFFE78F8DE5
FFFFEE17604D
FFFFEC591D8B
FFFFE960B336
FFFFE50A3132
FFFFE992286C
FFFFEF36BEB5
FFFFF03E3FC8
FFFFF043B36C
FFFFEE1A15DF
FFFFE8E98842
FFFFE7AF9186
FFFFEA2F609D
FFFFEEDA3E47
FFFFEB5615AD
FFFFE616A257
FFFFE4F18074
FFFFE235E1E3
00000200E4EF
000008A82FE6
00000D4EF6C0
00000AE786F8
0000092ABE26
000009B033EC
00000CC703CC
00000C03066F
00000A2CAA47
000008544C99
000005A8C603
000005E962ED
00000A960733
00000EB03BAF
00000B2AE4CE
000008EF7023
00000B52DFED
00000AC4E979
0000028B59B4
000000F0E260
00000788AA20
000007C880BE
000006355894
0000058C9FB3
FFFFF927D05F
FFFFF86AB8D3
00000419E226
00000CAA4D5B
FFFFFB661D9B
FFFFFDBD3FB3
000008A18625
00000DE682CC
000005E76CAD
00000FE89BBC
000018BBCD96
00001C795227
00001A05F7DE
000019355719
000018F35EAF
0000189AFF94
000018C8450E
00001893CFA2
000015100A49
00001112EB0A
000017A0EAF5
00001F722715
00001D946430
00001C6ABB73
000020C0E9C2
00001D92816D
00001103FE2E
00000D94DF45
00001286A649
000014EA1F40
00001B1A796C
00001B27C9D6
00000BE49303
FFFFFD0D6C77
00000F871291
00001E192DB2
00001499A790
00001867CF02
000018B14128
0000176E4448
0000105AA0EA
000015B1FC9F
0000171CD968
000019810020
0000105700AE
00000E25C90C
000010ADF7CD
00001160B1D8
000013925E74
000019329A85
00001BC550BF
000019F4B116
00001E613730
000020A14F33
00001D97AA92
00001D145384
0000213E022B
00001F7C128E
000015A2C770
000011E7261E
000015779C89
0000185AB430
000023D29500
000025291B17
000016D65BF5
0000044E2910
000011AA82D7
00001935C352
0000194BF4E6
000023ED63F8
000013C8D5A1
000016DF207B
000010AA0E84
000013637D2C
00000D77DC6B
00000B900AC5
0000050B9F8C
00000435E964
00000AD54C06
000007CA3A31
0000048C7DAC
000009BE8828
0000102347DA
00001206185B
00001411C2B2
000017695059
000018701799
000017C6E695
000018971D23
000015FC2325
000013BC1C3E
00001837AFAD
00001CA001B6
00001A066B97
00001C6E4995
00001C5DAC9A
000018552E1C
00000C9DB9B0
00000C059865
00001663E6B8
00001D8C24E7
00002AEC3D0C
000009EC2789
00000C761094
000007E4D141
00000BE670F1
000003ACFC49
00000C27E1B0
0000111DE016
0000111E87FD
0000170B42C4
00001A07C1DE
00001A283DAB
000018F5794A
000016770ADE
000012F94C0D
00001234EC5D
000018ED64F2
000021C320C2
000022FE4B70
0000208F70A1
00001AE52BE5
0000180FE345
000021CB114F
0000280B8594
000025EF4D63
000022E1C1EA
00001DD8A36A
00001ECC0E30
000018F08125
0000065E0160
000008F32EE7
0000259AD27A
000036B42A32
0000173CFD18
00001060D105
000004A476E1
00000B8A1961
000000DF4EB5
00000AEEBEC8
000011763CD3
00000E9B20C8
00000E274F3F
000017D8AE58
000021E68A10
0000264C63CC
000026FFABA8
000022EA6F27
00001F92858D
00001FDE1E3D
000026F1A3F8
000025B1DE0A
00001D6839B8
00001C39E18A
00001EDA413B
00002124681E
000025057240
0000276127A3
000026A0D60A
00002338009E
00002834170F
00001E7475D7
000009D31D41
FFFFFDA81B54
00001BC83A89
000035C281A7
000025DE05D2
00001F6058D1
0000097AC4B4
000015175CC7
00000CFAD4FB
00001453510E
00001C005E3D
00001CE4091A
000016E28FEC
0000180978FA
000019015D94
00001C71E168
0000240241BE
00002A7A3053
00002E06D44E
00002A7D7D91
00002CE37140
000028AABBB0
00001CA7163D
00002100225C
00002C22CC1E
00002389A42D
000019C88EF4
00001DD1F301
0000250F3016
00001905AF2C
00001F702190
000017F2BE0C
000012167853
0000083693E4
00001A1A62CA
0000297DDBA7
000020A09FEC
00002B70C197
00000A461AFD
000015B059C1
0000126ED995
0000153DD5BA
00001901BD49
00001BE10711
00001B6867A3
00001C52A8F2
00001CCB39A8
00001BA8AAAF
00001D0A384E
000023F44672
00002C595C74
00002689CEC3
0000292C4E25
000027A79822
000016E15C40
00001DE599D3
00002E48863D
000029680E89
00001C20C026
00001EA0AECB
000023D93260
000017E47A47
000012BE9668
000013A41BDC
00001C22EC9B
00001947BF15
000018222EC0
00001F9F68CF
000014A961CD
00002B603223
00000ACB72E6
000013099FA5
00000F2E6063
00000D10DE0B
00000EFDFBA6
00000EC66AB0
00000D8C747D
000012C0CC95
00001E3C705D
0000258A08B5
000024D7AC8E
00002751CBB5
000024C6A446
000019D58FD3
00001AA5A5A2
00001925A6AC
000011F1F1DC
0000149D0976
00001B62DDE7
00001ED2B664
00001AC203E7
0000194CB372
00001A1DFEFA
00001A329B5A
0000180C3C21
00000FFB529D
00001466E762
000022285022
00001EF7CD16
00002111A6EA
00001F50F6FB
00002B8AD4DF
00000C2C9B50
00001485F72F
00000E2D97EB
00000D0BD2EF
00000D69586B
00000CD1B003
00000ACDAF04
000012E7F7A0
000020BEEE5B
0000225862E2
00002246353B
000021D8DDA3
00001CBAF1FE
00001707FE9E
000015311209
000015067F10
000015C29A8A
000014E0F463
000014F147DB
00001A10AA22
00001BEEDA67
000012D65B08
000013C3B839
0000183EC960
00001A504289
00000A36DCDB
000002BCFCD7
000015C6C61A
00002351914E
0000295983DC
0000251140F3
00002D4186BB
000009F2289B
0000125DF897
00000D57C9B7
00000E2CE39D
00000F013A6F
0000127B3C29
00001552D0F7
000011D0448D
0000197B90FE
000021A24923
000027CEADC4
00001EF82110
000015CC957F
000016A2018D
00001A43C555
000014CA3B53
000015308951
00001A935594
00001DB5D28B
000025C3EF5A
000025E1AEBD
00001D99F22E
000024092D2F
000025467902
00001D027ECE
00000B792D5F
0000091F3F57
000011019D24
00001768DABC
0000270EB965
0000235BD67F
0000314CCE58
00000900F262
00000F3AFB2A
00000A814CB6
00000EAC8D43
00000F47A758
000012CE490D
000019F038E5
00001282291E
0000065D4B71
00001055A3F0
00002458A81D
000026CBE0B2
00001D0C0FEF
000016933D27
00001579E2E0
00000F8525F6
00000E9A328A
0000149686E9
0000201BA686
000023BD2889
00001AC1CABC
00001C6DDBDC
00002C73E698
00003226298C
000026739B9D
000018295277
000012848B1E
00001458F437
000012D3B664
00001450A60F
000017BB78F6
0000307F6554
00000A4CC6D5
000011796F1C
00000F91D3EE
000015BE89D7
000016E2561F
000019C65E75
00001E11D28F
000018D714EE
000013449927
00000D2C33DF
00000EC296B0
00001B1DF2E1
00002BCD7F78
0000293CB1CE
00001E98B791
000019A1406D
000016C46A01
0000168AF4CE
000022D20CB3
000024954B85
00001AD094CA
00001FB3DF01
00002CF9A841
00002D16B42C
0000263224AC
0000229D8E0D
000019E9F200
0000140DB21A
000015486F25
00001BAA67FF
0000174C52F6
000028F11753
00000A82F028
00001092BF18
00000DDCAE9F
00001489188F
00001C9DD0A7
00001F959E56
00001C2D0DDB
000016868467
00001C54DF55
000015F3435F
0000016B710F
0000077FDEAE
00002244BBE5
00002B550E70
00002D7FC699
00002957FEA3
00001A8493B7
00001332ECEC
00001CAC0C5E
0000255C2322
000021461C14
000021CD0F49
000027AD4394
0000248F7B64
000022AA60AA
00002543661F
00001FF1CFFF
0000183F7BF9
000017CA4F81
000021BE5698
000019BAF9E2
00002011F261
00000CAC32C8
000014BAF09B
000008A0EAE6
00000E88DCC8
0000198BFD68
0000227F4198
00001B300BC2
000016896C5B
0000233EC1B7
000021889BF6
00000C28C1DD
00000AD10500
00001825A4EF
000019EAA53B
000025569516
00002B5704CD
00001D479C31
0000103C582D
00001365DBAB
00001EFC9EE2
00002761F681
0000257514A9
000022D48055
0000226F6AEB
0000267D4297
0000245084BE
00001663B652
00000FCC386D
000018FAE560
00002286EB84
000013A29EAC
00001AE80C69
00000D8EAF8D
000018E83282
000007B8F3F6
0000091942B6
00001614FEEB
000021CA905F
00001E65B853
00001253B6D5
0000213B318B
000028FCBD7B
00002035CD45
00000FA2A479
00000993846B
00000DC0180F
000020A42BB9
00002CF86A10
0000299DE749
000020ADFF28
00001481F0B7
00000E54414F
0000175A8282
00001E84D038
00001CE29DBA
000025894883
0000306235D2
00002B1B7459
00001BC24F4E
00000F325F05
000015350412
00001B905866
000011E53CAC
00001A68E286
00000A863713
000017E48A7A
00000A0F0BAD
00000581E651
000011C5C673
000022F87234
000025248A60
000016959E7E
0000123238E6
00001A5B3AC0
00002B741124
000023C04460
00000350F767
000005CDB682
000021D37360
00002444DD70
000024B10F27
00002B2DC485
0000282D57D6
000011A16CD3
00000DC545BD
000019A1742B
0000254CE66F
000029108BB6
00002D5CCA16
00002D97495C
000029FE45D4
00001D5908CC
00001A06885E
000016857B7B
0000149808C3
00001D3F5529
0000085E2254
0000140FAABA
00000D0808E1
0000086E8CEC
00000BA636D4
00001DDB58CD
000023DC6E43
0000253FF8C1
00000FDB44BA
000009A37799
0000256E2CC4
0000382F1999
000011680A8E
FFFFFA75FC60
000017B5280D
00001D2026EB
0000162D4958
000021FD4DF4
00002AC8969D
00001919E023
00000B305382
000017D2966C
0000269B736D
000028D71DA3
000025AF5C47
000021CC42DA
000023D19392
000020BD4E36
00001DE12A16
0000186F6D10
000019C36EEF
000026BCB9AC
000009C40E80
0000122FDB17
000009EB3B5F
00000C8AF61E
00000FC1B581
000010DD43B0
00001DD74216
0000299079D3
00001A89D1E6
00000525A131
00001B0B1E3A
00002F5D3FE1
0000203CE682
000007DA23F8
00000EA9E739
00001C54C7B0
000024692DAD
00001E4310B5
0000163588D4
000017BE030F
000017F77DDC
00001A347FAA
00001EF0B33D
000022367CD9
00002CDFFB76
00002AA17844
00001CA1D171
00001734287F
000019443E1D
00001879CCC8
0000197EC111
00002EAF0A4F
00000BC3046A
000013C757B3
0000087CF5EC
00000EE78080
000015734940
000006859FD0
000017D8BAAD
000027253CA1
000023AD9928
00000CA0B6C5
00001758DCFC
00001AF4BAF1
00001AC8DADD
00001E35AAF8
0000134AD925
00000CD118CC
000021FC175E
00002332CF05
000005B3D137
00000790F7C6
0000238A4E68
00001FD351DE
0000129E5AD5
000019AFF17D
00002CBF42E6
000027886FF9
000018959FF5
00000FEC9814
000013A455FA
00001384715C
000014F1F8FB
00002FAFCD15
00000C9867DF
000015E492D6
00000BD98B7E
00001256C9BA
000015846EDB
000006D8F61D
00001551A951
00002087C943
000020839952
00001BE03B8A
000013B99D85
00001126E64F
0000175856F6
00002943B3C9
00001805AECB
000008E269F0
00001BD24F94
00002A9C62E6
00000700F573
00000445C9C1
000026B3FC3F
000026E5B8EE
000012EBB645
0000139D6ACB
000022F4B9C8
000026EC1CBD
000027A06A0A
00001D3107FC
000013E66CA2
00001138B909
00001796AC36
00002FCBBDDC
00000ACEBA70
0000153685DB
0000118B5AF4
000016356108
000012D42B7A
00000BC86B10
000016BC46B7
00001838A18A
000017DFC37A
000025123F8A
0000178DA41C
00000CCE3680
00001CF15701
000025710432
00000B916EFC
00000221CB30
00001EC0CCCD
00002F5A210F
0000113B6C7C
000003D0CD49
000016F4A95B
00001CB87D68
000018A74DB4
000013C1888C
00000F603FA0
0000154657FE
000026B62584
000027892794
000019D6740F
00001960CE6E
00001BE3F8B9
00002C9B81CA
000008550DBF
000012D1F91E
0000139813DB
0000155891F9
00000E195B82
00000E92BA27
0000199D38B3
000010D8CFF9
00001772D43C
000027B33B5D
00001D9774E4
00000BA42144
000022223973
00002D8B95EB
000010D1BFC4
FFFFFE67EA5E
0000172CA70A
000024D13299
00001EB2BDD4
00001614F440
000016DC47F8
000019A38FC0
0000240216C9
000027058E4E
00001DED69B4
0000184875D0
00001D2B878C
00001C6A8D2F
0000163DEC1B
00001E439765
00001CB718EB
0000247DF2FC
0000081580D5
0000162785F2
000015E775F3
000014DBB1EB
00000E5C02FE
00001299629A
0000181AFAA7
00000ABD205F
00001C4641AF
000026719ED1
00001F7415C5
000010C09EF2
00001D6193B0
000026B61917
000019A0E7FD
0000095FBCA7
00000E5F7D61
00001580D64D
00001C232262
000020092D5C
000014F3C2C8
00001933C918
000031FE9474
00003A0C0BBC
00002C5E68F8
000019119507
00001335673C
00000F89FA1C
0000134369A0
0000222EC407
00001D462C64
00001C739DFB
00000C0377C5
00001ABFC272
000011B5F6F0
000014E43B01
000014FC56EF
000019E412BA
000017745E7F
00000A740375
00001CEB753A
000024315B8D
00001CA7A3AC
00001BF61E4E
000019971DEF
00001628F8F1
00001DB7C14F
00001B1AB948
000011C2166B
00000F4E96E0
00001E55905C
00002A9B75E7
00001E6D8C67
000019A699DC
000023FC3057
000032FA6F9D
00002EDF9796
00001B2DF4BC
000010695E8E
0000104C24C1
000016282C41
00001E8BF729
000018842939
00001BD417F0
00001171E34E
00001E28B4E4
000009BC9A54
00000F60D2BA
00001880494E
00001DBC80FB
00001665E77D
00000B8798D2
00001A78FFE0
000020805E15
00001AD5963C
00002502C59E
00001DB8286B
00000DE626E3
00001CB953B8
0000273088BB
00001C4438B8
00000CDF0474
0000202829FD
0000320803B2
00002EB75415
0000218A37E7
0000145E3EF1
00001365A118
00001C7BF769
000021B42551
00001753EF2E
00001165A0C0
00001634D4A5
0000183DA4D2
000014A7F646
00001CB32CC0
000010D5B3F6
000020283B11
00000AA9FE76
00001101A6EB
0000180FA07C
000019F0B665
00001193C542
00000BC684AE
0000155F1BD8
0000142776D6
0000196C1C6F
000025CB8598
000024D3C9A8
00000F2F7B3E
00001773FD65
000023F90C27
00002226977D
00001777BB42
00001D009EC8
00002EAED663
00002F5CEED5
00002958EC9C
00001AD17809
000010BB09F3
00000F034355
000016C574D2
00001BE6F9A2
000016537F88
000014980FE4
00001695CF61
00001784A66B
00002078F2F8
00000BB097A9
00001BB57380
00000C255A0F
000013D2D428
000017FB9A7E
0000177E6690
0000104D604C
000010C2B9B7
000014FBD298
00000A8FB22B
000015F2FFE9
00002299E08E
000025A6FD5A
0000164AEB91
0000147EAB1E
000019CF5F4D
00001D2829FF
00001FA73B3D
00001A123BD5
00001E5A047E
00001DD78703
00002529AFB4
00002176B732
000014E1636D
00001164C84A
000012A8C780
00001582C282
000014151EA3
000010BFE761
00001008BB86
00001780A3E2
0000222A8386
00000D1D1BAE
000013532CA0
0000082BB491
0000137956EE
000019F90850
00001CDFCB4C
000018D4DD5A
00001A86D568
00001B0B06F4
0000118F6EF3
00001A3C7B5D
000020976A36
00001E12058F
00001E647794
00001A9A6FED
0000159A5C2E
00001673FDBC
00001D4D2105
000021D29CED
000018AEE2A8
000012177F19
000017666AC3
00001C678494
0000193904BF
0000170590F1
000015640580
000014695695
000018AE622C
000017D3184F
000013778861
00001301ED12
000025B68CF7
000010D3DE1F
000017C8AB7E
00000F5500D7
00001DB6E391
000025A6F655
00002275025D
000023B45C49
000027759A4C
000027168D84
00001F68A4E0
00002304EECF
0000240C05E0
00001EB69439
000024C39691
00002B98C9C1
0000225C7C22
00001E41F32F
000021BFF497
00002BD3CB8B
000023F2095B
00001B8A962F
0000195975FA
00002075687B
00002A0EDF0E
00002B270795
00001E445213
00001B86FC79
00002668A98E
0000289D8125
00001E3723E3
000015079AFA
0000273AB324
FFFFFFAE5196
000002FB3E29
000000BF71E0
000006AD9497
00000AFA02C7
000009979ADE
00000ACD1B3D
00000A2F92F0
000009DE8829
000007393E0F
000006E8C4E0
000000642A3D
FFFFFEDFE0A1
0000056D9155
00000D6E0609
0000078E64AA
000000F9B71B
000000CCC70F
000006817138
0000091F76DA
000005C8A596
000000B5A18C
000003B8DAD5
00000F3C3DBE
000015C4321E
000008EE48E8
0000045DC30A
00000ACAF9CD
00000BB7F91A
000009B05A96
000009A07BE6
000014692073
FFFFFBAB2541
FFFFF71CA0DA
FFFFF383041C
FFFFFE0D609B
0000020CFD1C
000003D4FD2B
00000675D9E3
0000038E3D18
0000035FCFD2
000008436C0F
000007E6E5E3
FFFFFDCC4C9F
FFFFFA6840E6
FFFFFEE0680A
000003B02787
000005BF62B4
000001F3B109
FFFFFB7AE0F4
FFFFF9FB74E3
000001FAFBD3
000006130951
0000025A8B33
FFFFFE808BEE
0000004C3E06
0000071748AF
000006E56271
000003F338BC
0000023F2773
000000572BC2
0000005C45F6
000007DCB210
000013598DDD
00000DCA5254
0000203BC132
00001362FF6C
0000156813F6
000013F8C4E5
00001138A872
000011D50661
000015125250
0000150807D0
000013E221A5
000012CBFB72
000011DE8CB4
000017435FA8
00001943F781
000017BD2CF1
0000198E6C95
00001B227D5C
000019813E43
00001173AAF6
00000CCC7A21
00001578D21E
00001EF121C9
00002132854C
00001AD7C749
000010DF964B
0000080F3970
00001A7879C2
000023DDE88E
00001AEB6580
00001477B26B
0000249C448F
0000265979CA
000007B85C56
00000F4482DF
0000092C1193
0000154055F3
00001393BDB3
00000CCC6A4F
0000096231AF
000008DD4691
0000091DE1C9
00000AE7642F
00000A4E7067
00000702FACC
00000CBF4816
0000124B99C1
00000FB8755C
00000CF6C319
0000139CB62B
00001A638F49
000015F8B03A
00000E302B44
00000BB17A9A
00000C756E50
000017DB80BC
00001EB75352
0000174FF6C5
00000850ADC8
000012A5A960
00001B2DEFC3
0000179F5334
0000138493A2
000023B8C9EE
000031807FED
00000B35B7F6
000010CE4298
000014422978
00001BAA7996
00001D29BF09
000018C9F065
000015C8B116
00001338BA0F
00001427913E
00001525E1AA
000012DEA050
00000FC513D2
00001420BBC2
0000151D643D
00000EDD424E
00000A9A7067
0000112E87C6
00001576F19C
0000115495D0
00000CBFC37A
000004564998
0000006342D2
000011974D43
00001EAB960C
000008178B22
FFFFFBEC942D
00000766FEE9
00001332B5DD
00000F960625
00000FEB3BF6
0000174B24BD
00002AEFACE0
0000088E91ED
00000DAF28D2
00000F76197C
00000FA1E76B
000011E600D2
00001363D0C8
000016755244
0000152F2173
000011EEC31F
00000E6623F3
00000E30BFA5
00000E258968
00000EF7A59C
00000E6BF572
00000D6305C8
00000CB129DA
00000DA4BA80
00000B35DBC2
00000BCE8245
00000A47B21A
FFFFFEFD2F80
FFFFFEF505F1
00000DDCC7A5
0000143E25E1
00000344CE31
FFFFF533D22E
FFFFFC8EE8F4
FFFFFCDAEBF3
00001A9725DB
000023D89933
00000D51A9CA
000018ED8E40
000004F29BFA
000010F16BC4
00000999C836
00000826BC1D
00000B7B61CB
000006D3A3DD
00000AC6F41A
000010B92E5F
00000E85444E
000006E79EEA
000004434686
000006FFC9B3
0000076BEA95
0000056894CB
00000B940283
00000FB3F908
000009E7B2A8
000001CF7C13
0000072A2524
00000AD8279A
0000000C5FC6
FFFFFE8E4F58
000006D9011A
00000F36E5C9
00000886DE5F
00000138C3B1
FFFFFC90ED46
FFFFE4143A1A
00001D980596
0000448D3928
00001F1EA4B5
00000A563AAE
000002676425
000011A4E071
000006925A0A
000008246000
00000D228E8B
0000095AC805
00000165DC65
0000041DDDB5
00000DB16202
00000F54388D
00000B774161
000008B5AE58
000004DDADC2
0000005FB3B8
00000D90B304
000012970F12
00000695B4A3
FFFFFBD589B6
000002A46831
000006BCA4AE
00000981D154
000004563996
FFFFFC7763A8
00000841B4BE
000016E58BC0
000013197418
0000040B62AF
FFFFD8AE1346
000001E0413F
000043835B70
00003BB32E69
00001F95BAF4
000001E4A1AF
000013AF68D5
0000084013CE
FFFFFF8EED9E
000008D58F49
0000119BE42D
00000765DA64
FFFFFD3B037E
FFFFFFD5F548
0000093EA67E
000010BEA7DA
00001308BD5D
0000083EC08F
FFFFFC9B7477
00000D214551
00001525D0EF
000006427F18
000003C1EC3B
00000B06ABD4
00000691B572
00000744187B
00000CA2713F
000003D15B20
0000016F4CA8
000016C97579
00001D2FC456
000007DCED1C
FFFFF04BF075
FFFFFE9F6466
00001F738F3A
00003F3B5461
00004BB2BF69
FFFFFECDA357
000012FC1864
0000091E3758
FFFFFB8306BD
FFFFFF9A0EE7
000012FB7E1A
0000178AED4F
00000BA52376
00000866A87E
000005915F69
000009424515
000013F03014
000011344B31
00000A117B77
000013087A04
00001976B234
00000E6C5CBC
00000C77A2BA
0000162BE430
000012822C63
000007F63FFF
00000A890A89
00000F44D2EB
00000736F480
0000057E3B60
0000118E75CD
0000068DA148
00000B848F12
00000BAAB4CB
00000D832E38
000026947239
000051C943EC
FFFFFF6193ED
00000C20D0C7
000004A903C4
000003BF22D2
000005700EF0
0000091FEFF4
00000E4E7938
000010A840B2
000011431C8C
00000EA70249
000009F9EE87
00000C066ACC
0000102829DF
00000EEA6785
000015EE339C
0000212BB607
0000149C8E49
00000A762323
000017F49047
00001EE89B4A
0000145A4AED
000008771F38
00001101F25B
000012D380A2
00000503D13C
FFFFF5828CA9
000007AECE51
00001CE77E8F
00001368B372
0000175C9DA2
0000253B0CB7
00003CEB413E
00000285B9A4
000007E53B19
00000147F237
0000098E57AB
00000A70146F
000007B3A5A6
000006440405
000007D44148
000010824CDA
00000F4CD434
00000AEC2722
00000972E05E
00000E5978A5
00000804A126
000009F5118B
000012AB6FD2
00001654A6AF
00000C8BDAEE
00000AC00F37
00001448870B
000012793FA1
000007D10AA2
000009EB910E
0000103CBA2A
00000C1D6D4C
FFFFF08E1C6C
FFFFFF996C7D
0000149DEC9F
00000FE0A6A7
000017A38180
0000294FEF7A
00003925256F
0000054B3FAC
00000DE6F062
000007BCBC7A
00000A393C7C
000008111777
00000D62529B
00000C6C09EC
FFFFFE6CC05B
000006973EF4
000019FE65B3
000015D41463
000008E17EF3
00000B93E183
00000E72D787
00000AF60537
FFFFFFB1A402
000009465A01
00001140CC33
00000ECC098E
000006F7A12C
000008220634
000008C87895
00000AE0929E
00000D328C65
0000071CBFC1
FFFFFFADF9AC
FFFFF9E4CA42
000001F8FACF
00000CCC36A2
00000F40E456
0000278A2189
000050252AA8
0000035EDE4F
00000FAB5358
000007E3E241
000006CA5F09
0000060393A2
00000BC00A9F
00000F3DB576
000001374C30
FFFFF6B84E70
00000A8A1E97
00002202FFDA
00001A0F63F5
0000068EF3DF
000009A69A77
000010176E4D
0000044A78A8
FFFFFCA60599
00000A15E9F9
000017C9D0A5
00000DE7D5CA
FFFFFD92D986
FFFFFC792115
00000E7D165E
00001795DDBC
000003EC3DFB
FFFFFE80C950
000000AFD058
000001FD9CE4
0000095CFF5A
0000199FE06E
00001D887266
0000575AE6CE
000004069E9C
00000CBEF379
000001ED9627
0000066B2DC8
000008B1D6E1
000004554CEA
00000C786F4D
0000125A0D95
00000753FA64
FFFFEFFC9C9E
000003518218
00001DBF42DB
0000168C97F8
000007334EFA
0000095730BF
000005C06618
0000007CCB3A
000001B13A90
000017763EC4
00001CA10C9E
00000C224429
FFFFFD7C4186
000007DD7C99
0000126A0B96
00000DEEEB28
000004999D13
000002AE1944
0000069EF26B
00000BA58332
00002428038E
00001BB3C7B8
000044FB7910
000006BE17A7
00000D97DC41
FFFFFF66258B
000008C8137B
00000DA2E4A9
0000026EC4CB
00000254C958
0000109BC148
0000158A3DE4
00000394C5D3
FFFFF38D0EBE
FFFFFDDCE311
00001CC5A889
0000241A9452
0000124609F9
000007376F47
000006C1B19D
FFFFFC24A927
000009CE60A1
00001B9A9769
000018728856
000009696ED5
00000A71EB8C
00000A0918ED
00000D4E600F
00000C27245B
00000857ED97
000003652782
000007862180
0000240102D6
0000234E0D23
0000389188A8
000007030300
000010CA0C85
000000C8E79F
000002B47792
00000F0BF73F
00000D456113
00000304A763
000000EBAD23
000011D963A2
00001620B476
00000BD73225
FFFFEBC67E7F
FFFFFE890BBD
00001E5938AF
00001F630A0E
000013EAA541
00000270CF0A
FFFFFDB1F31F
FFFFFE7B3396
00000146B184
000015755E71
00001700B0C6
00000EB1AC9C
00000C365A60
000011122644
00000DD4C84C
000009050C75
000009B5BDF6
000005C346BD
00001D05590F
000022F744B1
0000361BC5B5
00000610B528
000015654552
0000054697D2
FFFFFDBBCC76
00000A4140E5
0000155B779E
0000086B68DB
FFFFF8DB9639
00000E9C2E4D
00001433B1BC
0000100125D4
FFFFF907EC59
FFFFF18A0B6C
FFFFF6F2118F
000015857184
000024D61D54
00000F976FC3
FFFFFF2AB8B7
00000230EB8F
FFFFF6C7EF0B
00000DB328B1
0000150D8A9A
0000096BA39D
000005CB5446
0000146600A2
000014F1DC76
000002AF84E9
000004116948
00000637A7B1
00001B4EDA07
00001E2E1B86
00002DA2AB31
000003943DB1
000015C04A1D
000007B5D049
FFFFFD797740
000005E3391A
000014E56462
00000E9D83B7
FFFFFC36D0C0
FFFFFF453649
00000A0BCC36
000014047916
00000CB5FF24
000001F8B626
FFFFF21B92AC
FFFFFBC27353
000017AA710B
000021635DB2
00001C641F7B
00000C91B3F8
FFFFFDC39A08
000006E8BE41
000013D8BEEB
00000BDD6B7A
FFFFFB3186BF
00000C18527C
00001C38C874
0000119DA247
0000055A7558
0000035618BD
000019C4330C
000020038EAA
000026DD3676
00000108EF73
0000124867CA
000005AE94B4
FFFFFE94C011
000001B7EE8C
0000099D6EEC
000011DD1DC2
00000D2C66ED
FFFFF97574AF
FFFFEFBE6231
000020EF1068
000020C2FCC9
000003D984D4
0000001F9FB0
00000276C2AF
FFFFFAEC1278
00000CE2EED0
0000229905F8
00000F020986
FFFFFD488E8F
000005FCE5E6
000010FD7CB5
000014F61325
000009D71FFA
0000001C5B4C
000009E56387
00001838B31C
00000C94C33C
FFFFFFE34322
0000115F5EAD
00002507116E
0000337CF905
000000FAD117
00000DFF5F42
000002628795
0000041E46B1
FFFFFEBA6ED5
FFFFF9E8DB11
000014F5C27B
000024701987
0000063EB934
FFFFE03EB6FC
00000EFC3962
0000261E472E
00000B16FC98
FFFFFD111854
00000E36AFA7
00000627296A
000008114FF6
00000A09D5DF
0000081FDD86
FFFFFD413F41
0000087943D4
FFFFFDE90154
00001684987C
000026A421F1
0000119BA85B
000004C0AB25
00001131DCA1
000010CC4A5A
000001D55B85
000006501BE8
000022CBA6C4
0000457393E5
000001FCE92F
00000E768213
000001857AE2
000006882008
FFFFFD4E98F8
FFFFF37FF542
00000E0DD7AC
0000272D35F8
0000098F2F82
FFFFEAA5DADA
FFFFF9C30E8E
00000E18A976
00001E7766F2
000001E8DC5B
0000024E0DB0
000004669CDE
000015718074
000014384C72
000002ECB2A7
FFFFFF875EE5
000009EC8DA6
FFFFFC3251B3
FFFFFF7C0698
00001A9F9E1D
00001D2DB66E
00000C92F86D
00000E143722
000011D4852F
000009B63484
0000085CA2C5
00001C817CD7
00004B583796
00000021377D
000011EA3525
000004D9B232
000004DA34EF
FFFFFE395DDB
FFFFF83D1380
0000042AF130
00001A56DFBB
00000F1888D7
FFFFFF552930
FFFFFD006EE3
FFFFF0A974A2
00001EB02EA3
00001C2090FB
FFFFF60F1C0D
FFFFEE15806B
00001B91EB74
0000261D5613
00000B7F1122
0000033B575F
00000B9FF68C
0000083EE708
000003A366C3
FFFFFE91E695
000011A91E99
000019BD3E3F
0000110FDADD
000007B46EAA
0000001CB355
00000D50A6B2
00001891BE27
00004593910A
FFFFFFCA87C2
000012DC2CC1
000008886B7B
0000058BC394
FFFFFE569360
FFFFFDB27A0A
000002A89B67
000008050069
000019673DD8
000010274F5E
0000010A16D8
FFFFE64E648A
000010236DCD
00002B7A172A
FFFFFFE47B6E
FFFFE62A5A18
000014D00DE7
000027105230
00000CE75389
FFFFF6904877
00000C9D5F02
00001169F849
000012A7BFF3
FFFFFE209A4A
FFFFFC824DB8
000008C72648
000022D9F3C4
000020375C27
FFFFFF9AC45D
0000097526E3
000015B1221B
000038334FFA
0000021CBD4E
0000120ADAA5
00000BFE5A70
00000AD219A9
000000B651AB
000003328869
000000E39ADB
FFFFF88B7FE9
000019301B05
000021BB19D1
FFFFFE3262F9
FFFFE621DA51
00000C8E4F70
0000251D0D08
00000B5CB0BA
FFFFE5414CF1
000000615583
00001A3E23B9
00001460CBA5
FFFFFC40C368
000000BACC1A
0000054E89E2
000016479319
0000139653A1
000001BF61D8
FFFFF2728116
00000F56BF59
00002997DFED
00000C6B6789
00001196370A
00001B7B4C7A
00002B9AD850
00000410641E
00000EF5B3E8
00000C692F74
00000FC10319
000004C35773
000002165643
FFFFFCE1E344
FFFFF23F9747
00000D07D205
000025975679
000002B78CFB
FFFFEB2CA6D9
000004CD4317
00001152A049
00000E40D4AF
FFFFF67DD7A0
FFFFFA4086C9
FFFFFDBF7E55
00001AFE0A5E
00001786914B
FFFFFE0608F1
FFFFF76C6B2C
000018186C37
0000203A1903
00000ECA212D
FFFFFFD80F87
00000139CBA0
000015791A7E
00000FBF4B0A
0000185E8E53
000021641EEB
00002971DAD9
000007328F40
00000F19DB9E
0000059A57CE
00000EAF4DE1
00000CE5C3E7
00000197E2B8
FFFFF9E5BF56
FFFFF40D643F
0000020C54A6
000019E75A03
00000BE8384B
FFFFFB97B982
FFFFFE1C9550
FFFFF7D71275
000012460CE8
0000135CFDEA
000004C04535
FFFFE93BE669
00001476F988
00002B823C33
0000091F3475
FFFFECB2FFE3
00000BC92838
00002591DFB3
00001D295468
00001751BACD
00000F1A636B
00000BD3075C
00000A660292
0000182B4DDA
00001DFC16D8
00002DF4D28B
00000B6ED1B6
00001C50AFC7
FFFFFF934F72
000003EA7284
00001013D04A
000008A67B15
FFFFF9FF0E3D
FFFFF9303505
FFFFFE60C8C0
0000069187E7
00001635D7D7
00001360D2D3
000000F74E69
FFFFE96A953C
000012226FC1
0000251F9C00
000007AF81E7
FFFFE363982D
00000927918C
000030514207
0000147D8036
FFFFF7AD6138
0000019A8EA7
00001021C305
000026C39408
000020C75CDD
0000115B5D2F
0000092AD843
000010CABC44
000020EFF516
00001A56361E
00002B86213A
00000F9564BA
0000290124EE
000006A9ABE6
FFFFFF5D4361
00000B6E094E
00000E9C1332
000000DB7060
00000191C3D4
0000026B178A
FFFFF7593A68
00001591B723
00002AB92401
0000089C134E
FFFFE4E23FDF
00000754A723
00002170DB34
00000A375212
FFFFEAB196BD
0000004EE15F
00001E31D7F8
00001A689B91
000010A6559A
00000CD6A3AC
00000549863B
0000167702B7
00001DAE1954
00000BB1D4B8
000005A6E2BD
0000122446A0
00002260B5EA
00001F1FFB7A
000027E056AA
00000B814C39
00002AD77B03
000011C429B0
0000032D0500
000008953C88
00000F5EE503
00000A859879
000006A43B9D
00000265055A
FFFFF1B02A31
0000054627C7
00002B451448
000010360AEF
FFFFF0591A09
000000A8DCEA
0000112BCEEF
00000E1BF772
FFFFF9B7537D
000000957753
00000B0B5BC3
00001DD0CEAA
000019067341
00000C46CB96
00000B3B2ADA
00000BA399EF
00001282A4F6
0000158095E9
00000F7FC3E0
0000040E19DD
000013AFFDCC
0000253B3ED4
0000305CE07A
0000079E5754
00001B00D029
000011CBD146
000009B6F6B1
000006A2589A
00000824F9B0
00000D190997
0000088C71AF
00000051E877
FFFFF9F566A0
FFFFFF776F6D
00001445A12E
000011D44BA8
0000054E8FB4
000003626977
000000C1FB0F
00000A852AB3
000008A8845C
0000082A851A
0000056501BE
000012C403E9
000018717419
00000E11B019
00000DF0D287
000010A18F7C
00000A4FB2A2
000013B103D2
00001953B875
0000056174E3
0000085BDE35
00001FD8FA91
0000342AABD9
000007DD2D81
0000176069FC
000016C06952
0000111CA459
00000610BD25
0000027942D7
000009EF627E
00000740A9F3
FFFFFB489AAF
FFFFFD904779
0000041C9D9C
0000058E6EC2
00000A7CD81B
00000E136834
0000083EB3B3
FFFFFD3469F2
0000067BB0FB
00000CD18330
00000DBC5962
000009B7E192
000007645DB6
00000FD65833
0000151A5AB1
00000F73777C
00000FE68F0E
000005265BD7
000008A44E1F
000011028709
00000B478D68
00000F7EA8A8
000018FFACA1
000036A4962D
FFFFFAAB0A45
00000B67FC5D
000014B81D23
000018ECA943
00000FBC5C37
00000C13D1B8
000010156815
000013982712
00000A88A1D8
0000093C5337
00000EFE6ECF
00000F79B5BF
000013B40EB2
0000179AA4FF
000010344849
0000096395E4
00000DEF91E1
00000F4FDA7E
000014951F96
000015C68625
00000DFB164E
000006D86ADC
00000DD16707
0000127FB480
000013C0832D
0000123CE958
00000F93D483
00000D9D9FEA
00000F83D9F6
000018DC668E
00002FFBCFBB
00004D5674E6
000001F2A818
000002BA2AD9
000011F8A8ED
00001415CC37
00000A2225D9
000005EFD706
000004C2692A
0000083EF0E4
0000081AE3C4
0000041EEFBB
000000476A52
000003864732
0000091520F8
00000C31E8CE
000009390335
00000421C60F
00000597B42C
000003EB594E
00000B5D47EE
00000D6DF2E7
000007D4E4DB
0000039A5847
0000061AAC07
000006F9E8E7
0000067C0C89
0000088C1572
0000086F73DD
000004DDEA75
000003D5A837
000005E2468A
000013E06520
000029A781FE
000006929D11
FFFFFC9C671D
000004621D95
000003CAD83A
00000DD628D6
00000BD1EC92
00000979B776
00000766D7E3
0000074F98E1
00000B2058EF
00000EBE22B3
00000EDBAFA7
00000C61BAD7
00000BF6A80D
00000DD6F066
00000E0A8014
00000978247E
000008C92484
000012A6D849
000016B8A5CE
00000E5B9ACA
00000344AA6A
0000008059AB
0000092BDB50
00001B8970F7
00001873D36F
0000066080EE
000003E30739
00000A817C24
000011B4C36C
000010919E76
0000074DB9E7
FFFFF936C58C
FFFFEDB3386A
FFFFF2615CE5
FFFFF0E326A8
FFFFF50B2D82
FFFFF8CB90F2
FFFFF59040BE
FFFFF3F8A981
FFFFF033B961
FFFFEF9D90AF
FFFFF192D7B9
FFFFF5083F8C
FFFFF39C8146
FFFFF2AFC413
FFFFF60CE2AA
FFFFF71BCCE0
FFFFF3E0666E
FFFFF59BAF7D
FFFFFB3403FC
FFFFFD69BEA4
FFFFFB4D8444
FFFFF7943D6F
FFFFF170911C
FFFFF238C4E5
FFFFFAA167B2
000004FB0E47
FFFFF480D7FD
FFFFEFC16624
FFFFF806FD69
FFFFFC87A8E7
FFFFFE77BC5D
0000030746FF
FFFFFD623C97
FFFFFB7CC87D
000002AEDA25
FFFFFFE0790E
000005EBBC78
0000133DD48B
000017BA0F4C
0000155A6DE2
000012EE146F
000011AAA222
00000CC48513
0000072EE949
00000443AEE2
000002F3DE37
000007C69E24
000007384E9F
000004A90C70
FFFFFE8D3849
FFFFFE8CEB25
000003B2EE1A
000006D1AB4F
0000065744E0
000000B20C77
FFFFFCE2F92E
FFFFFBBB55EB
FFFFFBB4EA4A
FFFFFE156AB2
FFFFF0E2EFC1
FFFFFDB21E4A
0000042CA2F0
0000022142F6
FFFFFD83BEF8
FFFFFA27CD95
FFFFFDDC8B00
FFFFFA1A2202
FFFFF84C44F0
FFFFF96653D7
FFFFF469D856
FFFFF12F496E
FFFFF29525C4
FFFFF63AF53F
FFFFF94EEC32
FFFFFC333DFE
FFFFFB0D6F67
FFFFFD09A910
FFFFFA9A532D
FFFFFCD27C27
FFFFFBC81BA0
FFFFFC1594CA
FFFFF796CBF8
FFFFF24FD5D0
FFFFF5D272C6
FFFFFBF67A7F
FFFFFA5A32FA
FFFFF27F3B6E
FFFFF492E5F8
FFFFFFC9F3D4
FFFFFC9B5C73
FFFFFC19FEF4
FFFFF2CD7E59
FFFFEBCE4AEB
FFFFF18ED1CC
0000029DC7D1
000005F66EE5
FFFFFEC5C556
FFFFFF13F494
FFFFFEA865F3
FFFFFD230461
FFFFFDDAD401
FFFFF543E27F
FFFFE8E151FB
FFFFE27C9F7F
FFFFE7CB2DB7
FFFFF02AE72A
FFFFF77AD328
FFFFFA24659E
FFFFFDA1D86B
FFFFFACDB77D
FFFFF6851FCA
FFFFF5824577
FFFFF75FA678
FFFFF7A3F23B
FFFFF56AA481
FFFFF32DBF28
FFFFF2CD3414
FFFFF30076E2
FFFFF505DDAF
FFFFF2A58B7B
FFFFFDD0CF34
0000042192E5
000005A1D9E3
FFFFFF4C11B3
FFFFE362A5A6
FFFFF11370C3
000002574434
00000FF4E6B6
FFFFFCE0A634
FFFFFC2510B2
FFFFFD07B75F
FFFFFBEF2B1C
FFFFF6B91CA4
FFFFF71FB306
FFFFF73F37DA
FFFFEF690F38
FFFFEDF2BAE6
FFFFED37F05E
FFFFF0A82E61
FFFFF72BE29B
FFFFFA69E6D3
FFFFF7BEE220
FFFFF1A56185
FFFFF8B938AA
FFFFFB043BE7
FFFFF9A90373
FFFFF6142949
FFFFF59DDDDF
FFFFF86D026D
FFFFFAF26193
FFFFFC3BE0F2
FFFFF7F970BD
FFFFEC250C33
FFFFF14B6C32
FFFFFC514952
000005A51420
FFFFE95A6E2C
FFFFE9E24D0E
FFFFED3CC3DD
FFFFFCA508EB
FFFFFD48B339
FFFFF8EFB405
0000038BE6E6
000000BC5AAC
FFFFF69DA3CA
FFFFF81AB7A4
000000B53BAB
FFFFFE4F6CCE
FFFFFD4DF82C
FFFFFD441138
FFFFF4315C20
FFFFF448C85B
FFFFFB1C7692
FFFFFDECF864
FFFFF980572B
FFFFF98151D2
0000045D73E1
000004B6965E
000003985038
0000051F9AE3
0000030E01B8
000003F1A73C
000005AE27B8
00000011BAE5
FFFFF586C327
FFFFF5302EB8
000001D6BB27
000004D83948
00000599505A
0000005CE907
FFFFF1127B08
FFFFEC197C7B
FFFFFF36ADB5
FFFFFA7349DD
FFFFFCC6DCCF
0000028A5855
FFFFFB36D508
FFFFF37BF384
FFFFF177420D
FFFFF1C2A1E4
FFFFF5965DB7
FFFFFB5E6BCA
FFFFF8C28E3A
FFFFF365FEFB
FFFFF760625A
FFFFFB48D20E
FFFFFB6B41E3
FFFFF2590391
FFFFFA49C4F0
FFFFFCA71A4E
FFFFF85F9D52
FFFFF93D8E03
FFFFF7B9C3EC
FFFFF091224F
FFFFFB6750C3
FFFFF9D79B94
FFFFFF7D83DA
FFFFEF1985E3
FFFFF4A48C3C
FFFFF803FCF7
FFFFFA442368
FFFFFF320160
FFFFFE84D688
FFFFFD78A48A
000002863128
FFFFFD304E17
FFFFF7D59676
FFFFF93FEC83
FFFFFF60F76F
FFFFF9B27F61
FFFFF4EB696E
FFFFF9ADCA4A
FFFFF99636BE
FFFFF92F23C2
00000428174D
0000081A39CB
000001404ED7
FFFFFD68E2AD
FFFFFECCF12C
FFFFFC30496B
0000035AAE99
FFFFFFE337E0
FFFFF5D11CA7
FFFFFFD73201
00000BB005C4
FFFFFE61F160
FFFFFAAEF790
000000DB2DDC
000007CEC4D2
000001847637
FFFFECF5D57B
FFFFF160530F
FFFFF24E792F
0000018358D2
0000056AAEC7
00000C880F61
FFFFFF75B2BF
FFFFFC70C68A
FFFFFE4FD0C7
FFFFF9D62EFE
FFFFFB3EEE03
FFFFFCBCD59F
FFFFFD388DAE
FFFFF8B1DE81
FFFFF2972C24
FFFFF3094A8E
FFFFF736455D
FFFFF9E78478
FFFFF774ECF3
FFFFFA53253E
FFFFFAC82EBE
FFFFF77C68A5
FFFFFA490606
FFFFFF037D51
FFFFF88296A3
FFFFF2CCA50F
FFFFF9E95C52
FFFFFD8D1688
FFFFF1BA2AD8
FFFFF06030DB
FFFFF3A9134D
0000009A6DF7
FFFFF421444E
FFFFF6DFCF3E
FFFFF30DEBEA
FFFFF5F94A61
FFFFF5B8E534
FFFFFCC76709
FFFFFF5BD593
FFFFFC0B891C
0000067FF196
000004C563E4
FFFFFDC8772A
FFFFFFF1D5E2
0000098590BD
000002B8C29A
FFFFF1391CD8
FFFFEF1CE91E
FFFFF3638357
FFFFF6E9BE88
00000444ED4B
000007898D9C
00000A2036AF
000001A3D7F1
FFFFF400EB9A
FFFFF3432382
FFFFFFD9EEC6
FFFFF8D62C97
FFFFEBF54D90
FFFFEE611AA1
FFFFF5DACB68
FFFFF2190B27
FFFFF668CCD1
FFFFF4DA6A0E
FFFFF6F19924
FFFFF5234374
FFFFF2D6C45C
FFFFEBFF3FE3
FFFFE78B5526
FFFFEF865479
FFFFFEEFABE4
FFFFFA2C43C9
FFFFFDCCFB29
0000007D8A7D
000001570A06
FFFFFA3C21C5
FFFFF746D71F
FFFFFCAD7405
FFFFFCEA93FA
FFFFF2A72D37
FFFFEFAFD973
FFFFF3BA8645
FFFFF5EFEBDA
FFFFF3377138
FFFFF7C81D4E
FFFFFD27D248
FFFFFA8FD7AF
FFFFF4E8CEAE
FFFFEFE88616
FFFFF8FEC1D9
FFFFFCE44AC1
FFFFF49A8B52
FFFFF0A69B07
FFFFEF7C1B5E
FFFFFC41AEF3
FFFFFBBC74B8
FFFFFA255B7F
FFFFF548C129
FFFFFAC9408E
FFFFFBDF84F7
000002C9AC07
FFFFFAACA94D
FFFFFF1EF597
FFFFF952E578
FFFFF41DA608
FFFFF3AB530A
FFFFFD4E5B8C
FFFFFE26408B
FFFFF3151C35
FFFFF6903F9A
000009307A8A
00000A75FD66
FFFFF50B079B
FFFFEE97FFE4
FFFFEE50E8E5
FFFFE99483DC
FFFFF041D8A2
FFFFFCF33091
000006CCC98A
000004CFFD28
FFFFFDCCE4FC
00000116DF02
00000AC48434
00000DA16F2B
FFFFFEA0ED0D
FFFFFA07F1BE
FFFFFB1FE203
00000230AAD7
FFFFFEA9AD95
FFFFFDE7BC7F
FFFFF8A5FF2C
000000024F59
00000714FB97
000007B11909
FFFFFFC01A65
FFFFFD9D4505
FFFFFF57156B
FFFFF6988202
FFFFFAC0A335
FFFFFF27A3CE
FFFFFF0F8CA1
FFFFF5586661
FFFFF26E7776
FFFFF9A11AEA
000000EC27B4
FFFFF91D9720
FFFFEFDE8FDD
FFFFE7C29F83
FFFFEDE16658
FFFFF1480308
FFFFFE067B2A
FFFFFF7C7C94
FFFFF93E6A2E
FFFFF4D9DD59
FFFFF5519602
FFFFFA8B0CBB
FFFFFB4EC719
FFFFF65B6B4D
FFFFF4E7A1CB
FFFFF547EBB0
FFFFFB0103BE
0000011C0A3F
FFFFFD9AEEDD
FFFFF98220F7
FFFFFC00554E
000002A0E298
FFFFFCFDCD5E
FFFFFBCC525A
00000357E4E1
FFFFFC70D499
FFFFF514BDF7
FFFFF5B0E6A0
000000538C8F
FFFFFC51269A
FFFFE9C4F133
FFFFEC41A9BF
000005570993
00001018FC9E
FFFFF80FE29C
FFFFF0005C96
FFFFE89EA56B
FFFFE8E74CAA
FFFFF7D7BB68
FFFFFEDDC197
FFFFFE7128AA
FFFFFB58060C
FFFFEE186B0F
FFFFEC2EC36F
FFFFFDD94EEB
000003129110
0000011BEBC4
FFFFFC5865B6
00000401F467
0000059A9F3D
000003898676
FFFFFB64A036
FFFFFA2A629A
FFFFFCC857C8
FFFFFD5C6FC6
FFFFF9B0BDCA
FFFFFB868C62
FFFFFE9AFFB8
FFFFF7FF8ADA
FFFFF83836C4
FFFFFF48ED08
00000023F687
FFFFFC0D4CD2
FFFFF1AA9C9C
FFFFF1797B83
FFFFFE66073E
FFFFF91DD4E4
FFFFF1535CAE
FFFFF11CE499
FFFFE9299A3B
FFFFEF5C8BB9
FFFFFB04840E
FFFFFE648E29
FFFFF9AABDB9
FFFFF385A194
FFFFF831BBF5
FFFFF8A91E4D
FFFFFAFF73D4
FFFFF479C0CB
FFFFF5E6A82A
FFFFF9E65FA1
FFFFFB991920
FFFFFA209089
FFFFF953C413
FFFFFFFDFE6A
FFFFFD71E00A
FFFFFD1BD46A
FFFFF9020593
FFFFFA2DF12D
00000092F5D6
FFFFFE192246
FFFFF8B5B724
FFFFFC0A536E
FFFFFA7D185B
000004365D69
FFFFF4CB4756
FFFFED9F3FD1
FFFFECC62F37
FFFFFD8E3B83
0000062021EE
000000A23AB2
FFFFF5D4E66C
FFFFE5E1E862
FFFFF6A7D9E2
00000291B46B
00000ABD7662
FFFFFDC6CFB7
000006E3FF5D
00000E2AB3D3
0000065B60CA
FFFFF496F6AC
FFFFF048E005
FFFFF33D1EA7
FFFFFC2C3B3D
FFFFFF2AC10F
FFFFFED202C6
000002DA3694
000002A8097A
0000015EDD66
FFFFFB415FCE
FFFFFCEF361B
FFFFFEAB4B32
000004F99921
FFFFF4CA6DBE
FFFFF9EF9C0A
FFFFF73CD594
000001FAA307
FFFFFAFEF4A9
FFFFEF411B3F
FFFFF4A54A91
FFFFF3C96AE1
FFFFFC1F18AB
FFFFF0BC01D9
FFFFFF3C8079
FFFFF302A401
FFFFED0441A2
FFFFF0F3ECD6
000000F050E6
FFFFFFD67990
FFFFF6ECDA69
FFFFF457253C
FFFFFE511E83
0000004FFE3F
FFFFF58F1A79
FFFFF58613F0
FFFFF6353021
FFFFFB6A6D2F
FFFFFC57CAE4
FFFFFAAEDA1E
FFFFFDCF711D
000003A12838
FFFFFEF75B9E
FFFFFD520B2B
FFFFFCB7517F
0000004171EE
FFFFFF1EEF3C
FFFFF25AF35E
FFFFFA3B37B0
FFFFFCD1103B
000009DBFDAD
FFFFECFAE2E3
FFFFEA9D903C
FFFFE9F5622A
FFFFFFB9CF25
FFFFF52956ED
FFFFFA552705
00000CA7B741
00000275D726
FFFFEF410D16
FFFFF28D4707
FFFFFD7F8276
FFFFFE1E23B4
FFFFF1AD661B
FFFFFC542EAA
0000089BA0B5
000001637D98
0000054111B1
000007D1DF84
00000335BDD5
0000011D4503
FFFFF789F630
FFFFF9CA2D1B
FFFFFEA375DC
FFFFFDB2F20C
FFFFFDFCB1D2
FFFFFD2F1E77
FFFFF8D0DA9D
00000134F141
FFFFF8FE846C
FFFFEEF2AA22
FFFFF8B26A1A
000001173A35
FFFFFD467C0F
FFFFEBA6C212
FFFFEFD65461
FFFFF8CA53C3
000002A03450
FFFFF4A6D6FF
FFFFF07A7BE5
FFFFFC07B8E9
FFFFFB6CA2E7
FFFFF3C229F0
FFFFF5DB833D
0000006B5E55
FFFFFF852DC3
FFFFFC0A12FF
FFFFF64486DA
FFFFFECCF09E
FFFFF83B69C4
FFFFF6251190
FFFFFA9A829B
FFFFFF3C7037
FFFFFA403FF4
FFFFFD489569
FFFFFC9B0CB9
FFFFF9E9D761
000002438C23
000000174806
FFFFFA6C421F
FFFFFB27F408
0000056BB65B
FFFFEA93C715
FFFFF5B5F545
FFFFFDA3C3EC
000002DF8DCE
FFFFFCDD6390
FFFFEFCE5FB1
FFFFEDBBD722
FFFFFB468661
FFFFF7FAEF4D
FFFFE87F6BDF
FFFFF345E17E
00000ADB66B4
00000A6AB84A
FFFFFCDA277A
00000148B92A
0000107BC3D1
000007CF3731
FFFFEABB7346
FFFFE6976EE1
FFFFED90BC45
FFFFF12EFC7F
FFFFF8E9842A
FFFFFB494DD9
FFFFFBAABFEF
00000345C237
0000009CB8AC
FFFFF95E99CF
FFFFFFAF0E93
FFFFFE61FC8F
FFFFFF26B990
FFFFF8EBD458
000002CA5C4C
FFFFF77F7049
FFFFF00EE13A
FFFFFA12F7C1
FFFFFC0FB84F
000001EAE76D
FFFFE68DCAE3
FFFFF5C8FDEF
FFFFF9F966CA
00000705CB04
FFFFF6F7BA6F
FFFFF46740B9
FFFFFA92A63C
000009603FB7
FFFFF7EEB66B
FFFFF0E1F8E8
FFFFF5B4AECD
0000059D4F4C
000001361EC7
FFFFF6E930D5
FFFFF369D5CA
FFFFF284821B
000002F1D9A9
000000F2F4F6
FFFFFA0965BE
00000396D744
000003BC8E30
FFFFFFDEF78A
000000791A4F
FFFFFECA0F7B
000002CC838B
000000251771
FFFFFC5944E8
FFFFFBA8DA6A
FFFFED4A26EE
FFFFF52845D6
FFFFF8BF7C60
000008CCFA72
FFFFF1759000
FFFFF77FB85C
FFFFFD09B6A9
00000B09AD29
FFFFFFB4E515
FFFFEFBC74FD
FFFFEF3A0B43
FFFFF59EB0DE
FFFFFF69261F
FFFFF88E5CF3
FFFFEC756B92
FFFFF1386A97
00000A7F7034
0000110D28CF
00000125AB36
FFFFF497D5B4
000001CBC91C
000006E1CBD5
000001BE4CAF
0000060C8D0F
000003106111
00000090EA27
FFFFFC440E07
FFFFF9167C67
FFFFFCBB3303
FFFFFDF279D4
FFFFF7BBFF1D
FFFFFAD77656
FFFFF337C7A7
FFFFE88207A2
FFFFF5C2E0BD
00000413AA9C
00000280776A
FFFFF14AAEFB
FFFFFBC418FC
FFFFF9CB4711
000005776AD0
FFFFF4E42E15
FFFFF788CCEF
FFFFF32841AA
FFFFFE3F7998
FFFFFF081F46
FFFFF33759E5
FFFFED2E22F4
FFFFEE40CD05
FFFFFE75B245
FFFFFB90A49F
FFFFF4374C78
FFFFF65436AA
FFFFFB2DBDB0
0000001E60A6
0000011915B4
0000030977F5
00000165A768
FFFFFBF0E912
FFFFF7305923
FFFFFA4F514E
FFFFFA0B2553
FFFFF93E51DD
FFFFF7BD4CF0
FFFFFEEA49DF
FFFFEC0B03FB
FFFFF5E5356A
FFFFFB6433FD
00000B910244
FFFFFA71D946
FFFFF3A2FA45
FFFFF5FBCAA7
00000596B75C
000008EFD477
FFFFEBFFA3DC
FFFFF8B4137F
FFFFFA088A07
00000B9356AB
FFFFF18493BD
FFFFEE430015
FFFFEBF805CF
FFFFF9705E97
000007B2BB58
FFFFFECB1FE9
FFFFFA49E4C5
FFFFF640351D
FFFFF79D475C
FFFFFA5CAEE1
FFFFF950DDF8
FFFFFB799DC6
0000000CD35A
FFFFFAF4F7A3
FFFFF903E881
FFFFFAB20F3E
FFFFFE88D78C
FFFFFA969700
000002D89B46
FFFFF8CDE165
FFFFED04126B
FFFFF4987005
FFFFFE572EDC
000002467F8D
FFFFEBE0C431
FFFFF612077A
FFFFF49B4A1D
000009369718
FFFFEA0345C8
FFFFE76B25FE
FFFFEE4F8B0D
0000038F7CA3
FFFFF81194C6
FFFFF7E15C69
FFFFF84FBADF
FFFFFC897538
FFFFFF912472
000005049BAB
FFFFF6D86461
FFFFF58753F4
FFFFFD5E5825
FFFFFE0E72F9
FFFFF6ABDCE7
FFFFF96977D5
0000015C2BEF
000001AA90A6
FFFFF9142F2B
FFFFFE005D62
00000075F2D7
FFFFFE2068D2
FFFFFFC9305D
FFFFFE51527E
FFFFEA973FBA
FFFFED722DD4
FFFFF2112000
000007F0E20D
FFFFEDEA829B
FFFFEEEF9312
FFFFEFCC20EB
FFFFFDD46FFE
FFFFF99F7B7B
FFFFEE2ABE24
FFFFE973D62B
FFFFF5007577
000001B50A80
FFFFFF7AC1A1
FFFFFC3AB302
FFFFF60A93C1
FFFFF5D03C5B
FFFFF7FCD9AD
FFFFF685CC80
FFFFF98C901E
000002824235
000004688A9C
FFFFFECF4A67
FFFFF6C9E6CE
FFFFFAAF97B0
000002478C6B
FFFFFC8D84BA
FFFFF9709E1F
FFFFFCE6436A
FFFFFD966794
FFFFF9CA1CB9
0000000E28AA
FFFFF9587285
FFFFEA88C132
FFFFF37F6E7D
00000634BF11
FFFFFFA329F8
FFFFF1917EC3
FFFFF9DD4107
000001955F76
FFFFFFD3DF80
FFFFFA656BC3
FFFFF6164BC8
FFFFFB7DBD5C
FFFFFC29F994
FFFFFD3593BB
FFFFF8503321
FFFFF67AF4B6
FFFFF7CCF0E0
FFFFFA5C9907
000000C8FA49
FFFFFFB9454C
00000058E225
000002B817BA
000004EE03C2
FFFFF1C4D43D
FFFFF2902798
FFFFF928F2DD
FFFFF8A5281C
FFFFF4A0A196
FFFFF5AF0BF1
FFFFF75D3E99
FFFFF83D03DD
FFFFF8E5AD15
FFFFFE894439
FFFFF00EFE17
FFFFED125D19
FFFFF4246A8F
FFFFFAA93DB1
FFFFF8B83B7C
FFFFF2FB7D99
FFFFF9C95C22
FFFFF8676BF4
FFFFFA221C28
FFFFF8AF401B
FFFFF81378D1
FFFFF4B0A187
FFFFF54C67B6
FFFFF72D6AA2
FFFFF7354938
FFFFF219D99C
FFFFF67FF513
FFFFFF8BEEAB
FFFFFDFD1096
FFFFF8CBBAEE
FFFFFF8DED7E
0000028BBF5C
FFFFFD4B81CD
FFFFF98B5E47
FFFFFCD3C013
FFFFFE1C922D
FFFFFF811024
FFFFFB74322F
FFFFF9BFD431
FFFFFC650CE2
FFFFFB86CD3B
FFFFFDE414B1
0000002163A3
FFFFFA7A3FDA
FFFFFA3DDEE4
FFFFF95F11CE
00000076F062
FFFFFA5FA335
FFFFF76DDDC0
FFFFFAF99402
FFFFF976A003
FFFFFC44E0E2
FFFFF6D58293
FFFFF67BB10E
FFFFFCEECFB3
FFFFFBDD9B0D
000001ABAF75
FFFFFA299420
FFFFF58F0E23
FFFFFB5A42EC
000005F06372
FFFFFD5179B7
FFFFFF0309DA
FFFFFD4066AD
0000027FC1B0
FFFFFB011E10
FFFFFA1A934E
FFFFFAC627CE
FFFFFA3FD270
FFFFF79B27F4
FFFFF6801DD6
FFFFFAFF1A7E
FFFFFD2775E2
FFFFFB540C68
FFFFFB444012
FFFFFF6AA44C
FFFFFC68FB64
FFFFF72D6DB9
FFFFFA460BCC
FFFFFF1908F1
FFFFFCC1D683
FFFFFA304D7A
FFFFFA2920FF
FFFFFCBCEE95
FFFFFD95B0F6
FFFFFA4522B5
FFFFFB1421A2
FFFFF4C62137
FFFFF55110E2
000000ED9F9D
FFFFFB5CA688
FFFFF5E9FD9E
FFFFF875538C
FFFFF616CFAD
FFFFFE69E362
00000A494C3B
00000F80169B
00001096098B
00001149E880
0000142AD078
0000156DA8A2
000016937438
000013D379DF
000016D1E837
000018B26042
0000169DC1F4
00000FBEF89A
000011AD1725
00000F1F9E78
000011B6267E
00000FBE73E8
00001064823B
00000EBF6AF4
00000FFDABC9
00000D1A3D8C
00000AB863B8
00000F10853C
00000E2037F0
00000B6B1561
00000DEA6AEE
00000E306291
0000137DD811
00001099A30A
00000DD5CD2C
00000D66ECF3
00001D5D7759
00001B49FAC1
FFFFFED7B631
FFFFFF3F8F0D
FFFFEFC95318
FFFFF6ED9A40
FFFFFD376937
FFFFFDAC0BDF
FFFFFAA678A3
FFFFF9FF2311
FFFFFA7666FB
FFFFFE488505
000001CE9EA9
FFFFFFFA753A
FFFFF9F2215F
FFFFFBADE180
FFFFFD23E631
FFFFF82BD71A
FFFFF30D5EAF
FFFFFCB1AEB2
000005D9F469
000006F2A59C
FFFFFB79EAB2
FFFFF450D2C3
FFFFEE98200C
FFFFFDD6065A
00000F68FB86
00000E8121A8
FFFFF331225A
FFFFF1755FDC
FFFFF5A7A53B
FFFFFA7CFE97
FFFFF4301AEF
000005B9C84E
00000305FC74
0000017EBB2B
FFFFF351A8F1
FFFFF4BD0A19
FFFFFA94A76F
FFFFFC947295
FFFFFCAA689B
FFFFFAEC11DB
FFFFF89C4696
FFFFFAD6F274
FFFFFE54FC6E
FFFFFEAECFF1
FFFFF9902513
FFFFFC9E1F02
000001458CAB
FFFFFD04F2DB
FFFFF366D34B
FFFFF5019A4B
0000004B11C1
0000089BF831
000005BAC182
FFFFFB90470B
FFFFE9E8A8CA
FFFFF5F8D8F6
00000DDEDB86
00000D8C5BCE
FFFFF4D3B6AD
FFFFF401A7EF
FFFFFD09BEA1
FFFFF613386B
FFFFF1156A8F
000007D02884
FFFFF7CDF8D4
FFFFFD774687
FFFFF750B8BD
FFFFEF647F70
FFFFF4239A59
FFFFF61C5549
FFFFFADD1199
FFFFFC5D29F1
FFFFFB351325
FFFFFAEFAB9F
FFFFFC36CD50
FFFFFDCFE0E0
FFFFF6A00B3D
FFFFF61975FB
FFFFF9F15923
FFFFFCDF45EC
FFFFF8F56332
FFFFF678B59C
FFFFF9C2DEEE
00000106B7F7
000002E4BFD3
000000BE7601
FFFFF4CD0288
FFFFF8C75716
00000498AF16
00000D504063
FFFFF562BF77
FFFFF4765110
FFFFF9CB0DDB
FFFFFDB737E1
FFFFF7C715A5
00000AD19A9C
FFFFF922A941
FFFFFEAF128A
FFFFFB55B0ED
FFFFF75F97B6
FFFFF962FF7B
FFFFF84DDD46
FFFFF73727AB
FFFFFC8AA140
FFFFFE09CC2A
FFFFFDA76F25
FFFFFEE2F3BF
FFFFFD5A5B9A
FFFFFAB779F7
FFFFFBDC8B71
FFFFF748E3CF
FFFFFF002F62
FFFFFE241564
FFFFFAD36A09
FFFFF8D35336
000000C2A01C
0000044BAF23
0000023B7F6B
FFFFF90D31BD
FFFFFB767DC0
000001C74E56
00001525D761
00000E531671
00000429AC97
FFFFE3FC07A8
000002784F90
00000337E72F
000015603ADE
FFFFF658EE59
FFFFFAF266D8
FFFFFC32027A
000000E84663
0000010E7CE8
FFFFF9B93567
FFFFEE45DE3A
FFFFF3603B24
FFFFFD932437
FFFFFE09903D
FFFFFA857040
FFFFF8E42E59
FFFFFB32C6B5
FFFFFF4F5E9D
FFFFF34E2E43
FFFFF965C209
FFFFFCAB5FEE
FFFFFEA48CAB
FFFFFB751048
FFFFFD29C2D5
FFFFFCD27165
FFFFFCC684E2
FFFFF4179945
FFFFF87DD760
000000A5FC51
000010600141
00001365F0AA
00000B43611E
FFFFCDFC2DAE
FFFFE9C33AD7
00000BF904FC
00001F428450
FFFFF349BB10
FFFFFB9C0A54
FFFFFDECDB92
0000054EB975
FFFFFE32628E
FFFFFEEE6C04
FFFFFB65F1F2
FFFFF8948342
FFFFF7A7C8AD
FFFFF5EE9B19
FFFFF988E52F
00000050EBCE
000000ECE73B
FFFFFF4079C1
FFFFF2830E31
FFFFF83AB9D0
000003604917
000001ECF58E
FFFFFD104DE5
FFFFFBF75C9A
FFFFF81ECDD4
FFFFFFEC24A9
0000005FB509
FFFFEFF40F20
FFFFE7F57532
00000505CEC3
0000145A8CD9
000015964448
FFFFDD4EA3B1
FFFFD8900E3B
0000029EF714
000029E994BC
FFFFF1B08A45
FFFFFF5C9BE1
000004FA5B8F
000002744F8D
FFFFF35F1387
FFFFFDAA9CE4
0000048274D8
00000314A962
FFFFFBDB5143
FFFFF4F8FC2C
FFFFF249F330
FFFFFC990C71
000003C0DA90
FFFFFCAF0720
FFFFF144B085
FFFFFCC62891
FFFFFFD6EE36
FFFFFD0B4764
FFFFFA6EE64F
FFFFFE6B34AE
FFFFF8C81BA0
FFFFF92D561F
00000167EE0C
FFFFF9358456
FFFFEB8CFECB
FFFFF875BCFC
00000C416A77
000014E1A569
FFFFFF2F4256
FFFFEB791E0E
FFFFF49D321A
00001AC83012
FFFFF3B10085
FFFFFD030EBF
00000193AFE3
000001894A3E
FFFFF12429EA
FFFFF0D9070C
FFFFF6A3C6CA
FFFFFEEC5A4C
FFFFFFB68270
FFFFFCDF7327
FFFFF8677A9C
FFFFF9F7F5C2
FFFFFB2761C4
FFFFFA59F85C
FFFFED039EB0
FFFFF5DC407A
FFFFFDEFAA18
FFFFFC6C2593
FFFFF2671C25
FFFFFC822172
FFFFFB86B064
FFFFF5FA6AC7
FFFFFC37947C
000009281F3A
0000007573E9
FFFFFA993E65
FFFFF7577C37
00000D3CEEE1
000006C63134
000004550A41
FFFFFDD4EC74
00000733BF04
FFFFF9C74C78
FFFFFCE4055F
FFFFF9103E2C
FFFFFF4D4B51
FFFFFAB09105
FFFFF5FBFC0C
FFFFF6A913E8
000000C7DA15
000000D78940
0000005F2AE2
FFFFFCB50D2C
FFFFFD2F4E72
FFFFFCCD207A
FFFFF9DB4B51
FFFFED9CB888
FFFFF558B079
0000020D6D81
FFFFFF171CF7
FFFFEA56E410
FFFFF29F013D
000005D6248A
FFFFFFEE53FB
FFFFF31C12EA
0000038A3BFC
00000E39DA77
00000B4D6528
FFFFE965694F
FFFFF5CDB0BC
FFFFF69A1054
000007F6BA0E
00000A865CEF
000013993071
FFFFFBF7F790
FFFFFF6A1EB5
FFFFF9C96527
FFFFF89657FD
FFFFFF982FFE
00000327CBB8
FFFFFDCE1FCB
FFFFF772C327
FFFFF4843050
FFFFFFEC4322
0000037359EE
FFFFFDBA3784
FFFFFEC22339
00000187CF10
FFFFFB0C03EF
FFFFFA2B24D5
FFFFFE5C82AC
FFFFFE481F5C
FFFFEA05B54B
FFFFEBC2DAB3
0000037CB01D
000000D8603A
FFFFEA14C9AC
FFFFF1F53515
00000D811D5E
00001107D69B
FFFFFB9673CC
FFFFF1F9982F
FFFFFAA6629F
FFFFF58EDC34
FFFFFEAE329A
00002708D09C
FFFFF4E9762F
FFFFFC2904C4
FFFFFC6591DA
FFFFF64568AB
FFFFF88D434B
0000030FBCCC
00000847B10E
FFFFFF616CF8
FFFFEE8CC360
FFFFF6DF406A
000002A48A1F
000003FF3047
FFFFF93069F3
FFFFFA238169
0000037B6FAB
000001CACB77
FFFFF4232F72
FFFFF350D414
FFFFFCEE8FFF
FFFFFB061056
FFFFF68B302F
FFFFF8D6BD58
FFFFEF1BF255
FFFFF1C61EDB
00000100DEF0
00000A95B823
0000092463EF
000001377212
FFFFFF393E5C
FFFFF7B43BF1
FFFFF19BB5F9
0000172F584E
FFFFF6831C5E
FFFFFA2FB06C
FFFFFBB11D00
FFFFF8DECE78
FFFFF4EDCAB6
FFFFFED22984
000008F03454
00000C35634C
000001B81D0D
FFFFF7CAD645
FFFFF108B56B
FFFFFAA652FE
FFFFFA3F24AA
FFFFF9803951
000009A935D5
00000A1918E9
FFFFF4C6D124
FFFFF424B313
0000026121F0
0000054B2ACD
FFFFFB418D17
FFFFF636F737
FFFFF713885D
FFFFF73E2954
FFFFFABE09F8
000005C8CC16
FFFFFE55BC3E
000003550DC3
0000042FF686
0000017F527B
FFFFFA2456B6
000005E6D3DE
FFFFFA032902
FFFFFAB15395
FFFFF4CB242C
FFFFF9DF07E8
FFFFFD873CE9
FFFFF33C4038
FFFFEE3F7B96
000001203F50
00000DE8ACDA
000009929BCC
FFFFEE6A0248
FFFFF044AF16
FFFFFFB720AE
000001DD53B2
FFFFFA07790A
0000074D4FE9
0000067EB438
FFFFFB0F9417
FFFFF337E14C
FFFFFF853922
00000540B3D2
FFFFFDCFE8E2
FFFFFA769F5B
FFFFF79D02C6
FFFFFA158592
FFFFFFBFE278
0000005C6E2E
FFFFFC4D7E71
FFFFFB3D6A93
0000035147F7
000006E16CAE
00000BC392EA
FFFFFA75D15F
FFFFFD7675D4
FFFFF53C451C
FFFFF7B24255
FFFFFE884332
FFFFFAC0259D
FFFFE9C28628
FFFFF17ACA35
00000AE657BC
00001AE18274
00000176EB06
FFFFF8737067
FFFFF72B23B7
0000017BAAD6
FFFFF6CC8937
FFFFFECDA89F
00001015786B
0000023B1B13
FFFFED2CD721
FFFFF0599AAE
0000025A5536
0000047F6AA1
FFFFF74A3E03
FFFFF5E50703
FFFFFAA502A6
FFFFFE2D6DC9
000000F67EF3
FFFFFBD84C1A
FFFFF56BF611
FFFFF60A9799
0000011168B2
0000198C881F
FFFFF5C539E5
000002DB84A1
000000FC62EB
FFFFFA613071
FFFFF404B412
FFFFFE0B2A02
0000006061D4
FFFFF411C733
FFFFE88CA38F
00000F33F7F8
000013D53157
00000B1CAD0E
FFFFF5038D3D
FFFFF3155A27
FFFFF4FF817F
FFFFF8474062
00000567FDC4
000004F794C5
FFFFFA510C3D
FFFFF770261C
FFFFF76889DF
FFFFFDC38960
FFFFF87C2CA1
FFFFF4D87FB9
FFFFF58A5C02
FFFFFEC82B4F
FFFFFC8A660C
000000066AC6
FFFFFD1ED243
FFFFF7EDB82C
FFFFFF11BF8A
00001B5B3267
FFFFEF1EFA80
0000015B3C3C
0000046D7B0C
FFFFFD3DBAB7
FFFFECF6D8D3
FFFFF4D6FB66
00000E96FE1F
000003616FCA
FFFFDF5B2E40
FFFFF151896D
0000138B84A2
000019884825
0000007121C1
FFFFF652DE68
FFFFF24A4DA4
FFFFF66B6504
FFFFFC0A5B72
000005CF21B5
000006A29A08
000002DF981E
FFFFF6AA9064
FFFFF8D16738
0000030B8DE6
FFFFF916A5F2
FFFFED4A18CD
FFFFFD585F8C
FFFFFE6AB03A
00000049D1BA
FFFFFAE8A88B
FFFFFD2DD9D5
0000000A92E5
000016E446BF
FFFFEB8CB688
FFFFFC1E7529
0000024C2E7F
000003B29A95
FFFFF3F8A221
FFFFF4A34C92
000000412768
0000136B3C27
FFFFFFC98D5F
FFFFF7A38A0F
FFFFEFD23E32
0000108C32ED
00000B76C012
00000947ADAC
FFFFFC3AEAFB
FFFFF35F92F6
FFFFEB9E9CA8
FFFFFA81D119
000009568027
0000051CF497
FFFFF8075ACC
FFFFFA74B3B2
0000058EF326
0000005DE150
FFFFEA6DC24B
FFFFEB29ACC6
FFFFFBAE6424
000002951DD2
FFFFF9A7CACB
FFFFFA9CEDB5
FFFFFF0A9B21
0000178A1274
FFFFF23115C8
FFFFF89D707B
FFFFFDA9D3A2
000005A58FDB
000004C8A7E3
FFFFFA0BBCBE
FFFFF0920593
00000952F492
000018926157
00000D8568A2
FFFFDFBBE2E8
FFFFF3340113
00000C2DC3CD
000010D5B5AA
000009D69DDA
FFFFFE3A0FD0
FFFFF1CCA906
FFFFF0356646
FFFFFA532DCC
000005927F8A
FFFFFE0B1A4C
00000139764F
000003185D86
000008A3358E
FFFFF58F6813
FFFFF23B6F59
FFFFFB16B63D
00000514602C
FFFFFDFC04B2
FFFFF8CB752C
FFFFFA037EA8
00001C304CB0
FFFFF8B13BD3
FFFFF8C59742
FFFFF89C1A6A
0000039F0B16
00000ED02F55
FFFFFEE082EA
FFFFDF40306B
FFFFF16EE559
000012B33121
0000106D1137
FFFFEA2F6EEE
FFFFEA1ED968
000004B193F7
000002E31B63
FFFFFD6DF4C4
000004470725
FFFFFE272FD6
FFFFF85E48D3
FFFFF490BAB4
FFFFFAF0D639
000007C7F281
0000010DBED9
FFFFE95B2F20
FFFFF74BA509
000007EA7DBB
FFFFFBCEC361
FFFFEEB5AE61
FFFFFB5E93E8
00000546D80C
0000003A6005
FFFFF51FB1ED
000011394C0A
FFFFF74FB038
FFFFFB23B093
FFFFF64A1EC1
FFFFFE8454AC
00000AD5AFF9
0000081C5C8E
FFFFE6718765
FFFFE8903DEC
00000792C0A8
00001575482C
FFFFFE4E815F
FFFFF5CDA2E5
FFFFF7412B32
000001403C7C
FFFFFAF2DB51
00000608BE32
000004812C7A
00000A7C1617
FFFFF7E29B02
FFFFFDD20FE4
000008DEA8A3
00000771B03C
FFFFF65EB166
FFFFEF0355D3
FFFFFA13EF7A
0000056D99BC
FFFFF2CEDB13
FFFFF2567419
000006755EED
0000073AA635
FFFFF94DB0B3
0000093507DE
FFFFF26AE792
FFFFFAB45ADE
FFFFF79BC7DA
FFFFFA1CB54B
00000376B980
00000C79AF76
FFFFFEFDEF69
FFFFF7AE0800
FFFFF9897F58
00000E05960B
0000079334AF
000003529E48
FFFFEC475D6B
0000039EA904
00000C0B8E52
00000582DE29
FFFFE9C0C7C2
FFFFFDD2691E
0000018DA87B
FFFFFF0EDF54
FFFFFC109A95
00000AC2B9FF
00000D90F212
000000D861F8
FFFFEE356960
FFFFEE8263B3
FFFFF6F5EA6A
FFFFF84E8728
0000034ECAD9
000004C7F5D5
FFFFFEF1CB63
00000D01D062
FFFFF4774CAC
FFFFF9A0C300
FFFFF9E60181
FFFFFA16DEDB
FFFFFC682481
0000064FF29C
00000D506BCC
00000016C1E3
FFFFEB36744E
000000579F97
000010144009
000002E3E664
FFFFE7B5BCA4
FFFFFEC78001
000017AC6613
000008609BB2
FFFFDE80F6E4
FFFFE9FDCDE8
00000F121E69
FFFFFECA1B15
FFFFEA967CB5
FFFFFC6992E1
0000136EDCA9
000010C00F0F
FFFFF37AD5A8
FFFFE8D879FC
FFFFEFD74537
FFFFFCE6F9CE
0000046ED981
0000083A3DD0
FFFFFECC3D80
0000121BF1CC
FFFFF8D36025
FFFFF79F2FF1
FFFFF7368725
FFFFFAF268AC
FFFFF7D85B1C
000000F846F6
00000E72C0B2
0000038F59FA
FFFFE91CBAED
FFFFF1819335
00000E82452A
000007C5D7E2
FFFFE7576852
FFFFF881CC32
00001152B763
000015C8811D
FFFFF503B5D2
FFFFEFFC8552
000002D8E1E2
000008D1D9EE
FFFFEFD4ABF1
FFFFF063389C
FFFFF844688F
000010CD0B32
00000BDE2072
FFFFFC69F933
FFFFF38A4A9C
FFFFF7CD91DC
FFFFFD0287C4
000002793B7E
FFFFFC83D130
0000171E1A81
FFFFFB443C1A
FFFFF5F77E7C
FFFFF1BD4837
FFFFF716E50E
FFFFF6CBAB54
FFFFFDEA3290
0000087C9970
0000075CDB81
FFFFEE465F5F
FFFFF165B8E7
000009CF8416
0000117E2C1F
FFFFF18EA905
FFFFF41277F2
0000003C497F
000018D34E93
000009A469EE
FFFFFFBBDC9D
FFFFECC55964
0000080F433E
00000B4B352C
FFFFFF582020
FFFFE1BFEEF1
FFFFFA76EDB1
000010CFEF49
00001116DF18
FFFFFE340257
FFFFF8EDE571
FFFFF90E018F
FFFFF66B9C7F
FFFFF75633F3
0000172E1DD2
FFFFFA5BB1D1
FFFFF834BC07
FFFFF0621514
FFFFF2893008
FFFFF70CEDD5
FFFFFCB3702E
00000390F0ED
00000BCBED4A
FFFFFAF0A862
FFFFFD008241
000000E1BD2C
00001273EFC7
000003DC0B82
FFFFFFBC2604
FFFFEBF9130F
00000A83D390
0000158CA9C6
000009B23E58
FFFFE66229A3
FFFFFB9CEA7D
0000131B2424
000005CCC117
FFFFEDC8ACBA
FFFFE646933E
FFFFFAB56906
000006A8B0AF
00000341AEB0
FFFFF9ECDD81
FFFFF8C613CB
FFFFF7AC8BD9
FFFFF8CF2990
00000F179F43
FFFFF35B73A3
FFFFFDC59FDC
FFFFF9B87108
FFFFF7E082E3
FFFFF69D078E
FFFFF841DCF2
FFFFFF6F1E87
00000AE246A2
00000A449DA7
FFFFFE935CF4
FFFFEF6501D2
0000035FC978
000010D31B48
000000763E95
FFFFE294B919
FFFFF9CF83A4
000014FDBEE1
0000088E17D6
FFFFE314D916
FFFFEA983662
000007F949D5
00000ECB752E
000001F13068
FFFFF6610246
FFFFF26F025B
FFFFF5470013
FFFFFD61D0AF
FFFFFF652B3C
FFFFFA532590
FFFFF88FEEEE
FFFFFC870D20
00000CCA55C1
FFFFE8642DCD
FFFFFE1A9666
000001EE0F33
FFFFFA71F2DC
FFFFF7C31779
FFFFF3C2D12A
FFFFF7CB3E6E
000005503A2F
00000CD8CEF5
FFFFFCBCD694
FFFFE3C750E6
FFFFEF813FB3
00000C5D3DA3
000000AD039F
FFFFEA4C77F2
FFFFF0E37410
00000D02AAC1
00000C40B488
FFFFEEB2E570
FFFFE9394496
FFFFF561DCB7
0000072B1DD7
0000050BB78F
0000077C1123
FFFFF99611B4
FFFFF18A88DC
FFFFFD3C241B
FFFFF9E3B5B9
FFFFF4B159E6
FFFFF5ACD5AE
000002AB26BE
0000109305B3
FFFFE6D0279C
FFFFF476AAC8
FFFFFB3E57BC
FFFFFDB64E54
FFFFF9191EA4
FFFFF32F41FE
FFFFF314A5FC
FFFFFF6C262B
000009CCD667
000005AFA2E0
FFFFEC633F66
FFFFEA688262
000005778401
00000C666B8C
FFFFF81290E6
FFFFF3A6E413
000004A08961
00000CB9EE73
000000952D55
FFFFF7960C00
FFFFF0EE59D4
FFFFF4E0870F
FFFFFBCC0CED
00000417B6C6
000002C85902
FFFFFB46524A
FFFFF5F65554
FFFFFC6E37C7
FFFFFC5FEF3D
FFFFF784B0E2
FFFFFCCEFC0F
000014BACB5E
FFFFF1E2CF68
FFFFF60EC7BC
FFFFF3A41770
FFFFFCC73D83
FFFFFCA41B72
FFFFF86A783D
FFFFF3D6F89D
FFFFFA979E0D
00000671754A
00000AE6B8E2
FFFFFCA90C31
FFFFF494CAC9
FFFFF7176006
00000620935C
00000237C842
FFFFFCA8FCFB
FFFFF7CF0ED5
FFFFFFCF3AE1
FFFFFE528A72
FFFFFF44B61D
FFFFFA2C88F1
FFFFF12DD797
FFFFEF28C1CF
FFFFF9AFBB1E
00000646CF3A
000000D7416D
FFFFF34B085D
FFFFF880F2C3
000006DA257F
FFFFFF0F4996
FFFFF8698F1A
000011FFAF9B
FFFFFA9896E8
FFFFFE3C1A66
FFFFF48DA436
FFFFFB5A33DB
FFFFF95240FA
FFFFFBBC38C4
FFFFF6866FDE
FFFFF4C4C959
FFFFFC634F68
0000048CA542
0000017F843B
FFFFF8F15D47
FFFFF16C7AC4
FFFFF5E631ED
FFFFFF7A750F
FFFFFE967B99
FFFFF67BCC15
FFFFF20F3643
FFFFF368FE06
000000095DF2
000003B54697
FFFFFA397F87
FFFFF075AB43
FFFFF91E4DE8
0000017EA3EB
FFFFF9E24C52
FFFFEF417F9D
FFFFF1A77528
00000672E3A5
0000031B7513
FFFFFB1C0EFB
00000B96022C
FFFFF66AF809
FFFFFE28CB40
FFFFF3DE22EA
FFFFF5F9C3F1
FFFFF72ABB82
FFFFF9EC36CB
FFFFFA0DDE24
FFFFF951D167
FFFFFA91E971
000000235E78
FFFFFCCFBB53
FFFFFE76C3FD
FFFFFABB9CD0
FFFFF1F45B48
FFFFF5AE2D4D
FFFFFD8C0D3E
FFFFFE245056
FFFFF76E7076
FFFFF0CC3B1F
FFFFFABE1F4E
000003C2C274
000004E845E4
FFFFF846535C
FFFFF5E32690
FFFFF6EC57CC
FFFFFCDC11CC
FFFFF9033624
FFFFF43A8276
FFFFFC71BC4D
0000009E92C3
FFFFFBD03807
000001114995
FFFFFF1A6B43
FFFFFD48810C
FFFFF95A2CEF
FFFFFB5B9F30
FFFFFC6E67D3
FFFFFAC78B74
FFFFF9B109F1
FFFFFDBF37A0
FFFFFF0BC459
FFFFFE7CDA95
FFFFFA267A3C
FFFFFBF37DCE
0000005E0AF3
FFFFFD6A4497
FFFFF92D9C1D
FFFFFF714009
0000021A47D3
0000006D64A4
FFFFF794B6FB
FFFFFB44D91E
0000038C670B
000004D2F1FB
FFFFFE3094F2
FFFFFA0F341F
FFFFF8912494
FFFFFB916BC1
FFFFFF24BFBE
FFFFFFC9D45C
FFFFFCA88EDC
0000068B8590
0000028118A1
000005627916
FFFFFF47A5BC
0000056FA427
00000F1FB038
00000EC8841A
00000AD67573
00000885E654
000009341846
00000A88EF72
00000BB3DAFB
00000B31F6C5
00000A827CDE
00000B48EE6F
00000E845CFA
0000107CD357
000010A01C49
0000106769E3
00000F9DFD0A
00000DA33532
000008D2A9A5
000005F34431
000007C79D3A
00000D46ABBA
00000EE699D0
00000DCF8CBC
000007C702A4
000001CD64E3
00000737C6CE
00000B84FA94
00000D5E6D58
00000FEABC14
00000AF73058
00000B11321A
00000E2D2730
000023B9B52E
000031AD315E
00002E5BDE7E
0000282A6113
000023E2592E
000022206899
000021C24A6D
0000250482C7
000029857904
00002CE2E59E
000031635F3D
0000381C68FB
00003B8095B5
00003B048EEB
000039BED7FC
0000388F52CC
000034E797F8
00002B91C20C
000027770CB6
00002A689825
000031631165
000036BE1110
00003307EA77
00002820F4D7
000022A2BF3B
00002E11D987
00003887F1F3
0000335B094C
000030641A60
0000297AFD18
000022A2CA74
0000103E8DF3
0000231813E8
000028CCD494
0000252E0B5F
0000224A1B29
00001E3D4012
00001BD742AF
00001A2A1082
00001F20B47B
00002615849B
00002A6D0A1A
00002F27EA7C
000033A56591
000034A340D0
0000333D667F
0000331472C0
0000356BF97F
000034E76986
000030A84066
00002E69581E
00002CECA5ED
00002DAFEB3E
0000353692C5
000034F0113F
00002D717291
00002B742B22
0000311FB5FF
000032414BC5
00002F2A4E6C
00002FBB7F49
00002C13DFB3
0000238B480A
000010BE97E4
00001D5351AA
0000209A35C5
00001CF9C04F
00001B0F7482
00001A32B19C
00001CF3E5EC
00001FFBF8DA
0000260B9710
00002B9EEFFA
00002BF9339C
00002C3F56E2
00002CC95127
00002CBBA023
00002CCD17DB
00002F30E16C
000034569823
00003645CDF6
0000363602C8
000035882662
00003020CB2C
00002CA947AE
0000377E5A8F
00003DBBC6BE
0000359C85A7
00002CDCE293
00002833A89E
000029AF8C28
00003347992F
000038085F87
00002FEF8553
000023A48603
00000F035D0B
0000184111E7
00001B5FCF14
00001BAC0763
00001D9FFC9A
0000258F0B7F
0000343CE3F4
00003FFAD61B
00004457256B
000042B41F7C
00003BF625F3
000035F55326
00003289CB94
000032259139
00003658CB99
00003CBCA50B
00003DC6EDEB
00003B4F4CE1
00003BAAAB98
00003D866B98
00003D1328D7
00003C3C3F38
00004230F7EF
0000464D1AF6
000037B80D7F
00002A832342
0000210DE81E
00001F05C20E
000034320356
0000458BBEC0
000033D6F73E
00002223D008
0000118FAAE0
00001D63266A
00001EE530B8
00001E8EE132
00002626119E
00003272359B
00003D6A29B0
0000459A9736
000049EF9304
00004A0385DB
000046ADE459
00004304A890
00003EF6CCA2
00003EA67191
00004521B25C
00004951C6AB
000042CBF944
00003B46B59A
00003B1E5D90
00003CB78A1E
00003F46EAAE
00003FF6CBC1
0000408F01E0
000040F4E06F
0000387E0FA8
00002D7D58C4
0000228B3240
000017980423
00002D085E40
000047047A1C
0000367296BA
0000272CA0D2
000014088846
000021B1B0F9
000024A094BC
0000236520FE
00002A3F857B
000032B9E684
000033B978B4
00003068A2FF
000031D2A4AA
00003805597B
00003EC23410
0000431A8674
000043DEEFED
000045F3C01C
00004A46A7AA
000048B3BCC6
00003CA6278F
000033A656D1
000030FBF58C
000032EF8687
0000359A2983
000034F754DE
00003226ADE3
000032B760EA
00003494155F
000033F62E3F
000028BC8541
000019EB5F7D
000025E7165D
00003E1A9611
000038DFAD03
00002EDAABCB
0000142B4B0D
00002247EDB7
000025384967
000023B714DE
000026E48F2C
00002A8AA0E1
0000283DE8CB
000025C0AB3E
000028E3208F
00002E77BD2B
0000376FDA79
00003EA22A78
00003FBD6D1A
000042C14639
000043A7313A
00003C85E871
0000331E8602
00002E16CA69
00002CAFC5B9
00002FB35F26
0000303FCC59
00002DCC178F
00002CB47ABD
00002D4504AD
00002EE69C14
000032D34360
00002D70828A
0000237CF6D9
00002A503F67
0000362A8107
000034F23081
0000301DBC94
0000131F8852
0000200D3454
000022702EA0
000021D9D437
000022468D6E
00002435BE18
0000274B7719
00002B3C8ACE
00002E32D108
00003237C7A3
00003730CE00
000038F13828
0000377CD50C
000037B9E442
00003737DC89
000034FCBE08
00002FAF0EAD
00002DD8C24A
0000303A08A4
0000359BB06B
00003329BCFA
00002D81E443
00002BA8AC96
00002D2B7E7F
00002B565C81
00002A78CC49
00002F146F50
000032710643
000039456983
0000368160D4
00003310EAB5
00002C2788F4
0000127580A6
00001DB9F2EA
00001F39EDC2
00001FBF4967
0000219F93F0
00002396B616
0000248E1D10
00002B2DC2EA
000035FD5D3A
00003AC2146E
00003D1DCA7B
00003B38C0A7
00003573CBCD
000032715FA0
000030500662
00002FA14695
00002ED483DC
00002F486AEE
0000369ADAFF
00003ACF85DB
000036D649C2
0000318C8473
0000310B591A
000031B13DED
00002B1AF755
0000275017B2
00002C7E8D09
000033CDFF19
00003884489D
0000352B8FD4
00003216607B
00002EDF7CF4
000012A07D5A
00001D4DDBE7
0000206B4261
00001FBDDC48
00002258C370
000024EFD801
00002524092F
000029E7E5B8
0000358D326A
00004252785D
000045796171
0000420EC2B1
00003A0D92AA
000032749E8C
00002BA4070C
00002822888B
000029CF2AB1
0000345685D6
00004076CEC3
0000425D5BD1
000041C67E83
0000431DCAC1
000046E60124
000041EAF471
000035D3F124
00002C4C7E5B
00002D92216E
00002D266F96
00002D439B47
000034137A60
000039C8206A
000037189D81
00001240C554
00001D94EF04
000022AEB8D1
000022EE9BBC
000024D3AD22
000027A30ADE
000029CDE280
00002B333860
00002EF8F379
0000394A908B
000042AB86F5
00004418B4D2
00003F2041FB
0000388ACDE7
0000304A69FA
00002B3BE41F
000029512615
000033F47CAB
00004083E252
0000434030B1
000042D14E88
000047757616
00004A71A28C
000046D59AF1
00003C22DEEB
000031DECCC8
00002CBD8F21
0000290B6980
00002971767D
000031CC0956
00003AF1F5CC
00003520BEFB
0000136D2C8D
000020FAB33B
000028B476A2
00002BFAA688
00002E6B4B09
0000309735F4
0000312180C4
00002EFB7A82
00002A847339
000028976386
00002F2E385E
00003D48ADD8
000044E22FA7
0000468364F4
000042EFC4BB
00003DC8CD0B
000035474105
000033405916
00003955ABE1
00003CDFBF24
00003D5E2861
00003D5EE43B
00003E4FBCEA
00003E2B903A
0000379379D7
000032D48315
00002E034B78
000026A2A44C
00002830A9A5
00002E34349D
0000310C7B29
000029DABA7E
0000156E215D
0000239B879F
00002A7B5021
00002E4397DA
000032182A0F
0000337738DD
000032F1A608
000031CB042B
00002ABBC43D
0000230D0EC0
000022A88F73
0000323E025E
000041C4CC69
00004BF3A3EE
00004F3614EB
0000493869F3
0000388FF4B4
00002FED2AB2
000030802EBC
000037F7D7BE
00003B7DE7FB
00003ACF22C6
00003B684C7B
00003BFC9104
000037759609
0000340B9722
000031043E78
000029331A45
000028DAB1E9
00002A3C1C5D
00002A40EACE
000025BD6815
0000153FBABE
000023E7483D
0000272E2AA0
0000280E6666
00002E21B5EE
000031C38659
0000326B390F
0000346D8832
000035379C2B
00002E581462
000028B8B65E
000029245DD9
0000300AA991
00003D87F150
000047318E08
000046B7FE5D
000039CA1C8D
00003127E89F
00002DA52954
0000335F6ABA
00003C4AA074
000040064205
000041B9EFBD
00004157E5F0
00003C6DB13E
00003627B320
000032479649
00002C5B05DE
00002BDDDD96
000028CCB774
000027AE010D
000026BED9C7
000015CE35F7
0000242AE666
000024FC3F24
0000222CFDCE
00002A279097
00003168D7BB
000033A8E86E
000034D56E40
000037BC53AD
000038556555
00002D792CCB
000027093B86
0000239B1283
00002D269BC6
00003AC62BA3
00004352662F
000041BB6E65
00003F6E81A0
000038E73DE8
0000324C3829
000037859E6A
00003D17E629
00003D17188C
00003DB33A66
00003F1C9D4F
00003D859404
00003A06DFA2
00003344D92B
0000306E02CE
00002A056C51
0000275A7D94
0000263105A7
000016294B55
0000243261E5
00002411EE59
00001FE782DB
000027D1505E
00003142EABB
0000336C021C
000035185C48
0000339BDB92
0000376801A5
000036F08278
00002DA92DF8
000024D4043F
00002297D8B7
000029CC2C6B
00003600BA17
000041666793
000047B1D25F
00003EEEEF61
000032F9FCD1
0000303572A9
0000335D0168
000034B924ED
0000365F31BA
00003D824335
000043E8C089
0000433D65DC
00003B527184
000034E0F9EB
00002EAD54F1
0000298C6E41
0000276F8873
000015457BEC
000022AC090F
000021FBC57D
00001E585050
0000240ACC65
0000305312F1
0000351EBB06
000035C5CE97
000030ED3BB6
00002FA37D35
0000371D1232
000036CAF95A
00002A3DEA38
000023EC0566
00001FF22D30
000028561CCC
00003845D96F
00003F6E640D
00003A2D653A
00002DFAEEF3
00002A784229
00002F872E94
000035B905D1
00003798A827
00003EAAB458
000042440770
00004057FE9D
000038D9D517
00002FB3F1DA
00002D3C458B
00002ADD1404
000029FF6BCF
0000145B500A
000020189BA9
00001FA68970
00001EB0616A
000020B21534
00002A8DBA7E
0000359BF083
000036721F89
00002E6B5918
00002BBF0754
00003288E825
0000397C44ED
0000328E15B2
00002C302208
0000240DCB7C
00002048B3C0
00002DA3727A
00002F9AF847
00002BDAACF1
00002C0509F6
00002D5748F7
000030965119
00003A250728
0000426EDF0B
00004210E77A
00003C944554
00003688D33E
00002FDBBD26
0000245494C0
0000238DFA5B
00002A1E2C0F
00002CA8736B
000014AB9407
00001F68D392
00001F134B18
00001F49ACDD
00001E3333A1
000022D6D339
000033D374C0
000039512AAA
00002EF7BE2D
000028522CA9
00002D2A5063
000034991FE2
000034495E58
000032572362
00002833E2EC
00002142D8F3
00002AB2583C
00002DD7EA87
000028954628
00002C372916
00002E267618
00002E117D39
000035E2BED3
000040912685
00003F5E943B
0000388B6F4F
0000338220DD
00002E45F98A
0000213AFBD2
00001F0DF491
000029D25AA8
00002C3F44C1
000014DE658D
00002093B9CC
000022540E59
000021BB2676
00001E8ED560
00001F49D8D0
00002E2BC0D6
00003801EBD1
00003039F900
00002F4F81C8
00002E398FF2
00002EEBF122
000033856567
000035ADB75A
00002F20DA94
00002B08B162
0000337F32D5
0000369E7D90
000031C5FF0C
00002F816838
00002C1DAA87
00002A87ED92
000031399653
00003698100F
00003A32506E
00003DC1C5F9
000043197607
00003B93DDFD
00002B38A197
000023622A35
00002C5ADA42
00002B3E1D27
000014F39EEA
000021859AA8
0000255EEE0E
000023A5F381
00001F802E7F
000021018EFB
00002941BA60
0000341612E2
00003545A570
000036FE5D61
00002F5AFFB9
00002B967CED
00003377D410
0000373770FC
000031C9A4F6
00002DC1FFCA
0000372B94CA
00003BEED55A
000032A3258B
00002EAF1653
00002C39ECAD
00003099D91F
000035D2C0AE
000035B1519F
000034399B7A
00003D581D31
000045DCA72B
00003F9AA6C0
000032267A06
000028BC58A0
0000297E8ABD
000026AF70B6
00001593EC84
000021D33F94
000027605150
00002658A146
00002370A1BF
0000252B3ED0
000025D4D121
00002CE03344
000038D46646
00003B2CD5A4
0000308B1CD4
0000282C6248
000031799BB5
000036052E6F
00002E49FDFE
00002A239D5F
000030006EB9
0000386E56A0
000037549859
000038ACE7EB
00003BE21C10
0000421C7BE3
000043D96A7D
00003FCC35C5
00003B36D8AA
00003C176050
00003B71EDBD
0000365C2FC5
00002D023F2B
000026092508
00002521776E
0000227B8B7D
000015C84791
0000222BD3F0
00002A73168E
00002CBE719B
000029E3845D
000028B779BE
000025410404
00002699C74E
0000379C6B7A
00003C3ABE8D
0000317BE715
000029C43438
00002F790727
000035FB9371
00002ECF53BA
00002AC1B1DA
00002D976C0B
000035C9883A
00003F547AF3
000045B5088F
0000485F7460
0000453AF322
0000498BD135
00004B2FBF24
000044D0EFB1
00003C507F11
0000324023CB
00002AAF9481
00002751164C
00002452A3EA
000024AF46C8
00002319E8D3
000018AA8C58
00002747D9DB
00002FE19ABE
000031EBBE6F
00002ECD8D11
00002CC41707
000027408B55
0000237DD0BD
000030965D0D
00003A9226F9
000033CC4C9F
00003219FAA2
00003340516C
000034DEEC42
000032B0403B
000033DB9BC8
000032E4D122
00003350E250
00004092F3BC
000046F89C47
000042288D53
00003BF9A57A
000041194D19
00004AD71AA4
00004767885D
00003C0C9E26
00003040AA9D
000025462171
00002137222C
0000241DAC44
00002744C572
000025851843
00001E33D401
00003083F30B
00003423DD3A
000030593B90
00002E212100
00002BF58479
0000267BDFCF
000022F343B3
000028D03A21
000034AAA170
0000382CDC7F
00003A21909F
000035307CAE
0000304AAB6F
0000347BA787
00003A376C81
000035C80D1D
00002E5CCF3E
00003D07A19E
000048820A6C
0000420AE7E3
0000381FA1AC
000038EB453C
00003F423F6D
00003CEDCABB
00003566B98A
00002ADFDD37
0000210FE8E2
00002142B21A
000027DA9E2C
00002A7D19DD
000024F60115
00002132D77E
00003516A117
0000322B9E17
00002A725944
000027627002
000026CFEFB5
000023D70E3E
000021983B5A
0000213A7024
000028F2A8A2
0000375071C2
00003C9BD37C
000034CD7178
00002BA8185D
0000333E6FC4
00003B1E0FB2
0000345A45B5
00002A3356CB
000037E14AE9
00004691C6A2
000044031AE8
00003B652116
000036DF3769
000032C71292
00002C8AA8BC
00002A35B2FB
000027502A61
0000225BEC13
000024F8F2CF
00002BD74D5A
00002A1950B9
000021C9EC4B
00001E3C3794
000031DCEED1
00002DA0A6FD
000027FFE409
00002671DE9D
000028B9D88E
000027CC8AD8
000026422CD4
000022A56D49
000023791379
000034F12B6A
00003DD66CC6
00003776065A
00002F96F1C9
0000349299B2
000038919882
000032D031D8
00002C74447A
000037918C65
000042767DCE
0000400BE92A
00003A4FD20A
00003242607A
00002A735026
00002741E4CB
000026122438
00002A5AD04C
00002A213A2F
00002BF03694
00002AE3EB95
0000294E0B67
00002286D0EA
000016AF471C
000027BF2A46
000026E3F416
000024CA41E7
0000275E2A6B
00002A834D75
00002A22727A
0000297FC47F
0000233A6AF5
00001F5CEE06
00002BD52FBF
000034A9BC6F
00003173005D
00002D8F09E3
0000312126BF
0000310F3BAC
00002B5A5E64
000029E7A5B7
00002FCA2B25
000034CF025B
000031EAB4D2
00002EED19D4
000029833686
0000246645D3
000022DFE167
0000237FE99C
00002830CB27
000029401E36
000024CCC29B
00002078FBDA
000024C284E7
000021A7C12A
0000120C2E73
000024F56AC5
000027684652
000027BC0C2C
00002C720101
00002DA14B42
00002E9D8A63
00002DE4D0D8
000026FF92E1
000023090F97
00002AA0540F
0000323285FD
0000301FBAE7
00002ECAFF7F
00002E515C45
00002BAC3A0B
0000284C51F6
00002A78030C
00002E36D421
00002C76E633
000029EABEEF
000026B9D5FD
000027D425A6
00002803F1A6
000027E8DC01
0000283FF50D
00002B845D2C
0000283A330D
0000228FAF51
000023779AED
000029541523
0000233CBEA4
00000BC70EB5
00001B942BBF
00001DD2BCCF
000020B0324D
000024C0687A
0000267E055F
000028241F65
0000280DF07D
000024241865
000021646509
0000233FDBE5
000024879BE7
0000242CDE87
000021B64676
000020F4AFAB
00001E78C18F
00001CCEE181
00001D30EF3A
00001F0E2205
00001DA843FD
00001B665A70
00001A0C4899
00001C0E935C
00002001D097
0000227A94B8
000024183E38
0000245761FF
0000220FBA04
00001D86217C
00001F2190FC
000028B77C49
0000218FDB82
00000ADD1512
000014951329
000018B5C1AA
00001AD910E1
00001DF2E37B
00001F1F78DE
000020C63CDB
00002188908E
000020081083
00001F10805E
00001E5F14FB
00001BF8EA76
00001BA6B093
00001A545A84
000019341EC3
000018299F45
000016CBE447
00001639722C
00001762F5C9
000017045244
0000169B0537
0000156336BA
000016B5F5D0
000019C30743
00001A9CD221
00001BA0EE27
00001C6961CD
00001CEB38C3
000017C1BFBC
00001683ABBC
00001CCD266A
0000175792D8
00000751597A
00001185051A
00000CC3E95B
000010DA9266
000010E7AB78
000010AB2BF6
000012B4900E
00001176BB96
00001275BC8D
00001567B1C1
00001519330C
000013144580
000013D28867
00001526EFCC
0000130EA6A0
00000FA00428
00000F412467
000013B4FD8B
00001633CAB3
000014533630
00000F4F48B3
00000A53C41B
00000CD69A01
00001572B91F
000016FDA289
00000D0DDDE6
00000B03C3D4
00000DCC690D
00000ED0B317
0000095D78FD
000008784F72
0000097353B7
000005CA9E55
00001562311D
0000144500CA
0000152477BD
0000161B2388
0000165F8C8C
00001707B156
000012CFAB1B
00001146D562
000013377BCD
000012457598
000013B8684D
000017F34989
00001B2394FF
000019058ECA
0000160A4D8B
0000169FA895
000015ED9679
000015683BDC
00001A1AE919
0000185A76E8
000012818FBF
00001483D86C
000017EFE677
0000121AA0CC
000012206310
000019386433
00001F758C7B
00001A954152
00000AF4BFBC
00000C272177
00000C788A07
00000B5E0E9A
00001CBD6F5F
000021C92053
00002113AB4A
00001D9B2DD2
00001C334703
00001BE78888
00001BE714EA
00001DF63D44
00001E6B3F43
00001BD0525B
00001F3D20ED
000022E9A54C
000023242521
000022405570
000021AAF2DE
000020A35D4B
00001A169B4A
00001727DE35
00001BCB5396
00001BD41F64
00001D09AE5D
000025C66CD8
00002243F4EB
000010631F0C
0000137AF889
00001F2B115C
00001D9E45BB
000023D36952
000016CC3B81
000014C1F711
00000F6022FE
000006DC7533
000012E61614
000015D4D2E0
00001412B898
00000D51C9CA
00000901B6D2
000009D23617
000011D2404E
000017C77E3B
0000193D154E
000019F3C171
00001D3E7A53
00001C0F1A30
00001692B9C5
00001768EDCB
0000185B618F
000016DE8B85
000013150B09
000016CD4861
0000192FA54A
000013D92477
0000150AE8F2
00002013B7FB
00001EEA936E
000016F8C33E
00001BFC6827
000018FADE68
000004441801
00001C45D7E6
00001E665DD3
000015E1FAF6
00000C2320EB
00000469E228
00001233F337
00001428D565
000015391501
0000147C67C7
000011328F18
00000E34D4C1
000014463994
000017C80669
000017ECFFB9
0000189BAB8D
00001C6CE3CD
00001B978846
000017120E7E
0000182DD30A
00001A7B90A4
000018639C5C
000018ED052F
00001FEC46C1
00001B472172
000017048796
00001B3D54C2
00001DA89206
00001B42312C
00001BB50697
000029C1217E
00002103BF01
00000219B04A
000018CB5E2E
00002915D325
0000184B3ED9
00000DF76318
00000230BE89
000014C1D0DD
000013B77825
00000EF6DF50
000012FF9C75
0000191EFA0E
00001B33DF55
00001B45220E
00001B4E0B42
000017D234F0
000017DE70E3
00001C1CA44E
000019F5471E
0000166FF238
000016BC5E98
00001AF2DB51
00001B6BF04D
00001E6F25B5
00002002B1D6
000017A5F17D
00001625285A
000023579519
00001D82204F
0000139514F2
0000162DAD5F
0000249A7360
00001C58BC4E
00000CD52A48
000016ADA0E7
00002158A16F
0000129B1C08
00000DD60D00
000003C8B6BA
0000183A8B3C
000013729990
00000EAC600C
00000FDCA375
00001DCD7E92
0000283FDACB
0000261B42C8
00002216A616
00001BA101BD
00001B80187C
00002123D965
00001C2F11D6
000019ECA1B3
00001AB110F9
000021CD3D70
000021D74D14
000020F06630
00002089D9B4
00001E702FA0
00001DA9F8DE
0000234925EE
00001F4F0B23
0000155ED1BA
000015CDA481
00001CE04D40
000010B1077B
000016782A0F
000026BE227E
00001A33F35E
000013E35A53
00000F25B0E0
0000072C1564
0000163C4A6B
00000FF37699
0000128D9E37
000016A3F482
00001D5AEFA3
00002210B76F
000020F96E03
00002050086E
00001E617A24
00001ED2F999
00001F610CC7
000018685D2A
000016BBC2E2
00001C357155
000023E90123
000022E22434
00001AFC20C4
00001869AA49
00001F2359FE
00001E481219
000016A14DEE
0000188E4B6A
00001CDC1993
000019EF96A7
00000DD8780B
00000B46B82A
000010C3DE0F
00002539CEF4
000017E931B5
0000228C41D1
00000D845473
00000A2A4DB6
000013C0D02C
00000C474B30
0000129F0D9E
0000168F6DCA
0000146EB04C
000011959F7D
000011FC78A5
000012AC07F7
000016B9E81A
00001D39C590
00001D5613AA
000016B71F48
000014F5CF89
00001AD76976
00001F66C56F
00001D381E47
000014B76AD4
0000129AFCF2
00001B3CF9DD
00001AD0B786
000013A468A2
0000123B9827
00001FD15BBA
00002381A493
00000C989E3E
00000D2E1DD2
000014B6963A
000020ADCA26
0000199F8FA4
00002BE1C4D4
0000166CB6F8
00000935585B
00001373E7CF
00000BB42066
00000C7B64E4
0000126E32D0
0000158C21A8
00000DCCC489
000008318C15
000010F46FAE
00001C0D0FCD
00001C278E2F
00001716DD15
0000167AAB88
000019C80927
000019D1D0FB
000012B300C5
000011F4AD61
0000131EB7DD
0000126D729E
000011E276E7
0000122A7141
000012DA4B8C
00001435B43C
00001F27D0F0
00001E2D47E4
0000182138C9
0000151BC6BD
00001B42172A
000021E28B9F
0000175700DA
00001D720B4A
000013BCC5CD
000007D1F1C6
00001264EDAD
00000F05FECC
00000E236DCD
00001355879F
00001B2DF02F
00001A19873B
0000137D6C37
00000FC7C0E8
000018925856
00001A43ABBD
000014804F21
000015C22F09
00001D7CE0A8
00001EF43088
000012778333
00000D8022AA
00001A376D41
000023A28A3A
00001B4948EC
000014E678E4
0000172BE788
00001B754B11
00001C1A3AE2
000011ED3EFC
00001638E048
00001D275A5C
000022F22046
0000232BA1B7
00001825E3CB
0000162305C4
00000E653D18
00000564E2BC
00000D61D1FD
00000A8B4568
000010EA82B0
0000151BD9C1
000010D142F4
0000120E8128
00001EC5C842
00001C6D1359
000011DC1363
00001884FFA4
00001BAF3AA7
000017F1CCB0
00001824FC6A
00001B05B1D0
000017DB7D94
00001108AE48
000014E1782E
000021461142
0000242FB9CE
00001D0913E1
00001C83C647
00001C60742B
000013AE6E87
00000F60E57A
000014A937E8
00001A0DBEFE
00001AC8FCB0
00002060FB2D
00001900AA89
00001B40DD35
00000E2A8F58
000004970982
00000DB6AE9E
000009E5A24B
0000145E2CB8
00001523236C
00000BC06FBD
00000EB5EEAA
00001EE4C49A
000026BD4C5F
00001DB25794
000015593A19
00001A9CB37A
00001C98339E
000016CCD6C5
000011864538
00001B021BA0
00001CA728A9
000015B437C1
0000196F3C74
000028F0791D
00002666E6DE
000021771089
00001EE97810
00001B8BB0C4
000016596F48
0000163BC136
00001808E097
000012FC92A2
0000178BE6A1
0000162AEF1A
000025DAE55F
000014BE5FE5
0000031983B3
0000131B0C49
000011645179
000012A98CFE
00001512F2EF
000012C8DEFE
0000160F7B70
000016FA016B
000019A05D51
00001CEA20D0
00001B1E97DD
0000152FE381
00001C8DD0D9
000020C33BFE
00001B760217
00001E80789D
00001EEA6136
000018C7E483
000015D99D5B
00001C7A2CBD
00001C7F9F47
000019C78BC3
00001B3D8589
00001F8ADB16
00001CFFF7C0
00001940D31E
00001840CB15
000014D200BB
0000185C60ED
000010A30C1E
00001EC9B94C
000013F55229
0000015C07A2
000017F91935
000017729191
00000E059932
00001373E201
00001F91C004
0000198D8D03
00000C71321F
00000CE51B37
00001A5DB4D1
00001FDE7241
00001A27953E
00001593E0E1
00001E4E5929
000021668FFB
0000178A3615
0000135850EB
00001939F31C
00001AB383A1
00000EA63955
00001294D001
000017A5E3E1
000015BE4DAF
0000154B09F6
000018CD64C3
000019E699A9
0000167709D3
000013AD72FC
00001AC6AE3A
000016749C68
00001A04C8E2
00000DA7967D
00000360DC1A
00001A8256B2
0000153AAB41
00000D7AFC3C
00001504F745
000020C0D57B
00001B414AF3
0000115683E6
000014292E01
00001B1C0D8A
00001D539F1C
00001D26B448
0000197333E7
00001A36E03D
00001D67B83E
0000173F3A15
000012BD9A79
00001C835598
00001F8589E7
000014DABFE8
000017B5A89B
0000250551E8
00001C86ECD6
00000F05BB15
000012492271
0000192B3D67
0000153AF9AF
00000FEDC924
0000176A2E6B
00001F233165
00001F45A54D
000010333470
00000493078A
00001A1BEFE5
000011434131
00000F2F3845
0000157674C4
000015E34465
00001563F94F
00001E23F555
00001D953C88
00000D910754
0000136BA696
0000197B1B73
00001F5770C6
00002013A208
00001D223885
000016B7AFCB
000017E13B50
00001BED002A
00001BA4E960
00001BEC4714
00001FEA5B84
000024ADBE65
00002308AF0B
00001C04EB58
000017A42CF6
00001936FE60
000016C60288
00001344A566
0000183035DD
00001E440215
00001DF1F4EC
000011DAED50
000006CEF321
000016C39F85
00001013FD61
000013DA5468
000013EA2020
000009F2A924
0000123B4807
000023817ABD
00001FB1B339
00000A094A06
000013A3C317
00001C13F58B
00001BFAF271
00002073E5FF
000019C33AA1
00001A07E5D1
00001D2DBDA9
0000178C3FD4
000012764477
00001A115FB0
00001D14BFD2
0000135CDDA7
000016A6F01C
000022CCEC2C
00002028567D
0000169455A2
0000177BB41A
0000198F6F0C
00001923380B
0000142506BA
0000156C98C5
00000E14B42A
000008F2B6CC
000013E3D097
00000F39E9B0
000018F1A8EE
000013BBA078
00000525E788
000012ABEFDD
0000247D09EB
00001A4CBD70
000013464918
0000175A1505
00001B61DF34
000016C0F621
000018BDD7EC
000016D1F989
00001B2F1422
0000276802E3
000020731673
0000125ABC7B
00001BDE215F
00001FFDFC70
00000D224980
0000082536CE
00001B911214
00002416E347
00001E4BFB8A
00001ED79D3E
0000233AE8F3
00001F3A1571
00001015F2E0
0000140B2F9C
0000104E9E14
00000717795D
000011D785FB
00000EA7ACC4
0000183A6BE8
0000119F4FF3
00000A9DE86D
000015A35C7F
0000200C83E8
000013E6507F
0000149D7048
000019FD5310
000013559015
00001644E31C
000018ED94FA
000015207716
000013A2D95A
00001C982EFF
00001F18359D
00001B228D0C
00001A5C6066
00001A4B33FF
000016DB023F
0000121561B3
000013522638
00001AE1B338
000019E2F952
000018D365E6
00001C676285
00001A3486CD
00000F86338C
000014F47D62
000012F6E23B
000004F89041
000011C09C02
000010AA0960
00001426714D
00000E8FA8DB
0000119055F5
00001913548F
000012E1ECAD
00000DD15E3D
0000155E41CC
00001B12D306
00000E65CB31
00001CF9A8ED
000022A1BD3A
000015C8E3ED
00000C45E5B6
000011CDA3CD
000017FAB362
00001B699170
000017DE25D2
000011CC80C2
00001FE5E23F
000025D1F4A1
0000186888CD
00001256BE7A
00001881A735
000015F73899
000014EC6F5B
000010D96A9A
00000C3DBE4F
00001618B514
0000119F4B5E
000006E90A5C
00001393667A
0000100E2104
00000F75D00E
00000DC31623
0000161EE77D
0000179C6387
000008F104BB
00000FDD4095
00001EB36CCF
00001A9A0963
00000DBE3B09
00001C0F00FC
00002897A9BC
000019092C4B
00000D92DF02
000016245D39
00002075DA87
0000191958FC
0000129FFF02
00000FDE1143
000017C8CC3B
00001FDE30FF
0000202D11B3
00001903C20C
000018443393
00001B5A5EC1
000017C54B28
0000156EF322
00001398F9F4
00001D4DEC59
000011C1565A
0000094E9CA7
00001156E0F0
00000C9EC672
00000F464EC8
00001112DCB8
00001AEAC859
0000147EC139
000008AD0A75
000016C85191
000025D5BA70
0000181853C2
00000E109837
00001808B5E2
0000242BB6DA
000017F7F3AE
000013B44AA0
00001C817265
00001AF4C8AD
00001801AA25
000019BE4C2B
000012644FB9
00000F471D33
000016C878D8
00001CBC2097
00001E943E7B
00001E33601A
00001B87696E
0000176EDA20
0000190BD4A9
000015950080
00001C2017D1
000011DEC520
000006A60885
00000CF77A2E
0000093EADA0
0000108F9004
000014277D84
00001B578C08
00001450AB9F
00000EC0D83D
00001B2815B9
0000202F77C8
000013EEEDD1
0000122DCB59
000018E3F0A7
000015C0CEDC
000013874E33
00001737B065
00001F29EB4F
00000DAB4C3C
0000189595C2
000025D5E881
000020136D6F
000011594B89
00001C711EA9
00001E8CBD94
000018E2D6AA
00001903AC64
00001E40E7B5
00001E2024AE
00001B08AF69
000013929118
0000144D867A
00000E81E637
0000028D704B
000010EDA810
00000B9E919D
000011E40990
000017223354
000018F4346F
0000138511B5
00001522D909
00001B18C463
0000148CDE72
0000110F855C
0000189E9E0B
00001DA733B7
00000B968A21
000013070A09
00001F40E786
00001AC4C97D
000009C7CBD1
00001B0F7939
00002BDB9475
0000242D165C
00001B9758D8
00001E7E8308
000019130A51
0000115CC117
000015B118B7
00001EEE27CD
00001D217D97
00001D964D47
00001A6E7A8C
000013791471
00000C705C33
FFFFFDB0972B
00001762F499
0000129AE82D
0000156B8CB6
000019902C56
000017CA261D
0000120F1B39
000019493E3E
0000190ACF48
00000A5FE0C9
000012366C56
0000219C22B9
00001E94076B
00000C5EDD54
00001369ECCD
00002617F5BE
00001AF862BE
00000DB88C16
00001B5B470C
0000295AEA5B
00001F9E96C6
00001B27C294
00001B08F381
000017A2D657
000017D899EA
00001F1A7625
0000200F93BA
000013201E61
000014EFD7CF
0000196D711F
0000182250EC
00000DB31EAF
FFFFFD9192A3
00001C7C05F4
000018380D88
000018CD8752
000019CE8ECB
00001779EB9A
000013A9671C
00001D3CF822
000018A99A66
000009AE6E26
00001640A622
0000276ADBC4
00001B587705
0000105B7591
000017958508
000026028029
000019D72AD6
000015FEA76E
00001C26405B
00001DD6B83B
000018CBCB0E
0000169C2FF7
00001683A632
00001E74CB5A
000024E27D20
000023029D93
00001CD8AB99
000014081A86
0000117465DB
000016732802
00001C6CD046
00000F441785
000006221E81
000021BD9BF1
00001A1216F4
00001872355E
000017343732
00001367D801
0000151F01C2
00001D7D8B33
00001747CA20
00000FCBCBC9
000019587BD7
0000246A3571
00001916E479
000017D852AD
00001ED36575
000020A059D5
00001ACC4B2A
00001F459A5C
000022C7E0ED
00001B004680
00001B544A98
00001D640A2F
00001C677884
00001EA0BE78
00002336246E
00001AEE5B48
000018380ACD
00001A65E68A
00001C6CB672
000018AD270D
0000199872E1
00000C66A577
00000C012F08
00001F6010BC
00001C02A3DA
0000195BD548
000016EE7705
000012A4FE4D
0000168F7395
0000191769B6
000012E30547
0000170F3A13
00001E0CBD72
00001BC52904
00001566635C
00001AC53EF4
00002157AE6D
00001C4F0208
000019F2B567
00001EC7B116
0000214A9A08
00002001046A
00001F4C1ED9
00001DFCD2C7
00001C0AA1A9
00001EA104C9
00001DFB27A7
000012F36844
000012318BE6
00001A77A459
00001F0C0A44
000018618E1E
000013088FC3
00000972B4B5
00000BD5E179
000016F554BE
000018FD60FC
00001A1DA4B1
0000194BA142
0000192DE104
00001D77F41C
00001D88C159
000017F7A685
00001CDF72BB
00001FF3A58E
00001B39BC96
00001B9D03E5
000021E0508B
00002203C56F
00001FDFD47C
00001B7ABEF2
00001C47CED4
00001E153E1C
000021864F3F
00001F46C973
00001B173C49
00001CFA87F4
00001F49F1B1
00001D09B2B1
000019378F4B
00001B698660
000020EC0D80
0000211E5533
0000167A4499
000017FC06D8
0000135DE8CD
00000632339B
000008DCB8C8
000008208E10
000008B2CC99
00000844D048
00000B56C5B7
00000E3AE5A9
00000EC0E632
00000C0AEF06
00000F3618A6
00000F20BF8D
00000D97299A
00000E3D4CB0
00001343FE9A
0000121F0DDD
00001207AF64
00000CDCE6BA
00000AB37489
00000EB2F103
000012FA41AD
000012105BBB
00000D08B3D6
00000C256E48
00000BFA833F
000009084AA9
00000E8DFB99
000012630346
0000133098ED
00000D85834E
00000084D0E7
0000065BC466
0000052ADA14
00000102DFB9
FFFFFE7326E4
000001E5CDF3
0000044A9644
0000055742C3
0000075A58DA
0000052C2564
000001CEC593
000000F9D703
0000023D5848
000001837C0C
0000012A461B
000000B885CA
000002737518
00000328E4D5
00000401A481
000000F92166
FFFFFFFE1DA2
000001E9EE6C
000005BADB9E
00000773C3BB
0000053AFC6E
00000158EDAE
FFFFFFC237F6
00000220CEE6
000007CCD93B
000008544A3C
000003622570
00000150881A
00000152A91D
0000045E64FE
FFFFF9FF8CDA
00001C3AA81C
000013AE4F5B
0000136D4FBE
0000106D3EA9
00000E799718
000013206CED
00000F4E0CD2
00000C17919D
00000DBE0AD4
00000F85EE61
000013661A2E
000019E5EE7C
000016F9861C
000010E80B9C
000014A2DFEE
00001B4951E2
00001685B6C4
000010F78AF0
00001CF28274
0000264F2ADA
00001F4DF555
000015CBBE31
000014F6E3EB
000013E0A681
00001E2A10DE
0000359F1FCF
0000263947B5
00000A1339F3
000021DA1ABD
000029FFF5F0
00001F0E1A73
00000992F669
0000217D5591
0000111843C7
0000112EA496
00000F1B4676
00000B160340
0000148EEEA0
00001A09332D
00001D772354
00001E8594DD
000019BFCE26
000017CB6ACF
00001EA875FF
00001C18C0BF
000010CE63BB
00001122A01C
00001C48AD09
00001CE6365F
000016447885
000019FEA9F0
00001FB24CC7
00001F25F60A
00001FF20D8A
00001AA3D0ED
00000A80D8C5
00001090CFC6
00002F9411DB
00002735A5DB
00000959B22D
000014E16450
00002022A5E0
000020971F42
000012B3346B
000024143847
00001708267C
0000119B91A4
0000164B62F5
000011917B0C
0000194ED165
000022E0EDCA
00002D20D94E
000032CF3526
00002C800CB4
000022BE2520
000020649D0C
000020AF906C
00001A2BD92A
0000140022AB
00001CE4D7CD
000028AE2372
0000249396EA
00001681FAEA
00001302D6FD
00001E4F05C4
00002E99C654
00002AE9791C
0000155AE535
0000078D04D3
00001C1B218D
00002F9FC9FD
00002AA2D45A
00001416F989
0000107E5824
0000332DB144
000030BBDA00
0000201D2594
000011FD3297
00000998D8C1
00001481615D
000011EB768F
0000180A9136
0000180E8E03
0000155739B5
00001A953F9E
00001CC00922
00001A14B383
00001748B7C0
000017CE1164
00001916C8B6
000012B33845
000011CB8E4C
000017AD45AE
00001A09D677
000014D1D175
0000118C8645
0000164411DB
00001E8E503C
00001BE805CE
00001296B02E
00000E2D9A0C
000015763832
00002754D51A
000039226A16
000017850DF4
FFFFFC171575
0000300322E2
000041834A29
000020F39D01
000012AB8AA7
000010C45E81
00001870E1D6
00001225A1A3
0000136D128C
0000102D4081
0000045396F9
0000027CFA99
000008D8E5D3
00000E53E2D5
00000F22B0D1
00000F2C7A84
000014CCEE84
00000EA6A741
00000402E1FF
00000669B613
00000E4FFD80
0000113768CE
00000C304F76
0000087F6450
00000CAFADA4
000011E870C9
0000103A5E98
00000AF49C28
0000032965FE
000017797147
0000458EBF31
00002F83C8A7
FFFFF989A481
00001C1CE5D4
00003C85464F
0000251D9ED7
000010CEDCF4
000013F9002C
00001DE07F10
000011A68196
0000140E1F85
0000204FB390
00001CEFFB88
000012C46C0E
000011D4988A
00001707FC0A
00001647578C
0000131B1FC9
00001AD9C24E
000018D8CA43
00000C77FCAE
00000E931A75
0000165B258C
000018EF207A
0000171F517C
000013CDB0C6
00001151B3EF
0000162770D8
00001FA0130A
000017E7A8DB
FFFFFE8C1255
0000003769F3
000045196D10
000054AFBA35
0000199C91D8
00000390C0EF
00001F33205D
0000299722FF
00000C9F124D
00000622EE9B
00001AF43AD6
00001529803D
000008DB63EB
0000136D1BE2
0000233D0E7F
00002357FFA4
00002344AA05
000021C8E94B
00001A420200
0000163A06A3
00001E91CB48
00001E2B69CB
0000144DE44D
0000173AA922
000016635774
00001338F8BD
00001D42F118
000022EE2BAF
000019231C75
000011B7F6AA
000026253838
000027D10C35
00000D2458E3
FFFFF943D34F
00002B8B13E9
00005424B557
00003E87A739
000010FA379D
00000D982187
00002CA5E93C
000011D6BC95
FFFFFA2BA5A0
00000B19C2DA
00001DBA3F9C
0000136DF6AB
000004DC75CC
00000DBAB07E
00001BD565E6
00002782AD0A
00002DBBCD08
0000242B8025
00001946E4A1
00001EB653E5
000025CFF02D
000017969325
0000107C9A49
0000170A3146
00001359A716
000013EB196A
0000272BD94B
0000267D2B69
000009BC4F86
000018994493
00002DCD9E05
000027128527
0000134ADA20
000015428BE9
00002A56CFBE
000035D0DB79
00002620C9F9
00001EA29564
000027DDC492
000016FC7246
FFFFFF886D8C
000003A49C15
0000174368FF
00001279633C
000006DB84CF
00000899FF69
00000CFD32C8
0000151FBA2A
000027A473FA
000026FF4311
00001DF08724
000024C5C2FE
00002C8B0B6D
0000167167A7
000003F97D34
000015A5F2A9
00002355CDB0
0000136A8DC2
0000159465A4
000029618359
00001D6CF043
000010FA8F66
000020EAAC0C
000033E37F5E
000025ADC5E4
000012BED248
00001030AAF2
000014D6F083
00001DC34EA2
0000324C70A2
00001E84A3CC
0000141BEEE1
00000F0CF44B
00000DD17D03
000009D53EBC
00000B23265F
000012093B30
0000159F3021
00000FC31776
00000812FBFA
000011073016
00001CC839D7
00001FCF6538
000024218182
000029D1446D
00001A853E76
000001E14519
000009E5C177
000028CC4D64
0000195974A4
FFFFFB5C0AC2
00000F4840F0
000023A4DA11
0000120AF905
00000140AE3E
000022F269EB
00002C198E58
00001E4BB3D9
000019C7172F
000013A7CFE7
00000D5C6FC6
00002791889A
00001BBB9EB3
00000F19726D
000010A07A30
000017ED7BCC
000011EF96DA
00000BC66976
0000129762C4
00002415CCED
000024DE21FE
00000FD0B29F
000003A1EA22
00000ED06035
0000253CF85B
000022C29E55
000022C4ECCA
00002BF034BE
00001FBAAB23
0000125D45EB
000023606EB0
00001B865602
000002D3A663
0000083762D7
00001A524AC3
00001208A830
FFFFFFB9DD4E
0000101DC6AD
00002EF2AD27
00002CC20A36
00001B13866E
00001A4081D8
000014BD33E6
0000193CE762
00001DB8BA64
0000104E42B7
000005B94052
00000A164858
0000145A8049
00001531B240
000005DFA654
000010C2A9B9
000032C132F2
00002EB0F161
0000112C6203
00000F6ACB09
000027D74564
00002582995E
00001954C1AC
00002A74EC23
0000363AE37A
00002D4C1768
00001BC4F402
00000F010EA0
00001A61A25E
0000288B7AFA
0000205E6570
000011CCF8A9
000013CADD0A
00001E5B6588
00002D56815E
00002C260AFF
0000163287CB
00001C77CC62
000023BE0BD7
000020F604D0
000020B080FE
000013552A84
0000062379F6
000000B185B8
000009BF388C
000017FAC8F8
00000FEB53E0
00000504069B
00001E1A0E99
00003BC6A048
000039BB2DDB
00002684F7EF
00001DC104B9
00001DAA5B28
00001DCDF53C
00001AD32AB6
000030EB6583
00003EAC830F
00001FBD08C6
FFFFFE7C2F1E
000019BD5E77
000033758A05
00002726FCAB
00001FF803A2
000023FD9995
0000244E90C7
000020885F8A
00002923436B
000019E35A5A
000016135D3C
0000204DD2CF
00002F3F7818
000023B09627
000012F4FE8D
00001290AA37
00000FF55063
FFFFFF563C65
00000524C0F2
00001F8C6C48
00002097094F
000003D65744
000011F68B48
000044FB481B
00004E06B55F
0000296DEEF7
000014F73A0C
0000293240C8
000026F1797A
000022DAA241
000036628AE1
00002FB41708
00000ABE78BB
000002B68F47
000011242FFA
00001954F3DF
00001DE20730
00001F3D0F0F
00001B914337
000018199741
0000258ABAE4
0000278AE1FA
000017BA8AC8
00000AD68731
000027662B6A
000026DE6E0D
00000CEC5296
0000134DBE05
000020DCAB7B
0000051FA7EC
FFFFF69C84A3
0000189CBE51
00002DE5A854
00000E7B156A
FFFFF27A745E
00002891C26D
000051766BAF
00004010C827
000026ADA425
00002A5F307F
00002397F421
00001A26FC68
00002AAC4564
00003F416DCE
000023571A70
0000003021F8
FFFFFA578486
0000106F561D
00001877DF37
0000113FAEBF
00000F02C6AE
000017113F31
000025DEF6C8
00002762F24F
0000175A9970
0000036B2B66
000018DDB7D4
00002BF260F0
00000AA2DF34
000004AF318A
000021486D32
00001AC69B60
FFFFFF832C88
00000396E79E
00002365EDB8
00002A628222
000013AA1249
0000093E1ED4
00002570F7BC
000047DEBBD0
00004D0ECF27
0000334E9B86
000017C9E795
00001ADEC7FB
000027055D11
00003A4EC76C
000035BE07CE
00001BC390BD
000007A411EB
000016694C87
00001CA6693F
00000ED35EDD
0000081F610C
000010B9244E
000024B61A45
000021D22BFC
00000E044BAD
00000415E87C
000016F88D1E
00002E7EF015
00000DF03321
FFFFFB416FF7
000016F1CA99
0000231BCDEB
00000FC908AF
FFFFF7C22F17
00000AF21558
0000305845C2
00003678683C
00000D71C20F
FFFFFD90DA9F
0000398944BC
00005991667E
000042074B7D
0000271523CC
0000244E3D3B
000021CF72B8
00001E2178C2
00002AF08AFC
000031C3F3D7
00001FDD1D1E
000010CD33FD
00001EED4CA6
000025E0EC86
0000149BA8E3
00000C65DCF7
00002110CCA6
000022CF573E
00000B23C29A
00000315F9D8
0000165CB364
00002F44F9FA
000016831693
00000092DEAF
00000D35DB47
00001B839219
00001B3E7FF0
00000AB029DC
FFFFF6467604
00001ACAC15D
00004241770E
00002B59D885
00000110FBFA
0000251F63BE
000045F9D315
00003BF61018
0000344CA43D
00003220A398
000023C3E38C
000012EA5BCD
000017001045
00002E8E613A
000026A76C22
00000745CAA0
00000AE2B8C7
00002DBBD124
00002B4659E5
000012CE75C5
000017F7BE56
000023B49521
000019021316
00000A8490E1
00001154D988
000029409F52
00001BCF0ED5
00000CABB701
000006C4D7A4
00000BD92E50
000026102FD9
00001DA3FEC3
FFFFF6CA6EAD
FFFFF8C496E1
00003819E023
00004420F385
000016FAA83F
00000E43EDE7
00002930E47C
0000322B64CF
000030EBE1E9
00003552B5CB
00002E11032F
000020355748
0000114497F3
00001A1308F1
00002251789D
000018BE7BAE
000002AD8E87
0000108DD33B
000021392FBF
0000201158A2
00001C9DAAA7
00001D000F25
00002684CEE3
0000209832CD
00001429C233
00001ED9D57B
000015BCCB51
0000131A5060
000008E70EF2
FFFFFF518721
000026E7CED7
00002C253743
000008DC16E7
FFFFF7236EAD
00001E8165B3
000045AFC38F
0000318DAB95
00000AEABA1F
00000D0E85C8
000031D5FF15
0000378A1734
00001F7C5E06
00001511EA19
0000276F6590
00002B86213A
000011A55FA2
00000F85656E
00002E33BFF1
000024409473
0000031937B2
000005F9D0FB
00001C8FB30D
00001BAD88A7
00000BD3E9AF
00001F19ACE8
000029B2910A
00001BEABC20
00001C8E880E
00001083D80E
0000108E6824
00000C5C8F94
000003E0CD67
00001E725189
00002D2834DC
00001B46B04B
000007F27018
0000095BF1E4
00002D8B7547
00003E0DF277
00001DD1DF38
FFFFF65023C8
00001855F7D6
00003C5F8352
00001CA9CC82
FFFFEEB3B20D
00001778D32E
000037F0F618
00001D473240
000003A6F2FB
00002E08A05E
00003BACF031
000016E3A287
000000781859
000009BA3113
00000CE2A5FB
00000921005B
00001AD5C4FF
000023617033
00002046D077
00002275CAC9
000015DA4BE5
00000B09BDFA
00000B8B0EA0
000012DA0191
000019D06252
00001D38C042
000024F532A7
0000180694C9
00000369A8CC
000013388014
00003A6F2A2F
00002F780C8E
FFFFF85844DE
000004DD9691
00003DEDF573
000038F7B96E
FFFFFD21ABAF
FFFFFF52C8CD
000024B28210
00002DB56A04
000012B5143F
000007734E01
00001F2A8E49
000033DDF8C2
000029F313AC
0000119EAD32
00000A35E851
000017629980
0000236D99B1
0000237052E9
0000245AE13D
00002668626E
00001B6AF10A
0000081E1262
0000098E7437
00001B1C410E
000017F299F5
000009C584FB
000025E71874
000021BDB8BF
0000008B4F82
00000086E920
000032E81771
00003A877731
00000AE63BB9
FFFFF735D456
00002A127EB4
00004A712CC4
00002160F247
FFFFF889E4B8
000003E3E69E
00002C6E375F
00002A595D31
0000029BD634
FFFFF3D54301
000021DF1E2E
00003D034B79
00002AD7AF1C
000015489541
00001657DC5E
00001DE4F6E9
00001C2B7A6F
000025459F95
00002766D64A
00001A672B85
00000895C5BA
000007EC440C
00001480A151
00001168C1E4
0000041F0D30
000025F3822F
00002C284EFF
0000082AA410
FFFFFACFA1B1
000023DBBD13
00003D01D0DB
00001E9C6E16
FFFFFBED0E68
00000A117247
000039F240C3
00003DA73291
000010EDA5E0
FFFFF9194C06
000026FCAEA6
00003C78262A
00001E972878
FFFFFD42943C
00000C4E7272
00002892A7BA
000032BB0DB9
000022137B02
000012A5EEA0
000011635823
0000130BD8B7
00001F779B2C
0000287BC622
000013AF9598
000012045C91
000013CCBBDD
00000C4297F2
00000A5D9AA5
00000AF370A7
00002433DE01
00002DE87494
000018EECEFF
000006355886
00000E0473B0
00003022DAAC
00002FA67CB1
00000D71931E
FFFFF53D5798
000016CA2C51
00004017B960
0000265E4F0B
FFFFFE31E5CB
0000107AE965
000038AAF98A
0000379BDFDF
00001E6CEF1F
00000F4E01A1
00000ED348FA
000022682FAB
000027EE6062
0000154EE2FF
00000F044ECC
000014142A9E
00001C960449
00002C69642E
00000AC0894E
00001806A09A
000024D1B1D9
00000CB56E11
000007A57355
000012D105CA
00001E71D951
000021D21F24
000023C75D9B
000014728DF3
000002A16724
000014EADA46
0000329A3CED
0000247D4733
FFFFFBC5C073
FFFFF922C473
00002D93E1D6
000036AD2160
0000104DDD58
0000002B8423
000017B4CA57
00003B70F80F
00003955319E
00002231B25A
00000CB61364
00000F36FB3A
00001F5765D4
000018180EDD
00000DB9BEFD
000011B1A926
00001A8074CB
000038CD09F4
000009DEFFCE
00000FC7C4F6
000025DF6884
000010E9085D
00000A781E60
000016DE42D9
000017B28CDC
000012FF7F90
00002CAB6C97
000027259DB1
000006298842
FFFFFD091E96
00002996F2AA
0000396D8F1B
0000120C0C40
FFFFF32BEFBD
00001967C15C
00003BBCE32C
000023096CDB
0000080967DC
0000058B0574
00002A817ABD
000035BD1E9A
00002C8D43CD
0000141404E8
000001B12716
000018461488
0000206E3C48
00000D201C43
0000069BEAB2
0000147D03D2
00004A7197D0
00001A4426A0
0000054D4A4F
000018C5BB48
000017609FC1
000011D1EEA7
000015731B02
0000113721F9
00000B3F2CB4
00002DFBECDC
0000380EDDBA
000014F920AE
FFFFF9CD861D
00001749B8D9
00003BB9DB47
0000270263AF
0000081B9290
00001177B3AC
000033D3D212
00002F0CAC42
00001A8ADE17
000012378ACC
00002186E089
000020FBA130
000021CE2FCF
00001C242B8A
000007F4F2B2
00000F9B924A
000023C0C104
00001C6E1D6D
00000554284A
00000BC8A00D
000049521BA0
000025C8A6BD
0000053F58E7
00000AF4C1F0
0000139CF002
000013D4D958
00000EF254BE
0000080C3EBB
000008F1D874
00001F746E3F
000030981F38
000021F07643
000008D171A6
00000624DFF6
00002522002C
000029DD5ABE
000019C569B4
00000F3BF31B
000019A8181F
000026E7B615
000026D538CE
00001C73EC6A
000011E44919
0000084A7FDB
00000EB432B6
00001F35A1B3
00001429C193
00000493AD43
000010244A01
00001E7D79FA
00000BEDBA38
000008F51919
000038DB402C
0000212AFD63
000009C0362B
00000CE6E82F
0000114AEFF5
0000109E36A5
00000DD805CE
00000B283B35
00001167ADDF
000018FCDA41
000018FBF249
00001E425569
000016BADFD0
00000CD473B5
00000B91B797
0000190E13B8
00001E4FE7EC
00001B651CEE
00000ED95332
000013DF1E86
00002189DD47
0000216BDCDB
00001141613D
0000066472EE
000003501A55
000011C07E86
00001F01DF8C
00000BF12922
FFFFFCCEBA5C
0000105C37BF
000016699007
0000193B0635
000038533662
000031D03168
00002324AF67
000027ED644F
0000278E2356
000023F1777F
00002400578F
000023B36071
00002AB257FF
00002DC72700
000025CAA647
00002C9BF876
0000310CD189
00002AD9418E
00001B9E25B3
00001E57659D
00002E111878
000035BEB12B
00002B2F3947
0000222DB1E3
00002700D763
0000342CD0E1
000031E71F10
000029C4C8A0
0000216605D0
00001F749ED0
00002D1E5627
00002C0795FD
000017546753
0000272615EE
00002A92B2EE
000023893B65
000024355FF2
00002B1EF4F1
00001B700CBF
00001D7B8337
00001E9E7B3B
00001D65D96D
00001F5E7410
00001E35F352
00001B84EE9B
000019AF8C1A
0000196EADD7
00001B0B0C7B
00001B287F89
000018849EB9
000014F6A1E5
000013585689
000016BBC12D
00001CBEAD2F
00001E4845F4
000016FF7C86
000012B15AE7
00001B13A432
0000214478AA
0000212ADAF1
000020E5EE29
00001B3F09A9
00001B6C0AC3
0000209EC55F
00000FC666F2
000017EFD156
000020DD70E3
00001E69A345
00000C8DC425
0000179E93B8
000012CF4EFB
00000F8F7F6C
00000E0E24EE
00000BC282B7
00000E70C42F
0000116BBDE8
000013080696
000012CB85C7
0000127A2229
000014162EBC
000015285752
000014D1895D
00001379AF3F
0000128963F0
0000119B5F4E
00001219F55C
000011EFED9A
000011A17FBB
000013B11026
0000171B16C3
0000154EEAE7
000014F21ECB
0000128A0B77
000013EC8555
000014D9CFD9
00001A6675B7
000017B1D068
000013E7949D
00000B3F916E
000007F2345B
0000206A16EF
000035BAC1B3
00002D307030
00002A204ACB
0000263A0677
000022BDB633
0000251C3B6E
00002A31716C
00002FF6595E
000032481E2C
000033354F34
000036FC3A11
00003B5A040E
00003BAD44ED
000039A3A867
000039393BCD
0000389E37F3
000032EC6D12
000028CF51F6
0000249E3C8B
00002CF20887
000039504AA6
00003C152D9B
00003364340D
000022898A71
0000240D70B9
00003396B75E
00003CB29E66
00003320E113
00002E10FCD3
0000209FFEF1
0000129A72CF
000022B75A98
000039F276E8
0000307E2A4B
000033CB8B0A
0000306FB172
00002DC69F1A
00002CA2E2CD
00002CD57608
000030DEBEF5
0000358D38F4
000037E76883
00003D2247F1
000044656FC8
000045A44B73
0000427F8102
000041F0AF7E
000042CAC535
00003D1FFC99
00003370268F
0000304DACD8
0000354A2B8E
00003CAF89D4
00004174F3FA
00003B899665
00002BCBD854
00002C147271
0000401B14DA
00004AEBF878
00003C0FD475
0000339689FB
0000274170C2
00001963C5B0
000022274A82
00003470CB3A
00002AA9AF84
00002FC5F311
00002FC4C2E1
0000307C3D20
000030FBC66A
000030BFEF85
0000335DCAE2
0000359BF02A
000035727C92
00003789BBD3
00003CE98F1F
00003EDEADCB
00003C94ACBB
00003D6BF70D
00003D0836D6
00003B492509
00003AD00CE4
0000387B862B
000035F3FDDE
000037A7FD83
00003D169404
000039DB9132
00002FDE56DE
00002B1FD097
0000336DCCBC
000048D23552
000042FC2791
00003DE5530E
00002A9BE51E
000018A81F3C
00001FAA07BE
00002F60F9CD
0000210F71A9
00002459A946
0000242A449C
00002509CA27
00002D9E3143
000036C188C7
00003A85B47D
000038DA77B8
000034BB609B
000031E038F4
000031EE09DF
0000342B53BA
00003650D6EA
000039BEE950
0000373B9C9F
00003671F7B7
00003809E7E3
0000359B77C3
00003166A2DD
0000340D3264
00003C051999
00003D3C86E3
00002F28E9D2
000021A5C946
00001FBFCE23
00003A30AD6F
00004CE2F7D8
0000512107BC
00002D0D809A
000013DE7D6A
000020DEED8E
0000331CEC5B
0000219FC2BB
000021AA9AB0
00002472F0A5
00002CD2BF1D
0000388E52CE
00004213F34D
00004622D3A1
000044CD4094
00003FB2AC4D
0000395EDF46
000034A14B06
0000373BDF6F
00003D099614
00003DC9E6F0
0000387113D6
00003618D7B5
0000359A02DF
0000341FC20A
0000345765DC
000036FBA2BD
00003C39ABF7
00003F998D2F
0000393FDB54
000027515DDD
000018CD6504
0000279251D4
00004A554E24
00005AF78109
0000367CA310
000016CD4024
0000244A0B30
0000369A8200
000022349C3A
000021618F36
000028416592
0000311068FF
000034491BA9
000036E05E5F
00003ADEAEB0
00003E9FB4FE
00004114A4B8
00003F02866A
00003BCAB287
00003C7B983B
00004009AC12
00003BCDD7F9
000036311906
0000365333B7
000031ACDA3D
00002FB0E42F
0000347BA7EC
0000371291FB
000037088A92
0000367543D8
0000392A0DB9
000033A2D18B
00002238C8E8
000024BF76A4
000039D6D29B
00004C698BBB
00003D61AF91
00002350C5AE
0000251165EF
0000375D8465
000021D700A4
0000216B2E6C
00002AF4D055
000030FE85CF
000031341F3F
00003169CD29
000032000D9F
0000382E0438
00003E3274A8
00004017224A
00003DBF5B0D
00003B2C588D
00004035D61C
00003C95FA2F
000035BD4AF3
000033CC18E2
000030D745CD
000032F8EFA3
00003780A6CA
000037D807A9
000034AD2545
000034333AB8
0000385B84FA
00003C08E81A
0000338BBE65
00002D521D3B
000035A8A1C9
0000419283A4
00003FF90504
00002C20A929
000022990BE9
000035E7DC6A
0000264B9176
0000259F1E35
00002AA473F9
00002D83D2D6
0000303FF25B
0000364C1C49
00003921B61C
00003AA7B3F7
00003BA11B17
00003BD22D64
00003A3E27A8
000037E54D2B
00003E0CACDA
00003ECC28CF
000036534070
0000313C3F66
00003445E07B
00003AE32BD2
00003A59C2C2
000035ED8F66
000031CCEB49
000032F749E3
0000329568EF
0000318312B9
000033828CA5
0000391F54E5
00003B729329
0000411A9564
00003E6E721F
000027ECB121
0000204AD5A1
0000340F7E90
000029C8A85B
000029517A18
00002950ECA1
000029500AC2
00002C6F4DBE
000035359B0F
000040355573
000043182938
000040F9C904
00003D51CCD5
0000398251A7
000038961B4E
00003B6B668C
00003C459D60
0000344686F8
0000331CCF3F
00003E5152C3
000045B3FAC2
00003ED8B8BC
00003A81AB80
00003A2D9798
0000354D2670
00002AF60A3D
00002631224F
00002DAE2C43
00003ADF07A5
000042890223
000048DDF21B
0000403E62B0
0000243E8DD8
00002146B643
00003449F4A7
000029BEE674
000027BC68D9
000026FD10B2
000026D693F8
000024EBDA39
000028F051F9
000038AE530B
00004920A3C2
00004948AC2E
000041BFDC11
00003BB7CB1E
00003817E521
000033196138
00002DDD9C35
00002D2305CB
00003374F617
00003B3D449A
00003CEB0CF1
00003A34E602
00003C3BAD01
00003FA8A247
000039122681
00002AFBB6EF
000021F06499
00002BFA47D3
0000331AF982
00003707E0C5
000040559B33
00003EA5650F
00002840ABDF
000021D6C60E
00003625284D
00002B4981A2
000029A1D500
00002A2C7707
00002952836C
000025432D67
000025BBC500
00003359A8EC
00004257BCC4
00004AA1483E
00004C873D6A
000048356C9C
00003DA59F46
00002ECCB628
00002646EA52
00002DA40A04
000037044D69
000039FE1377
00003BCD8045
00003E49DE9C
0000436657AF
0000452064EA
00003EC785DA
0000325E257B
0000282ADFA0
000029D6F37C
00002A4EEE49
00002C551135
000034BFF287
00003C772708
00002A0B59B2
00001F8A2649
000035979D47
00002D24657F
00002D1FBD9D
00002CA15E08
00002EF493A5
000031FF6EA7
00002DF318DF
00002CE17175
000030F4D56E
00003B88339A
00004C80F313
00004EE2A7B1
000044F4A2A6
00003494106F
00002CA411C2
00002EC02465
000033E83CD4
00003BC9F8A0
0000406A28DD
0000429AA885
000042F13308
00004332046A
000040586945
000038786604
00002E8B63BA
00002AA938D7
000028059994
00002C3D5D6F
0000300BFB54
000036EA098B
000025E434AC
000020F04090
00003688075B
00002E207E6E
00003152C00A
0000304811C5
000033CAA804
00003C14DE86
00003966C8DD
00002C0C62A7
000024B14B8E
00002CBFC2DB
000041D2C320
00004CA32A1F
00004F4FBE17
0000473EE19E
00003C0F1A89
00002F04E53D
00002BF726A2
0000385FAE3F
0000430D103B
000042A41478
00004143B821
000042D77862
000043938250
00003BAAF7B4
0000317B35B9
00002C53BDD1
00002D12B5C1
000030A76150
00003081C3C9
000033105AB2
000022BFE639
0000251C3D04
000038298AA5
00002A3414A6
00002F745ACF
0000325DB89F
0000351D5674
000034A16042
0000369424DD
0000383B72CC
00002E6EDF66
000026EF016E
00002F108B16
00003E588698
000050AB634C
000053F8888C
00004A2F2B46
000034B702B6
000027DF3F54
00002AB8EF83
00003587F870
00003B7F1072
00003E5E98A5
00004295A7C7
0000487D808E
000045A8600C
00003946E8FE
00002DA14981
00002BB49C92
000030160597
00002D551442
00002CE964C7
0000214F576B
000028377157
00003A11BCC1
0000253AD844
00002914A92E
000030A3A1B6
000035AE47A7
000031883024
000030C77662
00003DC29EA9
00003DA92001
000029DDE043
00002243C147
00002AE40611
00004028C0AA
00004E33C696
00004C8B97D3
00003C41445B
00003042EAB4
000027F1C1D4
0000281C4B38
000035C96070
00003F70DD11
0000400FC434
00004675D5FA
000047FB2D54
00003EA730F0
0000331D2F9B
00002E12C94D
00002FFA65EF
00002C1683A2
00002968DCD8
00001F516DBE
000028A7BC31
00003CB1582E
000025358313
000023476D32
00002E05FD70
000037F16FBE
000035D9AFE1
0000357FCC4F
000038D7D359
00003E4650F6
000037602C3C
00002DE44C50
0000236F564E
00002A91F2DE
00003831C3E0
000043282EFF
00004505DA8D
00003BE74009
00002C31000C
000025E6DA1F
00002F9FD360
00003C27B835
00003B0EDFC3
00003A33D72F
00003E1D675C
000040226F10
0000394FE2E2
000030170372
00003099C385
00003069D12B
0000298F5DA2
00001BA7794D
000027553FE7
00003BA9E05F
0000261E0DB6
0000217E3561
000028DC66BF
0000385D2E21
000038FB4357
00003654270E
0000323964E7
000038A043F9
00004060F8DA
00003C530197
0000279FB804
00001D4F071A
00002598B9EE
0000352D9C8B
0000440DCA6C
000040B2B102
0000322A5C41
00002B846E99
00002FB516C7
0000373DA36B
0000376E99C3
0000391CDB8F
00003F95E61F
000041A7F501
00003C92DB2D
000034725D40
000034E4AC78
000034EDBD2F
00002D7923CC
00001CA5A977
00002662B867
000037CEB2DC
00002542E5E1
0000208A34BA
0000222423AC
000031F01520
00003E6EEFBD
00003A8C9BB9
00002C16F473
0000301E384C
00003C7D0E73
00003D6473FA
00002BF25DB1
0000210B9752
000020909585
000029B968D6
00003845323B
000038E9D3BE
000032A3C225
00002D7D5E7F
000029B5D831
00002F09B8CD
00003B20D1E8
000045380D2D
000044CCA526
00004080164F
000039EA98C2
00003338CCAC
00002ED6A5E1
00002D5E7742
00002C8C49FD
00001FE00282
000024A4CEDA
000036467A91
000025E4A3AB
000021446ABB
00001FD69361
00002B433A6C
00003FA73947
000043137B19
00002ED8E0B3
00002841ADE7
00003774BDCC
00003F1A2800
00003524DAEB
00002B543262
00002839E5B6
000029F6FE6B
000030752818
0000351C52D3
000031891118
00002DA46CA8
0000276B8158
00002BD76DD9
00003E7700AB
00004C433873
00004C1A09AF
000048EEF6CE
00003F65CC81
000035026AD9
0000285AD3B0
000022AC5064
00002BFCA94F
0000226FD8A4
000023F991EA
0000382111BD
000027C45EAC
000023ACF86D
000022B295FB
00002812F771
000039E3C542
000044081041
000036721E8E
00002C1711B9
000030E1D68F
00003EE1F594
00003AFA0DE6
00002C943FA3
00002375236F
00002927A7B1
00003377C6EC
00003C7A8C31
000035977E83
0000307C34DA
00002F5FFB73
00002F7AC78F
00003989ABD8
00003FAC48DA
000042FF4B16
00004B36570C
000048016BCF
00003814E858
0000298D2EB7
000020DAF7C4
00002CED6AE0
000023377449
000024796993
00003AA0993E
00002AC8F43D
000027A8A69D
000026473B5E
0000270C0991
000031A1D958
00003FDF70DB
00003F720311
0000356AF86C
000029373F03
00003199EBA4
0000381C00A5
0000304067E2
00002112A0A5
00002507D79A
00003A48944B
0000446D8F6E
000037030B05
000031BCE1A5
000037CFB756
000037DA5AAB
0000366B42BD
000037AA5F07
00003CD40CCB
000048A2B614
00004806ED83
000038C40D17
00002D0033A2
00002164D480
0000290FDC7C
00002051DB39
00002595E981
00003C4260E6
00002ED99137
00002B04030C
000027956F19
0000254EBA1E
000028BD0722
000039266D33
000043EFC7FF
00003D2D8D4B
000028B26D0F
0000285A855F
000037ED0A01
000039A7691D
000029F4A0D9
000026171F3B
0000353C81A4
000041C0BAA6
000038D6D3C0
00003073EA1B
000036F150C4
0000408F00CF
00004277563E
00003F6FA4A6
00003BD33325
00003AE0DE59
00003BBEB447
00003996F3AD
000033044199
000025CD6088
0000259D4C72
000019F5ADB2
00002612EF8A
00003C8AE115
000031C9EF72
00002FBDFCF9
00002A7BAB28
00002611FD54
000024878CFF
00002EDC6557
000042BA08C0
000042B5619B
00002EE8D1C5
000027D4E640
00003593DEB0
00003FE551F0
000033FF585F
000029163786
000030CB0F40
000040A38398
00003F75EF5B
00003C8C8956
00003A6AABF5
00003E8F8B89
00004D69936A
00004B5B39A3
0000392A0CB2
00002F4B41B7
000030011D55
000035B715B2
000034E855A5
00002A07D033
000024D5B38B
0000179F3F13
000028F0269C
00003F5CD740
000033B1C3D8
000033CE2810
00002E6DD473
000026D4BC47
00002386FAFE
000027782F5C
00003AF93953
000045434258
0000386C90DC
00002F8C8D75
000030F2FDC9
00003B87C9E1
00003BCF152E
00003173E9A9
00002F5AC546
00003BD2A634
000047A71490
000048F82D9B
00003A71A9AA
00003950D040
00004262089E
00004915E1AD
00003EC852BB
00003324566A
00002E022938
0000301B1EC8
00002E57D317
000025D402E1
00002580D5CD
00001C955737
00002DE6E19E
0000453B2689
0000319B024F
000031B589A1
00002DDBD1EF
0000267E79C6
00002313EE43
000022A73CCF
00002F43A7C6
000040F73549
0000416721DF
000037E58E5F
00002C55A68A
0000313C1D40
00003B89C015
00003815D3DE
00002B07D50A
0000315EF811
0000487489AA
00004E7B6350
00003B06B00D
0000321AB191
00003421EE24
0000384D45E9
00003DCEE752
000039563F76
00002D71E05B
0000280D3438
000026BFA014
0000267A4841
00002911EC04
00001F71DADB
0000338ED91F
00004C78AD82
00002FA4B1B3
00002EA1F888
00002D023A6E
000028D27E6E
00002621204F
000020B2DAB4
000023D63E83
0000350E9F38
000044054CBC
00003F4E24CC
00002D08F4C2
00002AF02CC6
000036635681
000038B71947
00002CC8F4ED
00002B5A97FF
00003E43B334
00004D842EDE
000040E25C0A
0000323874A9
00002CC16318
00003072B367
000036F6C432
0000342187CB
000026CDABB9
00002227683A
00002633EF92
00002D655D34
00002CD037EE
00001D75E226
0000346D695C
00004DE70154
00002D04EB9A
00002A195DFB
00002898BB0E
000028528668
000026EAECCB
0000204DA2E9
00001DE19560
0000283BB6A3
00003D996E38
00003FF5D528
00002FB4FC66
00002781268A
00002F5A993F
00003438BF63
00002E1CED63
000028FBC857
000030EF8BA9
00003E8AFDFD
00003E59AD11
0000349BA55A
00002A1A525F
00002A106C7C
00002C13C8A3
000028B3AE46
0000210F2C01
000023591D39
00002B5EEC03
00002EEF1134
00002D7A9075
00001CF51CC1
00003618FBC2
00004DFC46A2
000033881AEB
00002DE70598
00002972C43D
00002B87D628
00002AD211B9
000025626AAC
0000210CBA30
0000234763BD
0000329D821C
00003AB64AB1
000034A5705B
00002CA9BB0F
00002D44630C
00002DC2B1E7
00002C509043
0000276E9B48
0000291EE230
0000315C841D
000034914B83
000032A0BC87
00002E174679
000029CBE2B3
0000239C3424
0000226B8C5B
000025EEF591
00002D2E632C
00002F0FCA2E
00002CAEF5A0
00002742D13A
000019B1F83D
000030194841
000047CBA03C
00003497E82C
000030182D75
0000300FA60B
00003288DA45
00003214BF83
00002D8CA8B1
00002A1D60FC
000025734FC9
00002B95B237
0000332E4E3A
00003465D246
00002DC880E2
0000276A7AA5
00002737764F
000028C8DCE4
0000276A66C8
000025BD8F80
000027CECFBE
00002A526A7C
00002A2DC8B2
00002C428907
00002AC2ACE2
000022F8B663
000024F830CA
00002DC68042
000031B65339
0000306409D4
00002E241323
00002A7FF93A
00001904821F
000026E38105
00003FA03F96
0000312ABB80
00002D3341A3
00002F6A7B61
00003109E9FE
0000306B6422
00002D8D3320
00002A4FBAEA
0000262A212A
00002869CF8D
00002E9E891D
0000325A0A4F
00002BC71617
0000280B8F1E
00002842E599
000026D35798
0000248655C2
00002894F3B3
00002B1C3DA6
00002869A015
0000259230AF
000025183769
0000270F67C1
000027E956EB
00002A0D70E7
00002E5EB0AE
00002BE90367
00002B47CF78
00002CCE4F37
0000313EF007
00001C3C60EE
000015192E84
00001E5E6474
00001636C6EF
000014221AC5
000013214B36
000013F5521C
000013063042
000010C746A0
0000105273EC
00000F445E3B
00000F5D7F0B
0000115B7194
000014B4B81C
000011C19D28
0000105A9B46
0000109DA0E0
00000E546A4C
00000CB9E1D9
00000FBDAC57
0000117A77DC
00000F35CDBC
00000D93CF88
00000E1FB8FC
0000104D8E38
000012E71054
00001226EC69
0000115144E1
00000D2FC26F
000011E4C215
0000149DDA15
0000178D737E
00000A521E4A
00002882C93D
000022073C80
00000D9B4CF6
00000ECEE652
00000D735C3A
00000F74D12D
0000116DBFC9
000013CB920C
0000157F540D
0000157B7333
000015FAC60E
00001A940369
00001E3DC7CD
00001BDE4106
000019F21946
00001CA843A6
00001B18ABEE
00001481AF55
0000111247EC
0000153AEB2B
000019E3ABB1
00001C186EFF
00001643614C
00001092C8FD
00000EA6E31E
000018F96CE3
0000245A2A6E
000018AFCB5F
00001173F038
000022408D7E
000014AFA285
000010F264B8
0000346A7B52
00002C861FB8
000012A023C7
000010661BF3
000010C34A81
00001A3F9A8A
00001C14EEA1
00001F561654
000023502036
000023422FF4
00002188BB5A
0000265968A1
00002690EBBA
00001FF1B3B8
00001CCDFE75
00001F881147
00001D37D241
000018DED1B1
00001DCD5733
000023C93204
000023009FA7
000023A6EE1D
00001E4D39A5
000015366036
000016072998
0000287CF609
00002B67DD76
000019BDD6CD
00001465FC4C
000025B0A123
00001437DC57
00000DC55BFD
00003EF3F282
00003043C668
0000182B3C56
0000158685C6
00000FD74DB1
00001566BB7E
000013840546
00001A227620
0000223A9C5E
00002385C068
00001F651AB9
00001FC4C044
00001B862CB7
0000172FD3B7
0000190F09D9
00001CD086E9
000019CB4799
0000186DA0F6
00001B853F16
00001996360D
000017F0CD99
00002194DDEA
00002854E81E
00001EA55055
000016DE709D
0000214D38FF
000020691273
000013C5BC78
00001B33D9D2
0000276FA3BE
000020101E87
00001921E65E
000039400CA8
00002624B97E
000012770605
000019180761
0000113EED37
0000136675DD
0000114D3AEF
000017C7E6E4
00001CCE48AA
00001FB240FA
00001E447441
00001D072DDB
00001A08D9DB
00001A850BEF
00001E1A519F
00001E1B7000
00001F31D8D8
00002224711C
000020B52670
000016AEAAC4
00000E6F7E65
000015725FCD
00002707B558
00002C39530C
000028063938
000020B0CE6D
0000168F4FF2
000016ADCAF9
000032EF1DF9
00002E5FA4C4
000023B48AB3
000020E14686
00003D8DDB5D
000029D7DC30
000019880235
0000272E5161
0000223C1C81
0000291BB944
00002860353F
0000258ABA50
00001CCE18A1
00001A8DA3F9
00001A0247D5
00001B6052DF
00001F8CA2C0
000026970429
000028D91141
0000231656ED
00001EDDEA60
000022CBC8AF
00002286B45E
00001C6C8D55
000016F76F59
0000190FFF49
00001D7E2BCF
000020769F11
00001CAFE47D
00001B1C7032
00001605F219
0000237783F6
00004435544A
00002DE68B79
0000102EA27E
00001DF96D1D
0000431D439E
00002EEFB5C4
00001A6689D8
000026E9E758
00002893346D
000030FCF2E5
00002F4BC673
0000264849D2
00001B70C727
000016B6A6DE
00001807DBF3
00001A90EA16
00001C1285EC
0000237279FD
00002760E44B
0000235F25FE
000022323132
00002624D84C
000023B11EAE
0000232734E4
000021FF63AC
00001FFA7A97
00001882B4DC
0000153A13B5
0000138A4C51
000015908244
00001A14C6ED
00002FE3BE08
000046D884AB
00002F4F1D97
000008CA9B6D
00001E507D7B
000047B23A21
00002D40848E
000011AFEAB4
000021479237
000024979FF0
000024CB9F7D
00001F3D687F
000021464264
000029129090
000029FBCDBC
0000257CECE5
00001C9D4605
000014C43F7C
00001C1B65CB
00001F8BFF0B
000018F9E5E9
00001BD2CE47
0000212254E8
00001A505DFE
00001FA68EB5
00001DCE0E7D
00001A89B43E
000018AD63BC
000018073EFD
00001761951F
0000136C120C
000012365231
00001D060709
00003BB61757
00003D3249B1
0000262E3E6D
00001E244226
00004620690F
00002B9F8315
000011A06712
0000206FB95D
00001AC3D9D8
00001110A67E
00000E2B9800
00001C60E06D
00002A1B5FE2
0000328AF9BA
0000343595F2
0000298DAEF7
00001A5DB54C
00001D2F4D64
00001BDF5CB5
00000EFCB7CD
000010C54663
0000194AFB24
00001ABAC66E
00002191BABB
00001FBA945F
00001BE5FBD4
00002179D817
000029FB7562
000026FB60AF
000018DA109F
000015DB0C61
000011CC9F0E
000026F5C25F
00004267AC40
000040669C61
000019954785
0000420AA2E1
00002CE8F058
000015A25AA7
00001D3267DC
000015BDAF0F
000013119015
000017ADC5BD
00001F3B8F98
00001CFCEEEA
000021541644
00002D1DBDD5
00002D19A3BD
00002307FAC3
0000219A2BC4
00001BB8FC87
00000F05E0A1
00000EE0A130
000018B6444C
000020D99A1E
00001EABE4CD
00001A4E37A0
00001C8DED79
000023B5A175
000027987273
000025E6ACCD
0000234DD44B
0000255288AA
000018208EE6
0000162563F0
00002785AAE9
0000301A58A1
000021BCBEA5
00003EDB3DE5
00002EF7A6EA
000017ABFCF7
000017DCDE41
0000176B7945
00001FC56D98
00001F487ADD
00001C1D7750
00001C0B21F8
00001BCB5573
00001AE49327
00002799560E
00002EA3A5C1
00002D3B7DBD
000023D9F029
000014F9F931
0000174D7C73
00001F956C76
00001CB81CD3
00000FA742EB
0000108B568D
00001FCFDB6A
00001EBC6C54
00001768A095
0000140764C5
00002ADC2AD3
000031EE7C64
00001BDB187E
000011F771E7
000010800E6A
000011879C71
000025B4FBFA
00003DCA4267
00002D1EEACE
000014DBE966
0000199D4E5E
00001C3C92F4
000024183A74
000020E388A7
000023CC09DD
000029A44D02
00002235218C
0000146E6772
000015EB861B
0000231212BC
00002C03D746
00002A7A230A
00002785A525
000028F097F0
000023D38822
00001B03304A
000018C64025
00001F0133C3
00002922B641
00001A74B0D8
000010DB3E5B
000014BF76E8
0000241A2EF2
00002D78E705
000029511291
00002156BBC5
000021F0B3CB
0000174EB756
00001CB18CCB
00003F2839D4
00002C0E596D
000014C3C20C
00001C786A3D
000019CFDC73
00001F70DAB6
000020CD8FB4
00002E839734
000033D41AE5
0000250FC858
00001C29B275
0000169CC971
00001183EF88
00001A8AEA68
000024C8A513
0000349CF0E0
0000320676C0
00002405EC0D
000026C5B0CB
0000288893F2
000028285645
000027095486
00001F4C3432
000019A8CDAE
00001E642042
00001FE340D5
00001D1472B7
00002082AAD6
00002856A978
00003561DF40
00002B770AA5
0000124524EF
000045B4E298
0000359E76D1
00001A3E40F0
00001C640F87
00000F5BEE72
0000199514AD
00001FA5120E
000023805E5C
000025BBFFDE
00002A91A383
000036953C20
00002E87A747
000019EB4C0D
00001366632B
00001E1F27C1
00002ADFCE63
000027900B59
00002853F6C0
00002B92DD39
0000278298CA
000019484A6B
00001C9D7742
000024951F2F
00002413A69D
00001C888648
0000186A887B
0000126BCBBC
000012AC7825
00001F657DDD
00002B25ABA5
0000292DB677
000012C90350
00004A1F71C8
00003B3C4DC7
00001A3C9852
00001A202B97
0000148A82A7
00001BCFAC7F
000016B1E0CB
00001486461D
000016C2F324
00002E252813
0000430BADF5
000039C9D094
00002E90347C
000025B9F02F
0000166F8E06
0000135047F8
00001A7C27AA
000028DB3962
000027EC69BF
00001C4430F0
0000121E8358
0000163104A9
000022AF72D5
000026EA4FF4
000020021332
00001922EC02
00001878656F
0000188F9270
00001C081FC6
000017FB7170
00001DC34DE0
00001BD1BBD7
00004BDBC86D
00003597FCE4
000014BDBDC2
00001D5D5854
00001F55C77C
00001C08D083
0000145E6585
00001C059EB5
0000201047DC
000021924114
000029BDC827
000033DCFDCC
00003D07D20B
00003737B413
00001C43535C
000009331F0D
000010EC9B61
00002408FC41
00002FCEDEA2
0000286ABFBD
000027587169
0000209347E7
000018235BE1
0000183FCE23
0000162B2AD6
000015CC8587
00001B8A2252
00001E0C1185
00001998E96A
000016A3F658
000018F2D164
00001DDE7619
00004CB43055
00002F52F8BB
0000119F05B6
000020509294
0000222E9BD3
00001D4CE7D7
00001650BD64
0000299FBFC3
0000255ECB02
000014544C6E
00001471E23C
00002BAC24F4
000042ACCEC4
00003D904AA4
00003194E846
00001EF89F4B
00001871FF60
0000201AEDDE
0000241BF513
00002B006406
000031FF6123
00002A8F8987
00001A92BCA9
000010D314DD
000015E9FD16
00001A5D5E99
00001BA57B29
00001AD8773D
0000156DA086
000018F65B79
00001665E308
000016D14B3E
00004D6E06E2
00002FF9F861
0000131070E9
00001E0165A1
00001EDED857
00001FDF5076
00001B08B6A9
0000288F1BC2
000024E772DC
00001BED9337
00001E266C98
0000206C9C4D
00002C0EF6C1
00003A729ABE
00003F68005D
00003C7FF161
00002B7C7329
000016C5BE5B
00000E6120CD
000017B1853C
000027D69E02
000029C6493A
00001E195C43
00001DB988EF
000029BD0B3E
000024F79074
0000194BD555
000014989BB9
00000F010A45
000017A5A6F5
0000131641F7
000014D7C7D3
00004BA34C2A
0000326F9CB6
0000188C09C7
00001F1B5F1C
0000191D2775
00002056922A
0000239D9C3C
00001F97832C
00001E26AE2A
00002D268127
00002EC4990A
0000172B3102
0000147C48AF
000028ED713B
0000371A3C5F
0000495D3B11
00003DD29002
000017B492CE
00000C0E8422
0000155E8484
00001A485779
00001DF25C53
00001F74517A
00002A9FF281
000030ECF05A
0000287A5658
00001F9FCF9C
00001C91AE19
000015A05DAB
0000181BAD55
00001379A678
00001A41806E
0000472AC798
000034112348
00001D50E281
00001F484D7F
0000133D2556
000021BEC340
00002B42D4C0
000019A19356
000010DD109C
000032A6557C
0000386D71BE
00001BE903A2
0000110CE326
00001DE3096F
000025A3FEEB
000030EE5316
000039A0525B
00002BA5DD37
000020137A16
00001E8D6E5E
000014B31B5C
00001B32B434
000026740FD3
000023F8AE51
0000198AD17A
00001F82B0A8
000026832A0A
00002482BEF1
00001A8B3E03
00001C578EB2
00001B0D708B
00001A743E51
0000446815B9
00003244750E
00001BFD6AAF
00001C30F49E
000011C9C742
000021B98614
00002B3FA1FD
00001A1CED49
00000F8BC51F
00002A556C6B
0000346D5D73
00002CB8C528
00001EC220BF
0000189D9496
000012EB8F38
00001D884C4E
000027BB5BE4
0000329C8F20
00002A61EFB3
000027BF0E3E
00001DC9A04F
0000255852FC
00002883A023
000013EBD0AA
00000E5B25BD
0000190D89BB
00001C16D3A0
00001832DA00
000018613D63
000025062BA1
00002303EDC9
0000179DEB9D
000045D7CE2A
00002E5C055C
000015A78BE4
00001A688439
0000164F8057
000021248944
00002945BE93
000023F76869
00001DDA5131
000024B95103
0000228B46C1
00002E0C6C10
0000323A1CF2
00001F6232DF
00000F7AFBB2
000020DE19A9
00002C3ECBA8
00002210037C
00001C5F4230
00002514F691
00001DADDE66
000023A5CC9C
0000287072A0
0000218052DA
0000276731A2
000028E7DF48
00001453DE21
00000B1DFA54
00000F9F7B79
000024EE0CE8
000024C58CA4
0000172BCC13
0000471B0863
00002DF3A2FF
0000127DD6A5
00001C5F7783
00001A125725
0000215D9C7B
0000223C349F
00002B115AE7
00002BD27BC0
00001CFC75F3
000017B0EDC0
000028FFE7E4
0000390E0FA5
000025DC09F6
0000126B708E
0000296758C7
000027F1FC67
0000107BF555
00000CE42270
0000227D23DE
00001E87DBE9
00001D2D31ED
000021019106
00002CE3AEC0
00003A7BE2CD
0000304E2C2E
00001D191162
00000DECDF86
00000FFF0A3D
00002155C8EE
00001E284EFC
0000155DCD1D
0000458AA8E2
000031C5F86A
000014045687
00001DCD2E27
00001A29FEFE
00001D1292F6
00001A67CE0F
000029665101
000033FDFA85
0000166DF1DC
000010EC66A4
00002724EA2F
00002DA6424D
000023C6C748
0000112A6797
000024F81871
00002AB753FA
00001C8566D1
00001E430772
000027EF4527
000021124873
000021AF42A7
000022609198
000025858019
00002A1FE9B3
0000317CB4C2
000030E039C7
00001C0FC0DE
00000CC7C114
0000147E2393
00001275169A
0000184F6811
0000479EFEDF
000038B3535C
00001948EA07
000020788D5B
0000174DDF29
000019350F18
00001941B3CF
000023678A54
00003135231B
00001DE22EB7
000012A2B3BB
00002B162104
000027441DC0
000023D7F5F2
00001B0E4637
000022D12CEA
000027F2120C
00002B7CD81D
000039FB87CF
00002F9D6655
0000202B3911
0000280918B1
000028F07BF2
00001C7A87A8
000017BCBBCC
00002A439C81
000036C489B6
000022FE68D2
000013B4FC65
0000133A5A29
00000C2BF005
00001BFA5CD3
00004E78C723
0000421EE895
0000203145D5
000023AB8F2B
00001347FB32
000015F936D5
000018E34659
00001FE6ADA7
0000283663E4
000027BF1822
00001F789057
0000256B365C
00002247FA67
00002880896C
00002AC52EAA
00002006152A
000016282C02
0000292819C2
00003D7D218F
00002950B8F7
00001BACD1BA
00002C27AD4B
000030FE134F
000020569F7D
000016E9B58E
000011EA12B1
00001BC03744
00001E0003EA
00001B8963AE
00001E21CDCA
00001156AAEE
00001615CE94
00005B00C367
000045A4BD66
000020E6348B
00002562D55E
000016CC4685
00001852DEDC
0000188DF4BA
00001CC2BC31
00001E45E4AF
0000290097D0
0000298B068F
00001B9D70F5
000018B8A603
000026EE72F6
0000302EEF66
00001C9EAC68
00000FD04391
0000252A27CE
00003785BE67
0000234C5BB1
000014A9B1CF
000029CA610C
0000365761B3
00003414422C
000023394F08
00000B285977
00000AC71D11
00000E26EB85
00001CA5C6EC
0000259F8830
0000190CC3E3
00000E211011
0000656D0A1A
00003E6DB7CA
000013EF3384
00001F657E00
000016971ACC
000017D60E95
00001325C15E
000014182656
0000143E2174
000022B98937
00002F50E136
0000140FC505
00000BA0BD73
00001F721213
00002B93D7AC
00001C1C784B
000010F5C411
00001F76A226
0000300DFEE6
0000262B1A80
00001CF74E18
000022FDBC4C
000021ED2536
0000277337DB
000024AF72BB
00001570F146
00000F314341
00000D27E684
0000149FC999
0000187258D6
000012A5FB98
00000CDD2D74
000067C83CA0
00003D7A4387
00001A1948F9
0000286D20F6
0000242BB925
00002652374D
0000225AA85C
00002289AB6E
0000251AE04C
00002F32334D
00003F11CFE6
000029249B40
00001D646263
00002D833D2C
000033114F6F
00002CC88E8C
000023AC7A19
00002D7C9734
000034E289AE
000034AEED06
00002EEB3E21
000028A87599
00002068B5EF
0000205EE281
0000275E9098
00002577BE52
000027641D26
0000285CCCE1
00001D1CFD16
00001B8A8F7C
000016BDE883
00001C850450
00005D68B6DA
00003C233751
000026BF6E48
000029CE5D2B
000022283A53
0000262EEBAB
0000235F4E22
00002224E2B2
0000252771DD
00002D77F184
0000356963AA
0000306C962C
000028E1E867
00002C9B0BB8
000022C49798
000026D2B7FE
000025DCF116
00002D0E9DBE
0000290B4208
00002B05427D
00002E21B6C0
000024F3AEA1
00001CF64629
00001B7747DA
00001A3AD7CB
000023C5A574
00002B54C51A
00001BEFDA08
00000FCE8007
00001E04D8E4
00001E37D50E
0000226B111F
00004C903559
0000345FB38B
00002689D751
00001FD605C4
000015189DED
0000164FBB0B
000016AF4A0C
0000154CAF76
00001402A984
00001954F6C1
000020E8DAD5
000028611C03
0000248D8DEF
000019C6F42A
000012E0450C
00001AAF4AF1
00001CBAE682
00001B560115
000019743D47
000019B80075
00002164F752
00001D4430E4
0000136D1B6B
0000141C3D02
0000100379F5
00001932927B
00001C1A676F
00000B498CA7
000007980002
0000198B049E
0000134A103D
000017165367
000044824A72
00002EF511B9
00002455753D
000014E3CEF1
000009A73FB3
00000B736247
00000D3EB5BF
00000B86D7ED
0000073CC054
000009E13C57
00000ED8B4C4
000013BF5229
0000151C11A9
00000E3AE580
000009822916
000009E4C773
000008D3A0B5
00000CDB4ED6
00000F451E6C
00000B0571B9
00000923AF57
00000F714D49
000011F0EB0D
000010B183F5
000009EB41C1
000008662718
000006514A21
000002D766E8
0000091C3CC1
0000145BCF75
00000FC6D013
000003EFB242
000030D2B67B
00002C0B45A8
0000251DF45B
00001BBF4A00
000012BCA224
0000124C3260
000010F94771
00000FE4AD21
00000BF644F6
00000BF39762
00000DAC45E0
00000CC22302
00000D613862
00000FB02418
00000D770F09
00000A00B6CA
000006CD6E48
00000F2F9AEB
000012F98B56
00000ABB491F
000005E4B2DD
0000095FB9CA
00000F0BB004
000015D1D857
0000133DE8F8
000008F602DE
000005FC199F
0000090925FE
00000DF7EE11
000019C837EE
00001A0C6855
000008A948AA
0000153C8E24
00001C898AF1
00002440B15A
00001801AEC0
000013481E8E
00001294AE5A
000012BE15D0
00001A905CF0
00001CD63EE7
00001CEEF02C
00001DAEF474
00001BA99A57
00001BFAC293
00001F5C381B
00001F7AFC22
00001C56CBBA
00001AF45167
00001DBE837A
00001B4543A7
000013D0B454
000012DC1EFA
00001AA6F06D
00001DB4C6FB
000021F0C51A
00001B9F6458
00000F590EC0
000008E4113B
00001C3F40DB
00002372650B
000018FFCD55
0000090F6AD4
00000BAE628C
000012EB352D
00001BE2F6E4
00001FB23C93
00000AF4AC39
00000DB68222
00001C271818
00001C4ECE03
00001C0945A1
000017B509E8
0000160713B1
000019F41311
000017B96EAC
000014DF580F
000016D6A2A3
000018BA8F6F
000014C79FEB
0000153BEDB9
00001B904B11
00001FF329B2
00001C8957BC
0000174D0454
000015680C83
00000FEFC78C
000017406090
00001EBDD4B6
000012DEF257
00000A86C463
000012F0FBBE
000021919CA2
0000135614AC
00000BC476BC
00001467E297
00001FC031B9
00002DB91B69
00002F5359B5
00001D24C618
00001EF2480E
00002F400908
00002C227CAE
000029EFF178
00002599923D
000024CDE1B2
000028C620F4
0000282A73B2
0000277332C8
00002C5A9DA2
000029E50348
00002425D1EF
000026B737DD
0000276EE1F2
0000254AD0BE
00002A0660FF
00003065AF4B
00002BB46A3E
00001B634E59
00001D70A400
0000253A2F7E
00001C2B8BFE
00001AC7FAE6
000024F400E7
0000233AD648
00001C4E28E6
0000151EEC2C
00001505E392
000017F1F14D
0000275A871F
0000253D4B91
00001727A47C
0000162C7749
000014B6DBB0
0000134CAD80
00001D556739
00001F054A30
00001A389691
0000170D39DC
000014A88934
00001123D793
0000161791DC
0000135AA89A
000014731157
0000148E62FA
00000FBF6335
000009428ABA
0000137360BE
00001C9750F6
0000161B0447
00000FA16987
0000134B31FC
00000FBCAE9A
FFFFFDFA2CDA
FFFFFD31873A
0000088E8044
FFFFFE85A336
00002A51152B
00002C84D477
00000D197535
0000183379B2
00002C92FD7E
0000198508F8
0000067C1061
00000181A5E6
FFFFFFCAEF7A
000000961989
00000BB8A849
000013D6FBCC
0000152BCD65
000013340556
00000FC182BB
000006E0C248
0000031C7992
00000114C29D
000012FFCB93
00000E0C0F14
000003FFF43C
0000011E3BF0
00000AFE9CAF
00000C5C2A84
00000E68C70B
00000F331B3E
00000E8CCB70
00000F136E48
000002AC93F4
FFFFF98FEABF
FFFFF863E2A0
FFFFF06451CB
00002500E535
0000446A6007
000011957A6F
00001C1EFE97
0000303EB236
00001F34C1DE
00000489CA2E
000002072809
0000124E9C0B
00000FDE57C5
000007E07A6A
0000082F1868
00000C630C67
00000D32EE26
00001145E097
00000ED24256
000007529CBB
0000098505C1
0000169A78E5
000008BD3CE0
0000023C9FA0
000004DAB0C4
00000C96C0F6
00000B2871B9
000008818C01
00000C7A462D
0000092605BD
00000975A36A
000013F26B43
000006B030C1
FFFFF2CB5B29
FFFFF1777867
00000163C807
0000236367EB
000018872720
000019C7DF49
00002687BA0A
000022DEA62A
000004BDB6F8
00000323243F
0000136DC345
00000FF110C8
00000125045C
FFFFF8209D36
FFFFFD87557B
000001B977A6
0000082567A9
00000FCDBC6C
000007DF4A13
00000B941FCE
000010AA9AE7
000004C1FABE
000005D92645
000003EBF02E
000006001E7D
000002EEA7EC
0000025EA108
000005ABBCEF
FFFFFF1CE050
FFFFFECEC1FF
0000068ABE2E
0000048A1790
FFFFF3346016
FFFFF319B3C1
FFFFF7AD08F1
0000051169A0
00001E352EEB
00001AAF7E80
000020245C2F
00001B464E85
00000459BAF6
000009EFE41F
00000FC5555A
000013FAA143
000015A89F22
00000B28C615
000005B517D8
0000023FE3E7
00000399DCC7
00000775818C
000003F832FB
00000A484490
000012E4069A
00000FE94600
00000B45D4E0
000000CC0FB8
0000122C844B
00001687C551
0000103D6559
000005372F53
000004F81BB4
00000364AA98
FFFFFEB54C6E
FFFFF4F93607
000007891601
0000090D4520
00000E888FC6
00000378FA58
000020BBB2A7
00001B073084
00001B45E2AC
0000134386F8
000003D99BAA
00000DB07862
00000A99E953
000009FF88C4
0000165047B8
0000159F1EB2
00000F4A26F6
0000055D5D93
00000638772B
0000061E7788
0000032561D0
000005580656
00000DAD69FC
0000135A8729
000007BC897C
FFFFFDE4091E
0000190E0A3B
000024146C1A
000010A2CC44
00000252E9E3
00000F125C22
000005A926BD
FFFFFE82904F
FFFFE93535AE
000002713407
00000EFB766B
000012FBF0A3
00000B6BB567
000026575655
00001852D8C8
00001E7BF9E5
00001A3A5C7D
0000086AABC0
00000C9C0E4C
000010A51F63
00000D3ED0D8
000003866810
00000397B020
00001296FC3C
00001475D3AD
00000BC7354C
00000528DA22
00000A3C8856
000010291395
000007D6DFFC
000002D2BC1A
000009CE99D6
00000C307529
00000AFC77B3
0000107040EC
00000F57AF58
0000113517A2
000015E91085
00000BCED409
FFFFFFEF3AFB
FFFFF3E96C17
FFFFFE38E5E5
000006E0511A
000007772F62
00000CB17C40
000033BF1994
000015AEE4AE
00002247292A
0000231813B7
0000103A5A5D
00000D14C894
000010A63BE1
00000E439420
FFFFFD52218A
FFFFF1CBCDB8
FFFFFE60E8A9
00000C240096
00000D9528E5
00000D438A99
0000169ABA8D
00001915F2F4
0000060AFFA1
FFFFFB027324
000007AA3206
00000CBFCC17
0000042D88B4
FFFFFB0312A2
000004F7D9BC
0000107548CD
00001220D11B
00000A2205DB
FFFFFB824B87
FFFFFD51B8AB
0000010CA3E3
000000021370
FFFFF52F7F21
FFFFFB4014CA
000029B307CB
00001792E3F0
000023145863
0000220B0E85
0000135935EB
000011D46537
00000EA0A783
00000876406C
00000561A5CD
0000001E0A89
FFFFF78AE60B
FFFFEFB0D8C0
00000385D14D
000013471BFB
000017F3ACFA
000013133ED6
00000C537B62
FFFFFDB9421E
FFFFFB4E89BE
0000062D2190
000012792D72
000004FCFAA1
FFFFFDA8966D
000001088DB3
0000064E4156
000003288CAE
000004BA49D0
000007BEFA30
00000C935C60
0000043A2BCF
00000404E6B7
00000065005D
0000193A2F1C
0000193E7D20
000021F04256
000017E3A738
000009B12C4D
00000F384BE8
00000D62ACF5
000006A7B106
000015CEB0F8
0000177C3A8B
FFFFFD5978E8
FFFFE4C4D634
FFFFF04A1045
0000000BBD0D
FFFFFFA5C463
FFFFFB7FAC3A
0000056200AA
00000C684938
FFFFFFC30CF1
FFFFFB0920B1
00000A6D30A9
000013E3425D
0000013D23B7
FFFFF9AE90E9
FFFFFECF1D13
000003576E9E
0000059479FC
00000791C88B
00000DEBC654
00000073F6AA
000014E10A4A
0000064415C6
000015670604
00001A103AD8
0000261F72DA
0000181EB224
0000002FDBE6
0000017B3AD9
000010991E0F
0000127F0B06
0000118E16D7
000016E8B3BE
0000107676AD
FFFFFB708A3A
FFFFF05EE222
FFFFEE961C3A
FFFFF9AFE2AA
FFFFF3077042
000006F6F964
00001341EF5A
000002F21DE0
FFFFFBBCD4E1
000005C27F5F
00001399EE33
00000FBE893B
0000058DB532
0000066918A3
00000FC75ABF
00000C13A10C
000005F00A13
000006A56064
000002EF470F
000019D7E4DA
00000C3C165D
000017DB0FEB
00001BB88C79
000029D16918
00001D8B5027
0000030EDD0B
FFFFF65E9CF5
000006246D40
000010DAF927
FFFFFF28A3DA
FFFFFC2A4F57
000018FB23DB
00001BD40F63
FFFFFD11061E
FFFFED588B18
FFFFF5E7AACD
FFFFF83A4523
00000028B449
000006A5D591
FFFFFB40C65A
FFFFFB389329
FFFFFEC140CB
000005CE6221
00000A016CF3
000005A320C9
0000085BBCD1
00000DAA496E
0000130929AA
00000852BB70
000005E08BAF
000004E419CF
00001652BF01
00000CF9D869
000013A50DC0
00001BA2BE78
00002C276152
0000234B3F1F
00000920CDD0
FFFFF9945C30
0000052D5E7C
000012FE308F
000007CEFBE1
FFFFFA607DEA
0000039322E9
00001BA2340B
00000A7719E6
FFFFF8469BCA
FFFFF0E8F680
FFFFED978A77
FFFFF8AFA7BE
FFFFF90750BE
000004D73ED6
000009F21E7A
0000019D84C2
FFFFF7EDE053
FFFFFE45147F
000008724C58
FFFFFDA1D08A
FFFFFB188EDC
0000133EFBA4
000013ABB006
00000AF3286B
000008044220
000016160E44
00000FFB6699
000011C80CFE
00001B43AB91
00002B45794D
000023F32682
000009943CA5
FFFFFDA46A1F
00000898966B
00000BACF63B
00000483281E
FFFFFBB33E5F
FFFFF07A0BF1
FFFFF26B43F0
000017791868
000012A00705
FFFFF7877D62
FFFFEAAF8CB8
FFFFF46A38CE
FFFFFAF800A3
00000AAD85A7
00000EE44B14
000004FF97A4
FFFFFCD118CF
0000036BC19C
0000098C6AC8
FFFFF388D3B6
FFFFF5414A0D
00000C6D5F1A
0000158A1725
00000B3B08CF
000006D6F461
000014273EC4
0000165C7AAC
00001A440D1B
00001C343059
000024B1C530
00001E3F50A2
0000089B6FD0
00000210CC52
0000041B1FDC
FFFFFFDBF6E9
000007B4B28F
00000137AC03
FFFFFC345A6F
FFFFEB50D550
00000FEF5DFA
000025A3540E
0000058AA3AC
FFFFEEEF4A0D
FFFFF34DB86F
FFFFFB7C193B
0000000360C8
000000A8A142
0000074E92B6
000013E2406A
000016E193E1
00000F9BB9C9
00000B1A2A77
00000460FB87
0000040ACA87
000008DA796F
000006FB66D6
0000040D9396
00000A40741E
00000925CDB7
000025FFE5FA
00001D31381D
00002258332F
00001BFEBBF1
0000079FA4E5
000005FDF789
0000029F76EA
FFFFFBFC905D
00001020A471
0000147887F4
FFFFF9A77E61
FFFFF2C4BB6F
FFFFF4704294
00001332E8AF
0000073F18DD
FFFFF879A18E
000002057E80
0000001B2D9E
000007722DC5
FFFFFCD4312C
FFFFF8745F04
00000A0E7B7F
000010F438C5
0000021790BD
0000102E2AB4
00001712E3EB
00000B44FE36
000002848BE6
00000B6821CD
0000044A294A
FFFFFF87BC35
FFFFF4590573
0000261E5AA5
00001C831263
000026109D0A
000023A21566
00000B64C7CC
000006DB54D8
0000074F6230
FFFFFE20E5CE
000001CCCCC1
00000FE7FA2D
FFFFF1D9801D
FFFFF3270F7F
FFFFF890BF97
FFFFFDE11ED4
000006622CEC
000003DBC663
00000DF51E02
00000B6731F4
000022213728
000013414DA7
000000D4AF79
FFFFFEE2403A
000002C65B41
000001DD21DC
FFFFFD2B5849
000006C27E6A
0000159401D7
000017E8D4E4
000016FACCAE
000008608717
0000063EA8A4
FFFFF54809C3
000024FB32C9
00001996A47E
000023FAFFBF
0000295B5C35
000012BDDC27
000005F25AE4
0000051B9426
FFFFFD935DA8
FFFFF9B90FDB
FFFFFBBF9803
FFFFFE773975
FFFFF6668899
000005F94C1D
FFFFF61F0AFD
000008650497
0000037FF14F
FFFFF71BB99F
000001673943
0000248F9553
000025106559
00000A10CF3A
FFFFF5CA6561
0000086837AF
0000134D9A73
FFFFF983B727
FFFFF1800E8E
000002F29F25
0000116C3DF2
00001328E722
000003619839
000002A38714
FFFFF934012C
00002401794E
0000158AAC3C
00001F0837C1
000024457124
0000150C8E67
00000982AD08
000006AE6767
FFFFFF638317
FFFFFE452118
FFFFF98962CB
00000BCBFE5C
00000358666D
FFFFFF0C6546
FFFFF8AE7B6F
00000D774B1B
0000125996EC
FFFFE7EB8EDF
FFFFEF96A70C
000003637947
00001F64EB36
00000BF51EB8
00000220CD7B
000019B2D072
00002197390B
00000D9449AC
FFFFFFDDB190
FFFFF9222490
FFFFFF184433
00000B01AB3A
00000257C7F1
00000113BD9E
FFFFFF985A57
00001D446525
0000165A5BBB
000020085C38
00001E742AFA
000010165FA6
00000E1E3DCC
00000A3D2ED8
000002CA214B
00000025A446
FFFFFE1E78E8
000008075A68
00000DE71E28
FFFFF25DDFED
FFFFF9CF2F21
00000C379B12
00001C562F42
FFFFF04E68C8
FFFFECB108E8
FFFFF27914AB
0000072A9084
000006E8CEC2
000001CE3592
00000A977688
00000BE16EC3
000014DB3CCD
00000FE809CD
FFFFF9D1C37A
FFFFF68406A9
FFFFFF478021
000005B1C9D5
000006F0E659
000007B3D382
000016F28B8D
00001AB6FEFC
0000221A49BD
0000196BBFC5
00000B397092
0000135A13C2
00000DDEEB0F
000001D960CB
000000A1F84C
FFFFFB3F7419
0000001AB925
000006FE9201
FFFFEC89B5D4
FFFFF3F11156
000003747FD7
00000BE00A5C
FFFFFEA391D1
FFFFF56405AE
FFFFFDC86DFF
FFFFFA57FD04
0000120927F4
000009F4F8A7
FFFFFD6648FB
FFFFF604E09E
00000C84970E
0000143D1C28
00000697B146
FFFFF8C56AF9
0000003B6496
00000CF3E1B3
00000FD08CA8
0000099B611C
000016F3A223
00001974543F
000028033A61
00001A3476E6
00000457E791
000012D68CD9
000013163A42
0000010D3950
00000189E8BB
FFFFF8109139
FFFFFCE5E026
FFFFF9B6DD54
FFFFF5B99EFE
FFFFF17F5A78
000000C5BCBB
FFFFF6C0EDA7
000010FCAA0D
0000098B877A
0000068C9D94
FFFFF32AEB24
0000182CAA34
000014BCA8F8
FFFFF58B8A6C
FFFFF2F631B7
000000599D72
000009D7B26D
00000C293FA8
0000065326FE
00000F0BD407
0000092AF6AD
00000CE92C6A
00000819B505
000012E5158E
000018841D63
000034383CFD
000020E25BCE
FFFFFC1CBFBE
000009711AC1
0000128C656E
00000600E599
000002EB9A73
FFFFF87FE02E
FFFFFBF8F346
FFFFF7EDA474
0000098BF3B5
000001A5F160
FFFFFE69E671
FFFFF6DD2E31
000017961898
000010E868DD
FFFFFE430EA3
FFFFF7F26CB0
00000AF87DCC
000014599005
FFFFF5CB3520
FFFFFBE1D53B
000008065218
00000DB0DB90
0000088FB6FF
00000C2646A2
00000FF53728
000004B343CC
000013099A1B
00000F1DE854
00000F8F4ED8
00001B1C9C18
00003952A92F
000028493D81
FFFFFD66CC8D
0000044A0D50
000010F53780
00001055BACB
0000057733A9
FFFFFB8E6D74
FFFFFD1C04F6
FFFFFD8D1EA9
00000AA5CA81
00000A501246
FFFFF507BEE7
FFFFFEB9B183
00000FD3EE5B
000006A72F14
FFFFF535F71E
FFFFFA10E4FD
0000060706DA
00000A7A8D79
FFFFFE647BE3
000004912D00
00000D9FC1E4
0000117AC442
00000270172A
000002EC073F
000000C574A4
00000280479A
00000D77333E
000014085998
0000145EC5E6
00001DFB9155
00002C453883
00002556B9E0
000004D9BA48
000007AA58B3
00001432697D
0000188F72FD
00000DDEF62D
FFFFFD099773
0000002D24E4
FFFFFFF8EB9B
000002D40B05
0000008CC54C
FFFFF45C2BB7
000002F34EBC
00000AE3208C
FFFFFF79183E
FFFFF87E4F40
FFFFFDF36EAC
00000605E9FC
000006507205
0000014133BA
00000645C217
00001086E653
0000118650DF
00000C43A5F2
000004663C65
000005957314
000005801DF1
000004191B59
00000DFC91DD
000018B5A15D
00002601DFF7
00002A7CF88A
000020FF498A
00000586BBB7
00000C2C85C7
0000136F4FA9
00001602D802
00001278FA6D
00000466299A
0000026D1530
000001833048
000001B43F16
FFFFF90F91C9
FFFFFB13111D
000006954A33
00000CCD5EF4
FFFFFEB9F3DB
0000019894F7
0000049198CF
0000060BB5D4
00000D054A01
00000B375EA5
000007CE703C
000010D46651
000016B26C4D
0000105F17CA
000004C7FC60
00000ABFB897
00000FF1C925
00000965938D
000000ED279D
00001105DF3A
000027B62808
0000311EE287
000027A7DC35
00000F1EE747
000015D02980
00001B7D3AB2
000019B11815
00001A323E42
0000150A9FC7
000013A20440
000012ACD0E1
0000168D03CC
0000139A463D
000010822E7D
00001556EC78
00001A1878B7
000018D36E11
0000178B511D
0000165A12A6
000016E46E2D
000024A5B35C
000028634CCC
00001A51951A
0000141DCEBD
000016354C7C
000014F9C8E8
0000153242C8
000013BB4779
000023CD3B07
00001730AECA
0000096E0A5B
00001E83243C
00002C6A4FAD
00002A1952FB
00001F565005
00001477AAB8
0000149E5724
000012AB5F75
000011698F6C
0000125F90A6
000010ECDFFF
00000F738464
00000CF75EF7
00000F60D466
0000186E4654
0000141B1918
00000C1B84D4
00000D767350
000018CA0333
000015A808F2
00001148EBE6
00001B3E2D57
0000266F8EC7
000022C2EB36
000015FBB76F
00000E778481
00000982AA8D
0000100C0A0C
000015B29160
00000E876E5C
00000B01B195
00000B2E602B
000002F33A17
000017425AF7
00000DB82749
FFFFF8FA6BBB
FFFFF5770A1A
FFFFF3B3428A
FFFFF6F81814
FFFFF61A2D7B
FFFFF9E096F8
FFFFFD7E3184
FFFFFDD58602
FFFFFA4CACC1
FFFFF63E30A9
FFFFF4D1E1D9
FFFFFFA1E1F0
000005A5F2EF
FFFFFC51AA8F
FFFFF6EC2204
000000180E64
0000051E7D82
0000027D557F
FFFFFEA013AB
000000C5878F
FFFFFD798FB8
FFFFF65FD235
FFFFF4D7E3EE
FFFFF236366D
FFFFF49648F4
FFFFFFD0D5E0
FFFFFFCE0282
FFFFEA345AF4
FFFFED2405A0
FFFFF640F05A
000005C19041
FFFFFAAD246D
00000D8E1F93
000009F53BB4
000000F6D609
0000020D76BE
FFFFFEED8E55
FFFFFFD838FB
FFFFFF1CEC5E
FFFFFFE9E8CD
FFFFFFDE8386
FFFFFE5E4713
FFFFFCAA5033
FFFFFDC18068
00000131430A
000000A6E45C
FFFFFCB6990B
FFFFF9F2B928
FFFFFDF2E2E4
0000034CF59A
FFFFFA7BAF4D
FFFFFA5A51AA
FFFFFAE516B9
FFFFFA54B778
0000001A3BAE
000005DDB84B
FFFFF72C2872
FFFFF54ECCB1
FFFFFF5CE138
00000834B0ED
FFFFF9070141
FFFFFB5AED2C
FFFFFAC79A01
FFFFF24435C3
000011206E5E
000008CC5F3A
FFFFFB856DF4
000000D9E61D
FFFFFA9B5AA4
FFFFFBF8BFFE
FFFFF8C0C614
FFFFF7A43FF6
FFFFFBC22D67
FFFFFF573648
FFFFFD7DE661
FFFFFC2AE9CC
FFFFFE29988E
FFFFFE06E0ED
FFFFFBBF1D3D
FFFFF8518ABD
FFFFFB88A7A4
000002D1A682
FFFFFB6A3667
FFFFFA2BCFDD
FFFFF84B2F50
FFFFF57B7FDB
FFFFFCAA3998
000008494917
FFFFF41D4189
FFFFEF6C581E
FFFFFAF58D7D
00000B1B01F4
FFFFFD066C99
000004377F1A
000001517D7D
FFFFE84718AF
0000150B4190
000012178129
FFFFF93A88D8
000001F5D8DE
FFFFFD7788E8
FFFFFCEED616
FFFFF696A4B6
FFFFF22E4282
FFFFF5E2F90D
FFFFF8DCC345
FFFFFA158CF1
FFFFFB60B4E2
FFFFFDA9C159
FFFFFF4DF632
FFFFFF59B1B3
FFFFFA66914C
FFFFF96AEC59
FFFFFFBE0332
FFFFFC72A997
000000DDC6A8
FFFFF71DB4E6
FFFFF141FAB8
FFFFFEF0B0C3
000008582ED8
FFFFF685E281
000000E9E006
000003917039
00000BED8FAD
FFFFFD30C0DA
000006DF7F9C
00000470C1FE
FFFFF01992AC
000018A26004
00001AAE3C48
FFFFFEF60B7C
000003E6C77A
000003891090
000002E8467D
0000022CBBAC
FFFFFF04F5F2
FFFFFF177ED8
00000030EFDB
000001E73A7D
000000F8F217
FFFFFD32FF52
FFFFFD9DDDED
000000092944
0000001EFB5B
FFFFF81A4944
FFFFFAA18F95
000000EA99D4
000006BA2AC9
FFFFFC32EBDD
FFFFF7A2778B
000000DFB69E
000003052D37
FFFFF650772A
00000739B10D
FFFFFD54D7DB
0000026CD712
0000016B637C
00000BC7F1E4
000001DF2B60
FFFFEF788324
000014F12DF0
00001619602A
FFFFFC7E93CF
FFFFFFC69AFD
FFFFFAB1402D
FFFFFC62A35F
000004539273
FFFFFFA28DD5
FFFFFCD26A8A
FFFFFDB582E2
FFFFFF31C8C9
0000034488D2
FFFFFBD56F35
FFFFF9F3A164
FFFFFE867243
00000334FB9D
FFFFF9796E13
FFFFFB445518
FFFFFFBEFC33
000003C02B77
FFFFFF6560A8
FFFFF913283A
FFFFFB61F26C
FFFFF7E80F7F
FFFFF1236BED
000006CF71F4
FFFFEA2F8AF7
FFFFF662BE98
00000CB91D8F
00001293EBFD
0000022F9030
FFFFEC70AA50
0000165732DF
000018B8F035
FFFFFD67EDB4
00000135955F
000005328690
000007FC83D8
00000C6703D4
00000AADC0AD
0000067F5EDD
0000030572A6
000001A05625
0000095103EE
0000004BDB14
FFFFFC358D90
000001F1AFD5
0000086E0512
0000031B68AE
0000067352A0
000003E0D037
0000042763F9
000007C24CCF
000001AF7A12
FFFFF9F40CEB
FFFFF9574B67
FFFFF70CEA89
000010190693
FFFFEB6CF58F
FFFFE9986A07
000013037EDA
000013B40A6D
0000037E9BE5
FFFFEB64476A
00001AA76C61
00001B1F7C18
FFFFF5A893DD
FFFFF2CE6DD5
FFFFFEDF5FBC
FFFFFDE4F61F
FFFFF47FDB83
FFFFF708E8B6
FFFFFD527B21
000002F8BD14
000002F8215B
00000822D99B
FFFFFDB16C55
FFFFF90F65C2
FFFFFE6B8B36
0000041090A3
FFFFF6EE53CA
FFFFFA072EB3
FFFFFB0848F9
FFFFFAE28E9C
FFFFFF1592A2
FFFFFE99C082
FFFFFAA8610E
FFFFFC5182CB
FFFFFE3EBC66
00000DFBF508
FFFFF4692C9C
FFFFE7BC5DFB
000000E76232
00000E2B3B44
00000B171E63
FFFFEAC13D88
00001B221A9E
00001A30ABAE
FFFFF852A570
FFFFF4AD3248
FFFFFBD93177
FFFFFFB87E7D
FFFFF93EA9E1
FFFFF67A500D
FFFFF8828F2D
FFFFF97CA10B
000000C427D6
000008969B96
FFFFFD1475B7
FFFFF90C1687
FFFFFD097D59
000007219E4D
FFFFF75AE79C
FFFFF5D2F341
FFFFFBDC05DA
FFFFFD275E25
FFFFF65F49F9
FFFFF7D494EB
FFFFFD05C183
FFFFFA7BA0B5
FFFFF6CE6EFE
00000767956C
FFFFFECE04D6
FFFFF9497FE7
FFFFFCC80863
00000974A8D6
00000CAA09B9
FFFFEB7BDE27
000016425ED2
0000160A685C
FFFFFC380144
FFFFFAF0A136
FFFFF746B608
FFFFFAF1A70B
FFFFFAF85096
FFFFFD0CAF7A
FFFFFD51DCF8
FFFFFB3F2472
FFFFF7EC037D
FFFFFF32C75D
FFFFFA5E47E8
FFFFF8FF038F
FFFFFA4BB077
0000066D3023
FFFFF609DAE9
FFFFF6A66408
00000190C54B
00000245B0C7
FFFFF0816F52
FFFFEC8CA0A1
FFFFF90F8C91
FFFFFF028F50
FFFFE6C22852
FFFFF27B3EBF
FFFFFE623BBA
000001931B63
FFFFFE633F20
FFFFFF2E1220
0000039DC24A
FFFFEC7617B4
0000118EBBA9
000010A2D608
FFFFFCF5128D
FFFFFC925A8D
FFFFF9B09AF9
FFFFFDBB8FC3
FFFFFBCA2B51
FFFFFCDC66A1
00000404728A
0000080E1C28
FFFFFD45B3C0
FFFFFC9D7F8E
FFFFFBEF6F95
FFFFFA9922FE
FFFFF85C7A9E
0000045D1A30
FFFFFDB97734
00000256A98C
000007DC8F32
00000B7BC0DA
FFFFF95A155B
FFFFF3ECF119
FFFFFFC5284F
00000CAC0453
FFFFF2DBE6C1
FFFFF3F4BEA0
FFFFFCD110DD
000000BC0370
000004F8D5F0
FFFFFC009091
FFFFF9F38D44
FFFFECB96C03
000013AB98DE
000013E59809
FFFFFB3B565A
FFFFF8054831
FFFFFE043699
00000099549E
FFFFF1D33C2E
FFFFF72F32D8
000006AD30E8
00000536AF2A
FFFFFD07DB4D
FFFFFE0F3A89
FFFFFAA82F58
FFFFFDCF7D5E
FFFFEFE75482
FFFFF51D7285
000003F097B4
000002B66E58
FFFFFA9B9AFF
0000002BB1EE
FFFFFD00A19C
FFFFF5C92257
FFFFF8D63719
00000529E590
FFFFF821C078
FFFFF9951D94
FFFFF81820BF
FFFFFA012E2E
000004C5A9D5
FFFFFFDD1FB6
FFFFFF0BE732
FFFFEC5E5A7F
0000157F29DA
000018EA2007
FFFFFDB0538B
FFFFFBC5C7DC
FFFFFD774C25
FFFFFD2CEFC1
FFFFF7D2C7CB
FFFFFD4FDF3E
0000028CA2F5
00000B9B09CF
000009576F16
000006BF6196
0000030F6750
000004DEFB13
FFFFFA88CE18
FFFFFF864309
0000044CBA0F
0000098DE2E9
0000030235E5
0000074B1D2A
000002E44EF3
FFFFFB19C501
FFFFFC1FB214
0000028EBF3D
FFFFFBC8C03C
FFFFFF860A6B
FFFFFE61253A
FFFFF9AF4ACC
FFFFFE2DCAB2
000004A33440
000008E6A67F
FFFFEBF6245C
0000143B8E01
000015CCF160
FFFFFF69D5A8
FFFFFF2F719A
FFFFF5C9BF53
FFFFF25CDF2D
FFFFF7E3BC9C
FFFFFAACFC4E
FFFFE6AA3040
FFFFF41F612D
00000D0530E4
00000EBFD422
000001F1BB3E
000000F18FA5
FFFFF6530417
00000201F243
FFFFF4AD2E4C
FFFFF8A665C9
FFFFFF630351
000006915911
FFFFF790279A
FFFFF5FBF6B1
FFFFFB4AC219
FFFFFD53D0E6
FFFFFABFB622
000001EF3D81
FFFFFDC5ED56
FFFFF8D5C886
FFFFFE54DCBC
FFFFFE5F788D
000003EF8D3F
FFFFEBCBB0E2
000018F88C13
000016006C96
FFFFFFEE3490
00000527D714
FFFFFC6F98FB
FFFFFA1E0780
FFFFFFE42391
FFFFFF579A79
FFFFEA2C6A4A
FFFFF3C92FC5
00000032FD9A
00000AFFFE34
000008B08604
000004199547
FFFFFB19C494
0000095D9C56
FFFFF68E6EEC
FFFFF4A9221D
000007412C76
00000BAC11CB
FFFFF9DF71A8
FFFFF917038D
FFFFFE4DEB40
FFFFFF5C5298
FFFFFA5FB17C
00000018E27E
FFFFFE13A810
FFFFF76B3834
FFFFFF80755F
FFFFF854D608
000000BEAEAD
FFFFE9430ED3
00001B6D9297
000019B00CCA
FFFFFA79130B
000001BD36E9
0000050987DD
00000463A7B1
FFFFF459ED37
FFFFF7CCE9B7
FFFFF3D362AB
FFFFFD228C02
FFFFE28D3276
FFFFF5E7C3AA
00001200AC42
000010150C88
000005F935B7
00001593151F
FFFFFC328AA2
FFFFFB2AA7B8
000000362971
0000049ED9A3
000000094AE6
00000085E2CD
FFFFFBF6E6C8
FFFFFA702DE3
FFFFFB12A85D
0000023AE2C5
FFFFFF2860FB
FFFFF81029C2
FFFFFF04FC49
FFFFF62B75A6
FFFFFF38B04D
FFFFE6B0A24E
00001A91E1CC
00001DAE3D75
FFFFF5DD0887
FFFFF6149EA2
000003698026
00000879AF90
FFFFF257F6B3
FFFFF5E603DE
000002A38264
000008DB2334
FFFFE70DC5AC
FFFFF300D804
000007A94705
00000B080B80
00000BD15802
00000BDC52DE
FFFFFF740012
00000E812160
FFFFFBEFEF94
000000D08100
00000DBFDF8C
00000B0CA6C0
FFFFFFB2EC83
FFFFFE995759
000001439D88
00000310F8EB
FFFFFD1941CD
FFFFFC235CB8
000002969A36
FFFFFEF91FC8
0000006BCB2C
FFFFE7C51297
00001B3572BA
00001E63AF13
FFFFF818CD2C
FFFFF6534FD7
00000137ADBE
000004D63F25
FFFFFDC9651B
000003686ADE
FFFFF59EDD31
000005439A8E
FFFFF44E3663
FFFFFDF157C2
FFFFE98AC671
FFFFF2B4EBEE
00000159835A
00000538999A
00000224F0F3
000010735212
FFFFF60D2503
FFFFF51C8CF5
0000014E66A1
000002A7DE1F
FFFFFBF38471
FFFFFBCDF196
0000057050E1
0000012EFFCC
FFFFF9FECB6B
000000148C34
0000037414D1
000001347BED
FFFFFD35918D
FFFFE86F2473
000019ED915A
00001BDDF1B6
FFFFFC707335
FFFFF9F91C73
FFFFF982EA04
FFFFF8D390BA
FFFFFC6E4F8F
00000F551994
FFFFE56D90B1
FFFFF067006D
0000003C4764
000010EBDFD7
FFFFEC3EE5C1
FFFFEC6D748C
FFFFFF136007
000005F5D6BE
000006B2D24B
000013EF2F9A
00000279A7FF
000002A087A7
FFFFFCA836A6
FFFFFA09CFAD
FFFFFEB923BF
000007FC8CCA
000003EAEFD7
FFFFFFC749D9
0000004175D5
000008B5292E
000003E3EFD6
000000D42F09
FFFFFE16C095
FFFFEA01F95E
000015B559E2
00001573FCFA
FFFFFB826419
FFFFFAFC4411
FFFFEFBB5663
FFFFF268FB0A
FFFFFF0B883E
000012454FF9
FFFFEA942895
FFFFEEE9868D
000000998C84
000012BEABF5
FFFFF5BD8754
FFFFF8C94BF2
FFFFF4F3C7C7
FFFFF8E34E8A
FFFFF4A61A40
000000993E2F
000000574D71
000008687AAB
FFFFF37536C6
FFFFF5BA57FE
000005C9A5DF
0000060034DB
FFFFF466F82B
FFFFF3FE110F
FFFFF9612C67
000000A3473F
FFFFF14527CE
FFFFF5C95E19
FFFFFEA97329
FFFFEC0D3078
000015399EF8
00001357DA9C
FFFFFB23D94D
FFFFFEEB5378
FFFFF26CFA5C
FFFFF4C6584D
000005CE651B
0000143190C8
FFFFF5846CBA
000001057F91
FFFFF83C1A7E
000008154BED
FFFFFB2D95EE
00000DFC43F0
FFFFFC552C59
FFFFF90E87E7
FFFFFD125770
0000055D7332
FFFFFBA0F66C
0000030C9B6C
FFFFF63177DC
FFFFFD7E8EB5
000007F08CB0
000006B2487A
FFFFFD5453D4
FFFFFB737C68
FFFFFAE51D21
00000B0C2ABD
FFFFF5023058
FFFFF6335AA0
FFFFFEBC769E
FFFFEB924327
000017E99B9B
000017560187
FFFFFB535391
FFFFFD6B0A73
FFFFF8BE6F84
FFFFF29550E1
FFFFFDE654D2
00000A1030EC
FFFFF8C75D16
00000D1EA965
FFFFEFD33BCA
FFFFFBCE378B
FFFFFE7953E1
0000142B11D8
FFFFF40AD174
FFFFF3156DB9
FFFFFEE7C244
00000EC16DF6
FFFFF029B735
FFFFF0BE0FA7
FFFFF5B6373F
FFFFFF5B3161
FFFFF016023A
FFFFFAD559BE
000006FDEF9A
FFFFFF16C60C
FFFFF64907DF
000009ADCCB4
FFFFFC86A3F7
FFFFFBDB3055
FFFFFF9DB752
FFFFEAAC1FB2
000017409C8C
000017DBA6A9
FFFFFC3328F9
FFFFF8986D43
FFFFF9AE7D92
FFFFF4F22E72
FFFFF229FD7A
FFFFF930B944
FFFFF7E107C6
0000113A820D
FFFFE9D8E395
FFFFF1763BFE
000000B5CDDE
000011BD1429
FFFFEDE2A8A2
FFFFF52A5944
0000058F6035
0000166508E1
FFFFFB00B681
FFFFFB53D4BD
FFFFFF9485D8
000007F47A37
FFFFF11C7F47
FFFFF69A0951
00000927A369
0000071B529D
FFFFFF8B1992
00000B35BA82
FFFFFD68F092
FFFFFAF33AE2
0000016967F7
FFFFEBEE6614
0000150587D5
000016EC5C4A
FFFFFFC528BB
FFFFF9FDE917
FFFFF538E4B1
FFFFF8D17155
FFFFF00536DA
FFFFF7DE0E3E
FFFFFF2B9AE3
0000189E7473
FFFFEE082A22
FFFFED5C86F7
0000036396E2
000013272D02
FFFFF3CA9FE3
FFFFFC1EFEB0
00000342F95B
000016A0636C
FFFFFCF15336
000007D42213
FFFFFC77F443
FFFFFE7D7520
FFFFF5D072D7
000000A1FD57
FFFFF84DA4AE
FFFFFCCAF26C
000003597947
0000079F87F4
FFFFFC631000
FFFFFA6A638F
FFFFFF88F048
FFFFECA38DF4
000013C3C5F4
0000168D4422
0000025F8B57
FFFFFE1D31C4
FFFFF4D6FE61
FFFFFF064591
FFFFF3ECFC04
FFFFF7ACB19A
000004CB070D
00001520141A
FFFFF9EE6123
FFFFFA002F78
00000148FEC3
000011DC5E90
FFFFF60273A4
000008C71E37
FFFFF51D798D
00000612274F
0000025CA313
000014E0AAF8
FFFFF5312805
FFFFFADA503F
000003715EB1
00000592A080
FFFFF2FB7BAF
FFFFF6381179
FFFFFD7B6200
000005FC662D
FFFFFDDF0DEE
FFFFFD39A333
FFFFFD865EF5
FFFFE7D45857
00001625219E
0000184B085D
00000219411D
00000078C5B5
FFFFF705F7FD
FFFFFF0CB043
FFFFF877B351
FFFFF2488694
FFFFFDF3DF62
000007C7C64F
FFFFFB1909B6
00000600C2A8
FFFFF2B25BFE
FFFFFF79C03F
FFFFF64F7B34
00000F3115CF
FFFFE5FC7761
FFFFF31FF671
000001125317
00001832F515
FFFFF1AEC332
FFFFF437EC3B
0000072DCE0C
000005736A37
FFFFF5BE2E66
FFFFFAAF910D
FFFFF7B1E753
FFFFF7C8554A
FFFFFC4A68E9
FFFFFBAE427F
FFFFFEAE9EBA
FFFFE07F896D
00001CA1C29C
00001FC9B18E
000000B30947
0000033B0823
FFFFFCDAC562
FFFFFE932BEA
FFFFF84B90F5
FFFFF2805077
FFFFF5828EB9
FFFFFBCCCF11
FFFFFB6FE184
00000E319962
FFFFEC0D8EB1
FFFFF4384B66
FFFFFBE3E8FC
000015A9B26F
FFFFEA5E6BED
FFFFEE004E40
0000077CC3F3
0000153F28B6
FFFFF055B925
FFFFFA75DA1C
0000007E70EC
000003185489
0000037D8BA6
00000482A6D7
FFFFF7F002B8
FFFFF6118CA7
0000003E774C
FFFFFC91E058
000002724896
FFFFD8811667
000022C5ECC5
0000234AAE14
FFFFF9D13B95
FFFFFBA567B7
FFFFFE46EA92
FFFFFD44230A
FFFFF5576496
FFFFF702AE47
FFFFEF7E2F85
FFFFF803E78D
000002C22D90
000017BB1E0A
FFFFF10EC7E1
FFFFF3FAE03C
0000016539F8
000012449594
FFFFF2FD0B15
FFFFF3A13BCE
000003045DE7
00000CACF4C9
FFFFF6CB3B05
FFFFFCF53F13
FFFFF8A18D6B
FFFFF9B46E59
FFFFFB629B44
000003E728E6
000000C5EA34
FFFFFD277746
00000580AAFF
000001ADC1CB
000002722CB0
FFFFD56C34AA
0000271C6EA4
000026721049
FFFFFCD70A23
FFFFFC5B020A
FFFFFF0B34C9
FFFFFE9CD5D5
FFFFF72E8C6E
FFFFFEDD0D61
FFFFF1708A1A
FFFFF67EECA9
000008DCABAC
000016286E7D
FFFFF7F49D7C
FFFFFB308195
FFFFFE852E34
00000AEAB68B
FFFFF79D20AB
FFFFF7C3DCC9
FFFFFC96119E
000003ABC2C5
FFFFFD4FA919
FFFFFBA1948F
FFFFF716055C
FFFFFD7FE8B2
FFFFF3E071EA
FFFFF85809B7
0000048D4C9E
000001A97D74
000000D0CDD8
000000E8C5AB
000003880C7B
FFFFD9C5491F
00001C5E2D4D
000022A5EF4D
FFFFFE0B2C2F
000000506CFE
FFFFFEEA647C
FFFFFF72A992
FFFFFAFF40A9
000001789854
FFFFF6FE2C82
FFFFF1FFC94D
FFFFFAFE3A15
00000AF5C18A
FFFFFDDDDC09
FFFFFD7969DB
FFFFF67C9173
00000018A04E
FFFFFB097966
FFFFF8F6312A
FFFFF8C726D4
FFFFFBEEC403
FFFFFCE28451
FFFFFADF7E5E
FFFFFDA76ADF
0000025AE55F
FFFFF5D740D9
FFFFF553B331
0000045EBC22
000002716C2C
FFFFF9B36313
FFFFFD943AEC
000000237334
FFFFDEEE57F5
000019022646
0000197B1B35
FFFFFFCFA49C
000003F41ACA
FFFFFD7042C0
FFFFFB7CF5C6
FFFFFD795D05
000001A50F93
FFFFF8F20475
FFFFF68D91D4
FFFFF90B1FFE
000001825A01
FFFFFFDD9451
FFFFFF7E1DCE
FFFFF816E266
FFFFFECCC03A
FFFFFEF8F40A
FFFFFC440549
FFFFFB8BC231
FFFFFD3AE74E
FFFFF7E17313
FFFFF90DC9DB
FFFFFF7B61BF
00000746EA54
FFFFFC8BE20A
FFFFF85DDBBB
00000674E22C
000006E85849
FFFFF928D67C
FFFFFA82D045
00000066EA98
FFFFE092D0F2
000014F16210
000015A23FDC
00000463C8EA
00000445FAF4
FFFFFE8852C1
FFFFFBE0B851
FFFFFE4D4CD1
FFFFFFFD023A
FFFFFA99FC92
FFFFFBC09475
FFFFFB3C4673
FFFFFE07BDDE
FFFFFCA71DD5
FFFFFD68CE7B
FFFFFD3E6A98
000000F32D25
FFFFFB313859
FFFFF7527A42
FFFFFD27A990
FFFFFCEF5450
FFFFF5B937C6
FFFFF8DEF916
FFFFFEC4411A
0000026AE4E0
FFFFFE69F1E6
FFFFFC815CEA
FFFFFD5D1DE8
000003A5674C
0000007BDDE5
FFFFFFCD11CD
00000188E6C6
FFFFE705A3DD
00000C03BBAE
00000DFB9B70
000003AAB02F
000002162CB2
FFFFFEFBB57E
FFFFFD1B518B
FFFFFD220803
FFFFFE5703C8
FFFFFB044316
FFFFFBD2B43A
FFFFFC791A8D
FFFFFDCD7256
FFFFFC242456
FFFFFA95B51E
FFFFFD47681C
0000007F0937
FFFFFC375223
FFFFFC2B5AB7
000002887A1D
000002EBAD8E
FFFFFB479D43
FFFFFD5B3038
FFFFFF75C98A
FFFFFDF40101
00000147B938
000000942EB3
FFFFFB6187CC
FFFFFE563F8C
FFFFFDBA7BD2
FFFFFD777F36
000001C3B0F6
FFFFF7AC4046
00000206E571
FFFFFE337090
00000555C164
000003CFDCC9
000001C9F2BC
0000016BD2C5
0000018DD298
0000035BBF3F
0000032C985F
0000011FB672
FFFFFFDEB17C
000000B18D27
000001DAA0E3
000002B49E0D
0000045007E9
000006214DB1
000006CE0DC1
0000014AFCBC
FFFFFFCCA086
0000015361B0
000001EE015F
000003023CEB
000007B690A9
0000014D2781
FFFFFF5F3BC5
FFFFFD6B0091
0000053F1F31
FFFFFD21FA0A
0000048DE379
000004A3E020
00000DAB3340
FFFFF7844917
FFFFFAF940F3
FFFFFC031552
FFFFFAF530E2
FFFFFC307ABD
0000017FD781
FFFFFE94E6E2
FFFFF868C3A7
FFFFF6A57E40
FFFFF5788925
FFFFF6148805
FFFFFA6630E6
FFFFFBE4A0FD
FFFFFB133F3F
FFFFFC33E0CB
0000017E5E95
00000510233C
FFFFFFB6E4A3
FFFFFE6531CF
00000627D3F7
0000049A3CE2
FFFFFE8EEC13
FFFFFFCC3263
FFFFFCF5662C
FFFFF5AEA52D
000008BA418B
00000AE77A1F
000006CB854F
000002DF6612
000005F7A627
FFFFFEC77EE0
00000F5820B0
FFFFFB1B8D00
000000DD5913
FFFFFE227336
FFFFF60F35B7
FFFFFCECD649
000005947E36
000002374398
FFFFFFAB069C
FFFFFD34C01A
FFFFF897A92D
FFFFF8078122
FFFFFDF4C672
FFFFFFE02292
FFFFF99BF14A
FFFFF82B54A4
FFFFFF65EB25
00000089E7F9
FFFFFA522D82
FFFFFE1D6AC5
000005477F19
FFFFFE48E281
FFFFFE1D4C8C
00000761FC21
FFFFFA4D93D9
FFFFF0870950
000005387F48
000012371CD3
0000041A94CF
0000000D4297
00001291E128
FFFFF78F860C
000005D4BFD2
FFFFFAAF1667
FFFFFCCE7B45
FFFFF5B64DA0
FFFFF02B1692
FFFFF26E3BD1
FFFFF6DA7D3A
FFFFF8489087
0000002AC9CD
000002F9DEA7
0000012B318A
FFFFFD5C991E
FFFFFAD160FF
FFFFFB42B5D2
FFFFF5F2AEB4
FFFFF81C2CCF
FFFFFBC30B22
FFFFFAEFEDAF
FFFFF7C4BCB7
FFFFFCC09843
00000182F55B
FFFFFCE86CB9
FFFFFBC1E33C
0000087AE419
000000F7C78E
FFFFF827290C
000000C1A48D
000002FAF54D
FFFFF3C43FE0
FFFFFD1D2348
00001BEE8561
FFFFFCBC3B44
0000113876D2
FFFFFA6DF54B
FFFFFA6986A4
FFFFFABF4AA5
FFFFF94A1CA2
FFFFF5721C37
FFFFF59E7286
FFFFFA57FD21
000002D15D17
0000081EC0A5
00000848D84D
00000316D3AB
FFFFFC32E41B
FFFFFA5C00BC
FFFFF656AF67
FFFFF423DDC9
FFFFF6F36339
FFFFF726EEAE
FFFFFC606211
FFFFFF1C3EA9
FFFFFD03DA1E
FFFFFC1641FD
000000AB19A3
000004E5A8B9
000001235EF8
0000062EE6A6
000009888820
FFFFF9248934
FFFFF77A0F7F
0000046205C7
000026F823B5
00000D429CE5
0000286038FF
FFFFFCBFF9CD
FFFFFF17FF09
FFFFFD99EAC8
FFFFF59BC156
FFFFF2D2472F
FFFFFE924369
FFFFFADFD4B9
FFFFF45E6053
FFFFF715AD7A
FFFFFAF7262C
FFFFFB683F48
FFFFFC1EB956
FFFFFD8DC01E
FFFFFB4D215F
FFFFF53F48AE
FFFFF2F78E27
FFFFF271EED4
FFFFF92B2514
FFFFFCB6ABE1
FFFFF6A81F8C
FFFFF6A87DE4
FFFFFE81AA20
FFFFFE0D949E
FFFFF8C42CE2
0000031B6868
00000A87A117
000006DA1AFD
00000BE7AB9D
000009894F92
000005B14A5B
FFFFF91D7F88
00002E4ED896
000001D9A342
00000317D276
FFFFFDE4BB75
FFFFF999DA13
FFFFF63C2E6E
00000505ADFF
0000077255BA
FFFFFACE6891
FFFFF98B7A92
FFFFFFE9A8E7
000004203AD0
FFFFFF9CDA67
FFFFFE6D2571
FFFFFCC12B34
FFFFF72554D1
FFFFF8895C01
FFFFFBE55F7D
FFFFF995274A
FFFFF819D100
0000000F858D
000004783C4B
000001C3D795
FFFFFD44143A
FFFFFFD3FC48
00000F04DF48
0000031A36B3
00000B4B3ED9
000012B56642
00000626C122
FFFFF685D7DF
FFFFFBC09A7C
00002A6E4C09
0000025BF37E
FFFFF9786D2A
FFFFF8731D69
000001F6D0D3
FFFFFCDD0135
FFFFF68F228A
FFFFF83B284C
000001F4CC3D
000008561B10
0000031D269F
000001CDF64D
FFFFFAF1B328
FFFFF45CD2D2
FFFFF73FEED2
FFFFF6AA1984
FFFFF66B04F2
FFFFF937104B
FFFFF2DEDD32
FFFFF2DC2145
000003BDF57D
0000062AEEBF
FFFFF7686928
FFFFF7BC8B89
0000037B57FB
00000CA53E31
FFFFF3B7BC3C
FFFFF5C18B48
00000CF97FB6
0000113BAB33
000009D1E22D
000005A72083
000019F4C412
FFFFFFEBE0D7
FFFFF6B931C5
FFFFFC708BC5
000005D81D11
FFFFFE275A50
FFFFEF78C8D0
FFFFF906EEC0
000007D5CDD4
000006C7D1AF
0000076CB0EB
000005D55239
FFFFFC1D3EC4
FFFFF9E592AD
FFFFFEB81551
000001DD4557
FFFFFC9EAD54
FFFFF6BBB608
FFFFF6C26248
FFFFFC6BD781
00000490E5ED
00000953D663
FFFFFACEBF3C
FFFFFF326E02
000007BBBB09
0000068DF7F1
FFFFF5FCF755
FFFFFEA8F3A1
0000081C7E70
00000E8EFF7B
0000120F0BCF
00000C590640
00001CACE548
0000000CCF81
FFFFFE6F60CD
FFFFFD17B4B3
FFFFF9CCAB3F
FFFFF7BA36E5
FFFFF9E2D117
FFFFFEE0B24B
FFFFF89CC763
FFFFFA270272
00000CE3039F
00000C1BC965
000005845154
FFFFFE6FCC82
FFFFFDAFEA03
FFFFFD8335E7
FFFFEBC63E8A
FFFFEEB0041C
FFFFFEE8CDAA
FFFFFC2E3E1F
FFFFF351355A
FFFFFD617315
00000D0FE9DD
00000BFC1AB6
000005257D0B
000004425F37
00000AA07F09
00000FD9CADC
000002C80548
000000044552
FFFFF6C76781
FFFFFDA0D9A2
000028D113AC
000000E676D8
0000047AB78E
FFFFFEF2F7AE
FFFFF6E001CD
FFFFFE1BFBF5
0000052DD154
FFFFFC9EA4AC
FFFFF7C8A998
0000047DD272
00000FE8C769
00001006A332
00000ED8D69C
000006871E7B
0000077E9458
FFFFFF7E7778
FFFFF28AE268
FFFFF84AD72E
00000799B40D
FFFFFE64B622
FFFFF021CB1D
FFFFF63EAE32
0000097B4125
000010D3B9D8
0000018A9D9D
000002D2C8CB
00000C7E526F
00000D2F338B
00000026658D
FFFFF31E8F53
FFFFF64B7FD1
FFFFF47CF5CF
000022B7EF88
FFFFFD9F6E6E
FFFFFCFA0497
FFFFFFBB3A48
000003F19EB3
00000380642F
FFFFF7200515
FFFFF9862A16
00000CA541B2
00000A1155FC
FFFFFD419959
FFFFFD240DA6
00000CDDF6A2
00000AA81F87
0000052CA7E6
0000069C8EEE
00000CF3A857
FFFFFD93F9A7
FFFFF77F3F73
FFFFF47C79D6
000001C7DFDE
FFFFF5E3F75E
FFFFF5135E89
FFFFFE2A2B21
FFFFF6343920
FFFFFCE5594D
000006D12A6A
0000038B5D86
000001E9F016
000003E1C9F5
000006A5F73A
FFFFFC23BC60
0000167117C8
FFFFFBA39EE6
FFFFFAB40B28
FFFFFD390A11
000005D12015
0000018F5139
FFFFF4A64541
FFFFFD17A50D
00001138AE0B
000010C57C79
FFFFFEC35531
00000112DFCF
000011A324F0
000010491721
00000AFCC8BA
0000054B52CD
00000FFB2C2B
00000B4B1A89
FFFFFFE229CB
FFFFF7D8BF77
00000F197B23
0000037BF36A
FFFFF39F7810
FFFFF754CC25
FFFFFFB92042
00000466D11B
0000058BE45E
FFFFFF4AE90F
FFFFFD7100A0
0000016BF6A5
00000651B069
00000426D134
0000135B2D76
FFFFFD495C72
0000015A35A3
FFFFFE498592
FFFFF983443F
FFFFF9A94B02
00000679432C
000005396185
FFFFF8DE3B31
0000018256C6
00001B3AF0E1
0000111B01B9
FFFFFFF07F57
000003672D09
0000121D9428
0000076F492F
00000613061E
000004F82036
00000B092E8A
000005B1D16D
000005B854BE
FFFFFCE26074
000001046232
000005ECEAF0
000001BF37CC
000003D6A90E
0000030456DA
FFFFFCD7C048
FFFFFFB0F466
FFFFF5E7CC4D
FFFFF8FFE08C
00000090659B
0000178169E9
FFFFFC377A7C
0000046B9CF1
0000017C6DD9
FFFFF757E976
FFFFF7F33C5A
000004F716F0
FFFFFA3DB53F
FFFFF0C3C1AE
FFFFFC8415D2
00001F801633
000019FF24C1
00000992DF6F
0000022908BA
000017550E33
000019BCEBBF
00000965CF70
0000008B6F79
000010FFCA78
000006573679
FFFFFDBA3E4C
FFFFF610BA9D
00000B57E582
00000610DDD3
000000A3C317
000004F401B8
000006DC694E
FFFFFDBAF03C
000001BF8C7D
FFFFF555F0B2
FFFFFB04BD7C
FFFFF8F4F31B
00001464F647
FFFFFC0F7694
0000010FE45C
000002C0EDA6
0000011EE2FB
000000C35C3F
FFFFFFE5F78D
FFFFF6BF9E66
00000932F7C9
00000C47A71E
000001648319
0000071C379F
0000199F5925
00000D8FF748
000009D28A1D
00000D03383D
FFFFFE8A7691
FFFFFB2EBDB2
0000117525EC
000007B6346A
FFFFFF50CB53
FFFFF4CCF1E9
000003869892
FFFFFC6AF073
FFFFF07E7F29
FFFFF73FAA1E
00000652E695
000001262A55
0000020BD72D
FFFFFEF1B6CE
000003C15994
FFFFFAEF36E0
000010BBEDB5
000000E808D9
FFFFFEA3CA34
0000003287FE
00000437D711
00000BFBB4E3
FFFFFB7A35AC
FFFFF515D629
00000B6E08E2
000004DCF159
FFFFEEBF61A9
FFFFF924108E
0000219D66BB
0000144DF6BF
00000BEA1706
0000021C7057
00000A897953
00000B56C8D8
000015577139
00000F0B9BC8
00000D6594E5
00000751D96C
0000063761A3
FFFFF6C79681
FFFFF4F68579
FFFFFC87293C
FFFFFCB168A7
00000054D9D8
0000082A65BB
0000060AF373
0000038F1600
FFFFFE258826
0000141194E3
000003BF763D
FFFFFAE3A664
FFFFF9E2D1A8
0000036B285F
00000C9DB6DD
FFFFFB0F3D9F
FFFFF6941BA5
000008634542
FFFFFED1F80D
FFFFFCD9667D
000006C0B6DC
0000155A8318
00000D443077
000012566952
00000D3CC79B
00001338A9E6
00000BCF1FA9
FFFFFD5CD2F0
FFFFF4C8A252
0000084DAD2F
000008A29F9A
FFFFFBB55C81
FFFFFD3C6FC3
000011A701B0
000000C737B3
FFFFEF4E36E6
FFFFF2569EE6
000000F1FD0D
FFFFFFABFE87
FFFFF18587C4
FFFFF4518B7C
000017E46655
000002976D1F
FFFFFC7BD509
FFFFFBDF3CAC
0000024ADBA7
0000043C7CB9
000003F68F1B
000007BF5D1C
00000E674A6B
FFFFFFE70B91
00001070BFA1
00000E5F4F44
000008095AC4
000003DAC3F4
00001630F6EA
00000C3B2B6B
0000137498E7
00000603C72B
FFFFFA0445DE
FFFFFD340D46
00000D2F766D
000000B5D923
FFFFF6FB3908
FFFFFF968C83
0000110E2C3B
000011861860
FFFFFCE39A6A
FFFFF89DB9E6
000003199084
FFFFFF9AB020
FFFFF20FC69C
FFFFF773C7EC
00001A1451A6
000000E831D2
00000193C297
000002561E8A
FFFFFC109CB2
FFFFFE5B13C7
000009A8F87B
00001654F9F4
000002460192
FFFFFCFECE2A
00000EE5CF60
000012EBFFE2
000000F0FC5E
0000029EA088
00001A0EB6AA
0000041CA04E
000005D6AEA4
0000056263DC
0000156D9E97
00000247DF4F
FFFFF73657AE
FFFFF22151B7
00000184FFB3
000000AE841A
FFFFF2BA85B7
FFFFF6B87635
000008DD6504
00000F0A81B4
00000B53C634
00000305035C
0000029EFAC6
000001227755
000016A715D7
FFFFFEC1649C
FFFFFFF14FFA
000005030F63
FFFFFB3B042C
FFFFFCE3408E
000004E711B2
00001173C1EE
FFFFFAA1102F
FFFFF857321E
0000113EDB70
00000B92E941
0000045754C8
FFFFFD106A3A
00001777157F
000000B6254F
00000016249E
FFFFFCC08D46
000014F47E07
000006AD55DB
FFFFFA467C87
FFFFF6B2996B
0000094C8F7E
FFFFFDB18CF5
FFFFE8D28AC1
FFFFF7C9930F
00000FE43723
00000F14D0B5
00000438B0EF
FFFFFBFA1DBA
0000026D7C75
0000058CEC9A
000016922118
FFFFFDE2A0A5
FFFFFA1C2F0F
0000028904DA
FFFFFE8E39E2
FFFFFC4D36D0
FFFFFF8562C3
00000BC2E7FD
0000035B1A06
000003FACDC9
000014894CFC
0000028F653B
000005D62D75
00000AF00740
000012ACFC29
00000214BAA0
00000D52652F
FFFFFD907096
000002E6E477
FFFFFE3235DE
0000054BB7E9
00000510034D
00000555EAB8
000006CE88CE
00000D60AC21
00000037A76C
FFFFF7C320A1
FFFFF759DECF
FFFFF86ABD22
FFFFFA1E65D9
FFFFFCEC5D9D
000002BADF66
00001259D392
FFFFFE78F7ED
FFFFF8E0C067
FFFFFF3A7664
00000216686D
000000C8AD9E
FFFFFE0E80F9
000005E83AE8
00000A29648D
000013F9F04A
00000EB9B588
000006180D3E
00000CD386A3
00001089D9F0
00000C27FBB8
FFFFFF6A138A
00000F32B841
00000C882EE3
FFFFF53A1BA7
FFFFF24AA85A
000010925C56
FFFFFD581F83
FFFFF83E2E2F
0000045B0FB7
00001CDB7571
00001128ADE4
FFFFF9C08814
FFFFF5713D98
000001CFFA90
0000047F2EFE
000005A59744
FFFFFF0C1356
000013D6BC74
FFFFFD35F493
FFFFF97F59BC
FFFFF9F1FF73
000001A282CB
0000055B947A
FFFFFD6591D0
000004000111
00000800F66E
0000157581C3
0000044FB1F1
000001B2557F
000010CEF84E
00000BBE2A05
FFFFFBA9B0F2
FFFFF35ED8B2
00000F8A028F
00000D216221
FFFFF5753638
FFFFF14BF99A
00000DFD1F51
FFFFFD25DAD3
FFFFF9CBE3CF
FFFFF9A761F9
000003C2DDDA
000001CCB3D4
00000DAFFB47
000002E2362E
FFFFFD05B5EA
FFFFF804CAC5
FFFFFB2B35E9
FFFFF7FBE1F1
000018AA0E27
FFFFFA28654F
FFFFF88224BC
FFFFF625104D
FFFFFEA4A458
000003E28CF4
000000E1418E
0000030B205F
000003D0F372
000013369172
FFFFFF4D33B7
FFFFFC0FD6C6
000014897CBC
00000429B7F1
FFFFF7DAA75E
FFFFF8000A08
0000160E9CF8
00000680E423
FFFFFE2604FD
FFFFFF181CA3
000011DC4C64
FFFFFD842FBF
FFFFFCBD358D
FFFFFC7570FE
FFFFF2B60BF8
FFFFF47EEB91
00000EEC36D1
000008703421
FFFFF9550B1E
FFFFEC3D81F9
FFFFFC136590
FFFFF99A7D3E
000016AC1E72
FFFFF8D46CF7
0000010E236C
FFFFF7EABBFF
FFFFF678CDCD
FFFFFAE05A13
000000B056EE
FFFFFEF42E5E
000000944B95
00000B019185
0000036AAF4A
FFFFFFDE3EEB
000012415189
0000036E0594
0000032CE435
0000055FC351
00000C3A0572
000005A13D56
0000021F50B3
00000E85BD00
0000053074A6
FFFFFCEEA7E9
00000C5FF445
0000062D3F69
FFFFF5A1FC29
FFFFF4A349F8
FFFFFA691298
FFFFF19555DC
FFFFEFD4C6AD
FFFFF6055094
00000611B133
FFFFFC10537D
000011EE845F
FFFFFA7FC800
000004B9A249
0000013D419E
FFFFF9C31ECA
FFFFF984B6D7
000001D7C039
00000330F331
000000ADCB64
00000370FA08
000004E66FDE
00000F789572
00000E1E5CE2
000006D7FF89
000007D55647
00000C817CE8
FFFFFB483A47
0000033FE869
00000700A3DF
00000B618296
FFFFF46F3B08
FFFFF88D1997
00000B3910DD
0000008D7B87
FFFFFDB2F622
FFFFF868E134
FFFFEF22DBC8
FFFFECE1AB10
FFFFF4CBCE3E
FFFFF4CF8FB3
FFFFFFAF7B06
000000485E35
000012C6E2F6
FFFFFDEF48C7
FFFFFBA641E7
FFFFFA0EAF1A
FFFFFBB7D21C
FFFFFE816F2B
0000014E8AE6
0000045C4715
000000178CC1
000003BE7087
000006066171
000011B61548
0000002D5BF2
FFFFFB79ECEE
00000AF2696D
00000B55469D
FFFFF31740A5
FFFFF9DA48D7
000009E4FBD6
0000045B8A84
FFFFF4D60E54
FFFFF95553E8
0000038229C6
FFFFF4E14A12
FFFFF9CDF66F
FFFFFE3CD3CC
FFFFF72A48DB
FFFFF601D017
FFFFFF6FB262
FFFFF1E70051
FFFFF26216D6
FFFFF6F5D5F1
000015466699
0000008CF95B
FFFFF715BBA8
FFFFF49C31CE
FFFFFFF415A9
FFFFFA60C33E
FFFFFB8BB155
000001444D59
000000849F81
0000045DD4E2
00000681CCD2
00000BFC0CF6
FFFFF8633DE0
FFFFF898EE4D
00000CC0D5EF
000004F35D75
FFFFF9960237
FFFFFA7A569C
00000AEE0F34
00000464CC4B
FFFFFFC445C0
FFFFFE80393C
FFFFF92742FD
FFFFF6F36B12
FFFFF90F9D9B
FFFFF240599E
FFFFF3BC94FA
FFFFF4938363
0000000D4D33
FFFFFF2029F5
FFFFF3B7621C
FFFFF5DA0DA5
00001850E5A1
000003CA26F7
FFFFF7FF170E
FFFFFA3E5FCB
FFFFFE6241DD
FFFFF7992027
FFFFFAB4B9CA
0000013E1773
000002AF8C90
FFFFFFB5005B
000002A235B2
0000057E0851
000001714766
FFFFFC2949E6
0000023FAF52
FFFFF90D0CCE
FFFFFC4CDB06
00000146063D
FFFFFCE30786
FFFFF927FD55
FFFFFA50CBEE
FFFFFDE4DDC3
FFFFF9A019A3
FFFFFCACDD9E
FFFFF708256F
FFFFEB4A1FE9
FFFFF8936AAC
FFFFFA22F57D
FFFFF9317DD2
FFFFFE11CA99
FFFFFF487416
000000B89392
000016C4DC38
000001FBF5F2
FFFFFC51EA74
FFFFFD98688D
FFFFFE336351
FFFFFDB9D2B0
FFFFFFB449AE
FFFFFF41B285
000000BEC9CD
000001F162E7
0000009D1B36
0000048E1577
0000063CE6E8
00000470EB39
FFFFFB4613F9
FFFFFB952127
000001E5A344
0000019B7F17
FFFFF988F626
FFFFFA754D54
FFFFFC8B0602
FFFFFF0AA079
FFFFFC9141E6
FFFFFF69AA04
FFFFF8B98D4C
FFFFF46C67E1
00000095732C
000000BD6F6A
FFFFF29B2BD8
FFFFF8CDBEDB
000003111D3F
000002027834
00000D708961
000009CE134D
FFFFFCF777CA
FFFFFF904DBA
FFFFFFB474C0
FFFFFEF79624
FFFFFEECECE7
FFFFFCD890A7
FFFFFDB81D05
0000011EE8B0
FFFFFFC4276D
FFFFFEC36D97
FFFFFEFC44CF
0000004376E4
FFFFFED1CA39
00000220A5EF
FFFFFF9D42D6
FFFFFE0C32E5
FFFFFDB9418B
FFFFFFA697A2
FFFFFD8D7D92
FFFFFE327FE7
FFFFFF39D421
FFFFFD87FD58
FFFFF99D205E
FFFFFA9258D8
FFFFFF7578D3
FFFFFF855B91
FFFFFA0ABA77
FFFFFA0589D2
FFFFFD4774A3
FFFFFD2C5C6F
0000063FA617
FFFFFD86F000
FFFFF36913B3
FFFFF52CE286
FFFFF4B5A6D5
FFFFF31253F3
FFFFED9D9415
FFFFEB80E408
FFFFEBD2584A
FFFFEC5878FC
FFFFF0F81DA9
FFFFF65412AC
FFFFF585583B
FFFFF13738EE
FFFFF2E39FBF
FFFFF5686F04
FFFFF4C441B6
FFFFF32AD03E
FFFFF91D2466
FFFFF748BB98
FFFFF6F04198
FFFFF4D88C12
FFFFF121EF0F
FFFFF4902D83
FFFFF9B7AC06
FFFFFEDD6F84
FFFFFCBCE600
FFFFEC4B8234
FFFFF0CB4579
000002E17BD1
FFFFFE62F9F7
FFFFF2C23883
FFFFF8175918
FFFFFE292A44
FFFFF9BA549D
FFFFFA3539F3
FFFFFB955886
FFFFFC4D3F92
FFFFFCA81C80
FFFFFAC6D007
00000291FE4E
000005462014
00000213338A
FFFFFD56F313
FFFFFB401CB8
FFFFF97DD9CB
FFFFFA599C8C
FFFFFC8298FC
FFFFF9FA27E7
FFFFF76BBB7B
FFFFFD1C1A1C
FFFFF91627B1
FFFFF29A857F
FFFFF28B481C
FFFFF5CA43D4
FFFFF269CC33
FFFFFB157FB1
FFFFF68298D2
FFFFF3C940B2
FFFFE8640AFC
FFFFECA14FD0
FFFFF96E25EE
FFFFF7BA11E7
FFFFF789F7DE
FFFFF48B3217
00000834D189
000001933CA2
FFFFF7463024
FFFFF8DDA6E4
FFFFF6E5E580
FFFFF466FF94
FFFFE9ADABA2
FFFFEE4FE39A
FFFFF2BB5D6D
FFFFF17DB2CD
FFFFF06A45F6
FFFFED62E464
FFFFF0121322
FFFFF7FDBCB7
FFFFFA62FD30
FFFFEE34D486
FFFFE47B9220
FFFFF0DCDF47
FFFFF046A727
FFFFE32443D3
FFFFE312D1D3
FFFFEA1A12F1
FFFFE01C1881
FFFFF0449CA5
FFFFE94B24AC
FFFFD2D69073
FFFFD533CF6A
FFFFE97492E9
FFFFE5B0EE82
FFFFE57FC492
FFFFF0DC39AB
FFFFEFF11EFD
FFFFFA29BB11
FFFFF35DEBEA
FFFFE54A5032
FFFFE2E0D215
FFFFD83DB5B5
FFFFD7FC32FD
FFFFCDF7DE25
FFFFC3828447
FFFFC1CFD8FC
FFFFCC6743A8
FFFFD7A462BB
FFFFD6100ED8
FFFFDA451DD6
FFFFE923E057
FFFFEA00A6D9
FFFFDEF61747
FFFFD8D85C5A
FFFFE21240B1
FFFFE1F70276
FFFFDFBB34D4
FFFFDE01349F
FFFFDCC3F8EF
FFFFDDC9CEA4
FFFFEB27D5DE
FFFFEBFC3DAC
FFFFE2942E33
FFFFEAC284BD
FFFFFC7B7E6E
FFFFE67359E7
FFFFEBF71E65
FFFFF369AB03
FFFFF5C5B3C0
FFFFE8423361
FFFFEA051CAE
FFFFF3ACCB17
FFFFED97BEE4
FFFFE6A0563F
FFFFEE96C3AB
FFFFED8F63F7
FFFFE35AA2FC
FFFFE3C6F482
FFFFF022B434
FFFFF33AB88B
FFFFF06FE67E
FFFFEE229831
FFFFF078EDB2
FFFFE55504C1
FFFFE188C20A
FFFFE6BF87B5
FFFFEE724A3C
FFFFF5AA14EA
FFFFF9E9A7AC
FFFFED34ECE3
FFFFE9389187
FFFFEF435E50
FFFFF948A142
FFFFEB520077
FFFFDE328FD6
FFFFEBE1B571
FFFFFB9D4F53
FFFFDF7EFCF4
FFFFE6C6CFC3
FFFFE35AFDA5
FFFFFBFEFB1A
FFFFF46E50E2
FFFFF27DECAF
FFFFFE664985
FFFFF6C48107
FFFFEAC455EF
FFFFE3846AB2
FFFFE523251D
FFFFE2A478C9
FFFFE1FF793B
FFFFE3DB2648
FFFFE27C9501
FFFFEDB1DFA1
FFFFEC8D2840
FFFFE529C1FC
FFFFD8249F6A
FFFFE11EB132
FFFFF5E511EF
FFFFF125C7DF
FFFFE9E73C18
FFFFEF9E89C2
FFFFF66105E6
FFFFECCD12DF
FFFFE2C12CB4
FFFFE5461079
FFFFE14D3708
FFFFE09F7DAD
FFFFE0F988B6
FFFFEA83F379
FFFFDD32E195
FFFFE14E4B15
FFFFE12333EA
FFFFF593CA03
FFFFFC1E06FF
FFFFF73C387E
FFFFF5B050FA
FFFFF38B6C03
FFFFF78FD2F7
FFFFE826A678
FFFFE2982990
FFFFED6F924D
FFFFEB6C4A43
FFFFDFCDD24B
FFFFDA726ACA
FFFFE3639067
FFFFE3AD51D8
FFFFDD1CB1D2
FFFFD3329754
FFFFDC6D430D
FFFFF218E855
FFFFE8D287C0
FFFFCF5DD2A3
FFFFD8064470
FFFFE9319C2A
FFFFE302FAA5
FFFFDB4A4B9A
FFFFD85A7257
FFFFD64CEA8B
FFFFE1D8E60F
FFFFE0AAEF8F
FFFFD18B467A
FFFFD6240B7A
FFFFD4AE913F
FFFFE47BFD8A
FFFFF2BEE22A
FFFFF76994FC
FFFFFAD4C67C
FFFFF69C10FD
FFFFE738589E
FFFFE8821589
FFFFDDF0F444
FFFFD9A97005
FFFFDC150A39
FFFFDA960A21
FFFFDA03455E
FFFFE235E538
FFFFE7AB0C6A
FFFFE6F597FD
FFFFD8059FA0
FFFFD8ED9344
FFFFDC348DC0
FFFFDF269EAC
FFFFDB6C838B
FFFFDE5B5B63
FFFFD6D06FC9
FFFFDF2707A5
FFFFE80F3384
FFFFE56684A3
FFFFDD5A1D04
FFFFDAAE65A2
FFFFE1BD6FDE
FFFFF2137C98
FFFFC035E679
FFFFCC1472C3
FFFFEA253675
FFFFEA00A4F8
FFFFF4D140AC
FFFFF03EE9C6
FFFFF8467CF1
0000003DD1F1
FFFFE5B9DD54
FFFFE66CCB91
FFFFEDB8D716
FFFFF1AB8F46
FFFFE7DCF24A
FFFFDDEDE255
FFFFE7ECDE48
FFFFE992DAF5
FFFFE242924D
FFFFDBDCE209
FFFFD93CF492
FFFFE5961740
FFFFEDDAF812
FFFFDF27289E
FFFFE9CD8376
0000073971AE
FFFFEB3AB546
FFFFD451E90C
FFFFED0F4798
FFFFF9A7E600
FFFFDAF81280
FFFFE8393D42
00000122FB66
FFFFF6EFA75F
FFFFD916E51C
FFFFCC803C38
FFFFF8466242
FFFFDB6E4773
FFFFEC1C1605
FFFFF57E530D
FFFFF8290E56
FFFFFD10B020
FFFFEC188864
FFFFE82065DC
FFFFEE13B469
FFFFF348C495
FFFFE3E7ABD8
FFFFDA9D2903
FFFFD5922801
FFFFC9EE2864
FFFFD3751C03
FFFFDA1BB285
FFFFDBCBB47E
FFFFE4CB5697
FFFFF2FD937A
FFFFE159DC03
FFFFCF44AF0D
FFFFDE50E849
FFFFD2BB7A66
FFFFB84BA271
FFFFC03020A0
FFFFD301B57B
FFFFC828DC5B
FFFFD8944982
FFFFF5326E7E
FFFFD8FE8B8F
FFFFD5E0D279
FFFFE21C9469
FFFFDC388ED0
FFFFCEA56B1D
FFFFDFE95686
FFFFF9E8C5A6
FFFFF73D1DA5
FFFFEE12FD5B
FFFFEC40E4D0
FFFFEC00732F
FFFFE34446E5
FFFFD078BF81
FFFFD67193B5
FFFFE6B3B7C6
FFFFDC9EABBE
FFFFC2A7C39F
FFFFDB9A8FCA
FFFFF0675B6A
FFFFDC3B70EB
FFFFD50D4F4C
FFFFE77850EF
FFFFE44A93DD
FFFFC9996A38
FFFFC5DB170A
FFFFD8CD8386
FFFFE3FEF5E0
FFFFCFADCEE9
FFFFD21B9921
FFFFE089FC5D
FFFFF21D1057
FFFFD9B3ACAB
FFFFD613D12E
FFFFDF4FA8C3
FFFFF777730A
FFFFE33CC59F
FFFFDBF7F43E
FFFFF12BB6EC
FFFFF8B2C77B
FFFFF5DB7D07
FFFFE1E7A7E1
FFFFE35FD903
FFFFEC3D8902
FFFFE5C65E92
FFFFD851342C
FFFFDDC8581C
FFFFF23132C4
FFFFE5B45822
FFFFCDCA7913
FFFFC1CA115F
FFFFC92F0501
FFFFC6E274CB
FFFFBB1E685B
FFFFCA3A2C63
FFFFE6462876
FFFFEA17BCAE
FFFFCCC9A8A7
FFFFE836CA52
0000090B20AA
FFFFE8E39924
FFFFCAA3FE2A
FFFFDD4E1ED0
FFFFFCFAF631
FFFFCB31786A
FFFFD26AA61A
FFFFEA028CDC
FFFFEEA0099A
FFFFF5640518
FFFFEA567164
FFFFF22D4756
FFFFFCE345F5
FFFFFE7B5F37
FFFFF9E82736
FFFFF082814A
FFFFEB72233D
FFFFECEE3880
FFFFF02C50DC
FFFFD4A4F8CF
FFFFC36FC7B7
FFFFD7ECE1E9
FFFFF12DD1B4
FFFFD513C2E2
FFFFBAA01BBB
FFFFD7334183
FFFFEB6C412B
FFFFD27DFCEF
FFFFE317EB0A
000001B28C85
FFFFE466B8CF
FFFFE11D41A8
00000280C260
FFFFEF6CF2AC
FFFFD382B1F2
FFFFDEB3B081
FFFFEC17FAEC
FFFFD4C4DF23
FFFFBD1A0380
FFFFE005E724
FFFFE0A48B39
FFFFE5CBA0B6
FFFFE50BB3E7
FFFFF2C891CC
FFFFF8A4D13C
FFFFF9945559
000003E17285
FFFFF6430063
FFFFE258D9AE
FFFFD9910CA9
FFFFE7A60E7C
FFFFDA83A5A1
FFFFAD0522AB
FFFFCADC4A1D
FFFFFF4672AE
FFFFED32BD90
FFFFC6A41E5E
FFFFD4A8E91F
FFFFE5440B99
FFFFD2C95A7C
FFFFB7EF2898
FFFFC9DEDD44
FFFFD46BE7E4
FFFFD1CB5E68
FFFFC893F54D
FFFFC9BE666E
FFFFDB4E0336
FFFFDFAB757B
FFFFD8D104FF
FFFFD9B2A0CF
FFFFD2531AA1
FFFFD7DAAC74
FFFFD98520B3
FFFFDCE7E0E9
FFFFE60F0406
FFFFF0E42AD0
FFFFF5E4C8B7
FFFFEC6E9C21
FFFFF7310B6E
FFFFF23E0F05
FFFFEA014E8B
FFFFE3C043F9
FFFFEAEE8081
FFFFEA54F882
FFFFD383F034
FFFFBF8EDAFE
FFFFDC335BC7
FFFFE718E1BB
FFFFCC690759
FFFFC622D28D
FFFFCA422161
FFFFDAD6D9AA
FFFFBE8429DB
FFFFB04DDBAA
FFFFE3AF6E6E
FFFFF2A60BA4
FFFFD33B6E9C
FFFFE319C570
00000C35D629
FFFFFB15E268
FFFFDC4D7229
FFFFE8FC8A94
FFFFF148916A
FFFFDEE50CF5
FFFFD82A0E9D
FFFFE4AB5926
FFFFF4CE2C1A
FFFFF9CDDDB3
FFFFF7B717C2
FFFFEFBE77D4
FFFFEE337BAF
FFFFF0F14F8E
FFFFF6237C08
FFFFF322E30E
FFFFE12BCA0B
FFFFDE5D2898
FFFFDD5CE118
FFFFC7B57450
FFFFA3B96487
FFFFBC2199BB
FFFFE5B12CB5
FFFFD855A74A
FFFFCD4A5EE9
FFFFDCDD37ED
FFFFED9FBB40
FFFFC77D1F34
FFFFCDB34607
FFFFE772D42F
FFFFE1F3E905
FFFFEAE0AC0C
FFFFED6ED6D8
FFFFE2420D9C
FFFFD33E932F
FFFFDFCD023C
FFFFDE544447
FFFFD3D56B17
FFFFD2839F25
FFFFE045DFE6
FFFFF2EC86B6
FFFFF7DE9593
FFFFF87688FF
FFFFF806CCA8
FFFFEE1C2A83
FFFFE8920968
FFFFF160A480
FFFFF05D53B9
FFFFD8C40A42
FFFFDBFD2A83
FFFFEBCC87FC
FFFFE5CEACC4
FFFFB15F612D
FFFF9B440448
FFFFE193A825
FFFFE76AB569
FFFFBABF9EE3
FFFFD839B10C
FFFFF454C07B
FFFFDD3C90B0
FFFFB480297A
FFFFCCF9B174
FFFFE5225BB9
FFFFE1F7FA0D
FFFFC4FFF180
FFFFC9AD85E2
FFFFDABB17CA
FFFFD938BD06
FFFFD6A5D034
FFFFDFCCBA76
FFFFE97B3031
FFFFEA63FDBB
FFFFF07ED17B
FFFFF90E7E0B
FFFFF4CED60A
FFFFF979B352
FFFFFF083297
FFFFE0EF2A2F
FFFFE47BB99F
FFFFEA74DBE8
FFFFEC05A8B9
FFFFD9C0FA65
FFFFF968751D
FFFFF7AD3EE9
FFFFCB56FBE4
FFFFAFF82093
FFFFBA468AFC
FFFFC7151878
FFFFC58A4BC0
FFFFD7006C63
FFFFD86DC73A
FFFFD478157E
FFFFCCE81C77
FFFFB8970C87
FFFFD475C446
FFFFDEE62137
FFFFCB09AEF3
FFFFD04953E6
FFFFE28AB3A6
FFFFE5450FAC
FFFFE472DA76
FFFFE80F069B
FFFFE94F0573
FFFFF300E9F8
FFFFF05DAF65
FFFFFBC2CA24
FFFFF05038DD
FFFFF74A5827
000003C32D29
FFFFDF879973
FFFFDD5872E9
FFFFEC3C8BF1
FFFFE87BF17F
FFFFDE71AE7D
FFFFDCBFFA23
FFFFF6AB567C
FFFFD7078C9C
FFFFDAE17B0C
FFFFBF1AAEDD
FFFFB0F28239
FFFFD23B555C
FFFFD62FF9D5
FFFFBC9A4D18
FFFFD425BC27
FFFFF596C20E
FFFFD6605820
FFFFC73036A6
FFFFE6BF1974
0000025C1013
FFFFE72B2DEF
FFFFDB7682B9
FFFFFB2D613D
FFFFFB969DCD
FFFFF29DA73C
FFFFEEC2DAA7
FFFFFB057114
FFFFF02368C3
FFFFF876317E
FFFFEFBE7AF6
FFFFF3218273
FFFFF612014D
FFFFE7DF7EA2
FFFFE5E989EB
FFFFE61A0E10
FFFFD08B5A35
FFFFE203DD48
FFFFE1163522
FFFFCE3DA0D8
FFFFE8DB0E2D
FFFFEC48AAD4
FFFFCE5DCC4F
FFFFA86760F9
FFFFC288ACB2
FFFFCD6309D4
FFFFA439C553
FFFFD31538CE
FFFFFFE9FF96
FFFFF2DA35CB
FFFFC2519EDA
FFFFDA767A17
FFFFFC58AD9C
FFFFE88AF363
FFFFC1566240
FFFFC9B20ED1
FFFFCFBF2649
FFFFCCAF3F04
FFFFD140AB54
FFFFECA4AE4F
FFFFE4DBDB87
FFFFF10400B9
FFFFF8829A9C
FFFFF24A4AB7
FFFFEA184447
FFFFEBC4C468
FFFFF776B5AB
FFFFDD1AC0C7
FFFFD0B67EDF
FFFFE48F0950
FFFFF2BFD1E0
FFFFBB1ED78A
FFFFE0E833A5
FFFFF5561769
FFFFCA8D9658
FFFFCA8F6408
FFFFDA56A8E0
FFFFE3169BBA
FFFFC2E0958A
FFFFD906950B
00000279D2BB
FFFFFB6258A8
FFFFDB58B507
FFFFC122A138
FFFFD6866D3F
FFFFE44D20B9
FFFFDAA611D7
FFFFD69D5A71
FFFFD8AE3D4D
FFFFEBD2A199
FFFFF07250FC
FFFFF00E8E4C
FFFFE663CFA1
FFFFEF88A006
000002CDDEFB
FFFFF7238CF4
FFFFDEB8C973
FFFFE6B8B138
0000018CFC21
FFFFDA7582E9
FFFFDB47AD2D
FFFFEFD3E723
FFFFE72916D8
FFFFCD87FA97
FFFFD49DD375
FFFFFCBC72CC
FFFFCE460A2F
FFFFE67604E4
FFFFEE9BD933
FFFFD04BBFAF
FFFFC08A6C1A
FFFFD027F55E
FFFFD10C2148
FFFFC467717F
FFFFD2D95D75
FFFFC1537FC0
FFFFB2731297
FFFFD8FD7690
FFFFF77ADC3B
FFFFE8328E33
FFFFCDCDB5E5
FFFFE2F2B28E
FFFFFC9B9BD0
FFFFDD1EB409
FFFFE5476F40
FFFFF0E30210
00000354B6AC
FFFFFD726D48
FFFFDE5C24A2
FFFFE913AA78
FFFFF934C080
FFFFDEA65438
FFFFE1356E83
FFFFF1CDB1CE
FFFFD2B73CBF
FFFFDE40760B
FFFFE0B216A8
FFFFDF2118F4
FFFFCAB92601
FFFFDF6AECBC
FFFFDF0EB464
FFFFC32FD9D0
FFFFD6EF07E9
FFFFE079CF41
FFFFD09C0BA0
FFFFC4FE9957
FFFFF17B066B
FFFFEB688510
FFFFCB939CCD
FFFFD249F4CF
FFFFEFD133C3
FFFFE301C9CF
FFFFC9701717
FFFFD5FFD77F
FFFFEC8B8D57
FFFFD9A4F68E
FFFFDF92C674
FFFFED7A585C
FFFFF50C41F5
FFFFF63E400C
FFFFEA0FD47D
FFFFE4D62D5F
FFFFDD35DBD9
FFFFDA31BF87
FFFFED95D365
FFFFE67E11FD
FFFFCC80FCB1
FFFFE220339E
FFFFF71CD136
FFFFC20830DB
FFFFC590DCB4
FFFFE7FDC77F
FFFFE9E3D50F
FFFFC658797D
FFFFF4BADFF1
FFFFF9B53122
FFFFE28F1F0C
FFFFD511207B
FFFFE14727C1
FFFFE1B73995
FFFFD0401D36
FFFFCBCC88A6
FFFFC63EE75D
FFFFD2C450CD
FFFFD80659A5
FFFFE3A19E1F
FFFFE67B435A
FFFFE425974C
FFFFECC72F16
FFFFF3426FA3
FFFFEB7A8B8D
FFFFEA89A47B
FFFFFB8E534E
FFFFECD17FF9
FFFFD4D3DECB
FFFFDF43ABBD
FFFFF9933EF2
FFFFDD962336
FFFFCDA8BBBA
FFFFEC5F88FA
FFFFFD29431D
FFFFC61536DC
FFFFD85C2278
FFFFFD6E2AB3
FFFFF310B740
FFFFD1E4885C
FFFFE4F67FCB
FFFFFF8F709E
FFFFDCBE7323
FFFFD49BE238
FFFFC894D848
FFFFDCB9A564
FFFFD35BACEA
FFFFD2DB7440
FFFFC238AA88
FFFFC4987F0A
FFFFECE8D664
FFFFFB72DDA4
FFFFE2C51BCA
FFFFE9D9AB59
FFFFFF824089
FFFFF933059D
FFFFEDB223B3
FFFFEAEA1846
0000042CAD1D
FFFFF463BF62
FFFFD9212FEE
FFFFE5D7103A
FFFFF9B41FF2
FFFFDC6ECAB4
FFFFD799BAF8
FFFFF490719E
FFFFE977765A
FFFFD210BEFD
FFFFDC5FFACE
FFFFFC741202
FFFFD1AA506E
FFFFD5CA804C
FFFFDA1D0306
FFFFE5998206
FFFFCD6B87DF
FFFFD70EAE2A
FFFFD6F821E7
FFFFD362AE33
FFFFE2844803
FFFFDB4783A3
FFFFD2FE7B2F
FFFFC8F00820
FFFFD7E80ABD
FFFFEC176C35
FFFFDFEF16D5
FFFFE20BED2A
FFFFF906DC84
FFFFFAD933FF
FFFFEEF12036
FFFFEAACDEF7
FFFFF7D42F34
FFFFEAD44C2C
FFFFD9731DDB
FFFFE14B506E
FFFFE791EA43
FFFFD65D77B4
FFFFDD746FF0
FFFFEC08B110
FFFFCE95877E
FFFFD93E60C3
FFFFE9A96DC0
FFFFE46C7102
FFFFC8207D51
FFFFDDC3EBAE
FFFFF3B7FB76
FFFFD734CCEC
FFFFD44BAC1A
FFFFE0DDDB1C
FFFFE7508267
FFFFCA2EE9D3
FFFFCDAEAAC5
FFFFDEE48343
FFFFD91C4B8F
FFFFE09C6A3E
FFFFDB78EE1B
FFFFDECC010D
FFFFE925561C
FFFFE646996C
FFFFF03F2330
000000E65F36
FFFFE8CB946D
FFFFF234D641
FFFFF1B9555A
FFFFDD3B738C
FFFFE7643D69
FFFFEB8A170D
FFFFDE83626C
FFFFDA51A6B4
FFFFF0963EC3
FFFFEA10D9C9
FFFFD5C86389
FFFFEA68CDC2
000006CFF73C
FFFFD65EBB6A
FFFFDB7B609C
FFFFEDDF0831
000008D2B49D
FFFFD58CCE71
FFFFD978A499
FFFFEB03235E
FFFFE2CA1C3F
FFFFC954A5EF
FFFFCD208744
FFFFDB907B2E
FFFFE44A6CB0
FFFFF42A9303
FFFFF3F309DC
FFFFE1C1818A
FFFFE8AACB2F
FFFFF5A5602C
FFFFF23EF506
FFFFFD8678FC
FFFFEE6A2ED9
FFFFF61D7052
FFFFE70E34C9
FFFFD85E4778
FFFFEF489552
FFFFF4FBDCC1
FFFFDAEE874B
FFFFD9B8486C
FFFFF5C80D01
FFFFDB1409CA
FFFFCEDB6A31
FFFFE1E6022C
FFFFFB47AF69
FFFFC27ECC80
FFFFC8990615
FFFFEF14FCA0
FFFFEEBBC48B
FFFFC5BA2981
FFFFBD1F27BA
FFFFD62F0100
FFFFCA556959
FFFFC834F2E0
FFFFD947C1E6
FFFFD4606307
FFFFD5140894
FFFFEC805CF3
FFFFF0895CF7
FFFFD7AEAC1E
FFFFD966BD1E
FFFFFA8A3448
FFFFF49C43D6
FFFFF7CA843A
FFFFF14EC856
FFFFFB3B58B7
FFFFE7C283C3
FFFFE85328A6
FFFFF5185DB4
FFFFEF908525
FFFFDE31DD33
FFFFE0286676
FFFFF2838913
FFFFD5BCED19
FFFFD426720F
FFFFF383C1AC
FFFFF69E5876
FFFFDC104453
FFFFD7FF137E
FFFFF28537B5
FFFFE2DA4090
FFFFD2197916
FFFFD58B42ED
FFFFDAB498FE
FFFFDC54D446
FFFFE3FBF625
FFFFE96FB9FF
FFFFDE9B535C
FFFFD6E4A506
FFFFE15F4590
FFFFECEFBE2B
FFFFEBB4523D
FFFFEAEB1482
FFFFF54E2E5B
FFFFFC5BB2B7
FFFFF78EDF20
FFFFF3DA5D8F
FFFFF58E4DE6
FFFFED4428C0
FFFFF13AE942
FFFFF0466CD5
FFFFF15FB65D
FFFFF260A44C
FFFFF2352326
FFFFF3FD1B02
FFFFE34AEC0D
FFFFE6C5ACE6
FFFFEF53348C
FFFFE67C0708
FFFFE51AFE1B
FFFFEE7617C4
FFFFE732FDB7
FFFFDB4F9415
FFFFDD132F80
FFFFE90D70A1
FFFFD9B5D517
FFFFE21A3DE3
FFFFF2BFAE31
FFFFF23D5909
FFFFEFAD1134
FFFFEF60235F
FFFFE27FE4AE
FFFFEEE5931B
FFFFFC920D24
FFFFF36CEF16
FFFFF30F805A
FFFFFE41930D
FFFFF380CCA2
FFFFF656091D
FFFFF351EA6B
FFFFED5B9C94
FFFFF3C8DF68
FFFFF474793B
FFFFF3FF7135
FFFFF56899E1
FFFFF40B7494
FFFFEA81DB23
FFFFDFFD118E
FFFFEB83CA8D
FFFFE7BAFC90
FFFFE318A90F
FFFFEBEF5DE6
FFFFFD1B29CF
FFFFEB8B66F1
FFFFDDD2BDB3
FFFFE7F20F6C
FFFFF22F33A5
FFFFE4502BBE
FFFFE03432E4
FFFFEAB4A9A7
FFFFED053E91
FFFFF069FA88
FFFFF96AA991
FFFFEAA1E691
FFFFE7E427D1
FFFFF8035D1C
FFFFF8E32D4A
FFFFF503E1F6
FFFFF7B37016
FFFFF3B220AF
000013D025C6
00001CE3AC40
00002CF59D67
00002CB67B37
00002604C9F2
000020B07633
000022AABB4F
000023E69DB5
00002538F49F
0000278E206D
0000279A2DE8
000027099FB6
00002DD7EE0C
000033482186
000032FA42B9
000031C9720D
0000355B3DEC
0000311E0122
000022ACF263
00001FDF66DF
000025CA126C
00002B9106CD
000030EA31F7
00002C9AD0B5
000021E9D8F6
00001B6035DC
00002ACEF48C
00003747C863
0000232E80BC
00001B1D5ADD
000028104AC6
00002604FFCD
0000121D8EB2
000013FEC968
0000246D6053
000024339D19
00001FEE2AA2
00001BC6671E
000019E00A27
000014C79FEC
000011DCD424
000014B05598
0000193156E4
00001B151D1C
0000216D82DF
000026BE8C14
00002889EF13
000028354FBA
00002F95CD9D
000033132844
0000282FBD59
00002638C8C2
000026A8F2CA
000023454EB8
00002D347E72
0000318EB620
000029DDA857
000026D97B50
00003344BE35
00003CC52A43
00002D7E2A9E
000026887C3F
00003E2FCC91
000041C8FA10
00000B8FF647
0000072528AA
0000123BA6E5
000015F81971
00001D933BDC
00001EA66904
00001D2A8C2A
000019D90DCD
0000166F53BB
00001605A767
00001898996E
000015D671D3
0000150DCE8A
0000197437A6
00001FD5761A
00001E6D7149
00002371E2AA
00002C60C910
00002EC45B25
00002B90ACA2
0000254750B7
00001C89DF34
0000268E1AC5
000036F30283
00003553B6B4
000029A9B5CB
000023EDE438
000023F7E7FB
000035386C69
0000398D28AE
0000314B9E76
000033B28CF1
00000D215746
00000AA209B9
000016754BD3
00001DD2E874
000020F42886
00001B8DFD34
00002435B1DD
00002D447C66
00002EA6CE1D
00002A036983
00002578D90D
00001F4B77B5
00001C6625B1
00001FC9D016
000021817DAE
000020C8A7DA
00002592DD61
000026AA9453
0000271104AC
00002A210D0A
0000287830AB
0000270F9314
00002F9DD90A
00003609C8C5
00002946BD2E
00001B426F8C
0000184034DA
00001885A9AA
000031A03CCF
0000459BDAA8
00002A379C14
000028E11070
0000102708DB
00000FFD9C2D
00001ACDF110
00001F90272A
0000244CBBC1
00002F1D4D03
00003A9B53FD
00003AC12889
00003E0EEC79
00003F55315E
00003E43018A
000039314066
0000320750EF
00002C61F1BD
00002F131E57
0000374953F2
000039F0F335
000034806AD4
000030D68AE9
000032233DBE
0000357A2DC9
00003A138ACB
00003E558BD3
000034932CE8
000030EBDC88
000027952E82
000021E6E84D
00002270FB27
00002B7D66C1
000040B6AA0F
000031B272F1
000044F396C2
0000147F185C
000014627DE7
0000187572A8
00001466A1AE
00001DC99000
0000296E55CE
00002741E52C
00001FB6E156
0000278A4FC2
000030A47C90
000037EA3F56
00003EB53DF8
00003AD2AA12
00003123737F
000039B5A181
0000427F5789
0000338F5CE5
0000261FE1A4
0000262EFC3B
0000293BFB76
00002EE61A3E
000030398FD9
000031EDDDCC
00002BA39351
00003799D646
00003AB1A484
000029FE9A4B
000023F3E473
0000208C5136
00002B19A3B2
0000415AEAA6
0000683850EE
0000121903C2
00001013DAC8
00001815EC0E
000019D409A0
000020193776
00001A47A69B
00000FEDB53A
0000144585B2
0000223EE0E6
000028AAB27F
00002B3EB14A
00003258DA4D
000031985672
00002C025228
000039944FFA
00003EDDA73C
0000288F1F85
00001A34A241
00001F861579
0000228513E2
000020209C8B
000018F1B85B
00001F3683DF
00002899FCB8
0000338FB34A
00002F1236E2
000024F711CA
00001DFA6AD0
0000226CBD72
00002E4E894F
0000510C62CE
000069D2EB4C
000010D11384
00000C2036C9
00001AA2DBB9
00001E7A6FDD
0000202126AC
00001D5575D6
00001EC0AA2C
000023F9E0CD
00002431C9A7
00001ECF6396
00001B8F4787
00001E4AC22E
0000218CE24C
0000243BBD1B
000032FF5A0A
000035744F76
0000246B611F
00001C63C74D
0000256AB453
00002861073D
00001BDA58FE
000011105CA8
000017D11750
000022F39AF5
0000266B464E
00001EC70437
00001F156040
000028ADB514
0000327239E9
0000347C53C9
00003866E6C1
00004F43A15F
000011A49160
00000F303BB7
00001BD72A8F
000018125C6F
000019E371CF
000022BB9E83
00002997ECF1
000024F28ED9
0000277336B4
00002BD8AF8F
000026AF001C
000023706DF8
000024FAC325
00002605D552
00002897A8F3
000025A415F3
000021A26883
0000231E2E05
00002D3DEF8C
00002FC7DA7C
000028822134
00002833132C
00002CC49AA9
000028513FE7
0000231F772C
00002149DC68
000024C50DF0
00002F8F4D6B
00003A1FCE5C
00002D908D7C
000029DB584D
0000580E984C
00001448DDC6
0000123857E3
00001767910B
00000FC4ADB3
000014ADE81A
0000228310B3
000022EE14B4
00001D67B287
00002B61F629
00003F3518CE
000041CAA005
000039890510
000030626311
00002606E2C7
00001F843466
00001DBAC0DB
000022E412B3
000029C7DCEC
00003120F6F3
00003037275B
000037BC729F
00004134B78C
00004615F84E
00003B7A81B4
00003015E26A
00002B28A758
00002768125F
00002A8C5110
00002B54BD44
0000228631FE
00003FF5F313
0000732EB325
000016A30CF5
0000114D8284
00001826FF03
000019177083
00001F54F390
00001C2FFA1D
00001ABE2D36
0000293FFA0F
0000347BD4A0
00002EC4594F
00003B57AD52
000048DFF057
0000400658D0
00002C0C67E9
000023E3AB7E
00002A9A8C37
00002F48755B
00002788A7A2
00002C4DE0E0
00003B56956E
00004313A27B
00003DC97D3F
000044D84CAE
0000453372AC
00003A923798
00002CDEEC35
000024C38C7C
000025F5E790
00002E25F5C6
00002CEF19B9
00004EEDB25F
00006F975971
000015D0AA62
0000114DED13
000020E9AED9
00002624C317
0000226F39F8
00001A769C65
0000218C6DE7
00002AAFE693
0000217C393C
00001D198E7B
00002D35C358
000044889878
00004D38B81E
000044D3CCD8
00003C6F84DC
00003995EA87
00002A9CE1D6
000015240F7B
000021C29080
0000372864D8
00002C8780EB
00001B81159D
00002B3BA3A7
000040824D6A
00003B340E74
00002D7378A9
00002714C248
000022BA75A0
00002D28B3F7
000029346EF1
000039B827C2
00004DBFFDB6
000013946A68
000013C38D79
0000228A9C3D
000022007CEB
0000224596CC
0000262F8CBC
00002E0B5AC7
000023B3AE3C
00001579E06E
0000267C05ED
000039224823
00003566BB7A
00003AEBBD48
00004BF1A60A
00004A94BAF6
00003E5D0947
00002752BFA4
00001C3221F2
0000256333E9
000029796178
00001D74536E
0000195F8F10
00002F1A397E
00003D5BA2D9
000037962124
00002B79FA6F
00002491A622
000022ECC05E
000027665829
00001FF8A953
00002415FC40
000041627CD8
0000131DA846
000012BE1221
00001CBA8CFB
000015CFF6F0
000021B37372
00002FA5B4FA
00002F3C5B44
000024E4B987
00002F4C1B55
000039B3515F
000028CD7AE4
00001D7114CF
00002AF0F0BE
00003F60C8B6
000046CEEB70
000041A31165
000031D0382A
000032D61D6D
000035D21234
00002F83BED4
00002CF72841
000031C2336D
00003C9F83E8
000038FDF52F
00003347253C
00002C181DDA
000022B319CA
00002360A998
000025602DB8
000020283842
000028FFB606
00004389BA3A
0000134A8B80
000010EE5BEE
00001B4AB222
000016AD53AF
0000231D692B
00002C032402
000029D00769
00002880FFFE
00003C6E29F4
00003BC73062
00001B10BD63
00001F681006
000035957E8A
0000314CB483
000037E7CDC4
000046280DCB
00003BE266EE
00003A61BF08
00003948C19A
000032EB6B32
000037464762
00003C6E26F1
0000398DC257
0000302AC7BA
000033E58964
00003AD84DAA
000030CCFB52
000029836470
00002A699F25
000027CC903F
00002DF779C4
00003DCE0EB6
000012CF2FA4
00001245EB84
00001FD3CC61
00001CBE6D81
0000207C24A4
000022E0CA50
000026150364
00002AC6B799
0000330D96D5
00002FACFC27
00002FCD2599
0000357ED5EB
00002FF860F5
000023730D06
00002A16C4F5
000037D51450
00003CF0F1DE
000043A2C075
000035F24705
00002CA893D9
00002755A2F4
000024BD07BA
0000230A57B7
0000244C1BB4
000033BEA711
00004290D477
00003BAC7D6F
000032AE8F88
00003670EF0B
00002D7730E2
00002D6CEC39
00003AC09E42
00001445E5FB
0000119613BA
00001C2E2CAF
00001D8F7F50
00002138DFC0
000022187B39
000029A8BF1B
00002C41934F
00002B6C9617
000026C370B9
0000408F8615
000044AB76A4
000022F79E04
00001ABC37E1
000035193342
0000387F1078
00003764C3DB
00003813F620
00002E9C761C
00002C2E98A0
000028426798
00001CFBDC6D
000020DF1F5D
0000330ED435
00003F14DEBD
00003FBFD041
00003B81D800
00003A3E7CE3
000037BC2C45
000021B07C3A
00002A11C141
0000461894C5
0000149C92EA
00000EB49AA0
000015FC5310
00001B7E4F4A
000023FC4E8A
000023E001A0
00002AF9201B
000032032EE0
00002990EF10
000022B7FF2D
0000368ED499
000048AB712B
00002D292295
0000231E9F8A
0000310D8A5E
0000289A37C2
00001B04B725
00001CA0BFA6
000024C71E51
000032EF8687
0000307AB7ED
00002380AC10
00002CD863FC
00003C1965D7
000033DD282C
00002400DEA2
000020A75ADF
000026C96A5F
000023DC5088
00001263E950
00002CB7A6F4
000054A30277
0000148E2D98
0000108FA34F
000016513C47
00001807717F
000024E2E2A8
0000232F57D5
00002C5A3072
000035240190
00002B13D8F8
000023851020
0000300CF2AF
00003EDAFD5B
00003CFD6E96
000034DC86E1
00002C6448A0
0000204B479F
0000204652CA
00002CB58E48
00002D74E108
000024DD547F
000023839D85
00002A40BED8
000031D9B592
00002CA3E54B
000027EF50E6
000026A3B3B7
000028FD7966
000028EDE9CA
00002190B472
000014D4D90B
0000316CF603
00005739F9E9
000016C78A63
0000153A279C
00001A319B49
00001564E7D6
000021BB3A20
000021BE5762
00002DF5FBA9
0000324F07B5
00002C4487D5
000029FC9634
000032BF7FB7
00002E7AC78D
000033A531D2
00003EF5225B
00003462FB10
000027ECBACE
00003B3F9395
000042F2ED5E
00002655C580
00000D165106
0000191CAC4B
000024CFC547
00002209AAA4
000019A03071
00002DADFDF6
0000439EA853
000045488E03
00003BEED546
00002B417FFB
00001E8A82CE
000036AFDBFF
0000546513DA
000016C6791D
00001414A8AA
00001B144BD8
000018DD5410
00001BF70EC6
00001F84BC48
00002B46DD45
00002DFE8970
00002DFE759B
0000313A00DA
00002FAFC294
00002374689A
00002FD1B114
000046922686
000036774D13
000025A62951
00003B289DE0
000045368F43
00002552AF1B
000019677337
000026D5F665
00002859AB8D
00001B57C60A
000024AB13BA
00003C0AB31B
00003C0481B1
0000404F81DD
000047BD5615
000033EA2226
0000204968C2
000035E7F4C1
00004ADA2A3A
000015E6EBDD
00000F5446FC
000019E259BA
00001DB087BA
0000186F6785
00001D0A675B
00002D711CF1
00002912B9BE
00002F70DB66
000038DACB80
00002E57FC3D
000023944243
0000312F95BB
0000405F485E
00002B818660
00001EE37D45
00002F2F7FA7
00003E0F5638
000033FE7901
000032CD7F8D
00003A096BA9
000033A4D982
000030E4E054
000033F11346
000031099B0E
0000214D2B77
00002F7C5EAA
0000461215E9
000036787ECA
00001AE3C38A
00002C581A0D
00004272ACFA
0000176546BD
00000E6766E0
00001C4D2A22
0000201E3E29
00001C2C22D0
00001E2FA668
0000321FA22F
00002864ABF4
00002FC78813
00003BEAA620
00002F1B9C71
000027C236BA
00003117969A
00003602A49E
000027953D5D
0000220B370C
000030727EA0
00003640E50D
000036AC61E2
000037015466
000039C80382
000032F9E5AB
00004016A506
0000422240F5
0000294B437E
000028D30FBA
00003A5B59D3
000037AC2C4D
000025EC23C1
00001270041C
0000276FFF8E
000041171ED1
000017C5010A
00000FDF20B4
00002100626B
000022C78785
000024D43FAF
000023EC0C6C
00002C6CC54C
0000290DB2C6
0000304A0F1B
0000388F9CB4
00003017DBAD
00002EAC571B
000033FF1911
00002E7D0F73
00002DAE79E4
00002D1F80ED
00002E3CAD35
000028EF0F7F
00002ECADB57
0000338D0D1E
00002D7A41A4
000027795C1F
0000337C1191
000043BA2C1F
000047E9BF5F
000047065EA7
00003999CC18
00002252F773
000014E526A9
00000F910363
0000294EAA8F
0000432C7668
0000157AD70D
0000175F5E74
000028505A7A
00002064D139
000025CA0983
000028F44EE9
0000243CBEAC
0000269737C1
000030273A56
00002F890CD6
00002E1CF56D
00003495D0C7
000037F5731C
00002AA7C978
00002C22E055
000033368CA4
00002F17B632
000025F77C5F
00002D6FFF68
000039E55AC2
00002DFBB938
00002AD901CF
000036760F2A
0000480809E3
0000507068B0
00004184385F
0000279CC608
00001FBC7221
00001B920C85
00001CC3AB3A
00003259EC50
00003FFA59FC
000018321E40
00002029AC0D
000027DDB332
000015C7481B
00001FA6C1EA
000027278112
00001E35BAB3
000020670772
00002FCB7C19
00002982DA71
00002BDF38F9
00003A574F67
000037CAEF31
00002996C3AD
00002DE67FED
0000386C4839
0000381441DC
00002E3C7A23
0000332AFFC1
00003E37E1D4
00003C5FF13F
000039F70717
00003CA5A53F
000039D147C6
00002FBE0923
000026730A05
00001F562351
0000242E9C08
0000270D2699
000023AFEFBF
00002F9B97E1
00003704BC2D
000019B6747A
00001E052674
00001E1D0D3D
000015C9D3D5
000020480353
0000229F34ED
00001B165A57
000019692190
00002A3C3C38
000026AD0E8C
00002A2E9D83
000036310500
0000317BADE8
00002B5F7E08
00003162340F
000034DA22D1
0000310E9A42
00002F1FD36F
000035A261E7
00003977644A
00003E7571BE
00003C46D8EE
000033E0634B
000026F786CF
0000224FF82E
00001F364FFB
00001C088391
000022BD32BB
000028662FD9
00001C4CB242
000024A8860D
00003A692720
0000185D6AC3
00001568E22E
00001CEFC2D3
0000205326DE
00002485BE39
00001F4085AD
00001BBCDA08
00001A2E811E
000021938A2A
000022ADD90D
000027156FAA
00002C0C1C20
00002B138A11
00002DA4ED45
0000317B8EA5
00002BF754D3
000024D936B9
000026FDDA5C
000032991292
0000330B77A5
000031177B8A
00002F2EABD7
000028662BC1
0000263EEA50
000023A51EBB
00001BBAEA09
000018D06C94
00001D99EAD4
00001C9ABFC0
00000A5985D8
00001F392C38
000043C962D0
000017A33A71
000015E1E262
00001C02F55F
00001C68DEA8
000021881F8F
000021C1C5C8
000022C40AEB
000026EBF859
000022B4B25C
000021394261
000025B60954
000028CCC93F
000028383985
00002663FE87
000027BE3B5B
000024563601
00002161F400
00001CEA3AF6
0000299E80C7
000028A69405
0000240DAF37
000021193BEC
000021E1F3E1
000022EBFB9B
00001F8512B7
00001C8FB8B6
00001D9167E7
00001BE01BA4
000019A494FE
00000C2CF4E9
0000285280FB
0000473F5D31
00001584425C
0000221D8AAC
000029AAD2DF
0000279AAAE5
00002FCF13F4
000031E16E8F
000036027E28
00003B54C6B6
00003554FBBC
00003149A979
00003B0ADCBB
00003A61974F
0000328DEA70
00002B9C2A3F
000031648128
00003162D94B
00002F26EBF5
000025340657
00002E995015
000033E7CC06
000030934583
000026CE7C06
000026B7B749
0000296B9B1F
00002F578534
000032147667
000031415A3A
00002E80A8E3
000034C2D85F
00002C3C7DBC
000042C67B09
0000557FDB46
000012C75EEF
0000216A276F
000028A967B2
0000268BFBAC
00002C20A51A
00002D135D50
000030B592BD
0000305078B4
00002FCD52C5
00002D698399
00003369AE51
00002CD8D8D7
000026C8BD4F
000022BB3DB4
000027F14E9E
0000262E4B7C
0000241A1C2C
00002151A1FD
0000262B3AB6
0000271BF6A8
000022F4759A
00001E54EF09
00001FC9DA4B
000023E2C5E3
00002C2AE0BC
00002BD1A4C0
0000286F5577
000026D14346
00002DB7B360
00002BE2875D
00003CBB7C55
00003DDAAF2F
0000084EA216
00000E037258
000007E9DEBA
FFFFFFBBE117
FFFFFFD16D7D
00000074AD13
00000327F69D
0000008A8FCE
FFFFFFD7D7EB
00000004F677
0000037FE343
00000422BC61
000003FFD6EB
00000040AD6B
0000000684D0
0000003C7372
00000554FAB8
00000628586F
000004BAAB6B
000000DEFA70
0000005F0F1A
000003449B07
0000060B8F5E
000005F7834E
00000137B28E
FFFFFD543E9E
00000004F503
0000034F6CB1
00000126B0BA
0000018D23AF
000004EF85E5
0000016889CF
00000BCAA1A7
0000164B134C
00002042E566
00001A7C844E
000014CB81DB
0000180E196C
0000174C3EB6
0000186C7070
000019942BF1
000019290216
00001A1E4E15
00001F7CFD27
0000236F067D
000023DDC744
000024CFB080
000027DF3083
0000280EC2D5
000021852BD9
00001B16F473
00001A12175A
00001E3E638E
000026F14EE1
000029426CF4
00001C8C9CC7
0000125F10A7
00001AB22CB9
0000264DBE45
0000232B778E
000020D427AA
0000234DE8EF
00001D51535C
00000410F532
0000074C149D
000014A2B25B
00002420CE13
00001BA5BA18
00001514B652
00001879CD5A
000014E33EA9
000015B223E2
00001822468B
000018F1BA58
000018D768F0
00001BCB7F93
0000218046C7
000024D01483
000022D4BCA4
000022BC44DC
000023CE831C
00001EAEA9A9
00001A0510BE
00001B534947
00001E369AC2
000027357C2E
00002D7BE1D9
0000209A1867
0000125541AE
000010FDE713
00002198AC6C
00002BF56132
000028011F46
000022FED898
00001B945E85
FFFFFD014B82
0000024797FE
00000BCCCA62
0000245F4160
00001BAD19E1
000016054EF3
000018C2672B
000015726A57
000016D10692
0000199317A6
00001D36F618
00001F2F32F4
000020427A74
00002517D8B6
000028C7A268
00002761F707
0000264D15E2
000026B107D4
000024CF0461
000022E95AF9
00002408EFD2
0000260FD11B
00002A71D086
0000336D4FA7
00002C9202D7
00001F6BB7AA
0000186CE9F7
00002212ABF3
00002F280EE8
0000389A29D3
00002BA00A90
0000243DB027
FFFFFB1A7315
000002CA4141
00000621FEA0
0000208B9B04
000018F75E46
00001613F1DC
000019511E87
000019702A8E
00001CF018DA
00002292B506
00002829F3B4
0000280D4DFB
000024C738D5
0000253129FC
000028BA0428
00002781233B
000023D103BD
00002268EA89
00002202F313
000023A67395
000023A39445
00002569B40C
0000270A15BD
00002C2F8F01
000031211C45
00002602EFA3
000019BDF3AE
000019474455
000025FAF1AE
00003AE2BBFC
00002AEA30F1
0000232B93EF
FFFFF8028558
000007451808
0000080A652E
000020CAD1C6
0000193A92C2
00001B7A38B9
0000213AB9F0
00002401AC80
000027E72DDE
00002E8839DE
0000315217AA
00002F400332
000029D9DA16
000026975D36
00002E319FCB
000030A17E59
00002982B4AB
0000274387A3
000025A08160
000028B5BE4A
000029B6A10A
000028EE7594
0000266BAB19
000028E99FB2
00002EDCB301
00002971D06C
0000184DDB12
00001044D891
00001F23F4AF
00003E845711
000035AAF4E5
000023E0B5EB
FFFFEB73DAE0
00000A2E1BEF
000009C8B942
000020AC3912
00001C155F7D
00001F7E87F8
000023E02678
000028B7D826
00002E65181E
00003316491B
000031ADAA27
00002E1EE470
00002AB50DFC
00002A32003B
000034053A80
0000376443C5
00002E9D20BC
00002BEF0C22
00002BFC91CD
00002E68F64B
00003153D8A1
00002A7D3761
000025BD86C6
0000286CD948
00002D149F8E
00002A78866A
00001ACA8495
0000152E1E83
000021BEF86D
00003FD826DE
00004BC38160
00002D9A7CE7
FFFFDF046230
000009B2C383
00000A5B65D1
000022F2EE4A
00001E02490D
000020FE5444
000022C9EB13
000021D69847
0000263E208B
00002B1FE74B
00002EB00C8F
000031F42EC0
00003002A7D1
00002AB7DC0C
0000310646EB
000034151734
0000273CD5DA
0000218DA006
000020613324
000024365BC8
000029A682F6
000029B442CF
00002522DEF9
000023DB0F50
000025EF248E
000027276C43
000019327405
000013382906
000020C94328
000038325559
00004C273BDB
000039628A0B
FFFFDEAC4030
00000787E28E
00000A372ED4
000021A9C53B
000019EE9620
00001E1BB1E9
00001EA8F27D
00001B42C2A7
00001E020293
000023235389
00002941BA0E
00002F7B33D5
00003180A3DA
00002DE0E8DC
00002ADDADC0
00002A857E41
0000213D7904
00001A3DC22C
00001EF6C9CD
000024658D7E
000025AD7A7C
0000292177C4
000029138252
00002571CC63
000020DFB919
0000220282F4
00001D147360
0000160A2598
00001CE290D8
0000340D9B77
00004424D4EA
0000416E4491
FFFFF36FA1D0
000005763D06
00000AD02748
00002197A317
00001884458E
00001EF82A39
0000209E75E3
00001B4D479A
00001BE0F375
00002352611F
000028425719
00002B01D453
000030AEA0AC
00002ECB15E2
00002C03F18A
00002B6D6E61
00001F406D1D
00001ABBF801
000020A44C65
000026AACDA4
000026566F6E
000028087A4E
00002BADE446
000026214677
000020E481D5
00001A67D7CF
00001F36E5B3
0000215F404D
000020264BD1
000034C2E9F2
00003D4E7BD8
00003AAB46C2
FFFFF6C54789
0000061C6C79
00000CFC69AA
00002308E712
00001AC55264
00001E2B79B4
00001FF60A53
00001CAE50A1
00001E6CB70B
00002222705D
000026FF3396
00002DD77B38
000033DD370C
00003387FFAF
00003279E004
00002FD97D4F
000021C4E872
00001B043CFD
00001FE343F3
0000285B9D5C
00002695BCD8
000028A59A1C
00002DC30F5F
00002FB55173
000029614F10
00001F346570
00001E9B2035
000026D273A6
00002D337B00
0000326E6DBB
000038C4114B
00002D8B64CF
FFFFEF644A7E
0000062CCE44
00000C3EF81D
000021FCD43B
00001A58AD04
00001A9D165A
000020517F3E
000020B4AA48
0000233EA916
000026CFE68A
000027DEA873
0000313BC9D0
000035519BB7
0000341EF645
00002DEF14D0
00002BFA34B4
000023F81280
00001EB21CF9
0000244DB1C1
00002F72C07B
0000313873E7
00002F014888
000033A838DC
00003BD66FB1
000031619943
000023C3E893
00001FE1B0B2
00002535EF8A
000033A56ABE
000034214499
000040B5C531
00002D150032
FFFFE90BCE14
0000062DC6DC
00000BBFA3FB
00002277F358
00001D9690F9
00001B7450A9
000024B7D6A1
0000292ACBDB
0000298BA6D9
00002834B275
00002CF916F5
00003349B237
000031BD2CB7
00003115EAD5
00003107933F
0000319A7E60
00002C1CADFA
000029FC01E3
00002E4FE5B5
000037D22224
000035DF0737
000031FA8E29
0000332F5066
00003BFF6737
000034C392D5
0000246A6E56
00001EB22D45
000023030961
00003064AC91
000033E84A25
00003C8378A5
00003195544A
FFFFEC2C132C
0000062545C6
00000A686ADF
0000241328CF
000020223DA8
000020349864
0000266A16EE
000028F3ED17
00002693E08E
0000229C6CB3
000025DE7FF7
00002E388FF2
0000347B09CB
000038C90A0F
000036142FCC
000037C6D7B0
000035A174FE
00002EE5A9DE
00002C4C74D5
0000319D42A8
00003091183C
0000289BACE4
00002B552A05
000030B6FA3F
000030E52EE0
00002A4EB90F
00002338B9FD
00002439FC9F
000028C8E00B
000030BA455E
0000347162CB
00002F3FCF74
FFFFF0B0F422
000005DEEECB
000008D5D6A0
0000234C692F
00001E8C410F
000022C146BF
000029166800
000027828291
00002647932D
00002AAFA279
000025FBB3B0
000025509065
00002B317079
000035674518
000035249281
000035114794
000032D90CB0
00002D8B4405
000029732513
00002F96E256
00002D04C903
000028B702B8
00002522BB3C
00002B27EBE9
00003071A54B
000031AAC45B
00002AA2149D
00002241999D
000024C33DB8
00002FA173AB
0000316CB67F
0000282A6980
FFFFF0BD65F5
000006FB75BD
0000093F5050
00002213C588
00001C339487
000025BCA0C1
00002EEBB051
00002BE3B8A4
0000289708A4
00002B48C99B
000028044558
000020DE47EC
00001FA9B1FA
0000291ED862
000034184D5A
00003C889EDA
0000333A755F
00002E850C00
00002933FDCC
00002FC1EB67
000032D01207
000031F6E4C0
00002AA1827C
00002D60D3C4
00002E7E0FE2
00002FA7EC6E
00002AFDD20C
000020A82A5E
000026E0AF14
000032F68879
0000344BE91C
000023019C6D
FFFFF253DAD2
0000095C232A
00000914F57D
000020B2785A
000018C5A9E4
0000253BAEFA
00002D86E2C7
00002AF58B6C
000026B7FDA3
00002835B662
000029FC98DD
000026BCEFF0
00001E1273C6
0000208D7ABF
00002AFD0E46
00003A1D793F
00003914F6B1
00002C7B7A71
00002123F331
000028128E71
00002C5B4B4B
000030A97956
0000327BECC6
00002F9311AD
000030DF8EC2
00003162C68A
00002CD8C344
000027AC93F2
00002968E2E9
000033967BD7
0000365A59AB
000024264356
FFFFF3760879
00000C5697FB
000009EAEC6E
00002057EBF2
0000165B1D38
00001FC360F0
00002BF8F642
00002B5A4305
000026624A26
00002AD81856
000030CB2A8D
0000326924CA
000021AC6E4D
00001B0E10A3
0000191E7EA0
00002AA6D6C0
00003710729C
000032F05B1C
000020CEFBE9
000024B446A4
0000232C134A
0000271053BE
00002975956A
00002DEF55FD
00002F537F1B
000033F8DEF1
00003380BDF6
00002BA82AA1
0000283979C5
0000304684E8
00003461F43D
000027B25246
FFFFF6F44884
00000C2A08DE
00000BC1BF9A
0000219275C6
00001343EA4C
000018829BC5
00002B6D15C0
00002EF510D1
0000270DC9EB
000023E9E560
00002B524AEB
00003687C78D
000025E13B17
00001AAAB1EC
00001292DE46
00001F68C437
000032DB6FF5
000039EEF6EF
000030812C47
000026F5574A
00001ACED86C
00001E1EA243
000026C003DB
00002D1DFD13
00002CCA1476
0000338021C8
000039969195
000032BE6274
000026BA4E81
0000280601E0
00003261DBA7
00002C329D74
FFFFF516309B
00000A72BEFB
00000D4D55C6
00002292429B
000014F2FE31
0000136F76A0
000027B7BCB1
000033605379
000027D88F10
000021ECF859
0000202E1D8C
0000368327D8
00003436BE83
000025DE9557
000016E26D71
00001DFC918B
000027478C0E
00002F75F656
00002B6F86A6
000023103521
00001CD1F33C
00001F5EF1A1
0000298C8573
00002AAFB2F1
0000265F113D
00002F6FF811
0000334DD9E3
00002A3CBF88
00002112518F
000021F5D2B0
00003005DE7C
00002EE86844
FFFFF4CED12F
0000097E8A5B
00000E9D7458
000024F6A767
00001782A8C1
000012740F11
00001E7A4A19
00003488CABC
00002AFFC1E0
000023FAFE12
00001C7835BB
00002A2962A1
000034D3E47A
00002FE3C93B
00001E08A102
00001806E76B
0000219FEDB8
00002FBFFDB5
000028C722E8
000025F2DBB3
00001CB91352
000022467532
00002C4D1289
00002DAFEC40
000026A28FAD
00002BD746FC
00002E7A9A15
00002C055223
00002489FE68
0000231D5E09
00002C53B7E8
000031D94D08
FFFFF92625C1
00000962875F
00000FE4EED1
00002651E656
00001991D64D
00001283E763
00001986E97F
00002B69DD3A
000030671644
00002886BB1E
00001A9F8128
00001FDC4051
00002B60C539
0000382A47FD
000029B6D5D6
00001CB236FF
00002221B557
0000340F0B1E
00002BCB4D5F
0000225218C4
000019C5E428
000023EAB9BE
000029A4BA41
00002C34821D
00002E0BC937
000032FBA4BD
000033890311
0000348A316D
00002845B75D
0000221FE5CB
00002D085D04
0000349BAF82
FFFFFDE85C00
0000098338AE
00001011EEFB
00002704CF8F
00001D34BC85
000013836C46
0000190B2086
000020738834
0000303EBB10
0000303617E6
0000214FA03D
0000205D43E4
00002287D6C9
0000399508F6
00002FF0BEBE
00001E1264AC
00001C69F1CC
000032B6CF62
0000295982FB
00001F382BBD
00001F476C30
0000258ED0A9
000030B35F57
000035E99E37
0000332B2FB7
000031E7B022
0000337CABF5
00003601D1E3
0000268F4CA7
0000203371CE
00002B662A2A
00003096017E
FFFFFF12E7C0
000008073C71
00000DE5050E
00002694D493
00001FBF5676
000016698757
00001A6E32A3
00001B0E1293
000029F26951
000039956012
00002A8A0291
0000229BA107
00001DDB45BF
00002FEBA59B
0000316633DA
000020DE4E60
00001A81E4CA
00002EE08EC1
00002F7DF5F8
00002EA4C919
00002A6A8FB7
000030CFD5A0
000032E338CC
00003A1BF025
000034C9DEF8
00002FFAD5AF
00002F2792CC
00003042C6A7
00002C0429E1
0000251289A9
000027B80351
000027A35844
FFFFFA576860
000008A2AC19
00000F817094
00002946DF3A
000020A4BB74
00001C3AA5EF
00001D65AB29
0000199C13AA
000021BC2941
00003778AF59
00003246FA7F
000025FB9BBD
00001F042523
000029A4ECF2
000030E23DF6
000027364D25
00001C023319
0000269B53FC
00002DD647BE
000039E16928
00002D8636FF
000030AA8B8E
00003278626E
000036909465
000032856B29
00002B961D3E
00002639D339
00002C1E22AB
00002C3B6695
00002AF39580
00002A225079
00002033AFF6
FFFFF2CC1C84
00000A90E03C
000010BD2764
00002BC1666E
000021E51388
0000219B7712
0000218B3B1F
000018AEED7D
00001AFD0F13
000029ED7DB8
000032875869
00002A194D42
0000204F4058
0000277B9595
00002D3D9BDB
00002B64D621
00001F0B7505
00001E97891E
000026B63ED2
00003B6D80BC
00003536C00F
000032FBE609
0000305054BC
0000387B2E44
000038F95A44
00002DE768A8
000021B30697
000022CB86B3
00001D9FC125
000028024B0B
00002C3BB932
00001E947307
FFFFF22291FB
00000D7D38B0
0000110E25F8
00002D73C41E
000020E6B45A
000024D51475
000027407A21
0000185B60CC
00001727D14C
00001E49BF46
00002DFD2127
00002EF6B66A
000024F9C890
000025A5A567
0000277BB573
0000300EA4F0
000024CCAB45
00001F8AFACF
000022B7E5E4
000038B71207
00003C522B14
000037D86413
00002BD5A017
00002F8BC786
000038833D39
0000343F7557
000023DA9768
0000177044E6
000015C77933
000024DA3B57
00002BADB089
0000220F439D
FFFFF5642AF3
00000EA95012
000010EBF9CF
00002B4B951F
00001ADF8C0F
00001FF408C2
000027354F70
00001972088A
000017B3BC28
00001906152C
0000263A2A0D
000033695B75
0000296A6705
000025731BF1
00002345D4DF
00002EF50D37
00002BFBCBA7
000022E191EE
00002467C6CB
000030BA2D36
0000397FEC15
000032C78653
000023F8A17C
000025698803
00002B77FB38
00002FCE3EDB
0000259BE16A
0000175DA0CA
000014B796AF
000021193A85
00002F2D77CB
0000257E09A5
FFFFF547F848
00000E1E343C
0000146638F6
00002FFC3C40
00001B9AD379
0000223AB434
00002C20254C
000024A15BC9
00002154C764
00001F17BFBD
000024138D13
0000335BDEE9
00003298E867
000029FE561A
0000235B8766
00002B87A792
000030197039
00002736DF0C
000025E9BFCB
000029E6B725
0000359513EA
0000329763E4
00002750C609
000026D3389B
00002556A563
00002962A168
00002871A0F1
00001E21AA52
00001CD85CCB
0000246E373E
000033D149D2
000028D2F149
FFFFF7E874BF
00000B2C9AE3
000013D555DB
000033094625
000022F01504
000026337EC5
00002FAB9D5B
00002DC08D32
000029312B04
0000261D1A3C
000027311E47
00002E70C7B7
000035A71315
00002EF2723D
00002582FFDB
000027D9E77E
00002EA05C1C
0000297C3300
000029A19273
00002A78AB93
00002FC75954
0000346F6CF7
000031649ABE
00002C723BB2
0000241C3DE5
0000235A9E8C
000026334B0F
000027EEB23E
000025E51778
000029EF958E
00003791AFA9
00002C4D5BA5
FFFFFEE24E2C
000003D78C2C
00000A6BDCF2
0000224D5D0F
000014DBAB44
0000133E46BB
00001B8C90F4
00001FBA08EB
00001E8D9860
000019CD4500
00001BDA5295
00001F2D7A6E
000025EC134C
000023A73FEC
00001BE7F0B4
00001B3FF811
00001CFF5C04
00001D846316
000021368FD0
000022F51BC2
00001F70F548
000024A6AD81
0000267041C4
00001F7BC902
0000154D4DB4
0000128AA216
000016DEF9AF
00001D264377
00001D1743BA
00001CA5D197
000026F993E3
000027367E6D
FFFFF59A5222
000008F55B99
000013AD33B7
000025EBF464
00001BFAADAC
00001D24A14E
0000215D18CD
0000264AB22C
0000253428E4
00002011667D
0000214FE893
0000236FDCD7
000025085B63
0000262894B1
000022466E99
00001D18DF0A
00001D5ABA56
00001F8FC4EA
00002539A2B0
000022010743
00001D622041
00001F5E12E0
000021CF37E7
0000210C1DE5
00001B196C25
000018AA6AEC
00001C3BCD4D
000024C97C54
0000257BEF03
00001FECF40F
000029B87106
00002705F5E1
FFFFF93DAAC6
0000098328EF
000015962557
00002474548B
00001F3EB016
000022BDE8EB
00002100A792
0000246F1A7A
000024253101
000021077895
0000221D8C53
000024B4A7DC
000023F53E05
000023D9AEDF
0000238457AF
00001ED77B62
00001ECAB0B8
00001E94E28B
0000255E32C6
0000254491B8
000022105493
000021083516
00001D4CFC31
00001C684517
00001C7CB73E
00001D555C3B
000020A99274
00002436821D
000022835EB3
00001EAA35F0
0000247E9CE9
00002735AA40
000000BDF79F
000010808C5A
00000D412BB3
000017381A02
00001857D3C1
0000185BE835
00001B7BE14A
00001BAF88EA
00001A332B29
00001A612E91
00001A8B4F59
00001B23B27F
00001D53F6E1
00001D4DFC9A
00001C409D8E
00001DB978BA
00001D849749
00001BAB9E92
000018B4419C
00001876F488
00001B421BB6
00001B26D7F8
00001887ECDF
000015A92044
000013BC9866
000015F028AB
00001D2B43ED
00001ADE4F66
000011C4DC82
00001A84B9A3
00001B2BBBBF
000018CB9E62
00000E1388E1
000005B06BC7
FFFFFCDAA937
0000052CBB51
000006C91312
00000B71A21C
00000E089013
00000DFBA14E
00000ADF8F7E
0000090FD8F1
000007570320
000006E0396B
000008B82E99
00000865683E
000007606495
000007C8C058
000008D27F7C
00000891508A
00000BD56A27
000010DC126D
00001086E699
00000C569154
0000064E9925
000003CC413F
00000718C073
00000E68CDA1
000017B1399E
000011FE41CE
000005876FE4
00000B4D356A
00000E0CE4FE
0000167B6926
00000E840257
00000921211B
00000247CDC2
0000089AEC38
00000BD1E011
000010C0DFC7
00001099BE62
000012D1B3E7
0000115299F9
0000107C3174
000010C7EAFA
00000E6F71F6
000008CB3272
0000065258A8
0000082752EB
000006AA08DB
00000442ECF6
0000066A99D7
00000D436192
000011B4F0A9
00000E7BA224
00000BA51F72
0000054FD7EC
00000060189C
00000E68470B
00001707324F
000011908A00
00000D002380
00000ACC6364
00000DBE1CD7
00000606E1E1
000014C61AA0
0000126C1231
000006AAE81B
0000020132EF
000009C1D247
00000DF29B15
00001179F73D
000012A999AE
000018C647CF
000016807278
000013681F8C
000012EF543C
00000FE3AE92
00000AB0D46F
0000099509AC
00000C07295B
00000986AA94
0000064D5F8A
0000086DE25C
00000ADF4374
00000C07E173
00000C4313DB
00000EBE02B1
00000B355288
0000032DC277
00000A6E7DD6
00000BBCEA98
0000020844BE
0000098E74B9
000010AB2430
00000E7110F9
FFFFFA9E6D1A
00000FD11C10
0000138C4316
000003CE89B9
FFFFFF023630
000006C72E18
000009CC3645
00000DF76BB4
00000F898B8D
0000164E7D9E
0000158E19DF
00000F116E21
0000091D58C4
000007C8F102
00000AA1EF9B
00000A78188E
00000B9BD78B
00000BEAC3D2
00000730B0E1
000007F43D36
00000CE87DC1
00000B40A150
00000D88FB30
00000F807F7A
00000CF631A6
000005354297
00000498BD39
000003B6552B
000002B54945
0000109C7CF9
0000194FB242
00000DF79E40
FFFFF64F7FC7
00000AA9A71E
00000FCAA1F6
000003834872
00000140FDA9
000005D98293
00000A7E3D9E
00000EA9E3EA
000003F77E70
000002C6ED9F
00000665A53A
000005E0F67F
000005288DEB
00000807D372
00000D3B7431
00000B4EFBFD
00000D051287
00000C0710DF
000003A2D97A
00000428BBAF
00000B6DE0EF
00000A35A6C8
00000A620911
00000C9FF394
000009C47896
0000058B9A89
0000064B2BF7
00000972F04D
000012C16FE6
00001676734A
000012758DCB
00000AD46F3D
000001686B6C
000012A0F02A
000003EBCF4E
000002AA1867
000003872C3B
00000A150CAB
00000E6BE3D7
000012A81D7F
00000253EC5D
000000ECD4C4
00000A6C6E44
00000C1A101F
000008518C2C
00000B4D24D4
00000EEF8C96
00000B961576
00000B3F1D6D
0000073A3977
000001EC126C
000006017785
00000FFEA2F0
000013CB48B3
00000DE85A64
00000BC0A341
00000BEB4C48
00000963337B
00000A377A6B
000008D2A7B3
00001897F52B
000015703C68
000007981777
00000B4A84B1
00000F37622A
00001B95B101
FFFFFC79DF38
000002714341
0000079B7A10
00000C1040D9
000009892B24
00000F3E606D
000009CB53D5
00000AF6CB17
00000EDBDA6F
00000CDA9643
000008687CDC
0000080F3349
000009FA4376
000009B58812
000007C017EE
0000047FF248
000006653E8F
00000D072AFB
000015B4788E
000016EE5DA3
0000093C2AA0
000004103868
00000B993B20
00000923EAD8
FFFFFCA9675B
FFFFFDE8830B
0000170B8229
00001A92F75F
00000F0E4671
00000B2E068A
00000AFD9B52
00001269F86D
0000032D8643
000004397CD0
000009C1F7C4
00000BC4601A
000002FE2076
00000902314C
00000E98AA84
00001259B2AB
000011AD830B
00000CD03E94
000007D147F5
000009BCE8B4
00000D9A7E04
00000F2F2EB5
000009ACB7D1
000003C97F17
00000C02DDCC
0000106F3BC1
000011C9A48C
000012AC4568
000008E8C052
000003B6FA82
00000C1C6242
00000B101635
FFFFFAE563DD
FFFFFFA102DD
000012703358
000017042E57
000013E5E5F2
00000C7877BE
000001E83137
000009069DA5
00000B63D3FC
00000538DBB7
000005BA7273
0000079A2EDB
0000038F467B
000007A01309
0000072EC5CE
00000EB45E21
00001798524F
0000190922C6
00000EE857DE
0000083D0B2E
00000A433920
00000BCAD182
000001D0D2A4
FFFFFE7A5BA1
00000C4C4DEA
000012968436
00000EC8D1F2
00000E423DE6
000012EF975C
00001066DF0A
00000EE4CB1E
000010B63B64
0000100355AF
00000EDBA8CB
00000C568B16
00000B3FFEFC
00000815CFDD
00000BB0A231
00000FCB0395
0000143520EE
000004E804E1
000005243027
000002BDD7E3
0000050C94AB
000006F2B9F5
00000BAE6C26
000009116DEC
00000DBC2C0D
0000138759B2
0000181D6984
000015A270B4
00000E00EA84
000005AB50A1
00000319D5CE
000004E8B49E
00000BEEB878
000013BAB5EA
00001154DD29
00000C2490FB
000007C83FEF
00000F8BA10D
0000175FDAAB
0000148EE2FE
00000BEC7C71
00000FC186E3
000011210F11
00000A03358C
0000068E8AB8
00000549DD8B
00000972135A
000018E1E447
00001E160E7E
00000200EE02
00000607C056
000007DFEB25
0000099B0F37
000007149EF2
00000E712715
0000105C3F9C
00000EA19DF7
000004AC0300
00000394749E
00000A6E5D81
00000FC8D682
00000CAC9671
0000094D842B
0000116F86D2
0000175E6B10
000012F962F9
00000F6F6D63
00000EAEFF26
000002E82F14
FFFFFDDE3088
0000069014D8
000009458F8E
00000335570F
000007C856A3
00000E89F6B5
00001190776A
00000DF265C6
00000D30DD2E
00000B56A7DB
00000B18EFF0
00001365C6E9
0000077CB4F3
0000056D5815
000008588A49
00000C86B039
000007F129F2
00000DBB0BFC
00000E049EE1
00000C5FD7BF
000005EFC37D
000003384B82
000006252569
000011419993
00000F425A21
00000DF7FB1B
0000123654F9
000012C80A21
00000CC3E0C7
00000A45CC1E
00000FBB07F6
000008868975
FFFFFC0FB5AB
000000C4ED9C
0000077FEFE9
000009F21ED0
000008BB57DD
00000B019F49
00000F8D508D
00000FC15A14
000012FC87D6
000010A8678F
000004206C63
00000C3DFA20
00000F0E3225
000004F655C0
000000366986
0000064E1233
00000B929274
00000D6457E8
0000026C573B
000008E1BD61
0000164565D0
00000DD0AB10
FFFFFF7D616E
00000A10BA7D
000011B356CC
00000C5CC589
0000064F63AB
000007AEA8D2
00000E2CE51A
00000EDBD62F
00000C0C9FF2
00000B0C82CC
000008FB7E83
0000073D69F3
000006D1CD2D
00000CBD91F6
00000B0B41A5
000005EA30AF
00000687AC98
0000093B506D
000010C212B4
000011B942F3
000006C78123
00000B9E6740
00000D486AF0
000006718D43
FFFFFDDF7BC7
0000031AA987
00000C363BCC
00000F459CDA
FFFFFDBC5569
000004DEEAAA
00001A1B42C2
000016482FB0
000004F973E5
000009D6F24D
000011011022
000014785AE2
00000CF8B7AF
00000669FE22
00000F032C96
000012E719D3
00000C01C552
00000CA46D4D
000012208093
0000102C67B8
0000078C55FB
00000B9F2D05
00000B17598F
0000033B3590
00000580BDB0
00000D17D692
0000107FA199
00000D7EF41B
0000090FA9BD
0000100AC578
00000B655573
00000688734B
000001FAF537
0000044455A3
0000091710FC
000011281359
0000077BD64E
000003C6C048
00000A818632
00000F4F9076
0000184E947F
0000147E81E6
000002FB26C5
00000DD4C98D
00001480ABBA
000009A7C50D
00000B62EADD
000016BC1CE7
00000F901DFC
00000C6EA179
00000B6EF4C8
000007F84984
000001F69F0D
000004C286B3
00000A953450
00000C1A30E2
00000A472A0A
0000101144A1
0000148CB896
00000E8F272B
00000A6DC5D1
00001336175F
00000A1FF1B6
000004DBF07F
000005A54F85
000007199B62
000006F55C0F
00000FBC4616
00000D12D1CD
00000817EA20
FFFFFBF0377D
0000085063EB
00001DC7D8F3
00001924514D
FFFFFBC2CEEF
0000071DF4C4
0000199CFCCA
000013AB35D1
00000E1F477A
00001330FE95
00000D8767AD
00000B27FBBC
000006A4F637
000008FF781F
0000079AB9D6
00000688AAFD
000009FB0A67
00000DDAE2AE
00000F119CF6
000010F6A0E0
000010678885
00000C55DB11
00000D515327
000012C55396
000005F73593
0000017DDC1B
00000649164F
00000A324744
000008755C51
00000D85870D
00000CE39841
000009499947
FFFFFB638DFC
0000033170BB
00001568BD48
000011037A5B
000007E90759
0000156B95D6
000019C043D0
000015B5F1C1
00000D94325B
000004E896F6
000005D81F88
00000EB4CA7D
00001074A050
00001289A58F
0000152C6FD7
00000F295815
000004F0C3DE
0000029A77D4
00000742FBF8
000005B91671
00000074CB2E
0000065EE93D
000012E353E1
000016A55C52
0000010DE944
000000213094
000005EE9275
00000C2902F1
00000B62F4CB
00000FF33587
00000B8F2190
000007E29C46
000003CD935A
000007E344DF
00001005ADF6
00000E9A525E
000011CB5947
00001A58A32E
0000159C8EAC
0000130CE68C
00000F740201
0000052FDF4D
000004201E4A
0000101941EC
00001B08B3B5
00001798CA49
0000160087CB
00001658B1E8
0000072FE949
FFFFFDAC6EE8
000000621EF8
0000047E854A
000002129F3E
00000A67C100
00001864CBD5
000017B17D4D
FFFFFC38E569
0000038FD109
0000043BC285
00000BC4AB19
00000EB6E56A
000013E880B9
0000091F2E63
00000338AEBE
000009FE8523
00000E42CA23
000007E59C62
0000096F240F
00000F6B3939
00000F53C620
00000B6799F2
00001CF5A466
000020BBA77E
00000CE99ECF
FFFFF9D13753
0000080B73A0
00001B34759D
00001506E640
00000183BE63
0000070C23A4
00000E6C578D
0000086A05C6
000000C9771D
0000046E85DA
00000D557E4C
00001334EC54
000019556E40
0000158CC56F
FFFFFBD88DD7
00000700378B
000004627118
0000087DF3E1
00000EDE4337
0000150D2F0B
000008C44E6D
00000089E7E4
00000BA27D6C
000010FC2133
0000021C6500
00000681A60B
00000FED9E6A
00000A44B506
0000048BBBAA
000019511E37
0000292D7C8F
000013006FB6
FFFFF6A9E042
000004D428C3
000017820DD7
00001793DE18
00000305F2F3
FFFFFD3E8949
00000A48E953
00000EF46C30
0000090D1737
00000658D11C
00000CB24C5F
0000152F4FF4
000019BD62D2
00001269E1A5
FFFFFFE907F7
000006681381
000005903F1B
00000665D487
00000B441C65
0000143BE811
00000BAF6111
000002674134
000006F517CC
00000AE92352
0000023CCB26
00000B67A28B
0000125C70B6
00000A312595
0000031F9A6C
00000A29FF31
0000160050FE
0000110D48B8
000005A63421
00000BA53A09
000013F23DEF
00001B2B1742
00001706B897
00000681AEF3
FFFFFEAF0ACA
0000052C4FF5
000006FA1491
000000EEF516
000005A6FDB1
000011FC6589
000019D0DF8F
0000121A8717
000006097DE5
0000050D537C
000005F081D2
0000075A773C
000007025E5B
000010745E81
00000D2E8092
00000A735889
000007926A38
000003AAD6BD
000006222988
0000100764C6
000014183E2E
00000A26497C
000009EEA5F7
000009465DE0
0000060F178F
00000CC187FA
00000F91720E
00000FFC395C
0000064B5463
0000166FED1E
000020F36793
00000D8F9767
FFFFF94BBB5F
0000041B929D
00000B9810AC
00000488AF64
0000096A15F2
000012F4DD7F
000014616659
00001293DC56
00000B07E1E8
000006D750B6
0000055569E7
000009E52D99
000008727C48
00000E0505BF
00000CD73064
00000E73DFF3
00000A886B8A
000001758577
00000AA6FA49
00001146C92E
00000D198DE7
00000886907F
00000EF7C926
00000C34E6C6
FFFFFBC2163E
00000563732B
00000FF2464F
00000AEF9EC8
FFFFF8B503E3
000003A58B5B
000010DE9602
00000D5EB1B0
000007250B0F
000008BCAE35
00000633A360
000006C7E554
00000CA69E5F
00000E64D99D
00000EC2EFF8
0000137F4506
00000A833E55
000008F2C268
000001C300A9
00000913D533
00000A9BB0BD
00000BD45E90
00000B927DE3
00000EB6A85C
00000C067A74
0000038FEE2F
00000C01F933
000010912084
000001BE5999
00000643FDF9
00000DBED11D
00000A6A3468
FFFFFA92535C
0000081ABCE4
0000104C9BE9
0000084F68A7
FFFFFBF376CF
000002DA3519
00000CAE9EAF
00000E570E15
00000EB89F87
00000C86A0E4
FFFFFE820281
000004DD7BB0
000010AA0C03
00001063BF31
00000E0B72D8
00001337555A
000006FE4208
00000B19D354
FFFFFCA09957
000003CC0CCC
000007C99ABC
000008D77A4E
000009FB9461
00000F2622B0
00000D5B3DD0
000007CFA05F
00000AA1D728
00000DBF1187
FFFFFFD8114A
0000076B9BCA
00000DDF38C7
00000AB507E2
000004336971
00000C3CC430
0000106C671F
00000981D968
000007F9239F
0000099E09D9
00000B73FECD
00000D945F58
000008E6DC12
00000420AE1A
000005241C66
00001302C313
00001852D515
000016A1B278
00000DE3DEBE
00000FECBC9F
00000487158F
00000A612542
FFFFFA82437B
000005760715
00000844D0F3
00000B5ED588
000009D92B4F
00000D465FF2
00000DF2AA1B
00000D3FE269
00000B39FC0E
0000085BC92F
000004942661
00000AEFC263
00000F054587
00000A3BE155
00000DFAFC73
00000E502DD9
00000D1F93CB
00000B9F64D8
00000EDD89F4
00000EBCA905
0000081014DF
000009A52D77
000006068E10
0000040F9F72
00000F8CC952
00001961D962
00001810C239
000017314F40
00000E13FDB9
00000B879795
00000367644B
000003E6A559
0000015D5D49
00000B7FFD14
00000AC72ABD
000010E54935
00000AF44332
00000A763355
00000DEBEEA9
00000EA0F8D4
000008F54453
00000342ACA4
000008A6C9B1
00000BD12CDE
0000099DAD8F
000007DCC7A0
0000123344BB
0000113221CF
00000B64C3BC
00000B11B9B3
00000CFD7493
00000B981B4A
0000096E3522
00000E58B870
00000AA20B6A
0000095E4AA5
000011AD4431
000015369A52
000009DD898B
00000975BD43
00000A407F69
00000A9AA1CE
0000029C06FF
FFFFFE72D047
000007B03367
0000111C876F
00000CFCB51C
0000163228FE
0000102161BD
00000C806868
0000127E6145
0000131627A4
00000ACA80B3
00000614699A
00000FE62F3B
0000139AE86F
00000C04035C
00000CEA491C
00001593A372
00001651D2FB
000012825B73
000011E10406
00000DCE8FF3
00000DB6864D
00001068560D
0000155039B9
0000143E43B8
000015BE4485
000017E59EF5
00001561386C
000008DA38EF
0000062565A2
00000CDF8BD4
000013E02937
00000499D8F4
00000179F47E
000006D161C3
00000FB49540
00000CACB077
000017082711
0000101DDD12
00000C3F7DCF
0000122EAB31
000014A2A3F0
000010C11FA5
00000AF6771E
00000BFC381A
00000EBC731F
00000B1062C6
00000FC967C7
0000123C7BE8
000011FCB767
000011EED411
000011F62DE7
00000AAF81FD
00000C4DE71A
0000101F4CD7
000013FC4BCB
000016E65C6F
00001853AB39
0000124A6FDA
00000E96F0A3
00000CB4074F
00000840514C
000012EB5A38
000017B58204
000003123D16
000007814BE1
00000BE8D552
000012045D69
00000F178EED
0000176D42CD
0000115BE0A5
000010EB71CB
000014DFA20E
0000163FF03F
000016E01AAC
0000116A0FA2
00000BE3E4BE
00000CBFC219
000010CBD040
0000148FEF75
0000134C598C
00001213FE3D
00001655FC46
000013B9AAEA
00000DE50D4F
00000E251641
000012FCD600
000017998577
00001B48EF46
000018C3B482
00000C2923A9
0000094F0144
000010875E8F
0000142AFCBE
000015F005F9
000014B0472E
00000174161D
00000293108D
00000CD4984F
00000BD9E549
000006B1C880
00000C54E3C3
00000888C20B
000008C95C37
00000B25EC2D
00000AB60B5E
00000B16861C
000009A784CB
0000075515D0
000005447A10
00000814A565
00000A815423
00000D3DCFEF
00000C04F85D
00000A7BF9CE
00000AC6A7A9
00000E0E0B8E
00000E0450AA
00000BA05713
00000CABF366
00000E0E064C
00000C6EA88B
000007B48FCA
0000049226FF
00000A573C1A
00000CA9F570
00000578FE5B
0000094D02C1
00000843AC21
00000B799CA7
00002005277F
000013AEB175
000010172F81
00000B401E09
00000BA5D3C6
00000E85E786
00000E8CC85D
00000F5FEAEA
000010A85263
00001144F19E
000014C16745
000018ECB431
000017DEE772
000011833360
000010938DAE
000013F8328F
00000FF99FCD
000008D5B71E
00000D0BC83C
000013B2C9AC
000016D72893
000019506A8A
00001156DBF9
000002AD88CA
000008E06723
00001EA22406
0000239C18FF
00000E945F67
000008DC2BC3
00000FF4E7E3
00000539AFA3
00001D4358B5
000034D0971F
000026292EA3
00001DC57AE1
0000185B507A
0000163AA642
000018562878
00001B89B567
0000218D73C1
00002387659D
000021E5832B
000025FC13DC
00002A4E7041
0000274F2DC5
0000222142F8
000023EE6322
000023813223
00001A1BEA90
000014DB955B
00001D6C468D
0000229B8DD1
0000258DD4D3
00002A365C2A
00002064684B
000010E7FD6D
000020201582
00002EBEC5B3
000026F90792
000016E934CD
00001E678CBD
00001FE883A8
0000047944DE
00001B0DED59
00002CD88115
000022763897
00001D0DA86D
000018DAFCB4
000015C89896
000017F610A7
00001DBC6703
0000255B80FF
00002787FF31
00002703D861
0000296E89C4
0000293157CD
000027B6BC27
000029711D0F
00002F9588C6
00002E2ED3CA
0000285043AE
0000281234F9
0000278D06F8
000021CCA59E
00002A23C9AE
0000361AB7A7
00002FD5C70F
000026553204
00002DD6C9B2
0000273F9AA6
0000211BD3F5
000027DA79E7
000038CFB217
0000289A1820
0000082E3320
000013062C40
00002511E9BB
000017496CBC
0000147E54A6
000017A141DA
000019421049
00001E60C021
000021B50153
00001F31768D
00001A8B855C
00001A230C1E
00001B7315E5
00001938E99A
00001C90C1D6
0000258AE86D
00002AED0D5D
0000266B1C28
000023CAF6B8
0000282079AF
00002223A804
000018C090A3
0000232A0183
00002A82ECCE
0000262DB19C
000026EC08C9
000028E81AA9
00001BEB8D78
00001C351B5B
000037D9C54A
00003EED3768
000014A6A22D
FFFFFAB3695D
00001AB96A47
00002F394190
00001C80F380
00001A4CF3F3
000022B8CEC1
00002A2F133D
00002F156CDF
00002F691295
0000290EA9CF
00002604A2EC
000026C4FCC6
000024F1099C
00002224A256
00002840ACCC
00003333AC1E
0000312468F6
000026109E2C
0000286CEEEA
00002DDAF729
000028C03DA0
0000266F84BD
00002EEEF7D9
00002D02F77C
00002652EDA9
00002782EA94
00001FE3B06D
000013FA8450
0000248E19F3
00004314EBD3
00003C7B8C2E
00000973E78E
FFFFF7A149B9
00001A78510F
00002F3BF1F8
00001737488B
00001B335CFD
000029B0DC39
00003477CF56
00003A750AE7
00003BBCBCC8
00003A2511D6
0000390828B1
0000370D575A
00002E5602C0
000024E90049
00002B18A8E0
00003532BF97
00003331C00A
0000296A06AF
00002DA8A37A
00002FAA770E
000030D32E15
0000375E7F21
000038DA5DF3
00002B91D2A8
0000279A559E
00002B001629
00001C547323
00000C76AA7D
00002874CC0E
000043117364
00003CA14ABF
00001C2EC905
000005A47A5A
00001898A798
00002BB7DB95
000012939777
00001DF37FF2
00002B4B306B
0000291B07C9
00002346645B
000027CF9CA5
000032B0BE65
0000376A4DCA
0000368E4F24
000030622671
00002888059B
00002E357A9F
000036B6741D
00002EBDE3ED
00001AE494A4
000019821A6B
00001E4DCCE0
000026DD6B2D
00002DA43B5D
0000298EF0C4
00001F850217
00002740BB11
00002BB575BB
00001C8C1AE4
00000D4DA4DC
00001E40E5CC
00003796CB64
00003B235BA9
000034FEF9D1
00000F05DF2E
000016B42672
000027B29328
000015AFF450
00001F8D47C1
000020A239F1
0000165A7EBD
00001006FE41
0000185F29E0
0000239D5E70
00002B02EFA7
000030ECEB2C
000031FF35A7
00002FFC1225
0000311DA760
0000320001DB
000022FD250C
00000BA03BC7
0000117396B1
00001EACC301
0000219B661A
00001B35153E
00001F714271
000026F65778
0000314E2739
000025D76363
0000145FFFED
00001CC6D74F
0000227651B7
000028499DC6
0000331CA410
00003C928AEC
00000ED96CB9
0000150399B5
000028C54BD2
00001D2B6001
00001FFA8087
00001D8545FD
00001AA6D985
0000184E8E60
00001C182F48
00001E44EF26
00002139A214
000026DAC14A
00002B8FF8BC
00002D8EE283
00002F7FB840
00002B9E900E
00001BE8238B
000010F68B8A
00001FB3EB6A
00002B17CD9D
0000226C4143
0000133BE709
00001FC58518
000033455036
00002FF175DB
0000181D8A97
000017EF6E0B
0000305CF5F9
00002B4E0C7F
00001FE100DD
00002CB29842
00002D21EEC4
0000014D278C
00001484FA5D
0000290DADA7
00001E950726
00001FA44955
00001F9DFDEC
00001F5F8B46
00001ED84196
00001FCF9EE2
0000230EBE90
000025884DB3
0000213FCF72
0000244AAEE0
00002E78DDAF
000030042400
000027D75B7B
00001DE05104
000022E5B4E0
000031381E6D
00002E2E81F9
000023F8DC02
00001CFEF626
000026E00D50
000030CBB9FE
0000221CF170
00000BD8F632
00001E1D4976
000033D764A3
00002C4B869C
00002284F41E
00002EFE146C
00002B19ABAC
000002C418BB
00001307D98F
000025A01A82
0000198BD2DF
00001B3F0BA6
00001F186298
00001BD23296
00001EE5BDF5
000026F5DFE3
00002C5D87D3
00002AA1F27F
000027283115
000027E27682
000027BCC87D
0000230BDBD9
00001E08422F
0000226BF67A
00002EE42233
000031C1A7EA
00002951C84E
00002A753CCA
00002D1630F4
00002DF463D0
0000282A2FB7
00001CAE118C
000013BC4E2A
000024A28579
000028692671
0000256D9E94
000030791657
00003A90A68B
0000347B4258
000009F9C9E4
000012F7B896
0000260F1D95
00001B0E2842
00001B0886D5
00001BB60B5B
00001CBF6BA8
00002518DE01
00002EAF656A
00003130A7EE
00003387FEB0
00002FCBDA87
00003027B8DA
0000288C3F84
000020EE72D8
00001ECDB526
000026C841BD
00002D177D16
0000296424BC
00002E7D0AE9
000039B39E00
00003BA17291
0000394D7A00
00003205485F
000029554464
000026B89365
000023F4D082
0000193FA6EB
00001D2CBC6C
000032138E50
00003EF40C2D
000034D3C761
000009AFDFE9
0000167BE678
00002C4842C2
0000210B88AD
00001E7087FE
00001A8D7FC8
00001EB757C6
000027AF86A8
0000231C7F7D
0000205691D9
0000305C44B7
00003ABB27D8
000036BEF7C3
00002D4F5919
00002C486C59
00002E22394A
000029CBA9B3
00001A6982F9
00001E3B53F7
00003001BBD2
0000387330DE
00002B8A3329
00002A9AA1B6
00002D833C20
00002CB060AF
00002953C19E
00001F34FED7
000013C91509
00001A4D0D87
00002E043944
00003592ED3E
000027B43D14
00000163FDEA
0000188D35B8
000031CBF88F
000023025808
000021DD3A4C
0000237C8BB8
000024ECDAE4
000022BAB93F
00001BD53160
00001F5EFB40
00002C959DA8
00003364BDB9
000035FF366E
000034746CA6
0000386BA760
00003643EBCD
000025DE1830
000014A4F503
00001EC57D34
0000300CB4E4
00002C9FA7D9
0000236D97AE
000029EFDA29
00002C7F212B
000027EBC8FB
0000207F58FD
00001AB9F3CF
000017C2AC07
00001E6F456E
00002C408E53
00002D56A402
00001C517765
0000003FD814
00001B4200F2
0000346C900B
00001E769558
000020EB9778
00002C142BEE
00002D694403
00001FA831C7
00001FD56CB6
00002E526F31
00002934D799
0000174C4F41
0000283FFF4D
00003A574494
0000405869A7
000034C3AD46
000027F69D95
000023219771
00002C1B6C01
00002E0A5331
000024EBB740
00002B175A08
000030C69734
000027F4A680
000022AB06A7
000021A5B67D
00001FBBBA7D
00001FAF833F
000025030466
00002D507E87
00002BD507E4
00001C5E4327
000003188462
00001BE9E029
000032A6227E
00001671816E
00001E0C7D5C
00002C19BCF4
00002A10C6E4
00001E92A6A3
0000236E7C1E
000029C3E075
00001CA4508C
00001519788D
0000279058B3
00003472F975
00003B1F1EA4
0000350C5D63
000033B2EF0C
000033DB30E0
00002D7EFE73
000019376AC5
00001C6FB4A0
000033835BAE
000037667472
00002A3A74D0
00002A7798D9
00003325CDFB
00002F979D7C
000024C6D00F
0000212723AF
0000253A86F4
000026DA986D
000016D98AAA
000002A9B953
00001CB1CBAD
0000314FA87F
0000155B99C8
00001E924FB3
000026F9D82F
000022EDCB8B
0000268238F5
00003172C31C
000025210A45
000018E1263F
00002BFAD37F
0000338C5315
00001B4EDD39
00001E03574D
00002C82709E
000037C2A5A8
00003A014321
000028081FEC
000011EBC39C
000019A8A004
00002CF44B7E
0000260A6F2A
000022FF23A6
000030EB0794
00003A06E5B3
00002F139D87
0000209F844A
00001E4DCEDC
0000240A0878
000028E4B040
000017E41E55
000004E825D4
00001A2F75B0
00002DED7BD3
00001B203079
000020545BEE
00001EF60B68
00002017EC4E
000032EB6595
000033951D7A
000018E5245A
00001A2C273D
0000333204F3
00002CBAD4A8
000009A8678F
000014332537
000026DD935E
000036365EE5
00003A9DEE18
0000311B4194
00001F949C6C
0000217D6E1F
000021569C89
00001B9A44B8
0000247F7C7D
00002F33FB50
00002DA97D89
00002E5E5F72
000032214686
0000303AB536
000028579B73
000028A6C300
000021DCBC47
00000DB0802D
000015BE8930
000029DE300B
000020503F8C
00001F38B178
000016F8E5DD
00002076E36B
00003883D2A8
00002C31929E
00000D29450E
000020FAD8C4
000033089676
000026536E36
000016F8ACF6
000021929420
000018A33C06
000017704C1D
0000221EB455
00002EE6EF33
00002CC44559
00002175BD51
000017E9D2EE
00001E787E6E
00002C3FC158
00002A95D1C3
00001C1EBA68
0000203C6BBD
000030270CE5
00002D8B75FA
00001F18B0EF
000026B4CBE3
00002B9ADCED
000013BC009E
000013E0162A
000029357A82
00001EF8423F
00001CB2F067
000015B44F94
0000234AD894
0000305493F8
000028589A33
000017015D73
00002C3D1323
00002B66BBF1
00001FE48ED2
00002857065C
0000299102FB
00000CE64B66
00000A2263F6
0000231EEBD6
00002D35A325
0000245C1902
00001A174255
00001A222B8B
00002AA7285F
000030530D49
00002586BEC4
00001D457C6E
000027552E7B
00003154C674
000022616E77
00001450B54D
000026FDA214
00002DAB8A1C
00000F071427
000013AF1AA0
000028F4F09F
0000199A6633
00001B1C8FB9
00001AB42735
00002400C04D
00002489C0BC
000023280052
00002CCAC21C
00002CA95583
000019FBEB46
00001A9F5F3D
00003278A92F
0000336B94A2
000010518403
0000138AD2BF
0000315E93A7
000029756C26
00000CC9844A
000012B701A5
000022469B3F
00002BA3C528
000029838FA4
000030030DBB
00003316661F
00003576C4D6
00002E0F812A
00001F080860
000015E68C77
00002A0721EF
000029479809
0000090B7677
000014BBD431
0000278844EB
00001860A553
00001CCA6B85
000024045275
00002221F420
00001A9B46D9
00002149D65A
0000396D57ED
00002D2AD27C
00000A54D78C
00001B37953E
000039A70777
00002E4BD050
00001062592F
00001F32CE5F
000030BD1A1A
00002343C463
00000B167D5C
00001D8AD901
000029757240
00002393950A
000020903F5D
00002D613597
000037EFC3CF
000038BB726F
000031DAE50A
000027C9AC2C
00001C7C12DF
0000261DDE46
00001D96C501
0000046F89F9
0000151690BC
000026D247DB
00001A6C332D
00001F5F13A2
000027643367
000020CD0EFE
000015830CA3
0000243EB3DE
000037CBDFCC
00002AB09AD4
00000909F160
00001F05F499
000035F55558
000023F5B674
000013D8A7E1
00002A13F034
0000301C91A8
000023DA2334
00002289E141
000033E468F2
0000267E75BE
00001BD17107
000027E46AF7
00003080BDCB
00002C4F81F5
00002EE24BC3
000033778FE2
00002D8EE8DB
00001ED7505A
000022A83532
000015AA833C
0000027C36D6
000017AD58F8
00002E129998
000021A2DCEF
0000218144AE
00002541D491
0000206C84BC
0000170F71BE
0000255B1B7C
0000306F93E4
00002615E2D9
000018721C97
00002754C018
0000279DA45D
00001A7713C4
000020B5E56A
0000308DC750
000026754E54
000021A44B89
000036890716
0000406CD2D7
000025D81FEA
00002537FDE3
00003BDF986C
00003B4F8C39
00002692A32D
0000235A0F17
000029F8FF6D
000024B69313
00001FF7A42F
000029491701
00001E60F3B2
0000071388AB
00001B0DAF63
000038C8F92A
00002640A8AA
0000214DC235
000022E61B3D
00002244575E
00001DC94D79
0000244D7E2B
000025E46D1D
0000226F35A7
00002BDD5B71
00002D5CF55B
000019E76AEC
000018FECCD4
0000349C4B58
000032852184
0000137A8A41
00001FAC3ACD
00004037C803
00003ADA0491
00001F5D3D80
00002E6D3886
000042E7E2FE
00003B641347
00002DF16DC3
00002635908F
0000148DB3EC
0000101D17CC
00002177A448
00003274CD43
000025D21E14
000008DB35B2
00001FE17F8D
0000406B1453
000021CF3D0A
00001F09576A
000024A50803
0000259226B7
000024863609
000022A16DF1
00001DAC592D
0000232D5AD2
000037FEE81A
00002FD34B42
00000F0FD8C6
00001A4BD787
00003B892996
00002F0236A8
00000A1E9C77
00002015194E
00003B761D36
00003278C74A
0000234F0DDF
00002E92C0A7
0000380CBBA9
000033DB851B
00002F63AAC8
000021041EE3
00000B968D73
000012FCAC29
00002BD60864
0000323BFE85
00001ED1D0FC
000005095F5F
0000256C13DA
000042880406
000015DBFEFC
0000178C2D39
000021C16E31
000020C8F076
0000238D527C
000020182AC1
000018074100
0000266D2996
0000391B96DA
00002CB4F00B
00000F0F37DA
000022001204
000039554FD8
00002ABA71D6
000017027FB5
000028BF37CB
00003372FD26
00003001CEDF
00002E9D4467
00002F7DD678
00002685A5D5
000027E8F300
0000266B24FF
00001CC4605D
000013B4BDB3
000021568956
00002FBDBC2D
00002A1B0C3E
0000150F61B8
FFFFFF4204A3
0000243144C2
00003AEF094F
00001534784D
00001B04211E
0000237BAF25
00001F8B89BC
000025BC68BD
0000252496BE
00001C4B13E9
00002BB90BF7
0000377C7BBB
00002F8CB45C
000020C32A0B
00002DDC8DAD
00002FA9F27D
000026DADEEB
0000277B7C28
000031FF851F
00003006016F
000033DE80C8
0000390BF89A
00003004E87A
00001DE2C3A4
00001F725B55
00002220E710
00001CD5A5D1
000026698C09
00002D62096F
00002709FBB9
000027B413B7
00001E7F405B
00000ADFC712
00001A3578D4
00002EF40BCC
00001EA9C2BB
000022AF2296
000024441D16
00001F323397
000025F326B8
000027D8A446
00002116B90F
0000280DFA24
00002B0D1626
00002D6C7518
00002E9B5043
00002D64B8D9
00001F7CD050
00002237E1BF
00003000F44F
00002EB094D1
0000276FBD31
000030E30908
00003425EC70
000028E4CD15
00001CEABFAF
00001B1178BC
00001B201C1F
0000224301BE
0000320D28C7
00002C5E2295
00001C077904
0000272C79CC
00002A38A6FE
000013EF902A
00001F431356
00003578F68E
00002A47EEEF
00002AA7A59E
0000254715B9
0000224F6FA3
0000258B8EA1
000025452A88
000022F25BA3
000024B27FFD
0000249A522F
00002B6B6C5A
000031E6F984
00002979D600
000019FCE1DA
000021624474
00002BB17605
000029824309
00002906F6DF
00003008AFB0
00002BCCD4CB
00002395CBE9
0000224A34AD
000022E097A8
00002155D2D7
00002AB11CC3
00002EDE9DC8
000022F1AF8F
000019284804
000027BC7A76
000028B296EA
000009E1DA51
000010BECB33
00001A752D25
000016183904
00001551126B
000010671E39
0000146AE8C3
000016AF359F
0000144E6322
00001469B220
000014965174
000011798BF0
00001995BFAE
00001C6EBDA9
000015BD760E
00000E534513
000015A2A778
00001825B46F
000015A1460F
000018E7E9EF
0000192985A7
000012F659E6
000013276B14
000015951351
000015EA2E07
000012E2E4D2
000016A50570
00001654821E
00001102DD26
000014A2AB2D
0000203424D3
00001A507F87
000005C385A6
000010C36A47
00001F411EDF
0000237C8586
000022A74ED7
000022193E72
0000255D81D3
000024735CB2
000020D2B8A6
00001F4F2F4C
00001DB39E19
00001BA7619D
00001F40A8F9
00001ED50804
00001B12E02F
0000183F7471
000019836C0E
00001745339B
000019170B18
00001D4EAB9D
00001AD2F1BB
000015C9788B
00001897D157
00001B26704E
00001D1E4947
00001FE8E974
00002081FA3F
00001EC21C64
00001ADFA254
000023EBC2D1
000027B412CA
000015F6B0D0
00000402D8AE
000003BB39BF
000008A43E91
000005B56DC7
000007028F64
FFFFFF9DABDB
FFFFFAD2BADB
FFFFFE99B7B8
0000058DE628
000005C4F54A
0000032D5E86
000002033441
0000032B8BD6
0000049779F2
000005A03CB1
000002ECCC83
000000F692F7
00000319097E
00000313067E
FFFFF9FAB24D
FFFFF65A86F8
FFFFFDF4F2E5
00000655A6BA
000005196B83
000000932A0A
FFFFF65E6337
FFFFF2F00EB2
FFFFFAD5EE24
00000AA0C65D
0000040BF3AF
FFFFF6879B16
FFFFFFBC26D4
FFFFFEC06D1A
0000151430E9
00000FD0EACE
00000B20C95B
00000CE076D2
00000433DBA3
000003199A31
00000616D745
000007C91F9C
00000634120F
000004E5F427
000004ECB2B1
000008DCAE8B
00000BEC6B9B
00000B6DA817
000008488AE3
000008B2748C
00000AD00067
00000418D617
FFFFFBDECB5A
0000000B72C2
000007017BE5
0000082442FE
00000838B202
FFFFFE4D9EA7
FFFFF82D9ACB
FFFFFE76CC61
00000284F64C
00000B854993
000003D4AD23
FFFFFD2EE38F
000000AC974E
000004E4B3E9
00000AA99FEC
00000999251E
FFFFFFF77908
FFFFF8B42A90
FFFFF8F9EFCD
FFFFF61C1CFD
FFFFF064921C
FFFFEC9133D6
FFFFEAA854B8
FFFFEE5F5982
FFFFF324EE49
FFFFFA4410AD
FFFFFDF8B752
FFFFF76559D9
FFFFF36B3C71
FFFFF7F2EF7E
FFFFF912D692
FFFFF33A965F
FFFFF71DC890
FFFFFEB16F05
FFFFF9582516
FFFFF3449003
FFFFF5384F3D
FFFFF023D826
FFFFF17E82EC
000004434336
0000060ED9C0
FFFFF831256F
FFFFED924585
FFFFF770F36F
FFFFF9CA0AC5
FFFFFB5D302A
00000C2C653A
000008838F77
FFFFFAC3B5CA
FFFFF35BE53E
FFFFFA4C9603
FFFFFB6D03EB
FFFFF803614B
FFFFFE166A64
000000FD62C6
00000228BF2D
0000049BB914
00000875AEE0
000006E455AA
FFFFF91036D1
FFFFFC544E03
00000550173F
000002ED2C43
0000025B2CF7
000005A2E7A9
0000008CC477
FFFFF9D943E4
FFFFFE9F491C
0000030E8E39
0000026A82B5
0000004C1640
00000A0E5B78
FFFFFDD5187B
FFFFEE633CF3
FFFFF4863A83
00000751A372
FFFFFEFF6325
FFFFFA3A9685
00000885B289
000007EAC06B
FFFFFD2A57EE
FFFFF71DCFC2
FFFFFA804553
FFFFF97D5C10
FFFFFC6F0504
000006D34400
00000C304F8D
0000055ECE48
FFFFFEE03FDD
FFFFFF2F6F80
FFFFF9AFA256
FFFFF7768E93
0000004185ED
0000038BF027
0000006BBFA2
0000045C56D5
000008181B20
FFFFFFF60A89
FFFFFA42BB4B
000002EC4818
0000026C8C4E
FFFFFE159397
FFFFF947A62C
FFFFF5BDBCD9
FFFFE894150F
FFFFF366CC75
000003332756
000011F81360
FFFFEDF3D67F
FFFFDD6920A6
00000B736AC8
00000EC4D14F
0000015FC20B
FFFFFAE1EF24
FFFFFE7CF45C
000008235A30
00000FBB7EA0
00000DAFC5B0
000002371F58
FFFFF9A6A14D
FFFFF68CF004
FFFFF5F0C579
FFFFF64E63FA
FFFFFB89F586
0000052EBBC1
000004BE5A2F
FFFFFFF906F0
FFFFFED525BF
FFFFFED00107
FFFFFB842202
FFFFFC160E8C
FFFFFF57C3AD
FFFFFDE1DBD1
FFFFF5147124
FFFFECD80CC8
FFFFEEA894B6
FFFFE6C89DBE
FFFFFA60A19C
000009AFF44C
FFFFF7A0AF46
FFFFE6D342D8
FFFFDED93A9E
00000E1CE3ED
00000BB2B84B
FFFFF89E4355
FFFFF8C7B551
000000F5E457
000006525DB4
FFFFF421B310
FFFFE28D7DD2
FFFFE3F6C62D
FFFFF313E433
FFFFF7A140D6
FFFFF6A9037F
FFFFFD9E3B26
FFFFFFACC5F4
FFFFFF79C737
FFFFF7AD5260
FFFFF10DB420
FFFFF8629B61
FFFFEEF1BCC1
FFFFEE8E8A19
FFFFF7394C56
FFFFF1C4AEA9
FFFFE8BBA6F0
FFFFE621C186
FFFFED83465B
FFFFF8758851
FFFFEF27D207
FFFFF99093DA
FFFFFF4EB57F
FFFFE07B288D
FFFFEDFC1B51
0000041E2B35
00000D8F190F
000008C78479
FFFFF788D68B
FFFFFB2783A5
000008906FCA
0000039ED8BB
FFFFF0158910
FFFFEF2BC49A
FFFFF6485A9F
FFFFFE195B03
FFFFFF445BA3
FFFFF857162F
FFFFFA130671
FFFFFFFFA093
FFFFFEAB17ED
FFFFF2F5317F
FFFFF454C6D4
FFFFF7C437A7
FFFFF5F646FF
000009D83F58
00000947CA6D
FFFFF3051811
FFFFEDE4C609
FFFFFF846227
000003FB6FD4
FFFFF63BAF2B
FFFFF0182AD6
000002DDE89C
FFFFF85DAEEA
FFFFEB1CE982
FFFFFCDED8DB
00000C3DF78F
00000892D0B8
000007E17A70
FFFFFCED4AC4
000003C13475
FFFFFAC8AF30
FFFFEC2AC65B
FFFFF0B6A2F9
FFFFFD12C769
FFFFFE11DAF2
FFFFF86998BD
FFFFF3FEB24A
FFFFF396E70A
FFFFF40BD7E4
FFFFF87B8281
FFFFF9FF9884
FFFFF14F865C
FFFFE9EC3985
FFFFF2681F44
FFFFFECDC1B6
000008DA89E1
FFFFF6C092CD
FFFFEC3B2DD2
FFFFF2681A43
0000054108FD
FFFFFAC14F0E
FFFFED1E7348
FFFFF0CC0182
00000B33971A
000006014B13
FFFFF9A46591
FFFFF30561D1
FFFFEBF98550
0000043ED1AA
000006F4C1FF
FFFFFFD5FFF1
000002908DAF
FFFFF46BA777
FFFFF15F4728
FFFFFD91499E
FFFFFD50FBE3
FFFFF94BF915
FFFFFA578C07
FFFFF3023A66
FFFFF4C04607
FFFFFAB56A8E
FFFFFE105167
FFFFFC0C44CE
FFFFF1F9B92B
FFFFF2E4BD65
000001A42143
00000A41CDDC
FFFFFC810BA0
FFFFEDD08EAB
FFFFF80F276B
000007D911BD
FFFFFF98923E
FFFFE857E670
FFFFF14058AC
FFFFFDDAF9E3
000002963454
FFFFF580D64B
FFFFECBEAC84
FFFFF00444D3
FFFFE5BD8AA3
00000700CAD1
000007B0FC34
FFFFF82B9823
FFFFF8B870A7
FFFFF898B022
FFFFFD050F12
FFFFF5AA51D1
FFFFF2D1C73F
FFFFFC24BB10
00000659F61B
FFFFF96CA214
FFFFEE74EAD6
FFFFF349A6A8
FFFFF5035742
FFFFEB7080C0
FFFFEA619469
FFFFF5E47873
00000A661E8D
FFFFFF830DD1
FFFFF2FCC6C3
FFFFFD22B6AD
00000B53720D
00000E4F4FB7
000000C77C59
FFFFF2D48A48
000000C1B6C0
000002942FEC
FFFFF705B391
FFFFF0A724D5
FFFFF48744CE
FFFFFE9C370E
00000378C28D
000008E01CEB
0000078BF57B
FFFFF76F2DD6
FFFFFF4EA050
00000220AD77
FFFFFE043225
FFFFF1E3C870
FFFFF5B652F8
0000067A9FBA
FFFFFE658C93
FFFFE9D4E48B
FFFFF1DE7AA0
FFFFEFAA9C67
FFFFE8BA55BE
FFFFE7107D43
FFFFF6285E4A
000007E56AA7
000003C5E55B
FFFFF37B129E
FFFFFF29BDE3
00000BC81A6C
00000810DBCE
FFFFF195D681
FFFFF1043CAD
FFFFF7EC1C03
FFFFFD7CE442
FFFFFA100F83
FFFFEB7BD1E0
FFFFF17B5047
FFFFFCD367F9
000001A8625F
0000057DE091
000009D2D1B2
000008CA9EA9
000000FEF540
000003B55D40
FFFFFDA0A754
FFFFFA6FAD31
0000054B9D26
000006A1A8CA
FFFFEEBA3183
FFFFDCCBBFF0
FFFFE88D5B99
FFFFF91C5465
FFFFF83E887D
FFFFF284D6D7
FFFFFAAC8FED
FFFFFDEC8519
FFFFFED70236
FFFFF32BB5DA
FFFFF518FED8
FFFFFD07CB4A
FFFFF119C9FD
FFFFE41C1BAF
FFFFDD5707E1
FFFFE71A98FB
FFFFEFA0487E
FFFFF1EBDCE6
FFFFF445115A
FFFFF7A221B6
FFFFF4D12217
FFFFF5E08FE6
FFFFF611EE9E
FFFFEE3A8161
00000BAAA482
00000B3B1658
000004F73067
FFFFFE2EE267
FFFFF01C5A3C
FFFFF9F17BA2
00000577386D
FFFFFA9BE744
FFFFDF965931
FFFFE62482E9
FFFFFC154A49
FFFFFA2D8C9E
FFFFEEF67803
FFFFF5C32485
FFFFF8592E63
FFFFECC8C81F
FFFFE49CD730
FFFFE9EA450C
FFFFF80C0A3A
FFFFF94889D8
FFFFEDFEE662
FFFFF5171989
FFFFFFBBDC2A
FFFFFD9BA3B0
FFFFF98EFB16
FFFFF6409EFC
FFFFF5561225
FFFFFDBBDDF1
FFFFFD8BD49D
FFFFF6FF346F
FFFFEFD4CA13
FFFFEAC0BE78
00000CFF2F81
00000A3637A8
FFFFFC6B5F92
FFFFF6D67354
FFFFF9C0CA3C
000003D2A11A
FFFFF77BD5FC
FFFFEF030B21
FFFFF8B6C07A
0000034F0CA1
FFFFF757E0E3
FFFFDEF2A0C4
FFFFE2FCC3A3
FFFFF5DA11F8
FFFFF64A4144
FFFFDDE999C4
FFFFDD7C2BFB
FFFFF300E53F
FFFFF5810E79
FFFFEE6865B6
FFFFF69A2760
0000098FD9C2
00000A60F5CF
FFFFFF4604B3
FFFFF4C02A6B
FFFFF80422F3
FFFFF7FD1336
FFFFF4F5381B
FFFFF5FDBEFE
FFFFF3DBB7E5
FFFFF26390C9
FFFFF43B7F40
00000EACBA05
000009DE0EA4
FFFFF79FAD56
FFFFF954DB06
FFFFFF873BC4
FFFFFB527B3D
FFFFEAEFE960
FFFFF33CF97A
0000064D5118
FFFFFD84781B
FFFFDBDAAD22
FFFFE1D92A49
FFFFF17BDC51
FFFFEF867D4F
FFFFEB2A215B
FFFFE3D598AC
FFFFF5E85628
FFFFFA891BCE
FFFFF989BFDF
FFFFFBC500E8
FFFFF9EE952B
00000764EB1F
FFFFF71493CB
FFFFE8BC4D96
FFFFECE9D4AB
FFFFF47DB7C7
FFFFF88AC11D
FFFFF0202A87
FFFFF841E56F
000000F2030A
000000A017B9
FFFFF8BDC1FF
000010A0BC63
00000AFAE91D
FFFFF5501B70
FFFFF89B9C1D
FFFFFDB3035D
FFFFF299547F
FFFFF3C3D599
000002B0CB4B
FFFFFAA6BDF2
FFFFE7A63264
FFFFED640B55
FFFFFC98BFBD
FFFFFAA4271D
FFFFDF6EAFC4
FFFFDEDAB2FE
FFFFF2538C51
FFFFFF111FC3
000003AE8B38
FFFFF2D94B60
FFFFEF6C342A
FFFFF2816543
FFFFF10A1E69
FFFFE479BAF8
FFFFF0B3482F
FFFFFC2B7DAD
00000203FB1B
000004C37ECD
FFFFFC51BBA9
FFFFFF76C914
00000339DE38
FFFFFE7C8042
FFFFF22BFAA1
00000F58A51D
00000A3F3F40
FFFFF2EBB7CB
FFFFFA2BBB43
FFFFFD4372C1
FFFFF6631180
FFFFF6523240
000006DCB6C0
FFFFF092EDD6
FFFFE307EA4E
FFFFFBF5890A
000008E7AFF8
FFFFE153C818
FFFFD68EEC66
FFFFE73D4B93
FFFFF5CB99A0
FFFFF9E03EB6
FFFFEEC6A89B
FFFFE401CB5B
FFFFF34B13B6
FFFFFBC1FC0B
FFFFF20EAB65
FFFFF3082393
00000AE80E7E
000014B09702
000002791177
FFFFF4F07AF5
FFFFFC1EF3F0
FFFFFD6C8AF2
FFFFF5016139
FFFFF32E10CE
FFFFF267BB60
000009A029C5
00000954F60C
FFFFF41B8FA0
FFFFF7392B50
FFFFF6B75064
FFFFF718F1B4
FFFFF7EC38AE
FFFFFEE32334
FFFFE8F6255E
FFFFEF1A5B78
FFFFF421BBBE
FFFFF4359746
FFFFE52F3114
FFFFEABA4BBF
FFFFFCE139FB
FFFFF5088EE9
FFFFE43F8A4D
FFFFE27A4337
FFFFEEE9BE94
FFFFFA002FD2
FFFFF4D45B9C
FFFFFB6D2CFD
000007A31CCC
0000135637F1
FFFFFE933A1D
FFFFE71DD4B6
FFFFE5764DEC
FFFFF45FE6A8
FFFFF45BE14E
FFFFECA0532C
FFFFF647BA1F
FFFFFD58D6C4
000006AD3A60
000008C844D9
FFFFFB5B0362
FFFFF7EEBA4D
FFFFF1D110BE
FFFFFA8F160C
0000004ACBE8
FFFFF08CE983
FFFFE37ACA8A
FFFFFD415761
FFFFFD8D5260
FFFFE5ADBF59
FFFFEE623B7B
FFFFFCCB4D4C
FFFFF52ADD0B
FFFFED5776BD
FFFFE5B3C163
FFFFFA00FA8C
00000C20C19C
FFFFFDB12C9B
FFFFEB7BEEFE
FFFFFEFD36ED
00000B31E6F3
FFFFF9B15808
FFFFE4E083B2
FFFFEAA1EB47
FFFFF9AA0C2B
FFFFF898842D
FFFFF3C72CA5
FFFFF4BD24A6
0000023AAA3B
000009A1979F
00000A0A8745
0000089B9BBF
FFFFFD3AB718
FFFFF8F1E366
FFFFF1D264A8
FFFFFE4E5F28
FFFFFDBE44E7
FFFFEADF6C78
FFFFECCABB24
000006833B48
0000012E5BC4
FFFFE96E0643
FFFFEE7423E3
FFFFFB2A4E9F
FFFFEA81AC08
FFFFEEDF5A9B
FFFFFDE219AF
00000DCF2EDE
FFFFFDEC9E68
FFFFE80EDC3E
FFFFEDBDBC3F
000003617AC9
FFFFFBD32C12
FFFFE6EA4AE6
FFFFED41C6FD
00000603866D
000009059240
FFFFFB8A599B
FFFFF7B3366E
FFFFFBC254C2
00000601DA88
00000856A69B
00000C5AB578
0000084FF4B0
FFFFF98CEC36
FFFFF904F73A
FFFFF21671BE
FFFFF9127CF6
FFFFF491DB4D
FFFFEEB297D1
FFFFF32B6E2C
00000333BA7E
FFFFF18082B2
FFFFEFD4A62C
FFFFF320D867
FFFFF54A056B
FFFFEDCC2A3D
FFFFF4646B0E
FFFFFE12DD5B
FFFFF6B8F693
FFFFE19B239C
FFFFEB79D689
FFFFF970E99F
000001424C66
FFFFEE27FBAE
FFFFF7CBA8A7
0000114234AE
0000082BE777
FFFFF54F648E
FFFFF48C395C
FFFFF849B10B
FFFFFACBDEBC
FFFFFCC05A31
FFFFF95BABFD
00000CB5D15C
00000936861E
FFFFF76D921F
FFFFFBB6B604
FFFFF52EDC30
FFFFF2A56F3C
FFFFF164FDD9
FFFFF3A940F1
FFFFF6124CD0
FFFFFACA5666
FFFFE24AA1CB
FFFFF103B205
0000016D5547
FFFFEF4D44AE
FFFFE720BB01
FFFFF8853C20
FFFFFBBBA81E
FFFFEEED403B
FFFFF07A1478
00000935CAFC
0000060A4CC0
FFFFFBD002F9
0000024C9BCD
00000682F70A
FFFFFB7FD2E8
FFFFE36497CB
FFFFE5097756
FFFFF4C4414C
FFFFFBE4438C
FFFFF8D6040A
FFFFF3531314
FFFFF14037D9
0000095034FA
000009AA1BFE
FFFFFC650A17
0000009B95B2
FFFFFFF51733
FFFFF7CB548E
FFFFF3D01894
FFFFFBB882E5
FFFFFD2B7DC4
FFFFEBE2BEB2
FFFFE71EA7D2
FFFFF9F2C414
000008E4C464
FFFFF2F5859D
FFFFE7430EAF
0000064850F7
0000034A642E
FFFFF7CB157B
0000005A570E
0000158D5D26
FFFFFECF9477
FFFFF1082AB4
FFFFFD077E95
000002F477BE
FFFFEC36BE40
FFFFE35BFDC1
FFFFF42D247C
FFFFF673AFC6
FFFFF5057557
FFFFF9473ECD
FFFFFA752C27
FFFFF4BDD39D
000008D1EABC
00000AC0DFC3
000000624670
0000030B3078
000005AF53EA
FFFFFD6A01A7
FFFFF0BC9779
FFFFFA063501
FFFFFC242465
FFFFE73BF17D
FFFFEFA0F47F
000002F59138
FFFFFE814ABC
FFFFF0E5B78B
FFFFEE370EE4
00000EADFB4B
FFFFF91B84BC
FFFFEF223B31
FFFFF72720C7
00000422336A
FFFFEDF4DA88
FFFFED243470
FFFFF35748A6
FFFFF2E1C7EA
FFFFF72B2CB1
000000914F3F
FFFFFF57FBE7
FFFFF11DD7A5
FFFFF0CDA36B
000002C99940
000002954A05
FFFFFEE77EA1
00000F1EB796
0000148CE06D
000005E2E538
00000063CFBD
FFFFFB8DEA8B
FFFFFABFEB48
FFFFEE48777E
FFFFF0F4D8B4
FFFFF5CAFC05
FFFFEFF70ECE
FFFFF1C5D3DE
000001BD4F1D
FFFFEEAA86D2
FFFFF0474998
FFFFF7D34706
000005FA0534
FFFFEC336D12
FFFFF5852B0C
00000363CE6E
FFFFF4131387
FFFFEC0FEC75
FFFFFD961456
FFFFFBFDA11D
FFFFF1A64013
FFFFF6FC54AE
FFFFFB1CCA69
FFFFEC2320FE
FFFFEDE91B6C
FFFFF8ECF27B
000003F32C33
00000958CB4A
000002A13C95
00001607503D
000016D0EB8B
FFFFFF8E9A00
FFFFF570E781
FFFFF28933EB
FFFFF6DFFFCB
FFFFF44622AB
FFFFECB05B32
FFFFEBEB5C1D
FFFFF567F9F1
FFFFF8964B00
FFFFFD13F6CD
FFFFE9CD7C5E
FFFFF6AD6131
0000005440CC
FFFFFDD4144A
FFFFED525BBA
0000039ACFBE
000006F5702B
FFFFF2A6F6DC
FFFFF6A54760
00000B31B662
000000A1EF63
FFFFEDC71036
FFFFED9D59E3
FFFFF0C2D8C6
FFFFEB192FA8
000003444D83
0000076A7777
00000774F110
00000096A7DE
FFFFF7F529BC
00001C57E726
00000E9239DA
FFFFF1A4446C
FFFFF6A7323C
FFFFF9528A2B
FFFFF7E845DA
FFFFF8ABDDBD
FFFFEFF20028
FFFFEE506291
FFFFFC1817B1
000002489ED8
FFFFF54DC9F9
FFFFEFA60FBD
000002A7A37B
000007E2E9ED
FFFFF799B916
FFFFECBD09E3
000003759FD5
FFFFFF86BA82
FFFFF1A11E00
FFFFF4182692
0000027F87D4
FFFFF14A80A5
FFFFED45133C
FFFFF0642300
FFFFF209D4AF
FFFFFEA61B2C
00000A27FDB0
0000089B311D
FFFFFF0EAFD2
FFFFF2339915
FFFFF129568B
0000162909FE
000008C8EEF2
FFFFEF4F9CF9
FFFFFF550000
000003CFB60C
FFFFF8026FAC
FFFFFA52FBCC
FFFFFB7232FC
FFFFF53FFD00
FFFFFFB0DF51
FFFFFFB5800A
FFFFEC6C5D0C
FFFFF0CF8BCF
00000ADB6767
00000647599F
FFFFF16D9635
FFFFEC4AFCEA
FFFFFF98E12F
FFFFF98123F8
FFFFF2CD19DF
FFFFE84EA212
FFFFEEF4010F
FFFFECF6AC28
FFFFF60BEDC7
FFFFF94F8AE3
FFFFFBA981D0
FFFFFB834A34
00000632ADE8
FFFFFAF38815
FFFFF275E52C
FFFFF4C5079C
FFFFF44A65ED
00000D3ABA92
00000A175C56
FFFFF7CA081F
000004E8791D
FFFFFF7A6C1F
FFFFF6325288
FFFFFAA8E809
FFFFFEDA2108
FFFFF4722DB0
FFFFFAEFA8DF
FFFFFDFEBBEF
FFFFF62AE1EE
FFFFF891B4E6
0000026B2E91
FFFFF2197C0E
FFFFF2440920
FFFFF839E1E7
FFFFFC31907B
FFFFF5B3B288
FFFFF88E8145
FFFFF4597DAA
FFFFF2E55E13
FFFFFC1B79DE
FFFFFBEA231F
FFFFF708DE38
000001AC9D5F
0000072AD5E3
FFFFFAF86E85
FFFFF0D3AC27
FFFFF88D3E74
00000135149F
FFFFFF1B6A86
00000A7C7AE2
000008FB472F
FFFFFA3BFCFF
FFFFFF754D53
FFFFFC0A1490
FFFFFC176850
FFFFFDB0EE08
FFFFFD6D779E
FFFFF74B5F57
FFFFF7FF7A87
FFFFFCEA1164
FFFFFE2A92D4
FFFFF63A1CDB
FFFFF6ABD89A
FFFFF3853E0F
FFFFFD0487F1
FFFFFD15379C
FFFFF9DB1F53
FFFFF449DC6C
FFFFF6194A4E
FFFFFA4FA7A8
FFFFFC0CAD0F
FFFFFE510A04
FFFFFCE8EA55
FFFFFC2AF570
00000654A788
0000057E437A
FFFFF7BA67CF
FFFFF5BAD2F5
000002ADD784
000001E54B33
000002DCC5D7
000013413461
000006F699F4
FFFFF9A696F3
FFFFFEE49782
FFFFFAC85277
FFFFFCF95876
FFFFF99E5441
FFFFF5669CA0
FFFFF6A32C69
FFFFFC39442B
FFFFFA49561D
FFFFF673DBCE
FFFFF2D6A81C
FFFFF5F71C83
FFFFF8E98189
FFFFF9250EC9
FFFFF2FA6F18
FFFFF746E450
FFFFFDDDF67B
FFFFFB5263BC
FFFFF30279E5
FFFFF34AF38E
FFFFF8F38731
FFFFFAD4B74F
FFFFFEB0C760
000000EE0169
FFFFF73C6599
FFFFF3932674
FFFFFBC27978
FFFFFFD3F136
FFFFFED45ADF
FFFFFD2A6681
0000202E43ED
000046A8E9BA
00004ACEA004
0000406A3FDD
0000331C7118
00002AE175A5
00002A998EEA
0000311E066F
00003622EF89
0000388C102A
00003B949E39
000040DA1799
000046DFA2D4
000049A9B359
00004A3C69A7
0000481FD058
000044261675
00003D6968F2
00002F2E4D79
00002A0AEE04
000032D6822C
000042026E12
000047F3F351
00003E96AA78
00002D4F529E
00002DCA86FD
00003943C01A
0000494408CB
00004316CBC4
000035378055
00002DF94C4C
00001ADE8258
00001B322E06
000049AB1B6C
00004E37EFAF
0000419F36BD
000038D8E6B3
00002FEFC811
0000290FB605
000029D6F980
00003134A3D0
000038350EEC
00003D4A21A3
000042C56772
000048511EF0
00004B4D450B
00004ABBBAAB
000046A4C55D
0000461267B0
00004403D179
0000398BEEE8
0000320610D1
0000326569B2
00003CC6C385
00004823978A
000049E71A29
000039452D78
000037BB0F1D
00004190E1B2
00005348DAED
0000483333A3
00003C5FEEFA
00003D0118BD
00002CC3228F
000014164F4E
00003A7A521C
00002E43ABAD
0000205C67DD
00001E02E4E8
00001D9356C3
000019452853
000016357E6B
00001B0C57EB
0000221D4F54
000028BA17D3
00002D06E412
00002E13B99C
000030086DC6
000031D8B212
00002FF351F0
00002F5825F4
000033584012
0000376A6CFE
000038F8A90B
00002EBC57B1
000025BA8449
00002FB21492
000040236835
00003DF25BF9
00003CCB327A
000039D1021B
00003F11B9F1
00003F491B92
0000371ABF87
00003781C17A
000028FB9173
0000088A3187
00002CD6B618
000021866C9C
000017B21312
00001BFB2A75
000023CF43D0
00002DB869BF
00003468E072
000034B0ABBF
000031D98F3A
00002E190966
000029B2138F
000025158198
000028208759
0000334BA5A1
00003A2E20D1
000036A8F6CA
000034578CB7
00003A2B6963
00003EE52418
000038EB34B3
000031111A5C
0000396EB52B
00004714BA05
00003E86338B
000035C8DE84
000026638582
000032EEE1AB
00004E7D767E
00005CAD9F7F
00003CE6B465
00001E457DBE
00000C5D33E6
0000328E0291
00002B7694E9
00002526C7EE
00002E11CC25
000040D2A7C8
0000561A1CC3
0000620F51BC
00005DDEC513
0000523AAB6C
00004587D4C4
00003AF59BB2
000031F056AB
0000316A5A22
0000415BD588
000051B48B43
00004A5F2B32
00003D047298
000040D2D1C6
0000481E0E20
00004B460130
0000489D6A80
000048D1965B
000046F95253
000039C1ADFD
00002DB96DC9
00001BDDC4C0
000025D593FE
000051A2DFB6
000071BCFCEC
0000441EBED8
000019FDAAA8
0000112E8264
00003D495C6A
0000347F8EE4
00002AD267CC
000039F95B33
00004B3A3275
00005001F5E4
00005080A190
00005026000B
00004CBF33DD
000047CA00D2
000045C2AD29
00003FFBE534
00003DDC355C
00004AE05C60
000057AE984E
0000493C5E6B
000037049419
00003470DB22
000040C98971
00004B5331C0
000048A814F2
00004002703B
000038D645E4
00003C7F8B44
00003BC5C71A
0000261053F9
00001CF78835
000041F176B5
000064BA7EB3
000054AFA330
000038C0AB7E
00000C2CD119
00003982BCE1
00002C0D0042
000022619E7A
000030DBF7C9
00003D8B1D89
00002F5FEC99
000024A1A5B8
00002D5871E3
00003B7DC7A9
0000471956C2
00004BD763F7
000045FC5624
0000457AB9A3
00004B5E2DAB
00004A42D14D
000034B86FCE
000028A231D8
0000268FD80B
00002CE7B0CE
000037AB524B
000036D6D7B5
00002E3D0CFE
00002CCC136F
00003A45433A
00003E744A47
00002E1E9258
00002570F888
00002B783BAE
00004899EFB4
00005EF1E688
00006314DDA0
0000088E8051
000033982924
000029265E77
0000209228D2
0000255F4F18
00002903BD53
00002300D3EA
00001ECFB830
000021D229E4
00002E4444C0
00003E30295D
000044F7697E
000045080D8E
00004509A62D
00004776520E
000042234B0B
000022A25CFD
00001CAEAB50
00002AE52B44
000030287382
000028CECB8D
000027E4EE04
00003118CC12
000032C86783
000030514F64
00002CE2CBD9
00002FB83466
000038C903F1
000039C5DB44
00003757201D
000046F4BBBA
00005878055D
000006EBB20A
00002F9CD441
00002B8612D6
000024DD749A
000020952040
000021DA9D72
000026E99AF3
00002E1FAA92
0000337879AA
0000310ED5A7
000030578EB7
0000351F888D
00003AEF40BB
00003D541A27
00003E9BDE64
00003975538E
000021BA703C
00001D59A1A8
00002E6BBDEA
0000399A1022
000029D41AF6
0000231F4CF4
000030CCCEC1
00003705CD41
00001F788DA0
00001879CDAD
00003222A361
00004ADA8DFD
000054A4A325
000036A9B3E6
00002699DF13
0000363A839B
000009855EDD
00002FB31A35
00002BE0F7B1
000023DDD76C
000022BF10E6
000025FBC1E7
000025FA2D68
00002D658B10
00003DDB8AE2
00004698AD8B
00003B8E47BB
000035EB385D
00003C881F80
00003912919E
00002DBB8930
00002D9A8ECB
00002C1FDFE2
000030663341
0000398913D9
00003D1C2393
00003952EDE5
0000365F5AD2
00003F2ADEAF
00003EC21C73
000025EFC87D
000018AC00CC
00002D33B3A8
00003EEEC6C5
00004678C1CA
000036484F0F
0000319E8259
00003E28C471
0000096C5976
00002C98D7D6
0000262A6294
00001C882D43
000022EF8492
0000266B49E1
00001FDFCC5B
00002AC88947
000045445CB0
000057CA18DE
0000511F86B5
000044BA5DCA
00003BD5786D
0000326D767B
0000215479B5
00001FE7E405
000033674020
000043EBD7C4
0000431B18FB
0000488EAA30
00004FAAB18C
00004EFF1140
00004E8BD2F2
0000494A31A8
0000385FA1FF
00002797223D
000024527D66
000027E9FD50
00003D4832BF
000049A6D2B2
0000559AE764
000061302742
000007D580EE
00002F3457B2
00002ED2E218
000024FC9E42
000025BFEA28
00002B69ECAC
00002F8673CA
000033C30B2C
000035C11721
0000436F3159
00004F012F42
00004D29E9F9
000043D3BBA4
00003A71AF81
00003551ED6C
00002FF3BB67
000035AF8A37
00004047BFEF
0000457B00AB
00004EB37E7B
00004C6DFFC7
000043E90B1B
00004035E685
00004329517C
000036315DA9
00002D7D81E4
0000203713F7
00001AA34758
000036B094C3
00004C57ECEA
000050101843
00005A8F752B
000009DBEEC8
0000386119B0
00003D83B887
00002ECA5C05
000026037A7E
00002BD83876
00003A5DEEDB
000037B2076F
00001AEC0278
00001F4CDFB3
000043DA2998
00005F64F890
00005EB72DF6
00005539F9C8
00004FA968AC
000043EFC7EC
00002B7D718F
000025F719AF
000032A4ED00
0000401984F1
000037AFD100
00002C40BA10
0000310B1441
00003609BF03
000031E00F94
00002E0669D6
00002A203F87
00002109E030
0000351830AC
0000397EF7C1
00002CEE7BCC
000036E8F4AE
00000C8F9E5F
00003CE98D6C
00003D800456
00002C46698C
000026374720
00002BA95389
000033A6EA7C
000032870AFB
00002C14836A
0000294D2F30
00003027E637
0000485085CE
00005E39196C
00006276F390
000052A7CAA9
00004393A279
00002964F258
00001C9FBA26
0000229B492F
00003586B8A5
0000398E4C85
0000394B8B60
00003EBCF37E
00003F55E60D
000037601BCB
00002EFCBCEC
00002AC72771
00002362C24F
0000308236FC
00002B24FDDE
000023486D41
000029670A8D
00000DD8DA21
00003D1E3FA4
000033A66170
0000265CD4D7
00002B463B35
0000331413E9
00002EA568E7
00003053A420
0000407E0974
000044BE5B96
000023AD2672
000023E80A42
000042329AB5
00005BF0EC85
00005AA8D98E
00004F3084A4
00003F536E16
000032C8E03E
000029806056
000039E8D7B6
00004ED74CA4
000059041EC8
00004FE260EA
00004585C4FD
00003C8F08FC
00003296B4EA
000026251E32
0000240597C6
00002E8796B0
00002B01DE3B
00002BBDED32
00002C0647E8
00000DF310DD
00003F424D05
00002F94DE63
000021181FD1
00002E8D9FF2
00003966CCE5
00003124E027
00002CF740B8
00003996CCEF
00003DC112FF
00002E253FE2
00002A9AB380
00003048CC6D
00003D5E5B1C
00004B2FB94C
00005712CE9E
000055DFFBAA
000053C43D95
000037F6ED0E
000032654457
000045A77A34
00004FB0F055
00003E386812
000034354F86
00003D1D8370
0000404F24B5
000033DAA620
000030F60C74
00003A519EA9
000033B893EF
00002E071959
00002AE727A4
00000ECBBE14
0000422F2BF5
000031BC408B
00002047F717
00002A7773A5
00003C4DFE0C
00003E9E5D4B
000035C5DD03
00002E869CC3
00003499E997
00003F83FFA1
000048F683F3
000029F09508
00001EA38A36
00002DA565D8
00004ED6CC09
000062C48B23
00005D8E6005
00003ACDF8CB
000021A7F27B
000026BFC735
000034346E1B
00003265B54C
00003397D3E6
00004BAD2106
000059F813BE
00004E8FAC31
0000404A229B
00003D54AB41
00002F293854
00002A47A10A
00002B59A2E0
00000BF9CC7A
00003BC3B82C
0000305CA62D
00002299CE73
000021E7ECE8
000033744D72
000044992E96
0000468F7A60
000027F9FCBA
0000255456D0
000038238742
00004C3FBD1B
000031ADAD01
00001DC01D1E
00001E259523
00002DAB4A6A
0000495FC92E
00004ABFB936
0000318C778C
0000230B6E50
00001DD14136
0000269696BB
00003DB7BFC2
00004CAF2BC9
00004BECE0A8
00004BF8DFC2
00004DC4CF2D
00003D716032
000030920BEB
00002321189E
00002E190FA5
00003B147CB7
000007530CA4
000031BB3AF8
00002C8B37B0
000024C86647
00001FD39EC6
00002969C480
0000439A4EEB
000053C491CE
00002FDB9BB2
00001B89632D
00002D7D5123
000043181F92
00003CD0BD9D
000031CAB4A9
000025A03DC2
000016357D46
00001EA1C84C
0000311FD560
000032160AB7
00002D675EEA
0000234182DF
00002C5DCDD0
000049CB6149
000057576C85
00003D4B08F2
000029C66997
0000308326A3
00002DE1746A
000021594503
000019453921
000033ABE6FA
00004C1509DF
000006F45FE5
00003025168E
00002D23BA0D
00002514F1CA
000022EA6D4D
0000243A3320
00003A643045
00004F1B87C2
00003DF02724
00002E0F0911
00002B3432FF
000036E65CAF
000038785550
000032ABF116
0000235FD36C
000019DBB78B
00001DAF0550
0000332203AF
0000351E32D6
00002ED58021
00002443A22E
00002A163204
000039E79D82
00003F3BB359
000039406B8D
0000343F91B9
000033CDF3FE
0000304AF1C8
000026BC2F10
00001E83F165
000033F0EEA5
00004F402BC3
00000A0539E3
000033B8A10D
00002CAF28E9
000022B08E8D
0000254FB16F
000026560968
00002D509DE4
0000427789A1
0000446B8FD5
0000454A2E32
00002DE1B6BB
000025055FBC
00002F25BC35
00003A2ED916
00002C5DD201
00002C68F99B
0000369AF85C
0000480C21E8
00002ADB64C4
00001CF8DE81
00001F135E64
0000269F440B
00002632F254
0000302B5526
00004A36DC83
00005AA3338F
00005877B5F5
00004804E09E
000039C7EDE5
00002A699DEA
00002DF173DB
000042F19DD9
00000C5C1033
000035114534
000029D5CD3E
000020C1BA73
000026F70651
00002B768E47
000024BC0E15
000032449C55
0000451EA92D
00004FCC4E67
00002D70720B
00001D05C007
00002FE87242
0000444D1D87
00002EA36358
000024AF8876
000031D7791E
0000419B8A56
000028FAB28D
00001F68B9FF
00002A6E08DE
000036064390
000035AF50A7
000039774BAC
000049403FED
000056088700
000057C48139
00004F0DED50
00003A8E2008
000026E967FB
0000206E831F
00002DEBE01D
00000BABA84B
000033E06ED6
00002E25682A
00002433C80E
0000282858C5
00002E35EA66
000025958C8E
000027EF256E
0000440B72EB
00004F2A3167
000031B65A7A
000022691B14
00002FF64AF0
00003F30758D
00002D7C5D41
0000229E53F8
00002ACC7524
000041FDA7B3
000041CA9AA3
00003FA4AB29
000042880B9F
000045CF3C03
000050A085A9
00004DD72C1B
000037DF15EF
0000316B903E
000040F51DBC
000045A6D6FD
000036745EC9
0000229C0D17
00002017EACF
0000232C6F87
00000BFBAC61
000036FD0BC2
000039F4E421
00002DC6CE22
00002C4BC7EB
00002FE8138D
0000298CB1EE
000025814C22
00003A63EF40
00004C1658DD
000039C98193
00002FB2C920
00002F9FBEE0
000036639126
000037C9DBD1
000039CC562E
00002C413493
00003973BF97
00004C7C15E9
000058D384F6
00003E97EA17
0000335495B8
0000439499EA
00005557C000
000046DDE40B
000036B3A71D
000031E4B964
00002CC75A0D
00002ADA3D8F
000024810DF3
00002B222E5E
00002B29B3DA
0000108FC9AD
000043CA4855
000045F3760A
000034CD987F
000030C21073
000030AAE6BA
00002A0F8F6F
00002936A8B1
000030E40A0E
000042501873
00003F62CB11
000040B3F347
00002ADF07CE
000028F68980
00003950ABF3
00004A3E51D4
00002C1A8D9A
0000229892E8
000041F3A96B
00005F59328E
00003E902BBA
000026AF5592
00003F4F2AFB
00006398AED3
0000619C132F
00004CD647B2
000026C3F18F
00001772899F
000023D021C7
00002A12FFDE
000035DE608B
000037C3E2D2
000018533B8A
0000583410B9
00004821C08B
00002B3B1EA0
00002A2B26B9
00002CCBA69E
00002701912F
000029C33D89
000026C5E6ED
000033C3F80E
000045EC0C52
0000518EC625
00002BC07A44
00001CDF19DD
00003876FEDE
00004D26A52B
00003113E314
00001D29D265
00003A727AE3
00005A618585
00004DF8B5D8
00003C16C6A6
0000440B5E12
0000535959C3
000055919C12
00003F85BAFA
00001A66B9DC
0000153E12CC
000029E514AC
000033DBDD0C
0000337BA841
000031C88368
00001F0A7D75
000062C921E7
00003F426F7A
00001C36EA32
00001C6C8DEE
00002550147F
0000267F8C57
000028C1B978
000021E94CA5
0000293D5428
000049195DE2
0000581F65DE
0000357E7360
0000216892E7
0000371DEEA6
000048B6B636
0000371689ED
00002C0D08B2
00003CAF3E60
000057A954B6
000059443CCA
000050B325B0
00003CF4DDB7
00002B5347D5
00002E3F3B77
00002B00EE58
000021200D6F
0000279DF850
00003CBEA58B
000037C76BBE
00002A07CF29
0000281F7E5E
0000194704D2
00005765B430
000038C751D3
00001BECE45D
000018F3B68D
00001FD4DA24
0000256C01B4
0000281C2A81
000021AA122A
000022EF2DC3
00003C020A7E
00004FCDA984
00003C7095BD
00002FFD0A59
000032E5B457
00003A127CD3
000033BC1DF6
000033C6D9FB
000038FEAD9E
000047EB4FAE
00004FE35001
0000480A06A7
00002DE8558A
00001BC90733
000019E474BE
00001FE556E0
000028317092
000031F2DF05
0000374DABB3
000026420C50
0000228D4D10
00002AE781D4
0000163BDD7F
000051816290
00003BB8A5A5
00002800FFA8
000022F77EC3
000022905AA9
0000262709E0
0000279B0917
000021BEEB54
000021C6F05A
000029194E6E
00003A7EED5C
00003A1408EA
00003A966E6F
00002AC9CCE8
0000241E067D
00002A382BCE
000035635934
000032D6A4FB
0000320C747F
000039E1364D
0000354DC61D
000029693A30
0000242C6D79
00001DB5279F
00001A8D9DE4
00002696A65A
00003086707B
000029A497E2
00001CCE39F6
0000201FCE72
00002F7B2224
000008F77DF4
0000427B0386
00003E266323
000032C52BEF
000031253030
00003048EE32
000031475152
0000311D6EB7
00002D727D94
00002C784150
00002B500BD2
00003447C640
00003C8EB256
00003A2207D1
00002ABF4D12
000023A5A50B
00002CA83548
0000342A8C85
0000350EA437
0000334D94A3
00002E9D17B8
00002AD78FA9
000029A9031D
00002BEDCC4C
00002DE893BC
00002C21072A
00002F4E13B2
00002FCD963F
000036D7A392
00003126EDCA
000036974FC9
000042454779
000015142D6B
00004A3D6C4A
000049903C0C
000042AAE5DB
000041CCE00B
00003E861A0A
00003AA12DFD
00003644ED1D
0000336F16AA
0000317FB5D1
00002F0476A5
00002DC5B816
000033FA8FC9
00002F113FB9
0000262C3AF1
0000214F3E8D
000027DE3EA8
000028CAE12D
00002CBE952C
00002FE2B48F
000025987B39
00002166E7D6
0000298A3FAE
00003472B3C7
00003A44B57C
00003AD1AE42
000032F57C57
00002CA1AAB7
000036E674E5
00003CD9BB78
0000362AD551
000034FB7D1A
000009FBA6A4
00002718E0B4
00002C375D8F
000026646881
0000259B0622
0000245040EE
000020F935F4
00001F7E1451
00001EFD69A8
00001CA7F97B
00001A24688E
00001B62EA4F
00001F1FE643
00001C3D294D
000016982D56
00001670A866
00001B5DCB91
00001B805745
00001AD35337
00001B0DD5A2
0000195F15D8
0000191861D8
00001C6D91A7
000021D424B4
000021A56A21
00001FBF93AD
00001CB3FBF3
00001C91E8B8
000025368D08
000027F8BB75
00001423D38B
00000F18E783
000001512586
000008E7C724
00000E31FC64
00000A4968AE
00000B4A132E
00000BEC393D
00000944701D
0000099034A0
00000B716CF8
00000C9C127A
00000CC8F98B
00000D9CD5C6
00000E4A4EFC
00000E3544F3
00000B4ED1A8
000009112341
000008462EDE
00000993BA5C
00000B089ED9
000009916978
0000057B032F
000004B7DF3D
0000064D44DE
00000A10E229
000008F42150
0000060ECF5A
000004E9B481
0000051AF15F
00000371933A
000003EA60A9
000006FC86DD
FFFFF8A223D2
000005DF3DCF
00000E9AC56F
00000EF8CE18
000008B76DD0
000009379DE0
00000C01D968
00000B87A9F4
00000C122FF8
00000DAE258F
0000100AA848
0000124B394C
000013390594
00001151A2EF
0000114458BE
0000104405A3
00000FE96442
00000EF2D8E6
00000FFCBAF6
000010EA96C9
0000114B5CFA
00000C180A8A
00000AA63571
00000B7DC4F1
00000F572935
000013E9F864
000010EF2887
000009420CB4
00000AD61382
00000ABCBA23
000008682878
00000501A0BC
FFFFF2E5DCBA
0000091B8676
000012133DFC
00001716DC8D
00000F663ECB
00000EC3D585
00001402BD81
000013E4E767
00001158C98A
00001113D9A3
000012DDF684
00001567F057
00001750FF24
0000159E18AB
000016F799E7
000018D2E2EC
00001C1B2813
000019E5D901
000013842721
00001238718E
0000139077EB
000011B12F0C
000011B51455
0000127FE43F
000012483065
0000164F8CEC
000014E10D4B
00000BE173E6
00000B8DE12F
000011B08B76
00000E8D9EC1
0000063EC5A2
FFFFE74EBC2F
0000070B2EE8
00000B0BC765
000011C4532B
00000B07A638
00000DA358A5
0000149C28D6
00001602CD0A
0000163E8FC7
0000142C14D4
000010B34D03
00000E9F9AA1
00000F4D679B
00000DDDF6B8
000010B136B6
000015A17C94
00001AB9EA38
00001966E535
0000131AC3B7
000012363834
000013DE31CC
000015438C08
0000173E5168
00001485DC19
000011960AAE
000011F4503A
00000FC04399
000006C2A602
000009424A7A
0000129CA4BC
00000DE7DC76
000007CDBD8F
FFFFDC261B24
0000056FD4A9
000008F66836
00000D2CDC6D
00000B4326C8
00001237CA1F
000017AAC4DC
000018D1EFB2
00001B7DE9F7
00001B2B5866
0000188D49F3
000015C5A8F5
000015630F6E
000012CE7DDF
000015842214
00001BFD7E15
00001D560DA5
00001A2743D6
000017A7328D
000018CCF252
00001D2F8E07
00001EDCC26C
00001E6B6E04
0000180A7BF4
000016092047
000014F57FBD
0000132176F9
00000BAEAF47
000007C18704
00000F08A4D4
0000147AB193
000010243086
FFFFDDAA645D
0000032ACDAC
00000A1C8AE4
00000D7A2E14
00000E839F45
000011A57AA6
00001353BFD1
0000124E0E66
0000136853BF
000015EAD242
000018B9763C
00001B6BA0BB
00001CD30E03
00001B1A9E0E
00001C71CC11
00001CAFF7A9
000017E3C706
0000153025DC
0000176551C3
00001B91EADD
00001D472BB4
00001837FD73
000019D06DB8
00001A77C4CD
0000196CD193
0000156D91D1
000011DF6DDF
00000BC46A84
00000222E2DB
00000A0AA4ED
00001BD124B8
00001550C3E5
FFFFE28CD986
000002166C21
00000C29AED5
000012B4343F
00000FE05BF8
00000C508816
000011E33216
000014F7D555
000013015F7E
000012A8413D
000015A4D130
00001AA95C0D
00001EECDE31
000020B41F0B
000021F32932
00001D275080
000016D54463
0000142E494B
0000189F5D7B
00001E742376
00001C216AC3
0000166CBDC3
000019EC15EA
00001F863F12
00001BE353E5
000012FA9681
000015363672
00000DBD90E7
00000A0D9174
00001307ED32
00001E3ADB99
000016E5A6C2
FFFFE353ACEB
000003359102
00000E86685E
000015A58E16
000013F9118A
0000129D3CBB
000017FE8A76
0000195424BA
000018215146
00001531DCC9
000014149DA4
00001698CB5E
00001E59082A
000023DA1980
0000226BC04C
00001AF76F3E
0000172E4F7E
000019278118
00001A544BF0
00001806F74C
000017AADC23
000015D42FCF
00001670B745
00001987BB3B
00001AB9CECC
00001274A304
0000169EC5CE
00001A41EC51
000012321464
000018AD5FE2
000017AEA17A
00001587BA4B
FFFFDDA68532
000005E59C3A
00000EABD5FB
00001340D671
000012711AAA
000011A46A67
0000125E3F0A
0000117EF32C
000015792E43
000013D07573
000011D137BF
000014913870
00001CDD48C9
000020A0C3DB
00001C817927
00001544D577
0000142175C4
00001B673A76
00001A205817
0000142D5D80
0000166C5E73
00001698E31B
000012154A84
00000CB631FD
000015B3E6C9
000016888E2A
000014A5FFF3
00001C5CC8D7
00001230AC0A
00001524F967
00001CB78392
00001B9D9135
FFFFD9B33996
0000068E4227
00000CEF33B8
0000117B12E5
00000EC77187
00000E173726
0000105FAC87
0000117C12F9
000014F5E932
00001543197B
00001846B4F5
00001BD5A034
000015A26BA2
00000DB09E26
00000F827BD2
000011376A26
00001171F20D
00001A164071
00001BEAB8C4
00001AA873BC
00001B1122E2
00001C3CEEE2
0000180C779B
000010026BF8
0000133B8F7D
000013E33EF9
00000EAB184E
00000E641A62
00000F57802C
000012DC50E5
0000249708A5
00001C5A62F0
FFFFE1FA3202
000005AD237D
00000CE3FD24
000014A7C228
00000F1A092B
00000C16150A
000013231908
000018063215
000011E9E0F2
00000FE885AA
000018749D6D
00001E6DF528
0000165E6E2E
00000C6D039D
00000C07C7DE
0000110B1552
00000F5D88C5
0000114319E5
000018982EC3
0000209A0497
00001FB501D8
00001C8582E7
00001A8AB002
00001943B339
0000198B5E8F
0000141C6853
000010254988
00000F2E7BC7
0000100C65A5
000013414DC7
000024FF028B
00001591C4CF
FFFFE4873A52
000004F26F28
00000D13E34F
00001534682B
000012125E28
00000F6AADE1
00001276505F
000012F4B9A5
00000F5D1988
00000D08EC5D
00000E42A284
000012E68621
0000165DC65C
0000184F104E
0000167CFB7A
000010F57EAC
00000C23F5C7
0000094F45A6
00000FC04546
0000193C803A
000018BEA315
00001608DEDD
0000184E978A
00001823E657
0000185016F1
00001848797F
00001696404D
0000164FDE9A
00001556FBA1
000015DD9253
00001F931A8B
00001143DFC5
FFFFE1EF017F
000005497E37
00000C91B338
000013BE7E89
000015D61144
00001732F5DE
0000143B4725
00000D883C8C
00001338ADF6
000015B055A3
00000AF3006E
00000665B565
00000FD9DFD9
00001D102843
00001C44583F
000013550FBF
00000E9C9680
00000D06C082
00000C4B046C
000013DDCB68
00001AFBE58F
00001B756753
00001DFD51D8
00001CD9C91B
000018FA6D31
000017BBC2DD
000014B1A67C
0000160AF13B
000012C2FA76
0000138E8B40
00001E3B502D
000013AD7943
FFFFE2CE7AEA
000005B3A59E
00000D083FFE
00001184C6CB
000013DD5F37
000017B0D091
000017C62327
000014461F11
000016BB4E95
0000149501FE
00000A8A12E8
0000040E4CF6
00000C46D626
000017917385
0000198191D8
0000165D6FD0
00001498FBB7
000013CC5C66
00000F0D3517
00000E3EDEC9
00001848F29D
00001F6FCCCC
000020E10C2E
000019B4705C
000015B97600
000014313A4B
000012068467
00001535526E
000014DF9CC5
000015E4075B
00001F3C676E
00001301CB98
FFFFE9D79BFB
000004137211
00000DCA953D
0000109FADE6
00000DDFFCF8
000012EE30EB
000019B55D49
000018A0DA05
00001599C733
0000107AE027
00000D190812
00000CE5BDEF
00000A4D818B
00000C7FCE2D
00001299CBB3
000015FFDDD1
0000164DA177
0000168A01E1
0000101D3BC3
00000A2213A5
00000D264A55
0000188C6EC6
000018580225
000015CB9DA4
000016543BDA
0000188140C3
00001889833B
00001A730552
000016C6237F
0000153767AD
00001ADFB749
00000DE3039F
FFFFEC0E2169
000003F829E3
00000E210EC2
000010F481F8
00000B4AED99
00000E4B31C1
000018AEC4C1
00001EB93CF7
00001B28B40D
0000122C85AE
000015E2E64D
0000151EC6FE
00000B30A191
000003337921
000009F0F0BE
000014EB43F4
00001D17FB72
00001F810311
0000178E0536
000013F2821B
000008A52F9D
00000C455F65
0000124F3822
00001613D39A
00001A9504EC
00001C738BCA
00001F1D5B2C
00002419E67B
00001A33A920
00000F79F304
00001782C885
00000E267693
FFFFEC229F4D
00000237E103
00000C75B564
00001101DA42
00000C7DF18D
00000ABA9291
000013EED02F
00001B9BC88D
00001E664138
0000115F173D
000010AC6BBD
0000178FA6A3
00000C149B14
000008AEE110
0000070F6F1B
00000D76E745
000016A1D13F
00001BCB0F27
0000199890C4
00001D905495
00001210EE86
00000C7BFE93
00001322A276
00001A1FDFBE
000018B11AF4
0000177695ED
00001CC93887
000024319384
000019332F38
00000E32EA88
00001ABFDE33
000013A0B25A
FFFFEBEA6366
000001F8A125
00000B8F4C14
00001275FB75
00000FF87D43
000007EAB23D
00000FD8D329
00001498DAE0
00001A273BF8
00001591A4EB
000010D81AAD
000014F5C581
0000113C54FE
000014C44D32
000010FD0D36
0000046D7254
000009CFEA01
000015065AE3
000018BECC37
00001DF1AB32
000018A1BCD9
0000161BDB92
0000189E5B64
00001988CA51
000013B8B6EC
000012DDFA35
000015696F84
00001B0257DB
0000157CC251
0000108D7098
00001DF33A79
000014446242
FFFFE9CAEE64
0000049C5E72
00000B263265
0000134F7D44
0000128DBB10
000008339C9D
00000BCC929D
00001004270E
000012B2CE5E
00001838436F
000017A85B74
00000F16A5E8
000012F3B15F
00001AA85F6D
0000188521A4
000008FA4AE5
00000A814B04
00001A08545B
000017EB1999
0000152D5F35
0000167F1D83
00001AE74CA2
000017A5D2C3
00000FCF93C5
000012B67236
00001AD94B39
000018792BE7
0000180B0A9E
000017082FDA
000012CA4F05
00001BEDEDED
0000107765C6
FFFFE7ECD2C7
000005BC538B
00000A89D661
0000134C68BC
000012CBA2F6
000009A95C6E
00000A47F831
00000C8B932C
000011ACFF86
0000170C4A44
0000198D4671
00000D293405
00000D9936D0
00001F4D485D
00001DCD4AA1
0000130E5F1F
0000132E2D2D
00001B333243
000014394366
00000F4C3718
00000FFEDFCF
000016003092
000013CED5C0
000010E008A3
000014486E08
00001C492383
00001D44155A
000019DD1810
0000118C9A84
00000CD1199E
000015C81276
00000C7C0DFA
FFFFE660CD6C
0000037C0210
0000091F606B
0000142296B9
0000136419F1
00000B719F24
00000DE0BFA2
00000D88750F
00001333866F
00001671A8D1
000016046E62
0000114D1F0C
00000F30DFB4
00001D643AD9
00001CDE3C0C
000015F98DE9
00001416EBC8
0000142F9535
000012632A12
000014CB6EB9
00001274816A
0000121B02FE
00001342C099
000014B752AE
00000F643712
000011F35238
000018D52A8B
00001B1E406F
00001359E614
00000E3789ED
0000137175B8
00000A4F1FFD
FFFFE8A0B3EE
000001E9E9C1
0000091C8F05
0000162282DB
0000143422CB
00000E1FE049
000011D50E23
00000EA7164A
000011698C8E
000016938050
000013B1E050
0000111F8D55
00000E9C42D9
000016ED37D9
00001980FE4F
000016A2932C
000011994AAA
00000E131ADE
0000168B9111
00001EB42A02
00001D26FB5A
000011660CA8
0000113630F1
000014E8121E
000010E625B1
00000DDE5CCC
000016D6800F
00001909A4E3
0000146C199E
000012650D2D
00001A0DCC90
00000E4A1D39
FFFFECCE67AE
00000344D3CF
00000C71DAE8
00001797D315
000014D07AE9
00001089DCA6
000013D09981
00000CDF3E2B
00000DA27FC4
000011D62B60
0000114D6B65
0000127BAA8F
00000F86A092
00000E99CF15
000017900C11
000017E88035
000015BCE68D
000009A79662
000010283C42
000020290DA2
0000215BC7FA
000014D0DE77
00000F358148
000014FA2FD9
0000173DD9F5
00001A5E1FDF
00001733F693
0000127E23CD
00001347A080
000014132007
00001E068C3E
000011F52D05
FFFFEEA79EA6
00000628C96E
00000FD0D4C2
000017244D0F
0000142882DE
0000125AF1B8
000013F93E4E
00000B5F008D
00000B6C0034
00000FB4D97A
000013CC2685
000017FC4091
000015EDEF7A
00000E3E7620
0000146D18B9
00001AD6831D
00001B47FA57
00000CABF711
000008DE6EBA
00001BE33BFF
00001DEF1E48
0000180D0C69
0000110C117F
00001BDC7231
00002015AC8F
00001FE94B84
000015A2E79C
00000E67A78B
00000D5AC4FA
0000132F4248
0000201A87AE
000010AB7710
FFFFEF4572F1
000008F6F309
000011F49372
000013D03D91
000010A26241
00001336EF55
000016A35573
00000E6774CC
00000D4D0E1D
00000EDCF9A3
000016AD60E4
00001AD5E202
000018FEA094
000011137077
00000EF7E4A9
00001A3DFBDB
000019A6F0B5
00000F1187DA
000005462432
00001549CCDD
000018259A69
00001A9B38CF
000017AD8CED
00001AD6C8FC
00001D8696FA
000016D6F244
00001049166A
000011BBBDC6
00000D63E29A
00001636A24B
00002259F767
0000104289A8
FFFFED0FC155
000008011282
000010977351
000012AA3CBA
00000EA28E46
0000121E373B
000016E37CF4
000011AA21FC
00001144BFCE
00000DDAA0D4
000012A38444
00001A7BE013
0000187EC56C
000014E836CB
00000C6595A9
00001566C484
00001720C6A4
00001008DC9A
0000086B04A7
00001227C45C
00001BAE9096
00001FF0B47A
00001EDEB4A4
000016F14E9D
000013EDCFA9
00001165B85C
0000108BC985
000018B13576
00001628C035
0000185ADD8A
0000212CE028
00001109D06B
FFFFEA6C4781
0000026287A4
00000DE0641E
0000148FC99B
000011676257
0000116CC61F
0000161481DE
000013F43DFA
00001358E1F7
00000BE00CDE
00000AAAB944
00001455C135
000017E084ED
000017B8EA6F
000010124335
000010F6854A
000018C7CC9E
000012FCB3A5
00000F8045B3
0000142289D4
00001E8CA8D6
000022004072
00001B8CF950
000015D22A65
000014424D86
000011B8637E
000013D6851E
00001F2E2F91
000019442808
0000149B207E
00001D7668F2
000012FD09EC
FFFFEBC4E6A8
FFFFFEC8D133
00000A758D14
0000110DFDA1
0000120E5370
00000E701788
0000108BB14F
000012AAE019
0000123844C4
000008ED4781
000007A02964
00000DEA09F7
0000168BACE0
0000185B38B8
000014B4D09D
000012583DC4
000017AB7D5F
000016D8EDBB
000015AE744B
000017EDE293
00001D348929
00001EAC9760
000017C9E8DC
000011C90892
000010F1706B
000010E448A6
000014010549
00001BBF2973
000013D23295
0000118CCE78
00001B8A0A2E
000013C3EA51
FFFFED3C1B60
FFFFFFC5D151
000008BB37EC
00000FA923D5
00001165915C
00000E52FAA1
00000F29C52C
00001376E318
000014DE16C4
00000B43CEC5
00000A897AB5
00000E98DC83
0000157B39A1
000016135A77
00001546A4C4
00001671A41D
000018D2CCCC
00001828FEF1
000017DA00B3
00001A323CB3
00001B03FCE8
000017FDE4D1
0000119E7E99
00000DED5D03
00000E4B87A0
000011245890
0000123C3793
00001375A9C0
000011A57E9E
0000106B6F57
00001A7005E7
00000DCFA1B7
FFFFEA47E6DA
000000ABF295
000009B2B464
000011EF5220
000013F358BF
00001007CF3F
00001260E0BF
000015AEF103
000015B04907
00000EF6ABFE
00000DE290D7
00000F54EF33
000011A73F23
00001594B861
0000153312E4
000014CE1B1E
000014DD6622
00001539F72C
000015BA2485
0000145DE4EF
000012AFBA47
00000FF171F3
00000C2A52D4
00000D364437
000012B7C9EE
0000169DC190
00001521029D
000013223E61
00001181E794
000010298D91
00001E15E700
00000D6B31D0
FFFFE92D6C75
000000B3A30F
00000890CEBD
000011FD6EA5
000012F235CD
00001075C95A
000013FCAB13
0000172E9291
0000179C85FB
0000145E11EB
0000124B7DD3
00000FAE8939
00001008EC06
0000115C3214
000010E60BA3
00000DFE9E1C
0000106C62F6
00001091034D
00000FAE7D8D
00000B6F4912
0000091098B7
000008FA1812
0000099823BF
00000C87F8D0
00001366A761
000013D5F178
00001538DB04
00001641087D
000014895A6A
00001302C257
00001A4FB4A8
0000099E6306
FFFFF2905CAE
0000044708DD
0000062C3015
00000B79B85F
000007E81F6B
0000097E4C1E
00000BB3A783
00000EC54804
00000F7A1D09
00000DA517C9
00000C4D8AFC
00000AC0A931
00000940F669
000009293042
00000A1E4505
0000085AA7BE
00000A3980D4
00000AC00C6F
00000A257D46
000006FFDCB5
000004F8268A
00000701DEBF
000008A71660
0000090D56B3
00000C04289B
00000A559082
00000A72827D
00000DB569E5
00000D546EF2
000007FB0026
00000BB1D5E3
0000078BB7E3
FFFFF7243A1B
