0C1A
0A7D
0EF1
078E
FF76
018B
F98B
0D9E
0253
10A2
FCE4
F002
0C04
FA64
0E21
FBA1
F69F
03CB
FCE2
F391
F8D0
00A2
F9AF
0F16
FB1B
F162
FD2C
0670
00A7
F2AA
0208
FBE6
F8A1
0279
FD65
07CE
FA4C
F74E
032F
0821
0008
0A70
F94F
F7B6
FADB
0132
1588
0B57
FAEB
0450
F4A8
01E0
F1A4
FC65
FD92
075F
0599
14E9
16BC
03BC
FE5F
F3CC
EC24
FC53
FAD0
F561
0314
FD82
FD71
066C
153D
03EC
092E
FA9D
05F7
0502
ED68
070D
091E
0744
FD8E
024C
01C1
0042
07B8
EE23
0622
0AFE
0204
FF47
FB99
098E
0C85
F747
FB35
08CE
FF87
F852
091D
FA90
01D2
FAAB
139E
F86A
0616
F60B
F80E
0771
0D50
FA2E
FEA3
EAA7
09F9
0625
0BC6
FDF0
F024
0B4C
00AE
0376
F300
F245
05F5
0632
F009
FD01
00F1
F270
08C6
04DB
FE29
FEE8
0580
0803
FD34
04F1
F7CD
06B4
FD72
01D2
FCA2
018C
04E2
FA95
07A8
F209
0733
071B
F57A
0477
012D
FC5F
FD3D
F803
FB7D
05CB
0663
F9E6
F0A8
0F93
02C7
0594
04DA
FFDE
FACC
FA88
EF28
0147
FF72
F6AE
030F
02E1
1172
0C49
F4AD
05B1
F893
F763
FBB8
0220
0557
062F
065B
007D
F041
FCC3
01A5
F954
F4A0
EC26
F6C0
F7A7
0168
0199
EE39
FDF6
DADE
E807
0193
F0CC
F5C5
0494
0169
FD94
053E
0535
0E5C
09FD
FDCC
0091
0076
FBF2
087F
FC43
F978
0933
033A
069E
FEFE
F6A6
F98E
0C53
FC84
FCDE
00F1
FF8A
FFB8
FF61
FD31
0451
FFD1
FA11
09CC
FC78
007E
0486
FB1B
014B
F118
0713
FDE1
F976
0105
ED27
FDCE
03EF
F27F
F440
FBF6
FE76
FED3
027E
048A
FFC5
FC4A
F7C5
F955
FFCD
FA9E
F91F
010C
0060
039E
00B0
FD62
06B6
02D4
042B
0702
07AB
0333
057F
0590
0681
FDA2
11C5
094B
FD5A
0BCB
FD3E
0304
F734
00A6
F6A8
F3D1
0A02
FDFC
25EE
FCA8
FBF5
E8D8
ECDE
1893
FE4A
F526
022C
0CC5
FF68
E657
09D8
0984
15BE
EC73
EEE9
F0C9
0369
E5A7
FC04
0E64
FD21
ED4D
1D6D
017F
FDCB
0AB2
FB11
F4BE
F531
0D11
099E
E41A
0344
1982
1DB9
0BE2
FEED
EEB9
F8F6
0D4C
F7A0
13A5
F8F3
0854
0CD8
0FDC
FDC2
F854
F00E
0023
070F
F9C5
114C
0151
109C
FEAE
0CF9
0908
0573
09F4
F310
0E18
1FBE
F934
E1F0
0733
F76A
11B6
FBC5
E51A
059A
FD8A
FB3C
F6C3
EBCF
F853
05BE
F274
FCBD
F231
FDD0
0D65
0974
0C01
F19B
FEBE
FBE6
F3D6
FDCE
03AF
0315
00C1
F524
FBB0
00B4
FDFD
FF02
F69C
FDC9
01EC
FBE5
FFB6
FBB7
074A
0ADD
04FF
FACC
FBD0
FBF9
0900
07F0
00FA
FA71
F78B
FF21
09B5
FD76
FBF5
F99F
F9C8
0013
FB94
F8F5
0952
05F5
FF1C
05D6
047F
0347
FE2B
060F
FC80
0B48
F869
F8FC
0228
17C2
1CE0
11BE
0F26
FA5C
F47F
FFE6
FB47
1449
F171
0DC2
1A71
F558
FAE4
FE9A
0D0F
0B7E
0BAB
FD99
FFF1
F850
01AF
0BC3
F419
F2DB
FCD6
0AC1
F6B8
F75E
EE95
F930
03A7
FADC
1107
F93D
F95F
098E
FDEE
F7FA
07AD
13F6
F4A2
F626
F1B6
02C4
11E6
04FA
0D18
0D7B
F945
FB31
EFE0
F8EB
071D
1002
FD0B
F861
09C2
03DC
FC56
FA82
082B
1E59
015B
FD5E
F42E
05B1
FE70
F941
E46D
FE75
F38B
05B2
0A34
0497
FCCB
F991
FBD1
FE9E
FF78
FEC1
FABE
F7BC
FB08
FEE0
0127
FF64
FA8C
0131
033D
FF79
FF0D
030B
03DF
01EA
F903
FF6C
FD3C
FC5C
FBD9
01D9
FE16
FE8D
F339
06B0
02F5
032C
00A9
0400
0B1D
0769
087A
004B
0ABF
08A1
1142
0D6C
FF9F
FD54
05B6
0EBD
16CF
EDA4
E357
1E5E
00BB
FCD0
F84B
F42E
F1CE
06CA
076B
FBCA
F634
F1B0
0060
04B7
0011
F5E6
FE15
00A4
038E
05B0
019E
0748
FFDA
FF6B
FE56
FFEB
FCCF
0533
0B5A
0BB5
00B8
F50C
FD0C
0666
F7EA
FEED
08B1
F523
0A7B
FC25
FBFF
F4E6
F341
09F6
03B1
0825
FC7F
FA09
07D4
F562
07D3
0E3A
F9E1
04F4
0405
02CB
0768
048B
05CA
FE3E
F7E8
00C3
01D1
0262
FE68
F8B0
FACD
FE80
FBFC
00A6
00DB
FE43
0262
FEEC
FD6A
FD6C
FF39
F468
F0CF
F624
FCA7
F5F8
FE62
0CC6
F940
0E56
0224
1159
E491
0BB7
DF7E
FBC1
0858
00F5
FFF0
EDAD
0475
E55E
FE10
EC58
09BF
F99D
F34D
01C6
066F
020E
F64D
FB63
051F
0582
0629
00BA
FA0B
FEB4
0883
0565
01FE
FEAD
05C8
0369
FF1B
FFBB
FB78
044D
0246
02D3
FB7B
FB44
0294
FE99
0799
042D
081E
F6CD
FAC6
FB64
03DB
0F12
0059
0808
FADA
0335
EEA1
05BF
FF72
F276
05CF
0045
F8D0
F73D
FC8A
0311
0AA0
0A7F
114D
012A
F4FF
043B
0B48
FFA1
F2D1
02C6
F7F4
08D8
FEE0
EF2D
F6E6
039C
0ED0
0476
0701
FD34
F804
06B4
FCC0
FEA9
FB13
0AD4
0E1C
1A30
0604
0093
1D57
F92C
24F4
0630
12C4
02DE
097B
000E
05E1
F5EE
0DC5
1903
FEFB
26A4
EB80
0B69
0578
1933
F731
12B0
003A
FF1D
F7C8
00A0
027F
02D8
F1E7
0545
0483
FE29
F7D9
E6A0
F241
FD45
132F
00CB
0347
046B
1054
11FF
F543
02D2
05EC
03B1
F9CD
FE12
FEB0
0496
08CF
027C
04FE
051C
F8CF
02C5
0BEA
02A3
0B0F
F665
F8FB
FEFF
0287
FDB9
03C1
F90F
F3CB
FAE9
F8A2
0E9B
0501
00BC
ED93
F7D9
EF9E
F716
F4F8
F179
F4B7
F960
F8DB
FEFB
FFF8
01E0
0B0C
037E
0CB2
F3E0
04AE
0D24
FE93
0034
201F
EFB0
001F
F463
ED80
054A
0218
12ED
0D96
F76C
FFDD
FE91
EDF8
F07D
01FD
073F
0AFF
E491
F0B4
FBB6
02AF
1D24
0C05
0C05
F4DF
0AA1
08A6
0947
0AE1
F946
F779
03FA
060B
FAD6
F548
0342
0992
091F
F639
FB75
F6E0
059B
08A0
FE1C
0906
FF60
F639
FEB9
F5F3
05F6
FE6A
0125
0197
F5C7
041C
FFB3
F94A
F86A
FD12
09AD
FD53
F6AF
FE30
0197
0166
F1C7
F99C
09C5
089E
FD1A
00C1
F914
0210
0845
00AA
F6F8
F547
06E5
08DD
0FCF
F727
0A97
FB58
F504
00CC
06CC
02CF
09F1
F8E4
FEFD
0282
05FF
F580
F73F
F889
01C4
0AD1
010B
FBE3
EB2A
0586
FEF9
051F
F616
0469
0A53
024B
008B
026F
FCFF
0884
039F
046D
FE84
FC05
02BD
001D
FB6E
0192
FB91
FF26
05BF
FBCC
0594
00F0
F8A7
038A
072E
0437
FB3D
10A2
F593
0BAC
FE2E
F1AE
09D8
EFE3
1DA4
0F32
0A82
F5FA
EBB5
0017
07AB
0B9F
0A5F
FBF5
0306
FDD8
0375
EDA9
FC57
0218
02DB
005F
FE2C
FF89
0E4F
FF67
04E4
03E9
0934
FC3B
FAC6
FC93
01B8
08BC
FC7E
FCC7
FAE9
FE12
FF09
0593
FE9D
F446
F806
05A6
054B
F95D
FB88
EA86
FB01
E9A2
00E4
00BF
F4A9
F338
1791
FEDA
FDA9
FD0F
F5E3
00BD
F0C1
1351
E8AD
27C7
0116
139D
EB4D
0940
F4D1
0939
EC98
FDDD
EDC0
0071
06FA
0071
08F8
F5A2
F33D
0756
F9DE
FD86
FA51
EF49
0DF4
F312
1215
FF1B
FC4D
0993
0CC7
010B
F300
EDB7
F083
FB2A
F08A
F861
00B5
021F
FC0D
FC45
F2C9
FC44
14C0
09CF
FB44
FEFB
F40D
0972
03C2
F0F6
0C3D
FFF3
F407
0053
FB38
0CB8
03B9
EDCD
FB57
0DF7
F66E
FE91
FD05
0776
FE86
FA87
F579
0563
074D
0875
1090
D16C
0D85
0461
08F4
0D21
EFC1
05BF
F800
0540
FD4A
00D0
FE65
FD1D
0C2A
F863
F88D
FF74
0DFD
00E4
FA2D
05CD
FD3A
0113
0870
1306
FB05
E88C
FFC2
095E
190B
FBFE
ED26
0A62
FCF9
087F
090B
F6C6
F6D7
FB66
F488
FAD7
00C9
FC5B
FDE0
FF10
F70A
0349
FFE3
017D
07CA
FB57
FC63
04E5
09E7
0A0B
FD14
FF2F
0154
FBCB
00BA
0594
0415
FE64
EFC2
25F6
006A
1BB3
0ECD
0236
DD56
14D5
0464
0B6B
ED40
0329
1689
D92A
0D88
FE9C
FA4C
FC9D
05F5
08F5
0A7D
07AA
FC1F
EC27
EF7C
0302
093A
051F
F542
F542
F4BA
169B
ECB7
F40D
097C
051D
1052
F299
FE4C
0671
0590
0925
100F
11D1
F96E
0D27
F91A
FC06
047F
F457
FF2C
EC11
E4F4
DD87
E700
F66D
1580
06AA
11FD
116D
0729
F53E
FECB
0113
06B7
EB34
1585
F8B8
0757
107F
0107
0B59
EF99
1D10
0FB3
0059
FC91
05D3
01DD
054D
0828
03C1
05C7
04E1
0689
02D3
F926
06BD
00A1
05C6
F99B
EE87
023D
04B3
F762
FB4E
F06A
04DD
FDA4
037C
FFCC
071A
02AF
0509
0210
FD05
FFE3
0093
FDFF
FD67
FAA5
00C0
0390
01CA
07C8
FB2B
FD19
06DF
00E5
0117
FD83
FF00
04CB
08AF
01C0
FB94
E4A2
EE18
073A
FE60
0A72
006B
F5E0
0FC0
FD28
FB3F
FE6D
0245
FE2C
FDCE
00C6
0DA7
0B9D
085D
FCB9
07C7
0933
EE8D
048A
0174
02B8
048D
0821
0C5C
FE37
FD5E
FFA8
0258
0FE4
FB8C
0404
0FBC
044B
F876
F0ED
0914
F366
1415
FAEE
EAE9
0ACD
F44A
1262
0D9D
F380
F130
0068
FBBB
FE9B
0008
07DA
0293
FF33
0E72
0A82
F5BE
04C3
FD85
08CF
0318
F79F
0679
03FD
F734
1029
0CC1
F154
F33B
FAEA
FBA1
F9B7
086B
04A9
FA9D
1723
F7C8
FB6D
0509
0287
056D
E2CA
04EC
069A
02FF
0113
1396
0383
FDC0
002D
0212
FFCA
EF24
03C4
0FA6
F767
EFCA
EC9B
EA14
076E
0B36
08CF
FCC1
E9F4
F4D9
021D
089F
0E51
05C5
07DA
F6E6
FC82
0597
1118
08E3
EF15
0433
FC7A
0302
0190
FA5A
F2C2
F463
FB46
FA70
E83D
D3C6
042F
13DE
00CD
F2E9
F78B
FF31
1502
F6F2
05BA
FE29
FB68
187B
07FB
E6AA
E9F8
0663
1F74
1A83
F296
E444
07B3
F785
0339
E8A6
F986
18BC
0667
0312
FA9A
F9EF
05E3
FF12
0592
FCEC
0267
0187
01EF
01E9
0731
FF8A
FE28
01AB
F982
0172
F637
0BFF
0426
F204
ECE0
FBD8
0612
0025
11A0
077C
F073
13D2
09EB
08BF
0F71
F597
1367
FF20
004F
F954
1171
1483
FC81
EDAC
F96F
00C0
F89B
055D
072F
0140
04F9
F531
0704
0418
0178
FCD1
F8FF
F12F
0178
1529
0349
0ABE
E396
E6F4
FA8A
0FA7
194B
08FE
F5D8
F7E9
FB96
FDAD
F97E
E660
E1C5
0276
FC71
0FCD
079E
03B4
0507
FD3C
1114
FFFF
055B
0A9E
00BC
FA29
1023
FE3F
1335
091A
EEC8
01B5
00D5
0791
FA6E
006E
ED83
F145
E948
F153
EFB6
F48B
173E
0F3C
0470
0F95
F282
E93A
EF47
FB74
02F9
00C4
EE2B
D429
0103
07A5
0E69
09B8
F05B
11A8
082B
0417
F636
05D6
FD5C
FA7E
0E7D
00EA
07D4
FC4B
0384
FADE
07E0
04C4
08FB
F17C
0AA8
FC62
F6A1
14D2
F9D8
FC84
0A15
FF25
F2F8
F3DA
FD71
0244
F80C
0819
0C23
062B
0C90
05D5
F087
2114
F7F2
019F
EF4A
FF9A
1734
F568
0841
F05F
038A
01B0
0D15
0454
F0A9
12C8
1083
EE0A
FF9C
F9F0
F8A5
0487
F7C4
F9E2
F5B5
FFE5
0446
04BC
0A52
01B9
FB92
FC97
F2B2
02DC
040C
FC88
0B20
08D7
FBA2
F35B
FD08
F469
0CBB
FBE7
0529
00D0
0142
0D93
078F
0154
F5A1
FB00
FB7C
F398
F235
0404
0012
FCD2
FC0E
FC47
FE8D
0268
F269
0597
F8F7
0712
F489
FB4D
FD9A
03DC
F711
FE85
07E7
0607
F8D9
F15F
FE13
F70F
11A5
0617
033F
08E2
F9E5
151C
013B
F1B0
0417
0805
0CC4
EA2B
02A8
0D13
FB3B
FF63
FD8C
0A39
F75B
FFBD
043D
0BC7
027D
EC67
0182
F8E0
F306
0A9A
F41D
0178
F5E6
0048
0A90
F714
0F72
092B
0E4D
07A4
007F
0DAA
F99A
F85B
0D8A
00F8
06B4
0E1B
0F81
FA0C
F3A1
0688
04BD
FBE9
030D
E90C
F9B7
002A
F67C
F8BB
FB91
EBE6
F9E5
F85C
0203
F7B3
0A75
006A
0322
14B9
078D
1B9A
20D0
0BC3
FA31
043F
005E
F90B
FB04
FD8A
FD64
FC9D
F93E
F179
F4F4
F69C
03C2
FEF3
F3AC
00FB
02E5
04C8
F0F0
EB79
0556
067F
060E
FA4F
017B
0089
047F
F61D
05A9
0AEA
EFA4
F1A8
F1D3
F142
F32D
0900
F96B
FFE6
00CD
0172
FF5A
01D3
F9EA
02F0
0546
05DD
F7F7
F4EC
F9D3
E006
F67A
F3AC
01ED
0929
F158
0809
1029
F698
0D92
FBE6
F428
17BA
0E14
07B3
03BC
114C
066B
0711
04E0
094D
0C2E
128C
EDF9
F9C8
F9DB
06CF
03E0
FC82
FDD7
F9E7
F52B
F105
F7DA
FC09
057D
01A9
02E4
EF7C
F651
FDDB
FDCD
0A57
056E
F305
0183
FE78
0368
106B
0239
04DA
FF84
ED67
F978
EF12
0494
0008
FF6E
0422
F430
0AE3
F19D
FC6E
F9F3
FBD3
0ECE
02D2
04BF
0459
0667
FFA8
0516
075D
0391
0584
FF2D
FEC5
02EC
F9C2
09BB
02D9
FB65
0065
FE5B
020B
FD72
FF7D
06C8
004A
023B
008B
F488
0172
0B30
0DAE
0786
EEB2
2659
0E60
087D
FF81
08B7
0E04
0330
029D
0484
042D
0D1B
E75E
FF6D
ED1B
FC68
1022
09B7
0D83
0E8E
FB21
FC97
05F8
000A
FD54
00A9
0683
0760
F773
E895
0364
F7C1
F521
1213
1BD4
FAB9
1133
FD0C
EE4D
0F2C
06BD
FFF0
F543
FFDB
0648
032A
0AF4
F260
F295
E9F6
0F6A
0842
08DA
F716
0698
0417
F7C5
13D5
FFFC
034E
0771
02E8
04C0
0262
0AF4
E9EC
FC4F
1655
0F37
0788
FDF7
0033
FFF1
04C5
F377
1242
0285
F78A
FAA7
F2BA
F7ED
089D
03E2
F397
F4E2
0096
074F
047E
0989
F588
F83B
F14F
0A07
07AB
F8D0
FF28
F7B0
0125
090D
02F1
0304
0216
FADD
01D5
FC25
0975
FB0F
F87D
0EC6
FA45
0E35
F9F6
FA4C
FE3F
0C23
1042
FF4D
02F4
F815
0B9F
015B
F5B5
13D0
FBE9
066B
F80C
F9BC
0B9B
F9F9
EE68
F592
EFA9
007D
FD45
FE41
F12B
09DD
FDCD
0A2A
0094
011A
0382
0330
08F9
04C6
05EA
FCEE
ECB7
F794
FC19
FAC2
036E
FA72
FC1E
F278
F37C
FD44
FF02
FC59
109C
EB90
EEA3
E8F3
ECEB
09A6
FE52
0F00
F79C
F771
0C97
F30D
E9C2
F13E
F1AE
E7AB
F3A6
123A
08DA
F88C
E105
F94D
17F2
0755
00EA
E911
00D0
094D
15C2
03A7
01FD
20DA
FC45
FAB4
FE68
036A
F637
FE0C
1636
0995
0A7F
EF33
F1DC
04FF
FCEE
FB0E
F896
EE61
06A4
EDE7
ED3E
043F
FCAC
0807
0F75
FBF8
F5E5
059C
115D
0D40
FD50
00E9
0133
0562
016B
023E
000A
FE4D
0065
FFE0
FAFF
FADC
FD82
0408
FF36
FB2A
FBB0
0027
FB77
F7A7
FD0D
00E3
00AB
F95C
F4FD
FB94
0359
F6C0
FA43
F4DE
11DC
FCAA
02EA
0275
09F4
FC2B
F670
037A
F84E
0BB2
08A6
F60B
005A
F799
F46A
F922
0064
FC16
FDEC
0BDA
02CF
00B3
0822
03AE
076F
0D31
F81D
FCE3
FFDF
00B8
00DF
FA99
FA9F
0258
010C
0505
F0E1
F948
FEEE
00A0
0374
FE88
061A
0625
FBAA
0389
0013
005E
FEE9
FF37
F3FE
FE16
0641
07A3
037B
EC69
F5CF
F05E
FEC7
0247
FCE4
F26E
F853
FDB8
0012
FD45
F616
068F
EB86
1305
0820
0394
029A
0475
F8AA
F258
FCC0
0A12
04CC
F8A9
F826
030E
08DA
0377
0158
01C6
0973
0127
0681
037F
0A13
09BB
0325
FA9D
ECC4
062A
00F5
082A
0E34
0F64
F2FA
FF3E
0629
E70D
04C4
F739
0177
FEFA
021A
F952
045A
0F83
0DBC
187B
0CA2
EC9C
14AD
05D4
0D70
1657
E2A6
03DB
034C
0D31
FBBB
015F
0281
FFFE
0F59
FE54
0412
052B
094F
FFC1
F128
0165
04B7
F5A4
0BA0
F6C8
FDFD
0D03
FE04
096C
F979
F007
0695
FBC2
FC2D
FACB
072E
09D6
0AB4
F39A
0125
077D
09D6
FF1C
FA79
04D2
FFC4
F908
F48F
0219
02EF
F6A5
FFF8
039B
101D
07D4
08FB
00DE
FA53
FC10
1098
081A
04B7
FEEE
FC75
034A
F7CF
06E0
029D
02D1
FFFD
10F7
0169
01C8
FC7A
F834
F5E1
FEF4
F67C
0A88
00AF
FC0F
F666
FFC1
0577
F09A
07A8
F3DE
FD4C
01D0
E977
09AE
0131
F8B8
FF75
F110
1D2D
0B59
039D
046F
0F56
0DC8
F460
FFC6
09E4
026C
1DA0
0971
F7A6
05E5
088D
F9AE
0290
FF4E
F70E
F210
076C
0646
FE10
FA56
FE8A
03C5
03DB
005F
02AB
FF48
0439
01A9
076A
1368
1C48
03EE
028E
FEFB
0D56
0A65
FFA3
FCA0
F7C0
FEF5
02B3
0422
0286
F791
FF38
F764
FFA6
0097
0BD7
FD8B
FA82
FF08
F729
06F5
EFDC
F772
0792
0FF3
FF62
F885
FB1B
193C
0BC7
E96D
FD61
F0DF
0A78
FE53
F85D
00D1
0158
08D0
FF41
FF47
0D04
F474
FE61
F893
FCE0
00C0
0565
E7CC
0405
FE29
0E61
0649
01C9
05E8
0BA6
07C1
04D6
FBE0
FE54
F423
F7F4
065C
FB7B
0365
0A9F
FB24
EA09
045F
F29D
F936
0400
FE17
F39F
04EE
EC3D
FE12
06DB
036B
FC99
FCFA
F7CF
EADF
F1B9
0802
0D92
02DA
04C0
0205
02C6
0867
0398
F9EA
FF19
00A4
0686
16B5
FC12
F0B3
FA37
0079
0B4C
0483
03D5
0459
0306
06CE
F9FD
082D
FCAE
0101
F072
F09D
063E
FECD
108D
FE50
F4ED
F878
04AA
0886
F324
F5B3
F5C5
FA80
F3FA
F2D3
F897
07DE
FC6B
FF78
F808
F216
041D
0BD1
FF01
FAAA
F5ED
0452
F654
F984
069D
076F
0C84
F262
F4B0
0572
FCA9
FE60
06A8
FC80
0029
F554
FA4F
FEF1
E7D0
FAD8
FCE1
FB3A
F2E8
FD3D
069B
072F
FFC8
128A
0E3E
1508
11B4
009F
0166
0435
FC88
0C0E
09CE
03C5
FD51
0116
057D
FFA9
009A
031F
0C46
04A1
FF58
0C30
11D7
0E15
0CD2
084B
FF9C
0AB0
0196
F65F
1478
12B1
0215
FD95
0CF3
0DEC
0B67
FF98
0340
0702
0087
EE9B
FC83
039E
F1C6
042F
F431
0840
0590
FB44
0060
FF96
FE9B
FF7B
03AB
F8AF
118E
070C
0208
0363
0491
EFB1
0020
0235
FEB9
F691
0626
0D65
142D
FB7C
F1F7
15CE
0C9D
10E5
048D
FFAF
099A
F8EA
0070
F1B5
ED50
FA49
DF7E
F5CB
1E7B
D78F
0C3E
F38C
E452
FA77
0AA5
FEF0
0DD1
FEF6
05D8
F56A
0DCF
0ED0
07DE
0528
069C
FF5B
0689
0338
FEEF
E892
F59D
0D18
F71A
FCC9
0427
F42C
F4B9
F1F8
FA10
F3C5
025F
FCC2
03AF
FB2C
01F2
F805
03BE
FDEF
FD21
0B05
053C
FF86
01D8
00DA
0C65
F168
FEE7
0B7A
02FE
FBDD
ED06
039B
09E0
0205
08ED
0225
F20D
08AD
E89D
07D7
057B
F74F
0E98
E860
0829
09C3
EE46
0942
F6C1
0518
F7DF
02E9
0317
F810
FE4F
03E7
0A6C
F773
F555
05D9
0A3B
04A6
F708
F991
FDA6
0769
1059
0381
0633
024D
0BD2
FAC9
E332
FC09
04B3
0A75
00BA
EE51
E880
FD1C
0D0B
FDE2
0470
058B
FFFB
07A3
FD75
FF63
F771
005D
070C
0505
FE29
FFA0
06DC
050B
0234
01D9
FE8D
F65D
072D
0A97
0A84
0203
FAE6
00EA
0C82
266E
153E
F68A
F646
22B4
1B9A
03A1
0C96
F294
1F4D
010B
F5DE
03A4
05CB
066B
0195
13C4
0BA1
03DE
08B7
073B
171B
096F
0395
047D
F677
103C
FCA6
FA18
0700
FBCE
03BF
FEB8
ECE7
FB9E
0EF6
FCF8
1A99
DD90
0016
F6B6
0200
06CB
F618
FB62
F25E
0406
F0D6
0E60
F76B
0AE4
081F
0A77
F11F
EBD8
E9CB
EFF1
E103
F038
0912
FB5B
E165
F3C7
F1B1
23CE
224E
124B
F6EA
046E
0FD5
1331
13EC
0936
05AD
1227
0765
FCCE
FBBB
F4D4
FBAB
FD10
F7DA
0180
0CAE
110D
07DC
0E64
10F7
10E2
0A15
0BD5
0891
FB64
F9D3
0462
0368
FF09
F7AD
FC21
FE8F
FFD9
02F5
FCE2
0075
0430
FB89
FF5E
00D6
FCC6
024B
05A4
02F8
FCA7
FC6D
027D
0161
FB2F
FDEF
FA4D
FE5C
021B
0074
FCB8
F64B
EE81
F0DB
E9AD
0119
03DE
0CDE
0ADC
F90A
FE19
FBA9
F735
EBE1
FB59
0335
0D86
0EE8
0311
0721
07D1
12D1
0385
FC7C
09AA
0721
F98C
EBE5
F8CC
01F7
0407
05BD
EF61
FAE7
F974
03E3
0510
F37D
0983
098B
11AC
FE9B
F43C
0697
0944
05B2
0D8D
000C
0E28
0C1A
FBEF
ED0B
FF3B
0925
FB26
F672
0ACA
089F
039F
FAA2
073B
F8D6
EC4E
F92E
ED4E
F0EE
0372
0503
0E76
06E0
FABA
012B
07C2
F1E1
FC6E
F56E
FC00
13F7
02C7
004D
0650
09E5
0DBE
F730
FBCA
FB5C
F9A7
065E
046B
0621
F000
FAE7
FDEA
01F8
F9D7
F550
0536
FDAA
F778
FA25
F490
F5C6
0AD6
0888
0B3A
FE0F
FB7D
0409
FC64
0657
FC69
FFDF
FB0E
F9A6
FCBA
EF0C
0034
0CE1
06F7
024E
FA8C
0641
01BD
066E
0096
FA41
ED09
F364
0774
091C
D5BB
078A
FE54
F2F9
E8FB
DC90
1157
0CDB
1691
FEC2
EFA9
01C9
096D
14B2
0DDE
F012
FA02
0A24
22B9
F167
E932
FC38
0793
0373
F421
0F32
FDF9
FBAA
07F1
F73A
FE5D
09BE
01C6
F98A
0081
0609
0198
00EC
F3B4
F835
0AE1
EC3B
FC81
03A4
0993
FDB1
E54C
F8FA
007D
FF83
03E3
0738
0549
F012
F383
DF37
F4BB
F3A8
F458
00DB
FE53
FE24
1D78
02D7
0D9F
0345
006D
0921
FE6C
01DD
16CD
0567
0615
10DB
0DB3
091A
06CE
03AD
0845
05F5
01D6
04E8
F975
F875
EE42
FA3F
FB28
FA7E
0664
F0DA
F373
0844
E525
F976
F20E
049B
033D
ED98
E9F3
F340
0222
0B29
193C
F803
F313
0016
FC24
F9AF
F2B8
17EE
F782
0AD6
0872
06F5
F067
0E3D
FD73
FD0A
0AA1
EFF8
028D
EE53
0804
F5B9
096C
0AAB
F95C
01E3
FCD5
FB98
F7B8
FCF7
F039
F8F7
00C8
E65F
FDB1
0DC1
FF87
1051
FFFC
03C7
0C9A
0460
FBCB
10BD
0A0C
097A
01DF
0BBA
FBEE
0A42
08E2
FBEC
FBC0
F674
F7AC
0111
0435
0F6B
00E1
EFDC
FAC3
F701
0885
F844
F673
FE9B
FF0A
02F8
F924
1113
09E1
045B
FCDE
F6AD
1905
08EC
101E
F109
F21F
FC8E
0B52
03EA
FABE
02D6
FC19
0FA8
FFE7
082B
01A2
FA03
0EB8
075C
FE80
066A
028C
0057
FDCF
0204
021E
FCE7
FF71
FE5D
FFB0
0104
0212
027C
FD72
011A
003E
00D6
0024
FF82
0038
01F2
FD2D
FEEC
FEA9
0230
FEA0
FFA5
FE8D
FCE3
FFBE
02D2
FF76
0188
FF6F
00C3
FD93
0312
02AD
FDB0
FCD3
FD15
FD1F
02B3
FF3C
0187
020F
01E9
0218
0308
FE97
02B6
0110
02B4
FF91
FF2D
FC69
FCD1
FD5B
00C4
FF0C
00F2
01FB
013F
007E
FE98
FDA6
02EE
00AD
FD9A
FFA2
FF45
0063
01EE
010D
020F
01B1
0282
FF8E
0310
017D
FD77
FFDA
FD71
FE93
00E0
FCC2
FCB8
01DB
FEA1
FD5A
0138
FD4A
028E
02CA
FE23
FE3D
FF89
023E
FDCC
FE6E
00C1
0303
FDA7
FD2E
FD08
025A
FDD4
FE15
013E
FEB4
0204
FD30
FD7F
0285
FE97
028B
0177
000F
FDC3
0294
FEF2
FDA8
FFB6
FD5E
FF3C
FE64
FEEE
FEAE
024B
01B3
FEB8
0173
0275
FD22
004F
FDD0
0092
0196
0032
0202
FF61
FF31
0275
FE7A
0221
01B1
FD43
0269
0002
FEB3
FDB9
0129
FFE2
0235
FED9
019A
0045
FD92
FCB1
FDC5
FDAB
01E4
FE37
FF9F
FF20
025A
0233
0154
FE50
FD63
02C6
FD33
FFBA
FEB2
00EB
FD76
FD8B
02EC
0168
02E1
FEE6
0219
FF37
FD82
FCDF
030E
0155
FF5B
FDC8
00A1
00FC
FD73
FE8C
020A
FF61
FF16
00A2
0149
00BA
00D5
FF85
020E
0013
0136
FE47
FD1D
FD86
FECB
FE9F
FDFE
01A5
01A9
0251
FFA5
00E8
FE4D
FD19
FF64
0167
FED1
0171
FF58
FCF9
00F7
021A
FFDB
0018
012D
0065
0143
014C
00D0
FFF1
FD9A
FE5E
FCDD
FD7F
FD41
01F0
FF79
FE69
02D7
00FD
FDD0
0085
FF29
FE62
02D1
FEC5
01FC
00DB
0225
FE8B
018C
FEAA
02D1
FDFF
FC94
023B
0214
001C
000D
0169
FFFC
FF23
FC20
00F4
FF01
FF0F
FC78
00B8
01BD
FF8E
FF21
00C8
FD74
0229
005E
0151
0060
023B
0097
0090
0143
02B9
0290
FFBF
FE81
014B
02EC
FC9E
0093
017F
018B
0285
0106
FCC9
026F
002F
02CA
0180
FD2F
FE79
023D
024B
0083
FE50
00D8
0145
FCCC
00DD
019A
FDC7
FE42
008A
026A
FCD0
FD77
FF2D
FD60
FF4D
FDE0
0273
012E
02E2
0223
FF97
014B
0308
FEAB
FD87
FE55
01C5
0093
FD8A
FED4
001E
0290
017E
FFD6
FF29
007B
FCF8
FE88
FCAE
00D7
0162
FECF
00A4
00D3
005C
025C
FD60
FD45
FFD7
025D
FFFE
FE9E
FCC5
01EA
FE55
FF10
FD5D
FFB2
0279
FE0E
FDB6
00D0
01EA
0083
FE52
FE7A
00FE
FD61
FE81
FF2E
FDC9
02E0
FF52
020F
FF55
FDE2
FE39
FE02
01A6
FE29
FF58
0169
FD47
FEB3
0047
0133
015A
005E
014A
00AF
013A
FFB8
FF98
FD94
005C
FE06
009B
0019
FD61
FD89
0181
FE9D
00BA
0203
0205
0067
FF0A
00C4
FD83
FEF0
01A5
FFDE
02E3
FECF
0034
FE66
FE95
FFDF
0118
013D
FE32
023D
02C2
FF75
FF33
FCF6
FFD6
FFCF
FDF3
0096
FCDC
FF3A
FF5D
00CF
FCB6
FE65
FD14
FD29
0034
FEE9
FDEC
FD24
FF88
015C
FDEA
FE36
FEF3
FD5D
007B
FE61
FD0F
FF3A
FF22
FEA9
02FD
FD73
FEE0
FEAC
FDAF
FFB2
02DE
FF39
02DE
0149
FFD4
0245
02C9
FEFB
004C
FD0D
FDE7
FEB9
FDBA
FE35
FE72
FD46
FCFF
014D
FE58
FF9F
FE43
FEEA
FF79
0172
FE6E
FE74
FD3B
FEEB
013D
FE4B
FFE7
FFF4
FDE5
0207
FF66
FF33
FFAB
014A
FCEE
00BE
013E
01F2
FEF9
0153
FED7
FEC8
FF97
02C4
0274
0043
FF08
FEA1
0290
FCED
FCCB
FE33
0226
FD5B
0125
FD95
0184
0002
FE34
0036
01EC
FEE1
FD9F
FFEE
024D
FD9A
FECD
FCE8
FED4
0262
FF7B
FD65
FE8F
FF80
FD2E
00D8
FED1
00FC
028B
FF82
00BF
0228
0219
FF58
FE14
01B4
01F6
001D
004A
01BA
FD7A
FF98
000B
0057
0270
FFEB
FE48
FEB2
017D
FDE5
FD7C
FCD7
FDEE
FF9F
FD3F
020F
00BE
FD53
01E3
02C4
FD1A
0202
FF69
FF5C
0196
0304
FE1D
0022
01F4
FE9F
FD6E
FDDE
FE33
FEC8
FFF5
FFD0
020A
0270
FF1A
FD97
00B1
FE78
01A0
0290
FFB8
003E
02CD
0143
FD17
FC9B
00AA
FCBB
FFBF
FD53
001B
0298
02D4
0057
FF60
00DB
FECD
02A8
FED0
FEBE
0147
FD97
016B
FF88
FE05
02C0
FFBC
FE1F
001B
0197
0275
FD9E
FED0
00D8
FE46
FDCA
0088
FDC9
0202
FCB6
02E3
0236
02FA
01B9
020E
FFA5
FF43
FF98
011E
FDC7
013E
FDBA
FCF6
FE9E
FEA3
00D0
0253
02B2
FD00
0060
FF1B
01DF
FEB2
FF4C
FD24
FFDE
0298
01D3
0120
FFC9
FCAD
FFB6
011C
FCCE
FDA0
0013
01B1
FE2B
FCE8
FD94
018A
025A
FD3B
FD65
FF9C
02A9
FF16
0216
011F
0012
FD3F
0267
FF56
009F
FE30
FE82
FE30
FCC8
FF9C
02CD
FCB7
FF04
FCC3
FE4C
FFB8
FD90
0183
FEF9
FEBE
FDB3
0161
026A
02AC
FD41
FCCB
FE80
009A
0023
0169
FFB6
0170
FDDF
FE97
FFB8
02DA
FEFB
0117
00EF
FECD
FD90
0134
018D
FD4D
FE66
FE52
024D
FD0B
0085
FED9
FD99
02EE
FE20
FE06
FE13
017A
FFCA
FE22
FE60
FD07
025F
FF75
FECA
00AA
FEAF
005F
0233
0195
02F2
FFD8
FE93
FD64
01CF
FFB9
0001
01CE
FEBC
FFC6
01CC
FE75
FCD3
015D
FEFE
FE2E
FFE1
0263
FF9B
02EE
FF30
0108
00A4
FF08
FE20
00AE
FEEC
FE0D
FFA8
0281
FE13
022C
FF21
0285
FE22
FEA0
02EA
FF23
02BB
FECB
FCC6
01F3
00D6
FF6A
0012
022D
FDED
007F
FD4C
FD21
FEE2
FD40
FC98
FD59
0296
0232
FF1A
024F
0099
FDEB
0213
0074
02C7
0279
FEA1
006E
FCEE
02B2
FE49
FF40
FE9D
0309
001F
FDA5
FD0A
029E
018D
00FA
FD4B
003F
02AF
00E0
FFE7
0053
FDFD
FE1D
FD95
FD24
FD33
0155
0178
0099
014E
FCD9
FF58
FCC0
0165
FD1A
FF4E
FEF7
0087
027A
FEC8
01F5
FFEB
FE0E
FFD8
FD7F
FF08
0263
FCFE
FDF4
00B7
FD99
FEAD
0233
025F
FDEE
FD3D
0072
FCD2
FFA2
FE9A
01F7
01E6
FDDA
FD3F
FE5E
00C7
0283
0194
FED8
0244
0196
FD3D
000E
0198
02A8
00FA
FDC2
FDCC
013C
FDB3
01E0
FEE3
FF5E
FE7D
018F
015C
00E7
FEB5
FDD3
02B5
01B4
FFEB
00A6
FEDE
FF57
FCA5
FE17
FF8C
0310
FFC9
FF73
FE92
02E5
00A5
FE56
027A
0238
FF53
0142
0117
FD4C
01A9
FECD
0247
FD41
015C
FF74
FCEB
FFD1
FE6F
FD48
010C
FF98
FD8F
FF40
0201
FF06
FEC7
FF5A
FE7D
0156
0191
FECA
FF79
0170
FF8A
FD40
FF0C
010A
014F
FECA
FC7B
019E
0165
019D
FF16
00AB
022A
FF51
018F
FD3A
FFAA
01F6
FCA5
0166
FD7D
0206
00F0
00D8
021E
FDAF
FDB3
FE2B
FE9B
FC83
00E1
FD88
00F5
FCAF
FEEB
FFE7
011F
0195
FE43
00BA
FF66
0084
FD10
02FC
0052
0293
FF91
FE39
0054
02EA
FDB5
FF78
028A
01B9
FF46
0221
0241
02B0
00FB
FCD7
FE92
FD3F
0287
0208
0002
0079
FDD6
FDC9
0068
006B
FE7A
0045
02C0
FE03
FED1
0023
FC81
FD3D
FF49
0180
FC6F
FFFC
000C
00C5
0267
FE74
029E
FEDA
FC3D
FE45
FF53
FF5E
FFFB
FFE0
0128
01A6
0255
FFCA
01E0
FCD0
FCE9
FD50
FE6D
0001
FF17
028F
01F3
0233
FFF6
02DF
FD07
017B
FFCA
FE1F
FCFC
0230
01DC
02F4
0073
0178
FD7D
FFE1
FED9
013D
002F
02D7
FCAE
00B2
FF1E
FF1C
FE88
00C2
01EF
FCCD
0023
0198
01C9
0203
0234
FE00
0183
009A
0076
0040
01F6
FDE0
FD06
FE28
0282
FE91
0096
FCC0
FE95
02EB
FD3E
FEA6
0225
007A
0010
FE2D
FEA1
011F
FDC7
0258
0210
01CA
00F6
01EC
0284
FF4A
FECA
020A
FF5E
FC9E
FC90
0215
FFAB
FFF1
002C
FCD4
00F5
00C9
FE01
018A
FE83
FD27
02E9
0099
02AC
FE13
FCCD
FF62
019E
FEAD
0225
0265
FF1B
FE56
00EC
026A
FE1C
FF99
00FE
01CC
0082
00E6
FF8C
0274
00E8
011C
FF19
FFDC
0156
FD9D
0297
00BC
0200
FD9D
FD90
FDE2
FF80
FE5B
01D9
0266
0015
0079
FFB7
0103
FF4A
FF38
FE88
FD31
FD04
FD71
FD36
FF24
FEB4
0136
0004
01FC
FD0B
FD21
FE87
FDE4
FFE1
FF8D
0041
000A
0010
FD58
FF3B
0165
FE87
FED8
00B3
FD16
FCF0
0248
01BE
0093
FE5D
FD51
0183
FDE9
FE55
01B9
FD60
01FB
001D
02BC
FFCC
01A5
018F
FFD1
FEB1
0138
FD5B
005C
0166
FD8C
00DE
01B0
FE7D
02D5
FEA3
00E5
FD74
FD7F
02B6
FDF0
02AC
020E
004C
FCFF
FDE8
0202
0115
00D6
FFB1
0284
FE4E
FCFC
FCE7
FF2F
00AA
0162
0268
FE32
FCE6
0061
FD64
FE21
00F9
028E
0090
0273
FEDC
0192
01EA
00AA
0004
FFAF
0055
FD8E
017D
0006
FF14
FFCE
02AB
FE85
FF77
FFE4
FD3F
FC9A
0250
0143
FE90
FCC3
01CB
FC8E
FDBB
02C1
FCE4
01F1
029B
FD58
FCE0
FEC1
FCE8
FCF2
01FF
027F
006F
00D7
FD47
FF60
FE04
FD77
FDFF
00C0
FF40
018E
FD25
01B6
FD38
00A7
FD8A
0265
02B9
001C
FE7E
016C
FCEB
0039
0150
020A
FE1D
013A
FFB6
FFFC
FED8
00FC
0175
FD28
FDC8
FF2C
FD59
021D
025E
FDE0
FF63
014B
0085
FE4B
FEF5
00E7
01B9
00F1
FE8B
0206
FF79
0061
02F4
FFCE
FFD8
FF47
02BE
FE0F
01C4
FD8B
FD7A
FFB1
FF24
FD8B
00CC
FFD0
FF01
003A
FFB4
FDD3
FCEB
FF0D
FE79
0089
FDCA
00BD
FF26
01C3
FE9D
FF2D
0171
FC77
FD40
FFD0
0016
FDCF
FF01
FDA8
0210
00A8
0068
FC62
FD88
022D
0187
0150
01E7
FE6D
FFFB
FD4C
FD8D
FEFE
01DF
025F
FF6C
FF9D
FDE4
FEAB
00BB
01A4
01F4
0010
FFA4
FE62
FCC7
01A5
FDFA
FD21
FD8D
029A
018C
FF03
02F1
FFDD
016B
0003
0216
019F
FECD
FDEE
00BE
0131
0186
FFC4
0152
0316
FFF1
FE38
FD10
FF72
FD0D
FFF6
02AC
FF60
FD0B
0065
00EA
01A7
FEC2
027B
018A
01B5
FE43
FF51
00DB
FDC7
FCAE
016F
02A2
FF8A
013F
FDAE
02A8
FE67
01FC
FFE9
017F
0019
FE11
FDAE
FCE5
FDCD
FD89
02CB
FD18
FF08
FCB6
FFDE
00D2
FCC6
FF66
FF27
FF31
FEEA
0179
FDAA
021C
FCFD
028A
FDBE
FEBD
FF92
0218
0034
FD3B
FCEF
01FC
0202
FE4E
FCC4
FE27
0009
FD6C
0208
FDDF
FD87
FD94
02A3
FE1A
FE2F
FD73
0046
009C
0214
02D2
FE3A
FD17
01F2
01DF
0301
02E3
FEB2
FFA2
FD0D
0037
FF0D
FDD3
FE69
FF34
018F
FEC0
0024
01A9
0251
FF27
00A9
FFA9
0167
FFE8
FE51
FEB2
0136
FE60
00E1
0054
0208
00D0
FEBE
FF6C
01A9
00EA
FFFA
FE5E
0244
FD06
FCCA
0062
0206
FCC4
00EF
FE09
0212
FF1B
02C3
FE89
FFA6
0206
FF06
000C
0255
FEB7
FD5A
0024
FD06
0228
002B
FF02
FF68
028F
FEF2
FFD2
0046
0035
FE3E
FFAA
FE98
FFA1
FDA0
0111
FE7C
0060
031B
01EF
0505
FA3C
FD81
0F52
0539
0C0E
016B
F4C3
F57A
F182
0623
F857
F722
E672
F986
04DC
F8F2
FF00
0BB6
FF10
0950
0B34
F84C
003F
1494
05A0
074E
05C6
0337
0414
02F3
04B7
F3A2
F2E7
F908
0658
F7D6
EB06
F04D
0B5A
1A1B
08F4
0EAE
112F
ED4C
F857
FA6E
03F3
0253
F515
FF70
068C
10C2
F058
FE5C
0056
F150
FB53
FC47
00AE
0AE2
FC6D
FEE7
16F3
039D
FCC4
017F
F72A
010F
09FB
F9E1
F952
021F
E950
FED2
F793
F238
F517
FB01
0A5A
07C1
04ED
F83D
01AD
0944
0329
04EF
FA84
0CFF
F439
FD8E
114E
063B
FBDA
F7CE
FCAE
FE8E
F82C
FD78
F1AE
0230
EFE6
FB62
F442
F53F
FE02
08F2
FD60
0669
F005
F8FF
07F2
FCAF
F0E2
0361
FE4B
020F
FEAE
0B3F
0AC8
ED4C
FC14
FEB9
FDAC
1542
037E
F985
0280
095D
13A7
104D
126C
0AB1
088C
FB29
F64C
FF4D
0B6B
FFA4
FD69
0396
FCA7
F3DC
E0DC
F9A7
F745
FBA5
F835
EF8E
05A9
0100
F58C
FB8D
EC24
00A2
0AAB
0660
09FB
101D
0486
03C0
04E5
0564
0F85
FE4F
FA7D
EFEE
ED66
F6C8
FDB8
F0DA
F5F8
057C
0A01
074A
0A34
0199
0F68
1273
0580
FB41
F197
F97B
F2BF
15EC
12E3
0404
0268
08DD
F705
FB61
0A54
02C8
0D33
D551
080C
1260
1543
11DB
06AF
01FC
F99A
03DB
098A
F3AE
F5DD
F664
FB82
F73C
FAEF
FAD4
F455
00A5
F6E2
0A52
1475
11AC
0461
F61C
0049
F9F6
FD81
F890
1D1D
0D04
006E
0CA3
07F2
1CD5
F4DE
F263
FAC5
F7D3
F071
F2C2
F53E
F01E
ECED
E5AD
030C
0573
1481
0CDD
025F
0047
FC29
FC04
FCCA
04F0
048B
0744
0167
0424
0A07
01DF
05F0
0032
FEB2
03E1
EFA1
F9C0
FE9F
01E7
08F5
FF36
022A
014F
FEE4
04BF
FC3E
FEFE
0163
F802
FAA1
0456
02EE
139E
F9E2
EBE1
F491
F1BE
E166
EBBA
EECD
01E9
E6B8
DE7F
F3B9
0808
1FB4
EB25
B395
F95B
0B51
144E
FB95
FEB7
DAFB
F5B2
28DC
0A13
02D1
125C
1E0C
03C2
0422
0290
0971
13D8
0A02
09C2
11F8
03F9
01B8
02B6
F160
05EC
2866
165F
E8F8
FA06
A7ED
C13A
D95A
FA0D
FE61
F9D1
FBA5
1136
0C38
0A97
01D8
130B
0F97
031F
110A
FBF9
0552
FBEA
F4C4
0570
F2C7
F57D
0588
F823
FC90
0900
FE30
F21E
034E
0B0E
047B
06CC
0311
06F6
FDA4
FCBB
005D
FEEB
FEC2
F5E7
EFE6
0375
0E5A
02C1
06DD
0093
EB34
F38B
FAF5
FCCD
137E
000E
ED8C
FD31
020D
FCE4
FCB8
FD7C
FD2F
077C
FFA0
0369
0009
FB36
FE9A
FF51
09A0
FFC1
FEC1
FF12
FA85
FE4D
01E6
0266
08DC
07B2
FA66
FFB9
0866
F554
F3D5
FCFB
02F9
0F30
0984
036E
FC7C
F954
F7D1
0B0C
053F
080F
0240
EDEA
F978
0275
0253
F379
033A
FE41
0E0D
0223
074B
FAF7
0F7D
0BB3
17CA
1221
DD0C
0842
0930
0549
FD1E
EDDC
F492
F163
F0D0
EA8B
F6A1
0B45
0AA6
FC1E
F658
F3AB
0027
12B5
1704
0231
129B
03AE
0EA0
0E37
0591
1C1E
E66B
D6B3
F9B0
0793
0D18
FBAF
F5AB
06EA
07A4
0646
FDC0
EBBE
DE3F
28AE
EC3C
F4D9
029D
0F67
02E2
0D2A
042C
F9F8
0D18
07BD
FC8D
FCE2
F36D
F40F
0011
FA0A
F13E
F963
0B31
1BA0
F070
0A8A
09B4
F1CB
DF71
0C9E
0581
05AE
EE99
FD85
043D
0445
0097
FF07
FE37
FE3B
0050
FB63
FBAC
0496
FBFF
FC04
0373
0050
01DB
FED1
F7A1
FE19
F7AC
F23A
FE30
01EA
0181
FBB8
F5D2
0C5B
FB76
0110
0DCC
11D2
FA37
FE66
EF63
0E38
FF46
FC2C
01E2
EDBE
046D
0832
FB79
F60C
FF77
FB9E
06BC
F257
036E
110F
F790
F662
06B0
02F5
0675
061B
070B
0605
0422
03F5
FF29
059F
004E
FFA4
FFC8
FEA4
038B
F9CD
F6DC
FF7B
FD3D
F84A
FE2C
FCEE
0A78
0687
049A
084C
117B
FBC7
0022
0419
07C7
08B4
F7DF
EFCB
F766
FCC2
FB38
F9EA
FE00
079A
FC52
07A8
08E0
0507
04A3
122E
0F11
FED8
F15E
136E
0283
0950
0775
FADC
FA0C
09F8
FEF1
035C
FBCD
FAB7
0097
01A2
0B3C
0671
0299
F703
FEA8
08B1
0BDB
0B9E
F025
EE78
E9CC
F0B3
FB5B
F256
1492
F7AB
04EC
FB33
E789
F01E
E929
FBDB
FED4
039D
F688
037D
F7E1
02AF
0277
153C
04C4
1AC7
193D
0B4A
054F
F2D7
FC65
FE72
003B
FC36
020F
04BB
05BD
FF1F
0702
FD37
01E4
0713
FF1E
02CD
FDDD
FA45
0AA6
FB11
FFB6
01C9
F946
02DF
048C
F580
FC51
FE80
01BF
F7BE
FA3B
0761
042E
FA53
F72D
F62E
F42A
FFD7
F8CF
0805
074C
0C04
031D
FF59
0DD7
0473
1379
141B
0B86
F093
EF84
F251
F7B4
F8B5
162D
FC82
F6FF
084A
1311
FFE7
FDB5
03DD
054D
1754
F3DF
0068
045A
00A3
F4A0
EFFD
F40F
F832
05C1
F8CC
02DC
04F2
FA8A
FB24
F6F2
FB4E
0999
F60C
0908
19E5
138F
05A1
EE34
030F
0DB0
FB35
0D52
0151
1401
F2D5
F8E3
0369
F471
F8EC
FB2C
044A
E92E
F349
F277
CF18
FACD
F292
F81A
F76D
0507
0952
FB24
0F37
16D0
032A
FB85
F1C9
F8E3
00F0
02B5
F788
0370
0894
1424
F638
F328
FA2F
F69A
0801
F64B
036B
0684
0B1E
0A46
03C3
F9EC
F83E
FB09
F1E0
FD3F
FCE2
F658
070B
025F
07AF
1714
0CF3
F534
F37A
F707
FB45
FB42
00DA
010B
06B3
FE88
FC22
FBE7
0D75
FB2B
FE47
128F
11A7
FBCF
F3E7
F6AD
0204
FD05
F846
02D2
FBA8
F031
FA71
EF25
ED6D
0759
0ACC
0D4C
037B
FFDE
0533
06F7
F94A
EA70
0311
0F69
0A86
0248
027E
0AE3
FD25
094A
09EF
0BA5
1406
0C91
08DD
0A84
FEDE
1231
0598
EFCF
EE8B
E159
F8BB
EEA9
F4FD
F353
F22A
F2BE
F9B6
018D
0503
05AA
01E4
0BF9
027D
06C3
09F7
0A49
FFAC
0029
02AA
0502
0BCF
045D
FBB9
00F9
02C0
FA54
04B9
08A4
120F
00D7
11AF
F4CD
F114
FA08
F9FF
089F
F900
004B
024B
0D5E
0E07
0B34
F8B9
EF2C
FB87
F83C
0079
FAC7
01C1
0182
043D
026C
0184
F84E
E931
F789
FE96
FF87
FDC1
00A0
F9A3
0004
0563
0199
FF4F
037F
0899
F8FC
F7B7
E937
F2D7
01A9
043F
0235
F8FB
0CFE
FFCC
067E
0B4D
03D5
F8AC
FA21
FC3C
FDD1
003D
FCFB
045D
0531
FFB8
0781
078B
0559
FCBE
F479
F840
EF1B
FCD6
0165
0440
0370
110F
EBD3
ED00
F853
F504
FABA
FEC7
F9AD
EEBF
F37B
0D42
0225
059C
1084
00C2
FE74
0A3E
FF5F
0237
FBFC
0C5A
F7D8
E101
E812
F996
F6A2
E730
EEE9
FC86
FF8E
E8BC
0D4C
1265
FD2C
06BE
102C
0281
0657
0A9E
0096
FD8D
07BF
01A1
F56E
E8CC
E3A3
FF85
0D48
0BE5
0BFE
048C
F8F4
EF0D
E4AA
F78C
FD85
08B6
FAB1
053F
F634
F198
1041
0521
03C7
0572
0B93
F85A
F5BB
EB25
F4C6
FA96
10B0
0D72
F548
170E
1C07
19CC
E9B8
E5D7
EDB9
05D8
F38A
0717
1550
009C
FB6A
00F7
F28B
F962
0C13
FA5C
00BF
02B2
E596
EC7E
F909
1A24
17A5
21F2
0EEB
1586
F634
F9A5
FD61
0593
0339
0FEA
0AA1
032E
0025
0066
05E4
05E1
FD09
F81D
FB81
F828
F521
F15F
FA6C
F3EE
0A61
0309
0391
0AFF
0D2A
1F82
017E
FC07
10E4
FE28
F5F0
F1F2
E7ED
F9CB
03A8
FF0A
0C7F
0FEF
FB3A
E90C
01EB
0933
FF41
05A1
FCC1
FE4F
FEC6
F3A4
0ADC
FAF4
12C8
02CE
EB53
F1AF
017D
0616
F41B
FE53
F23D
ED74
0E49
FF48
062C
FCF7
05C9
F0D9
0EA5
128E
0041
00C8
0BD3
FF88
F458
F320
0079
002B
FF95
FBEF
0644
03DE
FE05
0055
FC66
0498
FF09
0298
FF7B
097C
FBC2
F459
F775
FD64
0913
035D
018D
F815
01F9
FFFE
012E
0B56
EEAA
2B8B
1387
E645
07E6
FA7A
FD18
0FB3
0EF6
0D84
D651
1BC6
090A
FE08
0CA9
0C8F
EF58
E5C8
F3F3
F45C
EBFA
096E
189C
0A1B
FCFE
FBBE
09DC
FE31
EE45
0804
DC9F
F4D6
0DDB
02BD
019B
F84F
FA6B
0FC7
F838
F84F
0FDE
016A
09E6
01FB
02D9
2CD6
0426
EE76
F880
EFA3
0DCD
0780
11B9
1792
0D45
ECF6
EADB
F7AE
EB23
0C19
133D
03CD
F142
E602
00A4
0926
0086
D655
CEC6
10DD
09E8
FFFC
F472
F4F0
E757
F938
0650
FE01
FED3
036D
02F1
05D8
FB51
FF0E
FFC5
FA7A
F7F3
FF56
F8FD
F78E
1121
0F7A
0ADA
081B
0A41
0CAF
FC5F
F5DA
EA6C
E947
0608
0021
014A
F9FC
0033
02D2
FA85
FDA1
F4AC
0176
04F0
062F
0C7E
035C
013D
FA27
0518
FC13
FD7F
F798
FDFA
FEE0
F917
FA68
F2E7
091A
121C
0B60
FAF8
F0FB
F8AC
F8EF
F4A2
150B
FB94
FDA8
0AAE
FF54
FF9B
FE88
F973
FE93
0142
FFF7
F97F
0571
FD54
1033
033A
0237
F4BB
F51D
FBC3
FAC3
F9F7
F465
FFC8
F7FF
0E4D
0A78
F54A
FFB3
FD0B
F0F2
F451
1370
F658
1171
0D4C
F94B
18B3
18CB
03AE
0F5D
0AC2
01E5
F741
FB9B
F487
F014
142D
0430
FE6E
F88D
0F34
EB3D
F7AB
003D
F64D
F096
000F
EBE5
EBAB
D449
0BF3
FC3B
0271
2CE2
215C
0D39
1CE6
F905
F107
FB7B
0D5B
FDC6
FACE
F37B
EEDE
09BC
EF51
FC25
00BF
F6C1
FB90
03EF
1AB1
1CA8
0EC5
F6FE
FFE4
0450
0A8B
F27F
F8BB
00DD
0C2C
F8B0
F90E
FF94
FDCE
060C
0892
0059
058D
F4B3
FC7A
03DF
0939
FDB5
FF7E
0E74
0A5F
FA07
01C0
0AE7
F6E8
F2C5
F525
FBE1
ED24
064D
08C1
0B91
0312
09C3
04B1
F051
F0B9
0688
F1DD
1D56
2247
2EC1
1658
0BC0
F69C
1496
E7E4
BC98
034A
E172
F58E
0D4C
21A2
FACB
0CC1
15D3
0E20
FD32
02BF
FB8C
FCA0
0270
01FA
FEEC
FF42
02AD
FC88
FA9A
F754
FFF6
0088
FC05
FC03
FAE2
FD15
0225
FE6A
0829
0AB0
FDB9
01E8
162A
1155
FFB1
0A65
EE06
F731
F97A
1040
052E
F82B
EE10
04CB
F176
F077
FF77
EE67
EAAF
01B1
047D
1535
1B63
151C
0701
0D69
0298
0656
0B2A
F28B
E91F
DA7F
EC1D
F317
0446
0194
EDDC
F182
0729
F13A
1084
152A
0DC4
10A6
EF15
03BF
0E5A
08D9
FFF6
09CF
059A
1E1D
154D
13A0
F3BC
FB10
F2F8
FBA9
1147
F18D
FABA
FD57
FE1B
3E99
EF61
CB9F
EF56
E834
EB9F
006B
EE2A
F52E
F38A
1277
ED22
0CF2
0946
0EED
2AFD
1BF7
1066
0545
05A8
EBEA
10E5
11BA
0C0D
1879
1221
FE54
F9DD
FFBA
FFED
09B6
0805
FA5F
08AE
07C5
0917
F392
F81F
F4AE
F806
F86C
E96D
E6ED
F17C
015E
EE1E
01A9
FDF0
FA61
0232
0427
0F41
09E3
041B
08E3
073C
1592
1C0A
1228
FBBF
F8A8
E59F
E642
F281
009D
F072
F3B4
0EE2
0F05
0547
0047
EDA7
FB00
11F5
0A41
EF74
0791
FF93
EC63
F9EE
1183
0DDF
0E8A
043A
019F
FFF6
FD2C
0397
FEEE
FF6A
F582
0183
FD5C
0106
04C4
FFC0
00C4
03EE
0090
FC8F
FB20
0089
0834
FEFC
FB1A
FE4B
FA12
FF13
FCA8
FC2B
057D
0070
FFD6
00F7
FDAD
FFE1
FA1A
00D1
FF7C
0605
FF2B
F9CD
0246
02A7
0827
0142
FF1E
FF37
038E
05C1
0054
FCE3
FE93
FD54
039A
FCE5
F813
F938
0081
0130
FBD1
FB92
FE82
FE2A
0585
0530
FE40
0233
0219
03B3
0A3E
02A9
F9E2
004F
0470
049B
0052
FA41
FE38
0093
0138
00EC
FE42
0271
FEA6
FC73
0130
0081
FE31
0505
0165
0141
026F
00EF
04AA
0022
00BB
0158
0037
0067
FA36
02E6
019C
FF0F
FF4E
041F
FEE0
0009
F88F
0181
FDB4
FE14
FF0F
FF08
00D7
01F3
FB83
039E
0217
FAF4
FC9F
FD7A
03B8
0030
F5C8
FFCE
03BB
043F
FD1A
FA96
06DD
F77E
FADC
FC96
FE34
F74B
F811
007F
0530
0877
FC70
01E1
0410
0180
04D7
FC8C
FFFD
FBBB
FEF1
0472
FC7E
FC74
FD85
FCC9
02A7
067D
FBB4
026F
0163
FF91
0508
F9D4
0308
FD53
FBA3
FE93
0196
03A7
FF4F
FC40
F818
FB2E
F969
040B
015F
F9AF
00F3
FB0E
030B
0657
001F
FEF1
F88A
FD57
FC52
FD06
0729
02EA
0C72
0579
FFF5
FBF0
0144
09A2
0315
03E4
F3C9
FB90
0B01
FE1B
FFBD
0715
0192
0B03
046C
07D7
FDAA
00C3
02AE
041D
FEDE
03DE
FF57
0821
012F
FDB3
FF32
FD18
F9D4
00A7
FB66
0317
017B
FCB4
FD4C
FC42
FB4C
0138
0881
0452
FEDC
FDD7
FE0C
027E
FDCE
FE42
FCEC
FDC3
00ED
FE9E
FE0D
FAD5
0422
00B6
02A3
FF6B
FBAE
0233
FEF1
0459
02CC
FF72
040E
04CB
FF32
FB49
028C
0006
03A9
0116
0302
0054
00F8
024B
087C
07BB
0693
04F3
0297
0517
04C3
0607
07C6
031C
0487
03D4
0364
006A
0470
048F
018A
F606
FAAA
F97B
FD15
0D46
F846
0214
FDAE
0280
15A5
F6EB
07A6
FB67
0767
0AC0
F907
06D0
F7B0
02B8
091B
F8D8
02A2
0657
08D1
0E67
0363
FFCD
0329
0806
066B
0B1B
088D
032A
FF09
FF5A
039D
02E7
FF66
F625
0263
FE93
00E7
0A7B
F4C0
F758
05D6
00A1
0872
070A
F5E4
FA32
02BF
05D9
0627
FDE5
F7CC
FEE3
FF00
0405
FBFD
0358
0406
0082
0497
0553
FFD6
FBD8
0476
0073
FED6
0D43
FC03
FC95
02A6
013F
088F
0085
0302
009A
0188
07FE
FE14
01DB
00C2
FEBD
02B6
FA97
FEAE
FB6E
FADF
05E5
FF51
FCEC
021F
0163
012D
02D2
FF39
FC8B
FAC1
FCC3
FE1A
0167
01C4
FC5E
FE96
0251
033C
FE9D
FC0B
FDC8
FFEF
02F4
01F0
FD2E
FC9C
FFD0
FE12
FEBC
00F2
0559
03B5
FE71
FA00
0168
FE5C
FCC4
FFDF
FD20
FE63
FD1A
0055
FD1C
FD9B
FE8F
FF47
027A
FCFB
0140
03D6
FE28
0374
0101
00B6
0069
FFF0
03DA
0140
0091
00FE
024B
FAB2
FEC6
0566
0B84
0072
FAAA
FDCC
FB8E
FF15
030D
FCD4
FEFB
01A2
05FA
01FA
0021
FFE1
FA71
038B
04E0
0B46
0CDD
0412
0023
FB1E
01C3
0C39
0D8A
FFE8
0030
01CC
034D
07EC
FD62
FA21
FE14
05D2
0173
083D
FE9D
FAD6
04C5
07B2
0B2B
01CF
02D3
FA90
03C4
08BC
05CE
FEC9
FFEB
0009
01F2
003C
0044
FD46
FFE3
FF3C
FFB0
FE9B
017E
FD7C
FD43
FA06
031E
0687
0246
0042
FD76
0274
0417
02DE
FE4C
034F
FF42
0486
02B3
FE9A
0295
02B6
050D
03C9
FEEE
031C
0594
013D
00A4
03DF
0001
0214
009B
00C3
00CC
0245
03BC
0247
024F
FF29
FCCC
FEAF
F673
02D3
0650
FFD1
0570
032C
0008
F7ED
F6C1
F6C0
FA11
FFAA
F61E
FAE1
035F
0251
FA5C
00E0
FB23
FFF8
035E
FB1D
015A
006B
FF72
02A6
030A
046E
0237
004B
050F
0467
04A5
00E5
02EF
00BB
083D
0046
FF9D
03D4
00ED
FF4B
FEF1
0168
017A
FEE4
FE40
016B
FFFE
00DB
FD3F
0112
00AD
018E
03A8
FE53
FF52
FF45
0422
049C
01E8
FD75
FB7A
0766
FAA7
012F
F8CC
FC47
0209
FB60
0328
F9E7
F97F
0064
0016
028D
0209
FE18
FF68
0061
00B9
0037
FF97
FFD0
FFEE
017C
0270
034C
FB06
FD33
FEA2
FEB1
03C4
FF09
039A
FEB6
FE60
0057
F5FC
FC51
06ED
01C5
F70B
FFBD
FDDA
0773
FB58
EFB9
0F4F
05B4
F945
FE8F
FDC1
0738
FF28
00C3
0403
F7D8
F55C
F584
FE82
0E6C
F187
FE93
FFEF
00E9
03FA
FFC3
0128
010F
0291
0377
FDB6
FDE2
FED4
031B
02FC
01EF
FF7C
03E2
0130
FCF0
01B5
0152
0284
0261
0324
FE93
02F9
00E4
00EA
020D
04F9
02A2
03DC
00DE
FFE7
FF96
010A
0315
FC1D
FD50
FE50
FB27
0173
FE0A
0180
FCE5
FDEA
FFA8
FED2
FD45
FF66
FD47
0155
0059
0248
FE24
0139
025B
00F9
00C9
0250
031B
FF94
042E
01C2
FDEF
FD72
0250
FEEE
F9CB
FFE4
FDFB
FF35
0329
01A1
0084
00CF
007F
FB54
FCDB
FE5D
FB1F
05CD
01E7
0B49
0E9A
0612
0B58
F9F2
FF54
0746
FE28
0721
04C2
005E
FD5F
04ED
FEB3
030D
0294
1271
0008
018F
FEAE
F821
041E
026B
FB25
FBC1
FB19
01AD
FFF2
02FA
0186
01B5
FE38
FDC0
0380
0487
0060
FE96
00F5
FFC5
05A8
0390
01B8
022F
FBE4
FEAD
03C5
FAD4
0592
0329
FF6B
04D2
FABE
FE1F
0064
0362
027A
FD9B
FC61
FFD2
0797
02A9
FE80
FFC0
FE7B
0327
015F
FB2F
04F7
0311
FF13
FC81
FE4F
0978
05AE
FF10
0650
FC1C
FBC6
FA5C
FC14
06DA
F58C
0623
FEC3
FC9E
024D
FB4D
F984
0332
FDAE
FDE7
09C1
F878
FBE5
F953
048F
077C
F71B
FDDA
09C1
0950
0385
FD30
0454
0594
FE95
F71F
F177
F9F6
0042
0254
F450
F92D
0EF1
F1F2
ECB3
0500
FF5E
FBC9
0268
FCC0
FC6D
0321
0078
01E9
00BA
FCAA
0001
01F5
FE95
FD6E
003A
FF6B
FD00
0211
030C
FF51
FE41
FD11
03D9
0076
FFA7
04A6
00B3
FD17
039D
FFE4
0077
FFBB
0116
0194
0009
002A
0162
02A8
0175
FDF1
0220
002D
0207
0615
01F5
FAE1
FE02
01F8
FC9D
FC4A
038D
F717
F880
FD7C
F889
02E0
FF69
FE29
0023
0142
0552
023D
FF1C
03E7
F933
FBD8
0194
FE3C
02A3
034A
F7BF
FF5A
0397
038E
0162
013E
FD08
FD3A
FF6F
0164
FF55
FE07
FD74
FE49
FD20
FCC3
02CF
FDC8
FF67
01D8
0282
FF85
00C9
FCD1
0204
01E4
019C
0023
0069
FAFF
F767
F947
F55D
FE58
03BA
F23A
FEF3
0E09
0B6A
0469
FBCF
0273
0095
00B2
FF61
090A
0B3E
FDFD
0055
0670
F730
00B9
F276
FFC0
125D
FAF8
FF4A
00ED
07A2
01B5
F763
0045
FC10
04E2
FD44
FDCD
04E5
FED2
0112
0577
FC8C
F976
01E9
00A6
02DA
0485
FD22
02F0
05E6
013E
F805
F836
FAE9
F41F
FC51
0210
0001
059E
063B
F3AD
00B1
02B4
0752
0901
063F
093B
FBC5
FD8E
F373
F6F2
07A4
09B7
09D3
11A5
FCA7
0157
FA79
0463
F5FF
0815
02FE
1662
077D
F86B
07F5
FBCE
147A
064F
F075
020B
F695
0D8A
0848
F946
F6AE
ED57
FCE2
F98D
FBA2
0215
FDFE
0047
02FB
0185
FEBA
FE05
FFA2
FEB4
FCBA
019E
FEC6
FFF5
FD37
00FB
027B
FF43
FE04
FD0F
0067
01E5
FC8E
FD5D
FFA1
006B
FDC7
11BB
FAA2
015E
00D4
0234
F499
FAFF
0936
01E2
FE8D
EDFC
FE78
04F3
FEEC
02F2
F01A
021E
FFC7
FD8F
FEFD
0631
0955
0079
07B8
FE05
FEBD
FEF6
FC75
FDD5
FB12
0790
007D
FF15
0121
FA11
0258
FCEC
01F1
FFA8
008A
00DD
FE60
FECB
FC78
0259
FD17
02A7
06FB
FD43
FF3F
FBD2
FDE3
030E
FD4C
FA14
021D
FE42
0260
FEBD
FEE9
FF6A
00D2
FCC3
0048
FE56
003B
0510
0339
00BF
0166
FE6D
0140
0104
FC2E
FEB1
15A5
EFBD
DDF4
0CBA
FB05
073E
FDE6
0429
1051
060F
FE17
F638
029C
065A
FF95
0977
0BC4
0861
0445
0497
0314
09BD
0540
030F
0AC6
FCB8
0096
F7AF
F6E7
FDE2
E60D
F80B
000B
04FE
0160
F105
F53A
FEDD
06D6
FC4D
07BA
04DA
FC5E
FEC2
FC4A
03F8
0690
FE61
FEE6
02DF
01B2
FEAE
0055
FD4C
FE33
0846
0026
017E
0560
0330
00A4
FEFB
0315
0584
0517
F824
FD6D
025A
0179
0129
FFB3
FD30
02D5
0217
FE2A
FC76
03F4
0104
0349
01F3
016F
06B3
069A
0212
0301
FCA5
01FC
FA9E
0025
01AB
FE8C
FA01
FF61
FB82
FB96
01C3
FF19
FC77
FA5F
FB79
03C7
FFDE
0202
0408
032B
00EF
02D9
0561
0903
00D8
00A9
044B
0458
0330
0389
02B5
030B
02D1
03CD
0251
037D
00E5
02A8
059E
0052
FF98
05B2
FF35
03DF
0284
020F
0070
FFCB
0411
FF1C
001A
0084
FCCC
0787
0122
04AA
FF43
0227
0343
FDDF
0311
FE92
FDEF
FF37
02B2
07CC
0370
02FB
FD67
FDE9
F8E0
FD41
0012
0266
FFFA
014B
01A9
FF74
0497
FD14
02FE
FE71
FD23
FF1E
05C3
068D
034F
FEB1
F519
0955
FF98
FBB5
02DF
08AD
FE40
032D
00FA
FD37
FF04
FDC7
FF01
00B6
FEC3
F8AD
F77E
FED1
0274
008F
FF3A
07BA
FE19
FB8E
FBE7
FD58
0832
F96C
FEF4
0042
FCA8
F966
016F
04BA
01D3
010D
FB00
03E0
02EC
FCCF
FCBC
FF9C
FB33
02E8
FFB3
FC23
FEB6
FD4F
FE7A
0474
0436
051A
FEB2
F94B
00B0
005B
FEE1
FE3F
019B
0450
019B
0401
FCA4
01DD
013D
FC50
FEE6
FB11
027E
00B1
00AA
FCBF
FE03
0591
FFC7
FC40
02BC
0A6F
F4EB
0132
FDAE
034C
0635
FBF8
05C2
0D6C
04F7
018A
FF9E
FFA5
09F6
1138
0158
FB8A
FF7F
F980
12A3
FF05
FBC5
01C7
08BE
0E99
FC91
01D7
001D
FF3B
0349
0241
FCE5
0121
0296
00AC
03A7
FD9B
FCF2
FF92
0462
0467
0058
0287
FF55
00D1
026B
FFB4
0201
05A5
FE28
014C
0538
010C
006E
0A70
FE52
FD7B
0171
FF6D
FE4A
F8A7
0380
FE7E
0B84
0754
F9AE
FD6E
04A2
011B
0366
FF3E
03E2
FDB7
F56F
0972
02F9
00FE
FF80
FE23
0177
0008
0088
FFD1
FAD2
FAD0
0317
F877
FEF9
FF95
FB42
01E9
0009
0347
FD0C
00CA
FE2B
FE26
FE43
003E
009F
02B4
FF33
0801
05AE
067F
05F6
03BF
062E
008C
F920
F8B8
FACA
FE18
00F8
00B5
0C2C
FF5C
FCB3
FD57
FE0C
FD1B
F942
F9DE
F48C
002E
FED8
0253
0459
F6C2
EDAE
F97C
05BE
FF7C
048F
069C
F8B0
FA67
0311
FE9B
FC12
FD86
03D4
13E9
0611
E5D2
FA57
FF0B
07DC
004F
F34B
F73A
0408
FE58
049D
FF35
FC28
02CD
02A6
0079
038B
0038
0025
0533
07A9
004A
FEE2
FE4B
FA39
06C1
FD9D
02BD
0003
FFFC
027E
FA01
008F
FFEF
05A4
00A2
FC9D
04F0
FAE0
FB48
FFDB
FDA1
052B
FD2B
02F0
024C
FF8C
FEBE
FFF9
048D
FE40
FB3A
FD5E
FE62
0317
FFD9
FAFE
EF62
ED52
0066
FEA8
05FB
02EB
F749
08E5
1568
F04D
008F
047E
0B21
1778
FCA2
F6B6
F45A
FE30
04F4
07FD
F6BE
FDEC
FEB8
006E
0A0A
F18C
F56A
06CE
F32F
1027
0B6B
0757
0E38
0658
1148
FF8E
FD48
FF42
FDEB
FB4E
0716
06DE
105F
F7C5
FFFA
F642
04BA
0CC6
EA6F
FE3F
F70E
00C7
14B6
0747
015E
190A
05FF
06A2
10C9
FCAB
ED36
00EA
00FA
F801
F813
E81C
F43E
0502
0868
08CA
0614
017B
0D37
0E23
0626
02E5
01FD
0401
036F
08DD
FBE3
FF03
ED42
F765
FD43
0740
0855
F9F5
012B
021C
2379
107B
0ACF
0405
0D65
1818
F0D9
03CC
FFAB
0153
01CA
05A7
01E8
0322
0A0B
0D30
FA71
06C8
FD3F
F95D
0454
EF73
FCF0
0D7E
FDBE
0122
F270
F6BE
0B6B
036A
FF1E
F6C7
F9AF
0EFF
01A3
FF3B
FDF0
011A
E9AF
FBB7
05BC
0140
0BCE
F90B
0098
071A
FED3
1364
07B2
0F4C
08B1
F7EE
0730
FF0F
FBC7
03A3
0448
08C6
0BDC
FC22
0452
008A
F467
F76F
FD22
F4E7
05D1
FCFD
ECF6
012E
0F9A
0E96
0298
F321
F8E9
030D
01CD
0678
01BE
059C
06E5
FF79
F89F
0239
0AE9
00EB
0374
058B
FAE9
01B8
FF2C
0107
0709
FA87
039A
0548
06DB
07FB
0544
FA09
05DA
02AD
0256
0BC7
06DD
FA81
F628
FA50
F561
060D
FB75
FACF
F6AC
FF15
FE5D
0327
F37E
02CA
031E
F585
021A
F263
0A5D
084B
FB18
06E1
FD46
0C5A
FE06
0576
01F2
EBDA
FDC7
FCBE
FB72
030F
1093
09B5
FFD7
F8EA
028E
0B8B
0B5D
F9EC
03F8
0AB1
006F
06F6
F7E8
FB17
125F
FF4F
EFB1
F779
F5F8
059A
005D
F19A
00D9
075A
FC7C
F927
FD8A
FCFF
FF0F
F827
FC36
F4DB
FBA1
FAC9
FE7C
007C
FC8C
FD5B
FB24
00C8
061D
0802
051C
021E
FBDA
0125
07DF
0268
FBB1
050F
054E
0A50
FF52
10C4
FCB1
F620
0C17
F346
09D1
1493
192B
16CE
13FE
343B
0036
F8DD
EEB9
EC20
1E25
FB38
17C2
FBB7
0A49
FB10
E9EB
E439
F312
0DBB
07A6
F94B
0530
EF6E
FCFE
0230
FC8E
E763
E4DB
F367
F78B
131B
F8B6
F251
FB95
0124
084E
F8D7
F640
FB5E
01EC
0580
0178
FD32
F6E7
08B1
0C69
08DF
056C
039D
EFEC
0B66
01FE
F524
FC99
020A
087E
F7FC
EBB4
04E7
FC6D
014F
05AA
F02D
0147
005E
10B8
0E1F
FBE6
FCDF
0CF6
FCCC
05A4
0AEC
FF63
00BE
EC3E
01F0
017B
FFB7
F66B
F24B
FEF9
FD00
05CD
FDA5
0AD2
0C7E
FCE2
F7CF
F70F
058F
010C
F77B
04D5
0214
F6B2
FFDF
0088
FF58
F14F
FA55
FF5D
F9D5
FE32
FA5E
F692
0517
0088
0471
08AF
F4C7
FFB6
0249
0314
FC62
F913
0231
01D2
051E
0845
FC79
023B
0154
F26C
05AF
09F5
F01B
F4E5
F43E
0069
0FE7
FC65
FF15
F6A6
02FB
0326
0A85
01AF
FB39
0347
FB94
0839
EA82
F853
F885
0B09
0A42
030D
05AC
03D4
07F2
1D21
0275
00F7
FC43
091F
081A
0433
F4E7
023B
024A
0A76
03B1
F74B
0327
F883
F88E
E593
ECDD
0037
F9D4
1109
144F
FF43
EBEB
16F9
05C7
08F3
FF44
FA31
FD14
02E5
00C9
FC96
E74E
F8C9
0C83
079D
0A10
09D2
FC13
EE91
0277
F20C
E172
FD2E
106A
12B1
03EC
0C94
04BC
0CED
0834
0464
FAAF
06A3
FDE2
EB3D
F451
073E
0A62
0F24
098C
04C0
0656
0032
FE7C
FB9A
02A3
051F
FFFD
00F8
F8C3
01B8
FE30
01BA
FF66
FBF6
FDB4
FA8A
0452
00BA
0956
031E
FEF0
00D8
0CB8
04DB
FDA3
03BF
FB3A
0776
0E30
FBCA
0AB5
FB43
01EC
F809
03F9
0380
05C8
18B4
FA88
FC6F
FE09
05D3
10A1
02F6
00E3
FC94
F3BF
F09E
ED93
ECBB
F279
FCCC
FDA0
0402
00C7
FF8C
F729
FED3
FFA5
011C
FED5
FAB4
FC05
FC36
FDE5
00B2
FEE2
FECB
004C
026E
00E9
F986
FD6C
0867
0531
FE10
FD2B
034C
0F80
F4F0
0A5A
FDD5
046F
0586
FF4C
0426
02A1
0061
0D7D
0644
F445
FC56
09A7
0BDD
F505
F5D6
0111
0ADC
04FD
FB26
01DE
060A
FFCD
FBDF
0133
0A31
0024
0248
FB99
FB2A
FE29
FE50
0029
FF43
FD39
FECA
00B5
F7E9
FF40
0551
FD7B
017E
F953
0910
03FF
FA62
0AAD
022D
EC4E
FD4C
FA98
0241
079B
1F6D
09C8
EA60
FA8B
FBFE
1721
DD7F
E762
ECE6
0249
F4F0
D8D2
05AB
E0AE
020A
F89B
F2CD
051C
FA37
FF21
016E
09D2
0051
F979
0461
FF62
0535
02F0
F0FD
FF83
FDD5
00A5
0321
F3AD
004B
F630
021B
0DC8
00A9
0443
F770
FD30
083A
02F4
06C7
0423
0789
0612
03CC
0FDF
0751
02F7
FD3B
007C
F866
F44F
FC2F
FC41
06A1
FB7C
F62A
F20A
FF8C
1CB2
05F8
00B2
FC6A
0423
FA4F
079C
0F10
F6EA
0970
F14D
033D
0AB2
F458
00EA
FEDF
F47C
FD09
F2E8
05E4
0EC3
0D5F
109F
06D4
0A1D
FADF
033C
0674
F241
FA3E
0A18
06E2
FAD2
08F7
E86B
0E00
0172
FD80
04A8
F327
2402
0676
095E
FD3A
22A9
0152
0E3B
F9DA
0D76
054C
FC59
0599
F969
FC1F
DE7C
ED72
0478
F0DF
0CF6
F5F3
00EE
0A2A
FFEA
0B78
0E46
FDBA
FA86
F51D
FE30
1652
FC17
FA22
F76E
FE40
0736
FE3D
03DA
FE47
FB08
F9BF
0D0E
F364
0215
FCA1
FB7C
06B1
F79A
03C5
FE84
FE6F
02FB
014E
0A8B
FDC4
FF5E
092B
FE92
FCF8
FA41
FE84
04D6
F173
F6DD
FD13
0010
03A2
ED67
F727
092F
053A
EA85
EF27
F350
15B7
EF9C
FBD3
FBDC
FD49
1884
FB9F
FC4F
05DD
0714
05D7
0534
EF10
FAED
DED3
02A5
F83B
020B
FF54
0D0D
06FA
0211
06A8
0F09
F802
FCF1
FB2D
F438
F5C7
E6C7
E996
ED53
FC7D
0C51
0D44
0221
0255
0329
0055
F11C
00EC
0868
0323
07CF
0A3F
02A8
FDC6
0530
FF0F
F769
FACB
FB0E
081C
01B2
F6CA
F989
03E8
0146
0267
058B
0128
FE80
FE13
FE57
0680
052C
06ED
0071
F296
F828
0507
05C2
006E
F960
FB6C
069B
075B
0A97
FDBE
06B1
037C
FD5C
FF68
EF5C
F679
F362
0149
10C4
0206
04B8
0400
0F50
0838
09EB
FFA1
0F19
1551
FD09
089F
FD61
0887
FDED
0483
0804
073A
17DD
0504
0C52
FA4A
0771
0647
0797
FCCD
F61E
F8D7
040A
F776
0DCA
F012
FCC8
0AAF
0702
F910
F10C
FB4B
021F
012E
FF53
F24F
FFAA
05D3
0C41
F4AB
F7FE
02CE
0587
0172
FC05
01F8
0942
027F
F824
FA6D
21C5
0E66
0239
F642
015A
0860
075A
0A9E
1046
0FE9
1630
08EA
15C6
0A47
1112
0DD5
1074
0A58
0CAA
E64F
FD01
F782
07FA
12A2
0DAF
F469
00C1
0B3F
0063
FF6B
F903
FC45
049C
0072
F699
F4D8
FDA9
FE4C
0BA3
FB1C
FCA6
048C
01A1
FA7B
0713
08F9
0B2E
05D6
F743
044F
F791
F303
F834
E47A
0F87
F8C8
FF8B
0175
02B3
ED4F
E652
035B
F351
ED1F
0B04
F935
17E3
E882
F93C
FF79
187F
0CC5
FD9E
FCE3
F792
F0DD
1A2E
1212
FC8D
ED67
F441
FF49
FA99
0807
F145
0351
0642
F535
F2CA
F21E
FE83
0E44
0D52
0537
0EB3
E888
0C81
04D0
011C
F17E
F946
FB75
FFC8
FCC3
FB0C
01BD
0120
0535
07DB
0785
FF3F
FB8E
05FB
FFDE
02E6
FD1C
021E
FCD3
F6A0
02A9
F99A
FC79
02A4
FBD8
E693
F44B
FEBE
0A00
0713
FEA4
F94E
03E9
103C
046A
1937
FE6C
FFAE
07C0
0502
F97F
017E
FA1A
FDDD
F4C2
00ED
FC47
05FC
096D
0A7A
15F9
FF4B
F5BB
080D
1184
091E
EF6F
FC08
0B9B
0036
F9E0
F9B5
F8FF
053E
F352
EA3A
FB71
0005
FDDC
F44C
F5A2
FEA5
0730
FBDC
FCD0
FD49
FC2E
0415
0382
F988
F157
03A8
F98C
F378
F42C
070C
0AA9
FAEF
F7B1
FE83
0330
FD5D
FE1C
00E5
FFF6
00D1
0345
0A53
FB4D
F9DB
1114
F8FD
EF96
F1F5
FE03
FB61
D1E5
F4CD
F833
096A
0D91
1823
07C8
FE31
07A1
F793
FFE8
FD61
0597
012C
EE5A
F0D4
F493
FFAC
049A
F2AB
FCEA
04AB
0EE0
00F6
0C16
FFED
029B
FEC0
08A6
029E
F65F
0872
F3D9
FCEE
F795
099C
0D1E
FFA7
FF80
026E
0B8F
0367
FC5D
F84F
F6A1
EA38
E579
0507
FC1D
FB23
09E3
EFEF
09A6
E80F
12A1
EDA6
18C0
13EF
0B06
FCB5
DB14
F5EE
E2ED
E8A2
FEBD
E58C
051C
F9A9
0278
FCFE
FC9A
FDFD
F99A
FC73
01FA
02E8
0202
FF60
0579
02EC
0141
0354
01CD
01E9
0320
0379
0145
0406
02ED
FE14
0891
0E28
0DC1
F7BA
0A02
08C9
FFF7
FDB1
FDC9
069E
0C58
0389
FF9F
F6E2
00C4
0DFF
0930
0192
FADE
FF1E
0744
0C98
021C
024A
FC9F
0129
0389
0261
0241
03FF
E0DF
FF3C
FB4F
F88B
06DD
F94B
078F
00BE
03C9
000E
124A
09E9
F6E0
0404
F711
FDA4
FC14
F1CD
0A47
F49B
1566
0DF1
0776
0AEE
0913
060E
0C50
FD30
0699
0437
FCA5
FD5D
F5DD
0456
070B
FFEE
0CB8
0777
078B
075A
002E
0EE0
FC5F
023D
1A02
0627
F93C
FAE7
06A3
01BC
05A6
F739
12D4
FEC1
EA6D
F503
E77C
F584
F79E
085E
0B90
0147
F430
072A
F6DD
FA3B
F1F0
F28F
FF83
F37A
F328
F18F
F6FB
F4A8
0546
FF59
089E
157B
062D
04B1
FCE4
FB3B
FCC3
ECDC
F80A
F7E8
F614
FC39
FB0A
F414
FED0
0663
084F
0731
FD19
0664
F6CE
0675
F5A0
F926
FDC7
08CD
03CB
0049
FF47
F606
FD78
09D1
0012
075E
F630
03D4
F836
F29E
097D
0038
06EC
01C5
06E9
012B
F4FB
EED6
FF65
F895
F5C2
0DFB
0A77
D7F1
F6AB
F3C7
1209
10F2
F639
024C
FE1D
1653
F714
06BD
F597
0141
1268
0047
0C78
11F9
01AC
0D15
0ACB
E9AD
E0BE
F7D7
F992
FC0A
0A3D
FAF2
01BF
0082
068C
FF64
FA66
09E1
0116
FC71
EEC7
004B
FC37
00B1
0C61
FDAB
F714
06F7
090E
F828
FFF1
0013
FD34
FBEA
F64B
F880
FC2A
10B5
107E
FF14
FA55
EDDC
0B5F
02A8
01FF
F9F2
E5B7
FA04
0491
032B
FB0A
F9BE
FE0B
F609
FB77
FAFD
FA62
10D0
0283
0AD5
FBD6
F435
1E48
05FF
0B46
1141
00A7
04E4
E3A6
023B
05CB
FF01
EF95
E917
FDE2
0734
F4D3
F8BE
F55A
105F
1604
002D
F937
110F
DA0E
FDDE
E0C1
0481
0519
DE8C
FF16
FA90
FAF0
0B14
0F4C
1318
07F6
F65A
0AC5
EF79
0B9F
FD3B
E6DF
16D7
FD4D
0623
FB23
F6F9
F655
E8AD
F151
E888
F3A4
0242
0473
F46C
FBE1
F6AC
FFDD
0831
F6C3
F6FC
FCDF
0C5A
FDD5
FA39
F732
E8A0
EE1B
095C
ECD6
F828
0B48
F6CE
00E1
15A4
0DFD
FC78
F82C
F1D4
FDCA
F96E
FEA7
FD27
F79B
F7EE
FBFC
EB17
04B7
FB6D
FBB8
F980
EE45
0F45
0580
F8A1
F871
FFE9
0124
121C
F7A8
F99A
FBCA
F585
134F
EFAE
FF98
E566
F945
FD5B
ED22
F77D
F244
FB52
0438
FFBA
023F
030F
F8CC
0D4B
01B3
0BE0
0A13
0649
F8C1
08D6
F6DD
0102
FFC1
0E6D
0260
017E
0884
F86F
0013
FCC8
F734
FCD4
F96C
F665
FAEA
050F
04AB
0E7D
00A4
0409
FBE6
F536
F4D5
F012
FCD1
06F9
FC62
FC56
F4C0
FCB2
083B
FCAF
0625
0372
02D6
04BA
03B3
0B2A
0236
F8B0
0B82
F880
FD93
F4C8
0595
040B
129C
0B78
F244
F955
F9F9
0414
FDA3
FDC3
0F39
039D
0571
F9EE
FDA6
0632
F87B
00B7
031F
F099
0046
FA0C
05EA
0F83
0957
FCEC
FF2A
06BD
0532
FE4E
FFD4
09A5
03FC
04C2
01A6
FAB8
ED93
02B5
0830
01B7
0459
FEF7
FCA7
0091
F7BE
012E
0890
F76E
167E
0CF2
FE44
F491
FB05
F6C1
F7CF
150E
073F
EC6E
FD52
FC03
0462
00B9
FCC2
F547
FE95
05E1
03AE
FA62
FE5A
0CC5
05F8
FF70
005D
F6D1
FB1F
06C0
EE69
FF55
EFA1
F2AA
FEE0
FF4B
03BF
05DF
0F03
09A2
0C5D
0795
0AA7
1122
0F0F
FD7B
FAC1
F961
01C3
0542
FAB3
FD45
06B2
04FF
02D5
05EF
0A34
F9B9
FCA2
04C1
0162
03A6
FD64
0414
F49D
F6A9
0709
02AD
FAE3
FF1F
FC44
FC3A
FB74
0231
0DCD
F91E
01C3
04C5
F608
01F4
0376
FDCC
F2D0
F3AC
01C8
FC5E
E914
00C6
F1E7
F94F
0639
FBBA
06DA
F632
F764
0960
FE0F
0875
0D35
0B0F
FE4E
1F99
19CE
0BDC
08E3
009D
072E
01DA
0D4B
F876
F54A
FE63
0BE6
019C
FBDE
F578
FBF7
0C67
0B48
06E9
0318
0480
EF8F
F9EC
FDE4
FFC9
F98C
F26B
F721
FC48
FC3B
F6F2
FB9C
F866
F4CE
EFA6
0830
0A56
FF9C
0602
F9D6
0839
08AC
043E
08FB
04BD
0054
034E
0996
04ED
008D
F141
F944
F741
F819
02F3
0052
FF8D
FF53
01BD
FE73
01F2
01D8
FFAC
0310
FFA0
0403
0514
00B8
0787
01A7
060F
0A47
047B
02C5
0407
0076
0930
0278
0539
0016
0A41
098B
02F4
09DF
FA7A
FD87
F019
2619
155B
064D
FDE4
146E
086B
0471
05E2
F803
FE06
06BC
15C4
EE37
F550
063E
0F8B
EDB8
004D
0FEE
FDA1
F1C4
F3B6
16F9
E248
DA87
F30A
128A
0C00
0661
126A
04C5
0A7C
1238
FBD2
02DA
FB35
F7E1
FF55
0028
0182
F67D
05BD
13E9
FEC6
00C3
FEBE
0488
FA78
EFB6
FE01
FE14
FD6B
F127
0279
F803
EE6C
01CE
01C8
0584
0BDD
EF20
F35C
062B
0202
09A2
07DD
FBEB
06D7
0748
0399
00A1
FB5B
F939
0987
014C
03FD
0276
F79B
F817
FF22
FE24
FA4B
FAA8
FAF9
05A8
F972
FCB6
FF8A
044D
070D
F542
FD6A
087C
0832
0821
F771
0189
F271
F941
006E
FC42
FB55
F7C2
0837
F8FC
F91B
FC06
FC2D
0484
FB09
F874
02B4
02AE
F885
F409
F8D9
045C
094E
FC51
F2D0
023B
0466
04A0
FDD7
FB4B
FDF3
0854
01A3
FD41
F22F
FCE3
04A4
FE63
F4F3
F640
04BC
F118
F937
FB80
F522
0171
F56B
FA5F
F76F
F7F5
EFC9
F50D
FF9A
027A
F851
FEDE
F1E7
0A49
F5F8
EB44
0FB3
F2E5
1042
0205
0682
064A
FBA4
F97F
0CA9
011E
F631
01D7
096B
0084
01E8
FCA2
01C4
0195
F834
F118
FD40
10BC
F542
1CCC
0D9A
EF5A
0718
FAC7
FCD8
0C1F
006D
FC77
F5E8
0827
04FE
06D2
0938
162D
FEB2
1A48
05FA
08CC
EFB7
EF21
044D
03C8
051B
FC79
FA3A
0DAF
00D5
03A0
08CF
F474
F4B4
F399
F6F1
FB59
02D9
F4AF
038D
03F4
0CAD
FFD9
FC84
083A
03EC
FCD9
F9D1
FCD4
0178
00C9
FBCD
03DB
00F1
FFDB
FC1B
FAB9
0408
00F6
FFC9
01C0
FF3C
03BC
029B
FDF1
FF17
FE54
F81A
FE03
072D
FAA1
F38C
024D
0166
FE01
F832
077E
0530
09A1
F358
0256
0726
03DD
01BE
0312
118C
F4BB
0718
FD19
F6C6
FE61
FC91
FD0A
01CE
FB80
011C
F954
FA26
034C
050D
021B
00B0
FD25
04A7
02A3
0800
FFC9
004F
0115
FC06
0457
FCC0
FB15
03E4
FEB0
03C8
F428
047B
05BE
0297
FD9E
0A55
0466
FF8F
0454
FADB
F382
0EC4
FF54
FE6D
F87F
F682
FF97
06C5
080D
F2D1
F55D
F16E
0DF9
0B4B
F0A3
0096
FDC0
007E
FE8A
01A9
FD15
FC87
019F
00D5
FB74
F793
0057
003C
085A
FD6D
FDF7
0916
F29E
FAC0
0039
EE9E
F665
FD58
0B25
0688
FAAA
0469
0675
FB0B
F33A
FB7B
FFB6
F635
0355
F234
E2A1
126A
F240
117B
F023
E992
0267
00E8
07B2
FCAA
F15A
0CEF
047F
0557
F996
F9DE
FAB7
F53D
F82F
0134
F3B4
005F
F8C0
EC73
FE22
F63E
FFF4
0517
012C
0A35
0343
FA66
0780
F4FF
0284
FE5F
0481
07F0
F524
06D9
F7FC
0E6A
0C5C
F43C
F123
0627
04D6
005B
F2FC
FC61
0A2A
FC0C
F4E2
F1FB
08DB
0CED
0371
FEC5
F4DF
F347
FDEA
06FC
0DF5
097C
0658
FE1D
F58B
04AF
078A
F90E
F93C
02C8
FB36
0635
00E5
0480
0319
04B6
FA9E
FEB4
022C
FE5E
0556
FFA2
018B
FE28
FF98
0931
07AF
0341
F2F1
083B
0025
06DE
F6AD
D777
FB31
E840
F1A6
FCA5
FF02
FF46
0A5B
075F
FD16
F957
078D
1C41
F449
F5B7
1A3E
FED2
0BCD
04FF
0CD8
031B
10EA
FA91
0193
FF49
FFC2
0F3E
0074
020B
F3D3
F752
FECC
FC46
0248
0794
0726
F444
F822
FFD1
0323
FB49
00DB
FFF1
06E3
FA86
0226
FE16
FE0B
0857
FEFD
FAE3
F4A6
0475
0F9D
F655
1051
0C1C
053A
0241
00FC
0423
0227
FB55
021B
F9C3
F60E
FBB5
F806
03E1
F805
F336
F133
E248
0234
047A
FABD
0305
0814
0609
0958
F5CC
00B5
160B
0B51
03A3
FD40
E23E
F89E
FA8B
0786
EFD7
0835
EB90
F9C4
F429
0662
03F7
121B
12CC
05F3
0372
0906
0FCA
14C8
0497
0087
06F5
0D85
F8DA
EEAE
0416
10A2
1995
10AB
FC5D
00AE
0C11
0320
F95D
FB76
F5C6
0509
F46A
06B3
0130
0334
071C
04A2
0C35
0C8E
042E
F7C7
FC4D
06AF
FA0B
EB59
0465
04CA
0D1C
030C
F632
00D1
03CE
01CF
0287
06FB
F60D
0CCB
0221
073D
01BE
0188
FA6D
F7A4
05AD
011F
08BB
F63A
FC20
0368
FFA3
0103
FC09
0044
01C0
F8FA
0C8E
0157
05B2
0DEE
02DE
FF82
0224
0054
0382
FD2A
0400
FCD9
0861
FD47
FC45
0EFD
FB24
FB5A
00C3
FAF1
0011
0219
EA40
F652
FE3A
F8C6
F4B2
ED5E
FF41
FC77
FBF4
01F6
0519
0735
FE2A
F7B4
F3C6
037E
0805
FFC1
FDDB
F1B0
F6F5
FD1D
FE78
F9C2
FE11
0095
03F2
0445
02C5
FF76
052A
FD2E
0909
FDA2
0691
0864
03C9
0C4F
1210
0561
0CB6
FD0C
0B09
0061
0876
0AB8
ED2E
F8D7
0869
009D
08BD
FE77
0F69
0196
FF41
21AD
F813
071B
0074
F8D9
0463
09CA
0C53
FD15
FFD9
0664
0462
0D37
F7B1
FB07
F062
FA29
F823
0CB7
10B0
0500
09C9
088F
FC26
FCAA
FED8
0239
FDE8
0E2B
066E
0404
0588
F7F1
0248
0022
F6FB
FDE1
F947
017A
FC67
FD8C
08A7
0FAE
E024
FB72
09D4
F7ED
EF6F
F8FA
F66E
F758
0407
0C59
F3C8
0279
085F
01B6
099F
DDEA
FF85
FE0E
E4A0
EAF0
02F3
19E1
0B72
F960
F42D
F9D3
EE5F
F967
047C
FEE4
15E9
F100
F48A
0545
E8E2
11D6
0A05
0A7C
0B62
046B
F71C
F6BB
0712
FF05
019C
FA39
F448
0557
FF7A
0150
FD89
F608
01B8
01CF
0A88
0A9C
FB66
FEED
F97E
0584
FB44
F85A
EE6F
04BE
006E
0EF8
FE61
0658
07CA
153C
F1E4
FF67
FE13
FBD8
0849
FD9A
FF20
F6BA
F873
0192
F6FA
F54F
F978
0397
0C1A
0881
0E25
0566
FE4D
0A1E
FC6D
FB1F
FE6D
04CC
04AE
F554
FB0B
F4E5
ED78
EF33
06E0
02A1
00E9
FD6E
02C2
F58E
0388
0712
FA62
FC14
0AD7
02D6
04B1
0381
0340
F470
0972
03D9
F868
EF6D
F95D
036E
04DC
0354
F770
04F3
FB67
F67A
FC0D
F7B6
09F1
FB02
FEFE
F92B
F271
1C10
04BE
FCFC
01B3
FF17
E824
CF14
E966
02FB
F837
08D1
19FE
09E7
0700
0329
F734
FD44
009B
FC9D
0509
0AD4
1773
0B40
0F10
0506
0274
FA4C
0FB8
F652
00A7
0136
F9CA
FD4C
09D2
057D
261E
0288
EEE6
0E54
0910
F553
FC79
07AD
0C19
FE54
FD05
046B
F5C0
03F1
00C6
0203
FDF2
0A90
0B56
0DDB
F7BE
04D2
F5B2
053A
FB2E
F653
F86E
EA4E
02ED
FD1E
0847
FEC7
F8A8
F2C7
1681
0EC3
1072
E1B3
0205
0F2C
F78A
FD58
F94B
FC9F
00CD
0358
06AC
F84E
0105
06D5
FC56
FC31
F960
FCDB
FD20
0CE0
0806
FA64
05FD
157D
03A3
0056
FE24
0512
FF94
FF53
0473
07F3
06A1
01A2
FA02
006F
056A
0603
0095
FDA1
FEF2
FF91
02F4
0469
FE50
FFB5
0135
04EE
058B
FA10
012E
FAE1
FE6E
FCE9
EE07
025E
084A
FED6
FB7B
E9AD
F482
02BC
F917
FFB3
017B
F4AC
F6EF
F69C
054A
FA7C
04F7
05BD
0677
0A81
F483
058E
010D
F843
066E
06D2
F168
F2C7
00E0
0137
0236
06E9
11AB
0E47
F34C
05CA
0816
0470
F846
0327
0898
096E
EEFD
FD3B
F85E
F91C
0835
EEEB
FE9E
FC71
FD1A
FBFC
F736
F592
084B
FD9A
0B20
F9BB
EEA3
FD35
F6DB
F9BC
004E
E6A7
007D
FD82
FAA9
EE71
EEC8
F788
0EAE
06D5
FE32
FE8C
FE1A
0206
0113
FB51
06CE
FE02
0456
FA90
07BB
0D08
F1B5
0A3B
FE15
FF27
09FA
00FD
0AE0
FB11
FC47
FE0E
FECC
F38B
0A54
FD09
F6A9
FF13
F896
FE81
039B
080E
FB13
E68A
F936
FB3F
FFEA
FDF2
0CFD
FFFE
FE1F
05F1
FE87
025A
0F4E
F79C
FAFF
FD4E
FD96
0438
F4E2
FD4B
FE55
FE28
EFFE
EF02
0BE2
03C4
076B
F5DD
F870
F16B
13E5
02BA
FC8D
0687
0D32
05A2
003E
0BD6
F6B3
047C
1015
022B
14BA
FF0F
F99D
EE2B
0CCD
F767
FC42
F563
FEF6
FD1C
F351
F050
F847
0D9A
FBC5
FEDA
F66E
F77A
06EF
043C
0656
0B4B
0574
0613
FEDF
F8B6
0A5A
019D
069D
097C
F9AF
F9AA
029B
053D
05C2
F703
F435
0A05
036C
02E4
F56A
0575
070A
EC1C
0C04
F358
0509
F913
FD92
F9C6
03D3
F457
F30A
F3BB
FD6C
EBBA
03C0
F7AD
FE0E
0451
01D8
0269
0012
FDF3
0C5B
0F30
13AD
121E
050E
E6BE
ECC8
FBC1
0202
FF9F
0783
002C
F38D
0267
0631
F61D
F6B9
F6F2
F7DE
FA68
009B
FBF5
0103
F517
E2EE
FA40
0AF4
0F3B
F0D9
EB41
FDAF
FA0C
0FFC
0250
FA2F
FCBF
0103
1087
F4B5
E118
0439
F7A1
F423
E9A4
EBAF
F61C
EF1A
FAC6
FB5F
F4C2
FA24
FB35
13BF
EC2B
EE68
F572
F986
F88A
0A5F
0651
ED4B
0CEC
00DA
0A33
0C28
FF20
06C5
1144
05C3
01BB
F792
FA36
FF39
FDA9
FC6B
F9DE
FA2B
FD23
FD98
FEBD
F012
FB59
F750
0749
072B
F0C8
FCC6
07A4
0904
F7F7
0263
F56D
10B6
11FD
10EC
1342
07D8
0077
FB15
FD5E
F68D
FD2D
FC53
F910
F53C
F827
1478
0E0D
07A3
054A
0FD6
0FF9
0856
167B
0256
FE0D
FF7E
033A
FF8E
0072
0719
FE99
00D2
05DA
FFF8
FCE9
0291
FFA5
FEE8
F96E
0129
01BC
06AB
041A
0046
FF6A
FF29
FE72
0488
F9C8
FC94
02AC
0311
FEF6
0150
FCB8
FFBC
FED7
FF19
FD5F
024F
FEFC
01CA
062A
0122
FC81
FD5A
02D0
FFFF
03BF
0353
02D9
0006
008E
00DF
042E
04B6
0421
FF0F
FD31
02A1
FFDD
FFBA
FEA5
00FA
FEAE
025C
FD5C
01D7
042F
FB89
FFB8
FE78
02B0
FF15
FE61
0258
020F
FF10
FD7D
FC61
FC4A
FDB6
0334
002E
FEA7
0184
FF51
05AA
01AB
0256
0251
FE58
0155
FFC7
00B2
FEFA
FC1B
FD91
FC92
0296
026A
00D1
02E8
FD65
00D2
FE28
FC01
FF19
F764
0271
FC27
00B1
004F
F882
FDC3
FF10
0334
0503
0203
FD8E
FE49
0294
01A1
F9AC
004C
FC2D
FDD6
0169
FAA9
FE58
0532
0183
FC8C
FC12
005F
0288
0B07
045C
0061
FD6E
042A
0F56
081C
F87D
FF4E
0575
0AF1
074F
F6CA
FF7A
0185
04E4
06FB
FC6F
FE93
FDB1
FA85
FC32
FDC4
FEA4
FD7D
FA04
FC6D
04C6
FD2B
010C
0153
00ED
0343
FE9A
FC54
FBFC
0459
01C7
FC3F
041F
008D
048F
065B
FF88
FB7D
0569
003E
FE22
0097
08EA
0E51
0376
FD92
F66C
0DD6
0F40
FEF1
FC9F
EB53
021D
0C7F
FD0D
00E7
05B8
017B
07F4
0791
06BC
003A
FED0
FE77
FCFC
008D
FFAD
FFE8
01E4
0045
0145
FB96
FD74
FF65
FD0B
FD20
01BA
0345
FEC3
0033
F9D4
0018
FEB0
FDC9
0078
FD53
00B2
FF5B
0230
FDBD
044B
0029
0328
0467
01C3
0223
FC94
02A4
043D
036E
FFF0
FD7D
0296
FF13
0154
021E
FF51
0040
FF07
019C
0027
0527
0210
0258
0594
0041
04B7
0608
0801
0788
07AA
02FE
0940
0996
065B
0837
000D
06B3
09AE
070D
0270
0128
02EF
0492
044F
01BE
F861
00A3
F4EC
F72F
0D12
0342
0175
FFC7
0635
0DA5
F67C
045B
FBB7
04A5
1375
F491
FFB6
F2B4
FB0B
0245
FFD8
FF86
01B6
0048
0097
FB40
0238
00AF
F9A4
F759
FFE3
00A0
FE91
FBFE
F421
00D8
FD31
027F
FDAB
FB91
FC8E
FC0C
FDDB
004B
03B3
FDD1
FAD7
FF89
009B
04B4
FCB2
FE07
0191
FD26
022D
010F
007A
FE0B
FE12
039B
007D
0016
0165
FB3F
FC73
FD62
00E6
FDD5
0056
00CE
FFA3
0084
0239
0118
04CB
02C3
FE0B
FE37
FFAE
023C
0022
FEB3
FBAF
FF99
F90E
F9CF
FC6A
FF27
01AA
FE9D
FEBE
FD27
F900
FD56
00FC
FDA1
007B
FFFB
FE98
00AA
FF34
0009
FD50
00A2
FE09
0296
035D
028B
0345
0134
0387
059A
0453
FFD9
02C2
0176
03B7
0205
FFD6
FF6B
FC74
020E
03FC
FC59
FC0A
0238
FB07
00BB
00D9
0116
FBEF
FF07
FDC8
003B
FDD2
FF25
0295
0229
FE3D
0097
00BA
024D
0193
FF8E
FF2F
0169
0105
006A
FE16
FFA5
FE7E
F7B8
FE27
FA49
0158
05B6
F960
F930
F92C
FBDA
04D7
02D1
FBA2
FFCD
FFAC
05D5
01AD
FA5D
F983
FF64
FA54
0397
00D2
FA28
FDE2
FE90
017F
FF1A
0228
FE16
FE01
F9E6
FE77
0004
00CE
FD76
0169
FC53
FE01
02DE
F77C
FF40
0363
FFD1
0706
FB40
04ED
0244
FEC4
FA99
FF4A
FA1D
FC4E
064A
05A1
FCA1
00CE
FD46
01F6
014A
0067
0349
F9E8
FF00
02EC
FF75
03AA
050E
0419
0050
0324
FFB3
FFBF
FE4A
0041
00D6
04A7
039E
0002
0245
02C5
04E7
0644
0564
0522
04C8
0579
03C9
0195
01B1
026E
0199
052E
0504
FE4C
FFDE
0280
0284
02ED
FBE0
FC9C
F9C6
0084
025D
FFFB
FF91
04CE
02C2
0016
FCC6
FEAF
0419
0320
069A
F8AF
00B0
F74B
057D
0398
FAA7
047A
0630
02CA
02C4
FF20
039F
FECD
0317
0563
0621
042F
01A5
0444
05AA
0350
065A
020E
01EC
059F
05CB
029B
0153
00D4
02C4
FFF8
0132
0138
0151
0522
006A
06AB
00C5
FCF7
019B
059A
017B
01FA
004D
FD45
005D
0409
FE82
0300
F915
FB7F
00DD
FE63
0084
02DB
01EB
0176
00A5
FE79
FEB4
FF42
FC93
FE8B
00C1
0049
FF4C
01CC
0075
0580
003A
00D6
00F9
0120
0244
02EC
0251
00DD
FFB6
FF58
0096
0000
FF01
FFCC
FE3E
FDA4
0040
0308
0003
FF21
0161
055E
01E3
0176
055B
FE75
0115
F72B
FFAA
0259
FE69
FE1B
015C
0811
FBC6
FC60
033A
F756
F4BB
0477
0515
F913
FEA9
FCE5
FC8C
FFB8
011E
FA5A
FE6C
FF41
0527
FF44
0171
FE1C
043E
FFB6
0185
0158
0129
FFFA
00AA
FD34
FF94
03E9
FF5B
FD93
0091
FDEF
FD02
FDF3
FC30
FF2E
FD98
FFFB
FFD5
0052
FE90
FF5A
0211
FC0A
0110
045C
05DC
FB91
FFD8
054D
0196
F97F
FCC0
FA3A
03C9
FFD5
FE53
027F
02E1
FF95
FFF0
FE5E
FC23
0066
0399
00A8
035A
FE7C
03BE
028F
0231
018D
0117
0058
00FE
00E8
FAD5
FCEF
01D9
034D
F956
FFA5
FF2D
F865
FEAC
F947
0587
01ED
0216
FF18
00CE
FDC5
FCFC
0192
FF43
F101
FA99
0035
04EB
04BD
E16E
0194
0755
003B
FE9D
00FB
FB5A
FB33
FC4F
FE71
00C0
FD1B
0174
01F1
FEEB
FEB4
FC9B
FF98
015C
00F5
02AC
0292
FD51
FFD2
00CE
01D0
FFD9
01F5
001D
00F7
0033
FC79
FD13
0493
0056
FB84
FDC4
0242
06A2
062E
FE50
0006
00C5
06F6
01E3
FC7E
FF6A
FFE2
049C
03F7
FE66
FAA0
FD1E
053F
FDC5
FA71
FDF4
FE4F
03A8
FFE3
FC0E
01FA
00CB
0226
04D3
02F8
FFD8
0269
02F1
02E8
FE73
003B
FC00
0529
00A0
FB12
FE18
0596
0789
FC0A
FC6B
0355
FFE9
06C4
027A
FFE4
FF67
FF14
0B65
0744
04BB
FCD2
09C8
0F26
0DA4
073C
F6A9
FCBF
092B
032D
FBC7
FDDE
0C19
FECB
F660
F856
0133
FDEC
FE72
FE15
FA05
0005
0338
022A
0095
00EF
0057
FF7E
044D
00FA
FC0F
FD8D
FDBB
045D
0117
FDA2
00F6
0312
FE81
FD22
0086
00B1
01F4
00D7
0315
0401
FFD3
0075
0113
0104
025B
0218
000E
00C6
FE37
FC32
FDD9
00F4
02B9
0270
035C
FD5A
FC05
01C7
00A0
FD61
FB62
0694
FF6E
FF1A
F9EB
FA83
01EC
0333
0238
0283
F9FD
00F9
00EF
02AC
FE30
018F
FED1
FE79
0578
02EC
FF32
0043
02BF
040E
03AF
FC38
FE37
FCFB
FDB9
FC90
0031
FE4A
01D3
FD21
0009
FE57
FFAE
FE11
0266
013F
00C5
FDD0
0146
FF90
003F
FF8F
0406
0417
FF09
010E
FE68
FAA5
00BF
F821
FCAD
0319
0741
0756
0022
0675
FA2B
053F
089F
09C0
0523
051B
051E
06B5
0045
043A
FE48
F8B7
EA9D
F00C
1714
FDA0
FF99
07BE
046E
0105
FE11
FC23
029E
007A
FC79
02E1
0007
FFF3
03B2
021A
FECB
0503
0633
02AA
FF76
F9D6
0221
07D2
0015
FE3D
F98B
0578
FF08
00E5
04B9
FBE8
039A
05A7
FCC3
04B1
FF10
FCFE
0897
FBB6
01FD
F967
FE6D
0940
F5F4
FEE6
F4E0
FDA3
0057
F9C7
F5D7
F728
05CD
092E
F4ED
0A92
02CA
03FB
069F
FAB4
FDD7
F855
12F6
272A
F7A9
FD19
F25A
0231
1B7C
F60D
FBA8
03E2
075A
0EE2
FA56
F6B7
025C
FB22
FC70
006A
FEEB
FFC5
FDAC
02B3
FC1A
FC6E
FEA6
048B
02CD
FDDD
01F4
FCB8
03DB
01F9
0175
00F1
FF45
009B
045A
0596
034A
FDD3
0020
017D
0337
0255
F85F
013B
06C4
0058
FAB5
FC17
FE10
062E
FF27
FF46
06D0
04AE
00CE
FFD6
05E7
00FE
FAA4
FE39
FC63
023E
FEEA
005D
FD3F
FEFB
FDBF
00A5
FECE
042B
00F1
FD12
0176
00DB
037B
057B
FF37
FB33
FFCE
0519
0495
015E
FD03
01C1
04DB
0159
FEF1
0084
00F6
FECE
FE89
00BA
FEE7
FF04
0696
0263
01BF
FBC4
02C0
05EE
00F1
FF3F
FE54
FEDB
FF9B
0244
03CD
0233
0073
FF78
FDBE
FC4D
FCF1
F224
FBAB
0356
099C
0157
FB79
0F59
16A8
0299
F71C
FF4A
14B6
147B
FC59
FAC5
096D
1211
0468
F7EE
FDC8
0451
FF6A
0684
052F
01AA
FCB8
01AA
003B
FEC7
F912
FBF5
0756
069B
04D8
FA37
FC09
06A1
0D59
0905
0264
FC39
0BE9
04D2
0417
0227
FF1E
0670
0189
FDA6
008B
006C
045A
F769
048A
056B
0F36
064C
0915
072F
F9BD
0667
0131
FBAA
FD8C
FFDA
FD77
FCB3
F93C
FF85
FD89
FC9A
0215
FFDF
0421
FAFF
FAC9
0247
FE20
02E3
0005
01F3
024F
0042
04DC
01EF
FF22
017B
FFA4
04D6
0137
FD7A
FD8F
01ED
FEA0
03C5
FD0F
FE6D
FF71
FDCE
FE77
0653
0D24
0562
0638
0234
03B6
0D25
0AF0
07EF
0136
0514
0DA4
0A9A
06C0
FF33
029C
03EF
067D
0487
01C8
FD6C
0150
0707
047D
002D
0486
0118
FF03
019B
06F0
FECD
044D
FE1E
FE82
0057
FF29
0021
040F
FE34
FFD3
FDEE
0204
0500
01F0
015C
0442
034D
FEC5
00A5
FD27
004B
04B8
FCB0
FA80
FB2D
F961
06C5
FE0F
FBE8
0060
FC2D
051A
0605
FB91
FDB3
FFA9
0667
03EC
FB4A
0779
0254
FF42
0164
FEDA
FA7D
0359
084D
0112
FF02
FF92
FFF3
02A1
0404
03FB
034F
04B7
0603
043C
0576
058A
04D8
0425
0369
0225
FD61
00AF
0133
0443
0196
FD89
FF9E
00E7
01C4
FDD3
FD29
034D
0270
0139
FCBA
0430
01E1
0314
0280
FCF4
0279
F9A4
018B
00F5
FE38
FDC6
FDE8
033A
041D
FEF8
FBD3
FA16
0264
FEA9
FFF1
F99D
031C
05EB
04B6
0348
FDDE
0133
FF34
0395
FC3D
FDB3
018A
0410
FDF6
02ED
0160
028B
00AD
FDD2
0415
031C
02FF
0B75
09EF
026F
FCAB
FC18
0C71
0367
05B0
FAAC
0872
1107
F935
EB8F
FA35
075B
152D
0067
FC46
FF7E
06F7
097E
05D6
FCEE
FBE3
01C7
FF6E
0081
0092
FCFF
00C3
03DB
001A
02A1
042E
00E2
01E9
FFC0
FD96
01FB
FEE8
0555
FED7
FFDD
03B2
00D3
FF5C
023F
FFE0
FF9A
FD30
062B
01BD
FE25
0202
FC53
05AE
FF7C
FE34
0017
FDCA
026A
045F
FEA8
017F
FE56
018C
0115
FED0
FD40
019F
FFA6
FFF7
0042
FF54
006E
FEF3
FBD9
01FF
FCF3
020B
FC7E
FB04
FF35
FF8C
FE19
FDB7
FCB2
FA82
FE15
FB56
FB45
FDFC
032F
FD14
FFF9
00DA
0011
0316
FABB
FBA1
F8AA
FEEB
02B5
0C05
0795
078E
05E0
FC83
0109
F57A
FF1B
FD74
001D
FB57
02CB
FFD2
FA8E
0072
0040
FF01
FF24
F605
F70E
F956
0440
FFCB
FEB7
F9E3
0038
0911
01A9
0AD3
0295
F9D3
FE1D
0EF3
1044
FF72
F5D6
FFCB
0D32
0B6A
FDD0
F686
F7A3
03EC
FC5B
EB55
FC62
0068
046F
0066
F912
FE32
016E
037B
0061
FCD3
FAA7
0468
0746
013D
FD81
0140
F755
0052
FF71
FF20
0391
FAC7
FDB8
018D
FA5B
FB52
FE0B
0384
FDE4
FE46
0149
01D4
FF79
FE89
02E5
0038
011B
0254
010D
02A7
FF37
05B5
04B1
02A7
0083
0010
02B2
0461
FECC
FC83
F956
F7F8
021A
06DF
FE61
028C
E7A1
FAF0
0087
1550
0F50
ED45
05DE
F139
0EA7
FCA6
F9C4
05A0
E137
EED0
09FE
F2D0
DCD1
FF46
F686
049C
F8F2
014E
09C4
FC93
0210
F2EC
0324
02CF
F658
0F5B
05F0
063F
F7EB
EDA4
091A
FE26
FF9F
0BA9
FF13
08D9
F924
01FF
053E
E753
FEED
061A
0C23
0602
F9FE
F81C
FDA0
F99D
FF5D
F3FC
F2FD
0266
0AFA
0AD8
FF01
022D
FFE5
FFF3
040D
F89F
0BA5
060C
FE49
FA5A
FD8C
0588
0C5E
0002
FF4D
0208
FF47
FB4C
0908
0A38
F6E0
0072
FF9B
0939
FF30
E21D
FDA7
F54A
F99F
0664
07B1
0D28
0927
E518
FD20
F3C0
07E8
03F2
04C3
0241
F0C0
0378
0746
0CD0
FB0F
FDEF
EA66
F44A
F213
FEEA
F384
F735
0868
F884
F1AA
11B4
F02E
0E9D
FFC5
F20E
0CFC
0248
0713
0F9B
02DE
F045
051A
0468
018B
FF64
EDFC
FC82
07B3
E59E
0F46
0142
200A
FF46
04D0
0CB6
047D
103B
F40E
FE29
F2EA
08C9
FE57
0F47
01EA
F1CE
09F8
F7B7
FEDA
FFB9
E541
09CE
F9F2
008A
0426
E3AA
088D
FF2B
056E
040A
0985
0CB4
0458
F4CF
FF1C
FF64
0BC4
011A
0987
FFEF
0894
F2DC
0FFB
1B0D
EAF6
0E87
F86C
04E7
FCB4
0175
EE6A
F42A
FAFA
01CB
E9F5
F23C
D414
F32C
F934
0E09
F965
DE7D
0D63
098B
03AF
EB51
1C31
063A
01EA
F8B7
DB52
1DE0
FEE5
FB14
21E1
C688
1283
FC3B
F26B
EB68
E6F6
15F0
E924
EBE0
1C94
EECF
1808
F71B
FEFB
FD49
027B
F7D0
EF1B
F062
F521
0765
04E7
0395
FABA
FC98
1278
044B
089D
083E
FEA0
FFAB
08C2
0093
0AF2
0334
F57D
0B66
03AB
04EE
0492
033E
0438
0155
FEFE
FEF0
FCFC
02E6
00CA
FE35
FD45
FF3E
FE6D
FF4F
FB65
FFC0
FDDE
FB1D
00FF
00D6
00AD
FDD4
FC97
F7CA
0CCF
FFD2
F3B8
E7C2
F306
FB62
F824
F156
F25F
FF9C
0F53
0EAE
F232
0024
FF66
FBD5
2066
03A7
08AE
092D
F56E
0517
103E
ECEC
1336
F6E8
E3B1
EE3F
0CE9
FAE3
0890
2C92
03A9
FEDA
0E73
099D
0EA7
EC94
F418
F4EC
EEEA
0246
0E65
09C2
0374
1715
03EA
E7A1
F7EB
0BA0
FE50
057F
100B
0194
FE76
F69F
FF37
1061
FFD3
F665
0044
F148
2276
F391
0036
E268
F492
13A7
D78A
0484
F867
EB17
0836
EB5C
FF8C
031F
ECEB
0701
0E7B
04FC
0FDE
06A6
053F
03E8
0C52
F84D
00AC
FD40
0061
05D9
F8E0
F497
0226
DB36
F5EC
FF08
F2F0
F512
EF3A
0464
0597
0588
0053
00EB
06D1
002F
017D
FEE0
FE25
0113
F878
FC73
035E
F5BB
F854
FC30
FD39
FBA6
F4F2
F395
FCAD
0839
0684
0F2A
FAA5
EE7F
F4D0
0B8B
0A7F
0102
F61D
06B7
039B
FDDD
F6D1
0542
F881
027B
044B
FF91
F979
FF49
0189
0EF7
0242
FD7D
E180
0F3B
0932
F186
13F9
FFF1
F834
F62C
05E9
0827
F8A1
0668
F559
0053
06E0
0686
0B70
04F0
FE38
F511
F949
0148
0BC7
01DE
FAC0
F84B
F885
000C
0362
06CD
FCE5
EEE9
FEBB
FE09
00C1
F5CB
040F
F4EE
0632
0570
0983
02FC
0622
1A17
0C5A
10EF
F55A
EAD5
131F
F8D5
05BE
F225
EB30
F118
FA86
F318
0B9E
F853
F70C
0DC8
FD13
0464
ECBA
0767
0E1A
1191
08DF
F7EA
FEA5
0999
06CE
055C
F6D5
F9AA
0157
FF2C
0F6A
ED83
FEC3
F7C2
FAD6
023D
0903
FD78
FE98
FD52
0489
FF6C
FEC3
FB41
FC16
FEDE
0153
FAA4
FAF7
FAE8
FCBA
019E
013B
FCAB
F8D0
06BD
07E8
F809
FC6E
F376
148B
14F7
FA6E
F5C8
1C70
FF7F
0345
EEF0
0F86
0698
F2FE
FF6B
05EE
0ABF
10EB
0822
DF90
FFBC
06BD
03D7
2727
DA99
02CB
0074
FF5E
0110
00DD
05E4
05B4
00FD
FB69
024B
03AE
FE82
007F
052F
FE44
023C
02F2
049C
FC7A
FE05
078F
0475
FB36
FC46
02CF
06BF
F562
EA9A
F2FE
0CB7
0322
FC75
083F
F7C1
0155
10A8
FC8E
FD50
EDB3
0E8E
0741
E1BB
00FD
E2E6
0ECB
FA2E
FA1C
FAD4
E4F3
10E5
03B8
F886
0465
F8E4
FF9B
FE5E
F9B1
02CB
04EE
FF35
0050
F4C1
F8D4
F5AC
FAC2
0755
0292
06E9
02D8
FBD3
0F9D
05D4
065B
F39D
082A
08B7
FC7E
0AB8
0133
FAF0
0BFE
ED29
0EC7
FE10
F6CF
1588
FE0C
00AF
0389
F894
2ADC
F03A
1109
F912
FFFF
EF0F
0C7E
FC15
1AB2
F86C
FF95
FA1B
061C
076C
013A
04C9
0300
0432
FCE0
0086
0362
FFBB
0204
FB6A
03A5
05B9
000C
FC72
068D
0006
FBED
E741
FBCE
0919
F81A
F536
FCA5
0D9F
15B9
E65A
F6DF
1952
FFE4
0B80
F289
FACE
F5D8
F9BE
0B53
F7E5
060D
F0C7
FCBA
098A
009A
0167
EB56
F4BC
063E
01AB
1061
FBC3
F7C7
F157
FAF6
0477
F595
061C
F9BD
024D
0B87
FA11
074B
0887
08A6
009C
0275
0151
FC62
00DB
FD30
FA2E
0223
FFB8
F443
FA1D
0B59
10DC
0EDE
0D8F
F7DC
FFA1
F2D6
159D
1C0F
0AE7
0CB3
F77F
1471
F87F
13AD
123E
1733
F5EC
DD79
0797
1293
E9F7
1761
05B5
08CE
FEC7
0B88
0138
0591
01AA
FB9A
0295
FB52
023C
FD96
EC70
F6AB
05EC
0409
0261
F491
FAAD
02D7
F73B
FDC6
009A
F46C
0AF9
1802
FFCD
FB4C
1C7E
0A40
0202
0962
F5BE
0093
F782
FC15
053C
000D
017A
F148
FCB8
1263
014F
FE55
ED3C
0576
05BC
F805
F227
F687
0F5F
1D2D
0877
02D2
0194
036A
F705
0746
F8DC
0C47
123F
F5C2
FC44
F42E
ED7D
F9F2
0302
0976
0F73
0D36
20B7
FDBF
FEA6
0353
F014
F8DB
0F0F
F8D7
0676
03A7
0050
F5E1
F8F4
084F
0C94
FC2B
F47B
0B5A
F907
F26B
FE3F
02E3
FECC
02FA
EFB2
F424
F863
F583
E3CA
FF75
3EAE
002E
F87C
F97D
FCCE
FBB4
01D7
F85E
0CB1
02BB
1086
FCD6
F726
05FB
0AA3
08B8
F72C
F742
F4F3
F893
FF67
F7F6
08EA
02A5
F80C
FF9F
02CB
08D8
FDF4
F9FD
04AE
00F7
F69C
F212
FA77
12FD
FA37
F7EE
FA95
0732
0198
FEED
06E3
0D1F
0A92
03E7
06BA
081B
F836
FAB2
F69C
FF50
0130
ED9F
0B8A
0970
0935
FF3A
F959
FA48
FE82
FC72
0119
FDFF
1C53
F217
F9A2
F266
F0A0
0EDA
EA16
1780
FFBD
ED7C
0F14
126D
00F5
0549
F20C
06D7
0204
FE4A
FCB7
F91F
0859
FA17
FE5A
FEFF
F6F1
FF44
FDEB
0334
072F
046E
072D
0104
0BD4
06E6
FB61
FCA3
F1F4
05A3
F795
0528
03F8
FACA
E9FB
0101
078D
07AC
05E0
F077
055F
126D
0DF9
F80D
EA9B
0350
09FB
1FAB
E2F2
0421
E118
1907
0F54
F93A
FBEF
F6BB
F428
F0DF
F82E
FA88
069B
08EC
FD0F
FDAC
F07F
0035
0703
0296
0321
F914
012C
09A7
FF24
0376
F8D7
F3F5
08D5
126B
1711
FA3F
0147
F3C4
FC45
0F3D
FA97
010A
0513
ED5C
1410
045E
0346
F17D
FD1B
F964
E9A3
01E3
F439
F580
0568
055C
0889
F7D1
FF50
09E5
F875
0196
28A9
F74A
F260
F37C
114B
E173
CA81
FC61
EDB4
EAE3
ED80
EC52
048E
F24D
E549
10C6
0369
1E46
0654
06FC
D8A5
F546
120A
FE7B
F7E7
FC40
049D
F9B8
06F5
0046
FCE6
FCCC
00FB
0811
FB01
0572
0594
FF29
059E
0077
0299
058A
0490
FFD4
0163
FCAC
F98A
FC6A
FB75
05B3
FD77
ECEA
00A6
02F5
EFDC
F0FF
FB49
03A3
0058
FC01
FE40
0233
008C
02A4
FCA8
F850
07A2
0724
FA7E
08AD
F7D7
1336
F040
EED5
0176
F179
F811
FC64
F9FA
0934
FC58
0520
08CD
0323
0D5C
01C7
F7A9
1464
EC96
13B7
E2AE
0AC1
0964
FAF5
085F
EE6D
06DD
05A1
FBA1
F918
F70B
FB6C
FDB9
FEAD
F681
0384
04C8
05B1
0388
FD76
0A43
1258
FC96
FA2B
0057
08C1
05C1
023C
06FE
F495
F58C
03C4
08E1
0F7A
1294
061A
1B38
0527
00FC
071B
FFF4
E1B3
DE0B
08FA
04EA
D25D
0A5E
FF79
F4B7
1006
059A
F4CC
ED74
E0F0
0E69
F7C0
E791
FDB9
EB45
0C05
EC18
0220
06CA
0D86
FF30
F7CE
FFC6
169A
F788
0667
F445
0348
FB2C
FD7D
FF9B
FC83
12DB
F349
0D72
0C9F
FB55
18D1
F9F6
FE63
EB87
03C3
0451
0405
F7A5
FDF3
1138
F5F0
EF4F
FC06
0A91
0719
0DD3
0226
F97F
0CE1
0EAB
09F3
F5FB
F17A
F8A5
EDFB
0A6E
0678
01F5
FFF1
F5E6
018D
F8A2
02E6
F912
F501
F9D2
FA3E
0C7E
FF66
03FB
1680
08C9
FDC4
012F
FF91
081A
0411
FFFF
0585
0275
0401
0040
0002
0555
FFA8
05FF
0773
00D3
00C3
FFED
0250
0231
FB4D
F8B1
FCF6
FD8D
FD1B
FE0D
FAC2
FAA5
00D4
FF7A
FCC0
FA28
FDC7
06FC
0243
0FAD
F8E2
0FD7
1068
09A4
FA6E
F17F
02B7
EBAF
02DA
0127
0630
FF6E
FB47
0538
00F4
F8D5
FD8D
0780
FB98
FF4F
07DE
F0B0
F9FE
01FC
F151
0060
FDED
0AF1
0CEE
FCC0
0FA0
F3D6
FED1
10DB
0336
0019
FF2C
F216
FFB9
0AA8
F7F6
FA23
FAA7
04D8
FA62
093E
F80E
FAE5
F2FE
079C
F9CA
0C02
E5A1
22FD
F648
F10C
E70F
FF45
FEB6
0251
EFDD
F833
FB78
0CF4
0740
FB1D
0FA1
F3BD
099D
F683
F508
1798
FA60
0C37
1068
FBB4
FFBC
03DB
0AD4
FF13
F8A6
EDD0
F521
ECE0
EFD2
009D
2552
FC39
F847
EA5A
F5FC
140E
F1CD
06A5
055F
F9C9
1144
F8B8
16F7
031C
FAC3
0371
02E2
0C2E
0267
FDDD
F6A9
0581
0B6D
FF4D
F200
FF46
0A51
0C26
0914
0B8C
0F46
E950
FA0F
F27C
0142
F5FD
F6AE
02ED
072A
05CF
F442
1806
E230
0486
F14C
021E
1375
EC13
0477
EE1E
0A7F
2021
D9CC
0D10
073F
F50D
FD1E
8483
0C69
DD3E
F5EA
0CE7
9086
0B90
F6B4
04FB
FE86
07C0
0692
F584
FF4E
0200
01B7
0D87
F201
F52D
054F
FC9E
01F8
FCED
05FE
F327
FCA7
F88E
0E78
1575
F978
F5C2
F7EA
06C1
E018
EFB8
F26B
FFE9
0E4A
0253
FE90
07DF
01BB
02A9
0273
0761
0130
F9FF
EE11
0589
0004
FE90
FAAC
0BBF
1168
F7E8
1918
FE03
0855
02E3
FD1A
FEC1
FFE0
08A8
043F
FD7F
FCA9
F4F3
F8E7
0192
FFA2
03B2
E663
FB2E
0EF2
0047
0848
FD6C
F92A
FE64
F4B1
0535
F661
1EA3
E459
0B16
FE2C
E4E0
159C
F48A
0F99
0410
FCF2
FA2A
E2B5
2112
1730
FBF8
F00F
FC79
FCC5
FBA2
00F1
11BB
0931
0154
07B7
00DB
1100
0DB4
FEC6
0A85
FA4F
06DF
05BF
F9F6
0A2A
0CB7
FA2A
0CD7
0299
150E
0A7B
FB7F
106C
FE8E
D6EF
F4FA
00FB
F548
E5EB
EDDE
0508
0847
F2A8
E42A
F015
F21D
10D6
EE45
FB95
0561
EEDC
0552
EC9D
1645
05BD
ED8A
1266
E249
FECA
0C2D
04B0
08B3
0231
0DF9
03F5
0484
F0C3
08B9
F150
084F
F951
0AD3
0B1F
0691
0C4D
FB8F
ED69
EE70
FD5E
029A
0090
FB83
EF25
FAE6
064B
FCEF
EA3A
144B
FAF9
11B6
1160
0571
1092
03E9
FC8E
07D9
F6A2
F4B1
F097
FBCD
FFF5
009C
04E3
F596
0362
0450
080F
07B7
0801
060F
F7F9
017B
FBC9
007F
F8DB
FAB6
FC49
FFAA
FF9B
FAEE
036F
0076
FE69
0834
FC0A
02CF
F8E1
F823
F075
FA86
008E
0E72
0C7C
09F8
05ED
F679
FD33
01B9
06C1
06BC
009F
0175
FFD2
FD98
03D1
FBA4
012F
022B
0017
FBCB
F50C
0552
0880
FD5B
FF37
F740
10E3
06ED
04B9
0286
0587
01C5
F702
FA5B
FD58
01D0
FB7E
00BB
F819
000E
07F7
0300
FFA5
008C
FFA3
F671
FE43
FE9F
FAAF
FC25
030A
048F
11BC
0367
02D6
09F8
03DB
041A
0013
F850
FCD8
048E
F46F
0550
F931
F760
04DE
F4AD
FD4A
0285
0717
01BD
FB27
021B
F9B1
FE18
FB7D
027B
FC4E
FAF2
0045
07D9
0D53
07A2
060D
05F9
163A
168A
0B7F
12FB
FED4
E449
F176
EDAD
FBDC
0D24
0982
0CFE
09DC
0C35
F8DE
F63E
F5E8
F3E0
F4B6
FFBD
0268
F8B4
FDC8
0665
FA0B
FA01
0DFE
FC1C
ECCD
0E8B
FFA1
0159
0249
09A4
F9EC
F456
F6E0
F18E
F909
04E6
0477
0CFB
099F
0D03
0350
F7E7
00DC
0251
03FB
0128
0CC0
0302
003E
FB45
0370
00BC
FF0B
F8F1
FF1F
F7B0
FB87
002A
0ACA
0ECC
F476
03AC
FF26
07CB
F95E
EE77
F291
008E
0925
FF3D
03F0
FCFA
03BD
FD8C
FCF0
0951
106B
FADB
FA5A
F67E
F41E
FCBE
0451
F460
F6CC
FD70
FD08
0F68
0E2C
0104
F4D6
FA57
013F
0838
074C
FECF
FE9B
0382
F960
FE27
0135
FF9E
FD9C
FC80
FA6F
FA9F
FF69
0216
FE75
FAD8
03AA
F8CE
004D
F807
0A72
092B
0431
054D
FE8C
0675
01CE
FF21
01C9
018B
FD04
FC09
0033
FC67
FC49
FE16
02BC
0164
00F8
FF19
0225
FF6F
0658
07BD
03AE
05D9
FD0E
02B3
0695
00A9
0488
026B
F5C4
FEB9
0773
08D0
0148
11AE
E3D8
E9E5
FA0E
FF42
E007
1FFF
0A86
0A23
0364
F29A
F481
F9BB
ED2D
FDD0
0174
1832
0683
1003
F361
FA37
0BEF
F16F
020B
1A2A
FBA0
F15D
09B0
0CB4
FDEC
0AAD
FCDE
14DD
178A
FC9D
01E7
FB84
F4C4
FB8E
F0D0
EE19
0568
F344
01A8
03E1
FAFD
FE9B
F780
F737
0035
0967
03CB
00EE
05A0
FCA4
EA6E
FB52
0600
0712
08CD
FBAB
F9C6
F170
F99D
FED2
077F
03E7
0387
04B8
F600
F29C
FD0F
090A
F94B
0275
F4E8
0018
0C91
0201
0895
05D4
0BFF
109C
F780
007F
F614
FE44
0AAA
044F
0B4A
0373
FC79
F940
113E
F730
F82B
0200
00FD
039D
01C5
F92F
F8BA
00B2
0719
FDE3
015B
FDA7
000C
03C2
FC80
FC2F
FCB7
020F
FEEF
0920
FFBF
FBE5
FFFC
022C
0611
FF47
031C
FF73
F8C1
017B
0179
00D8
F78A
FA80
03BC
00E2
02AB
0048
0234
FC5B
FBC2
FD4F
08E0
00D2
FEE7
FF9B
FC31
FCB5
F827
FDB3
0C1A
096F
002F
FD5C
0575
002F
F95F
0295
FDFF
04EF
FF88
05AE
087E
06D5
03EA
F607
F7C9
F261
FA9A
0507
03A7
0799
06B2
F9D6
11C1
00B3
FA80
0DE9
1739
F4C7
030A
FE80
0E20
FF5A
FE03
05F6
FA34
0C58
0CD4
01E8
0B73
08BC
047D
FC8D
F433
E7F1
E749
EC3E
EE52
FEA0
FC6F
FD03
F594
F9B9
014A
FCD0
F4A2
051A
013B
FFCA
0CC7
19FF
0895
04F4
F8BD
0BA9
09B8
F4CB
FD5D
0157
FB6F
0180
FCB2
ECF7
FE98
FE76
01D8
0048
0116
F9B5
FA61
FBB6
FF0F
FAE2
FA6A
FDF9
FF3D
FF8E
0274
00AC
00E3
FFAE
FE2C
049F
FD58
FF87
F862
F691
F9FF
0712
FADE
02AA
0ABF
0699
F745
0376
018A
FBBA
0AC1
F9CA
FFF7
F7E9
EC9B
F8CD
0C31
F6F4
F9FE
07E0
00F3
0F2F
F779
0552
0B63
0C45
FD18
0322
01AD
FFF4
F6B8
0050
FF1A
FDD4
FE91
F6FD
FE34
002D
0047
FF9D
0363
027F
002C
02E4
026D
06CB
00F2
FFFC
FFC6
0223
FF52
0260
FD54
F920
01B0
F926
0592
F436
F5AF
040B
F999
04DE
1052
0F81
F949
F3B6
0281
0874
0497
FB52
089A
0636
0267
0005
0B58
FFF2
01EB
03DA
FAC0
FAB9
FEB4
034B
0146
FE71
FE0B
FEC8
FEB6
0077
00AE
03CE
0ABA
FCD4
FC1F
FAC1
0168
FF05
FC79
00A9
0318
0661
0524
F6F6
05A2
0387
FF43
F937
F78E
05E7
FAAE
FCBB
03FE
00A1
E41C
0B68
FE4A
04A9
088E
E844
0AAE
F2FE
0227
F511
0076
F6F1
EE17
EDDE
FFE4
006E
FF79
FA25
FE38
022F
020B
0205
043C
FCD8
F511
F9A1
F843
067D
04E2
F684
FCB8
FF44
02B2
0261
F446
0A2B
013B
F9E1
FD92
030C
077F
FEC6
F004
FCFD
010C
FFD2
02B9
FF95
FE37
FF04
0503
07B5
0226
FFC3
FCAA
0AAB
FBCE
F761
0EBC
0A7E
F7BB
0E62
01E3
F938
062B
FB0D
FF5E
035D
07EB
00F9
F6C6
F8EB
0229
FD8C
017F
F8A8
0044
FC0A
0117
085E
0604
0073
FAB9
FB53
080E
EED9
0420
FA8C
0069
0B57
F0D9
08E7
079C
1E57
F7AF
017C
F219
F7D3
F64B
1F43
EFAB
0D60
2C16
0273
FD58
045E
E5DD
04AF
F220
1173
0024
FC94
F910
FE7E
038B
F770
F2EB
F303
04CA
FCD2
05F4
10B5
083C
0A2B
0CE2
FC13
FB26
F579
F456
F765
04C8
FE85
105C
11B7
F7D5
FD9E
FF05
FC95
F77C
035F
FB2D
FE49
034A
F77A
0210
02EE
F8DC
F708
0287
05EC
FFBD
FDED
F83D
07BA
FA78
FE7C
0506
003B
02F7
FA32
0402
03CB
0D78
0794
FDB5
FFE5
118C
1241
FAD6
10B7
04C2
F8B7
F5C8
FCE1
EB16
03CC
0057
ED36
ED93
F370
106B
0D56
FB49
F7B1
00D0
103E
1616
092C
015C
07EB
0399
FABA
053F
00AF
0520
FDF9
04A4
0052
F79A
F931
F1D1
F128
F41D
F80C
F5BF
F727
017C
0359
014C
0165
064A
08AE
0B97
0D35
0521
FD6C
0037
FFB0
F80A
02F9
0029
02FA
0475
01B9
FBD6
FDD8
FC72
FDE5
FD88
033A
01EA
FE4C
01AB
0078
031E
FC8F
FF3A
0473
FE1A
01D3
0897
064C
0466
FCB7
FBFB
FDC2
F5AB
F4E2
F28B
FF4E
012A
FE83
06AA
FF67
FE93
0C83
0194
FFB1
FAD2
FEBF
0753
FECC
00C3
FED8
0938
070B
FA6E
F45D
0667
F4A6
F73C
FEC0
FD3E
0EA8
F9E3
FFBD
0E69
F5A0
F9AE
09E5
055F
0443
061F
FD09
FBA1
FBC6
0A31
F894
07F8
05CC
01D1
FA5F
FE8C
FE0C
FEE5
F98D
FD4A
073C
0598
0D2A
0482
090E
055E
FFBE
0A08
07B2
FB88
FC77
FC13
F811
F62A
F523
F9C7
0037
FF87
0123
F6B6
F5BA
FF88
FA6C
03FA
1053
08CE
0388
FDB7
059C
FB78
FC5A
F85E
0193
F607
F0FB
0B6E
10A4
F842
F992
049A
F971
F544
0333
FE16
FD9E
01F5
01DB
0203
040E
FEAB
0028
FFD7
0454
FFEA
059B
0867
0115
FCC3
FF96
FC8A
FE08
F945
FEBD
FF5E
FD5F
FCBB
FD72
FCFF
0F67
F93A
0E8E
019A
04D1
F77B
082F
000C
00EE
0485
F57B
F75B
01B6
092E
F05C
FB71
0A25
F086
F2F1
0B3E
ED8B
FF07
1053
01C6
E7B4
0E51
1440
FAD5
1380
1374
F030
EB23
0ABF
0434
FEBE
0193
0180
F175
0B0E
F479
FB83
F2B1
FBD6
F4F8
071C
FE90
EE09
FC1E
08ED
FE46
043C
FE9A
060D
0535
FE90
021D
04A5
0458
FF8C
074C
0387
0338
0463
FB41
F640
FF72
F98B
F77C
F0FF
FEB9
0057
FF6F
F6E7
00A5
0745
F38A
0707
FAB6
0280
F54A
EC05
FD69
F92A
034E
18B0
FB18
0B18
0703
00F5
0BB0
EEDD
061A
0138
0358
EF99
0822
0457
F4FC
FB62
FDEB
0AAB
F989
FE87
F9F9
04D3
FF73
0A81
FE8A
0309
0188
F3AA
FE0A
F98E
F677
0D5F
FB9E
F8BC
F9E7
00F4
01CB
09A6
097E
02CB
0BCB
01D4
002F
FEEC
FAD2
067F
F912
F97E
0041
FF85
035E
03E1
04F9
0272
0555
03BB
FC8E
010D
F92E
FA85
FB51
F6A2
FDFE
0212
0249
0277
FBEC
F0DA
1924
FC3C
FD38
0106
0753
DFD0
ED0A
0B67
E269
0551
FC5C
09FF
F9CE
F1CC
F74E
044A
02FD
0874
050C
04BD
F70E
E025
F622
EF05
0A45
FB25
FD2C
04F3
F133
0031
0C2C
088F
0192
0D98
0CEE
F8B0
0109
FFEF
F08D
0BB0
F6E4
FFF5
F5AC
0236
0439
FBAC
072B
0FF9
F7FA
0506
0196
F0B0
0735
00F1
F65D
F7A0
F6CC
F8B0
F15C
08D8
F56C
12CB
FF21
FEAF
FE70
FD36
FBA2
099F
1324
F51E
FC77
09D0
FE47
05D6
0662
0764
0B47
0767
FB09
F5B5
FDB8
0101
0840
0830
050B
00E6
03A1
FF81
0264
FF2C
FA06
FCC8
F97D
F42F
FF9C
024A
FDDE
FA17
060D
0396
FBCA
FF4D
041B
0228
0322
00B5
021F
0112
FFD2
03F8
02F0
02AB
0637
FEBA
FCD3
03D5
FD4D
FE07
FCEA
FF38
04F7
FE99
F861
F3B1
FBC6
ED75
05BD
FA8E
033B
1610
0A00
0A32
03BD
F698
FF6F
F4B3
F69C
FCDC
FCDA
0518
04D4
08AF
04E8
F733
FBD4
00D7
05C9
FD61
F596
FD1A
FFA7
07AA
04BA
F93A
01BF
018F
F8FA
F6BA
021B
F6A4
0F42
154D
FA3E
FD3C
09B3
FDE2
04ED
FCD8
FEAA
0568
0872
FFB8
F356
0090
F290
EA8C
F6AD
0463
0013
FB44
FF52
0188
F567
01A7
0BA7
16C6
17A7
FA4F
FEF4
0A23
F76D
1439
F75F
E7A2
F113
EBE8
E67E
E247
FF87
FB8C
F978
00FE
FA3A
1287
0CDD
FDB7
FB11
FDE9
EA53
FD86
F604
FD77
028A
FA3F
046A
FAEF
FA42
02B7
020A
04A5
FFD7
FF44
0C6D
034F
FB94
057F
03EF
FFA7
0187
FC6D
F9CF
FA9A
0359
0A41
06E7
FA73
F700
07EC
FBB0
FBA7
01BD
FFFC
FBF9
FB07
FF4E
0903
F948
0590
FD2B
01DC
FE59
F55B
F631
0BBF
050A
1EDE
20FE
2AB7
F665
FB4F
E814
D435
D546
F92E
1EEA
09B1
2545
2017
F371
F466
F46F
EDBF
EBA2
FE9E
FB08
014B
F8AF
F948
04FA
0AD8
FF27
FD76
FA92
0253
FCA8
F838
FF6B
0A89
093D
0729
FEEA
FA67
032B
FBFB
F6BE
FE26
00D5
09E8
044B
F707
F659
F72C
008D
04EE
F548
07F3
0A4B
067A
FE79
017F
0EB7
04A6
0061
09E7
F0C3
F02C
F0E5
0449
051D
0110
FEF5
F167
0B27
FF7D
00D4
F660
047B
07AD
0277
0306
FF80
F86F
0041
FB72
F77B
F54F
EDCF
FA7F
0C30
021C
037A
FB11
FE21
02A2
FB48
0D94
1877
02F0
0575
09E9
0CAA
FC86
0136
F42D
0896
F8D2
0D04
1F8A
FE01
0782
E241
DB44
D9A4
FB58
0BA5
0BC0
0D90
2021
EC09
FACB
D815
E46E
E3F5
FB07
FE4F
FAD4
0828
FD14
03E8
066E
03BA
0F7E
0855
F5DC
0902
0035
FCD6
FDBD
F5F8
1103
0F49
0DB9
08FF
EDD0
E696
F90A
FC01
E895
FCF9
FFEA
0257
010F
0330
024C
0172
044E
F717
F9AB
0AD2
058C
0652
06B2
0A3E
F2AC
FEB5
0025
F669
F3CB
088E
0372
07ED
FD03
09C7
FBC5
FF3E
0395
FF8F
023C
0287
F8CF
03C7
FDE4
FBA0
FFF0
0AA1
FF36
07E3
0748
070D
070C
FF30
035A
F979
F427
FBBC
FB2C
F401
0451
0A0E
FBD2
F538
F547
1513
0497
FAB5
FE8D
06A8
0035
01BF
040B
F354
1AED
F14D
F842
ECD3
0A71
1079
F565
F916
01E4
0B59
1363
0801
069A
F837
EC4F
09C7
0865
FE38
FA2B
FE73
F210
FF37
0151
FA4A
EE51
F5EA
F9E1
0B2D
09E7
143A
FC6A
03A2
05ED
0324
0678
F4E0
0061
FBD1
0AFF
0000
08CE
FD01
F8D8
F4D7
F570
04E1
0829
0CE9
F3DD
F84A
FB91
FBF6
FEA0
FD89
0CAB
0293
FAF8
F2E1
097C
069B
0372
F911
01D4
FD23
09F2
FD10
02C0
F9BF
F6D9
FD40
0423
0337
0E87
F733
02B7
FEC6
FDFE
F9DA
F273
FB9F
FFD6
06D9
F3F7
EE7E
048A
EE62
024A
073E
FCF2
09A7
FD65
F8F1
042D
FD2A
0C87
019E
0481
F8CF
01AC
1465
0088
04FF
0142
2082
089E
0006
04F8
020A
0A49
062F
008E
FB2D
0589
0556
F4AB
F890
F3B4
0371
E56E
12F1
F4B6
0EBC
FE6B
F728
F774
FCFB
F7AC
03E6
09B9
F23F
F969
FFC0
0305
FCF2
0FD0
0707
FFC2
0AED
F790
0050
067D
F9B0
F733
01F7
0C39
00C3
0B5B
FCF9
FBAE
034A
031F
F1F2
12CD
FF27
0883
FDE5
FBED
FF9E
FFC4
0DE2
ED67
EDAB
04CF
0B83
00CB
0C7B
02D6
F308
0621
F04E
04E6
0B87
D922
0044
FE83
FEC1
018F
EE80
FE02
077A
FE7C
F535
FB63
1441
0313
EBEE
0553
F5EE
FB10
E597
024F
03E0
1454
F4BA
F160
FD23
10CB
0499
088F
FF17
043C
19FF
FF6E
03DE
122B
00AF
07AE
08CE
F67D
FF16
02A6
FCD7
063C
F8FB
FE4B
0BFC
02ED
F896
03E6
0A6D
F923
04EC
F67E
0760
0443
E978
0607
0465
0BE1
0493
08C0
0C2B
FDF1
FBE6
FBF4
0121
0815
FD40
FF2B
FAAF
F965
F884
FC1F
FDD6
F866
F596
05C4
FB12
FCB6
F7E1
F77D
FFC0
FCA1
FBBC
FD07
FD9A
0200
FC8D
0410
0281
FD66
FEE0
FE9C
0359
FDB1
DF7A
0862
FE5F
07F6
FF33
FA60
F223
FCE8
F6FC
F3F5
FD11
E9C0
F4F0
FD85
0592
FA7A
E516
070A
006B
005F
04E0
F14B
EC38
050A
FFA4
02C9
FA8C
FD9F
F953
F809
048B
095A
F9F0
099B
FD4F
06B6
FBB7
F2C9
FE00
0557
11AC
F7EC
F89E
0B1A
F31E
F61B
0BF8
F63F
02EE
19ED
F231
F3BE
F5AE
FE0D
FF85
02D1
F31A
0DDA
F7A8
034C
074D
F086
1766
E9E8
FDD8
F853
F74E
EDA8
F3CC
139A
F590
FC2E
F3F6
ECEC
EF32
08D1
FCCE
0DA1
F778
193C
0654
074F
01FE
EEA6
0AFD
0F7A
01D7
FA7F
F491
FEEE
0D60
0B06
0FE8
F075
FFFB
1679
10A1
F267
0A4C
FB97
F60A
08B8
F61A
02DA
0A81
FDBA
0931
FA42
F4D6
095B
00FB
0C85
FCF5
ED7A
0839
FF4C
007A
0487
0796
0EAD
0A97
FBF8
F7C9
FE4A
0151
F830
FA19
09A5
0D32
0164
FCBD
F2D8
FF65
FE76
0DF7
FCE2
FBFF
07B0
1984
1574
09C6
0BFC
F2A4
013C
F9AB
00AC
00A2
007C
0041
0A37
04B3
020D
F9CC
028D
06F5
03F8
00AD
FB4B
07B5
0711
FEAB
0C00
0222
0566
F2E9
F468
FD3F
04BE
F634
F686
06A3
F098
00CF
FCCD
05C1
0794
FDE1
0124
07DD
0916
0F20
FEE4
014E
F844
FEB2
FB24
0AE9
0317
070C
FDFE
F4B3
0899
F837
FD6E
00A2
F192
0923
0A8A
060E
FA37
05AD
F99C
FEC9
0856
04EF
15BE
F664
FCE5
09E1
F5B3
FFE7
F4DB
0F40
0BFB
EB96
FE99
FD58
F6F2
0390
EB54
01D7
037D
F734
FA23
F72F
001C
FABB
0071
F3BE
013E
053B
02D4
F7AF
FD05
0482
0BCA
0783
037F
0183
0982
090C
0985
06A5
FE31
072C
06FE
07D0
0115
01B7
0093
0662
0052
112C
F7C7
09D6
1D0F
06B2
FBC7
0DE0
0150
E1B5
0BD3
0734
F29F
15ED
E206
0EB5
0A87
0CDB
0D76
F0A7
FD69
04D1
FF8E
0668
FD56
045F
0CAB
FFEF
02C4
F812
FC93
05A0
FDB0
FB23
F6BF
FEE8
0518
0129
FA82
FB24
0299
FEB9
FD0F
FB34
F8BF
0083
0A16
029B
09A3
FDBC
FCC6
1C72
F0C4
EFEC
0652
000C
10C8
F2C9
EC34
065D
078F
F325
FBF0
F0B0
F3FC
012E
1627
FE1E
F2DF
09D9
0829
FC67
FD79
FD09
F47D
FC97
F973
03E3
F7D6
0157
F907
FBA1
FFDD
FDF4
0BDE
0571
FED0
FFB2
FEFB
FC92
F8E0
08D8
0E16
0CDA
0341
02C7
F4DE
FEEF
0720
FF26
FC6B
0DE1
F77B
0ED7
17DB
037D
F2EB
159D
EB33
0045
FE2E
0194
FEFE
FE0F
ED86
F7D2
0D09
1E0A
1D8C
17C6
FD1E
F978
00EF
E086
FEB6
051D
022D
0C61
FB38
0C29
1532
00B4
02DC
F899
0207
0759
FF64
F645
FA35
066E
F6F6
16D6
00C3
00E5
030F
0211
ED50
0059
075F
0352
FF4F
EF41
FBF9
0F1B
08C9
FF16
F66C
FAE8
0649
F193
FC11
FB0E
023D
0367
FB41
F581
028F
185E
F5BB
0231
F60F
FF0E
EFC4
05E0
FE48
EFA0
0E94
FE49
FA00
F94A
FF27
FC5C
FD92
04CB
0B00
00D0
FBAB
00DB
02BB
0AFA
FD03
09BB
FE14
0841
FAB7
041B
0801
00F7
F9E8
F88D
0706
F0D8
110A
1539
F476
00FC
0838
08DA
008F
068B
F11D
FE7D
E892
09BD
FA4D
F277
0FFE
FC92
FA1C
EF24
08D8
F695
FA18
FFC8
0492
FEF8
F8F0
F7AB
FE5A
0757
FFE9
001D
F9C1
01FC
03D9
0455
058A
FC2F
021B
FB34
F9FB
09AF
1733
09F1
0100
0629
0F91
E9E1
F977
ED9F
FA4C
008C
019F
048F
FF6B
FAC4
FBAC
FB22
0F91
1209
0973
F26E
0E4E
1CC6
0F24
0824
FBCC
0998
01A2
080C
E6CB
095C
0883
0BA9
095F
EBD1
0206
0AF2
FB07
EF5D
076B
0A7D
0905
EE1A
1669
0B21
FBF8
1018
030F
069E
040D
FB4B
E55D
F494
F704
F169
025D
FE98
F634
FF00
0D38
FD40
F1C2
F52C
0C90
0492
00F3
F1FF
F9DC
0835
0D6D
06AF
0464
F646
FB98
F736
1851
08DB
19A2
04C2
04BD
E8AC
040C
F6DD
F8F8
0CF6
FED7
062D
FF9F
001D
04A4
F22D
FFF1
F4F8
0646
0323
F4F1
FEE5
FBED
FD5C
0B3B
FD2F
0433
FA4F
09B2
0BAC
FCAA
F7F7
F686
FD62
FFC1
1116
089D
F483
FC22
FFE2
0461
FCC7
07A2
FEAB
03C7
FD64
FEE2
0F4F
0B35
0157
F253
FAAA
FD98
0F19
FB4C
076B
06CA
F416
0F5D
0003
FEA3
F8F9
F919
FA9C
056D
0E26
0132
0405
06E3
16B0
0444
FF0D
0893
0472
F23C
02D7
0E58
FA58
0157
F842
F621
07C9
F7BD
065B
0804
0DD0
0A39
0158
020E
00B2
0410
0F76
0299
0B38
FD2F
F996
0253
F3DC
FC8B
EAFD
EA7F
F5D3
E94A
0150
FCD9
F7DB
045F
F03C
EE0B
F188
EFD4
0931
F2BB
F1AB
F080
D717
F9D2
0580
FAE8
ED43
0C6D
0142
01E7
0C04
EE07
0F0D
02DF
F5CC
FC17
0628
F321
0C31
08CE
F326
F854
F98B
FEF7
0B51
F767
FBED
FC34
F99D
FAC4
0095
00DC
0A9E
0044
0454
1154
0438
F94A
F25E
00E2
FD62
08DD
044A
0501
FE6C
0F5B
F84A
FEDA
FD0C
F178
FC85
05B0
059F
1821
0428
09F0
FD5B
0CA1
1F56
0262
0596
F7E6
DADA
F0FA
00ED
0326
FBCC
031A
FC63
F75B
0185
F2A1
EE66
0FA1
EB2B
0E17
1573
0F68
27C9
0F24
0B63
17CC
2103
1EB5
23DE
04D1
F757
EE6F
1642
0F39
1069
FB09
143F
0B7A
06BD
F7C1
FAB7
03E5
0B0E
0241
F84A
FA56
FFE7
09C8
FFFF
F362
F8D5
01EB
FC2B
FDC9
FC05
009D
F4EC
FB19
FDBB
020C
FCA4
00B0
0701
00C8
0247
FA53
039E
F7CF
06CB
0587
FE1D
FE94
00DC
08B4
024C
FDFE
06F8
F27D
0943
FDBB
F4B0
1428
F846
0964
F940
FAF1
F603
0236
FD9A
07EF
F2AE
029B
048E
FECA
01C3
005F
1785
0C61
07ED
0A7F
F367
0B96
16DE
02E0
FBAA
F2BB
0957
027D
034F
0143
F3A2
FA54
0F13
0381
02BA
FC3F
F106
0D50
01BC
020D
FE81
E92D
FE0F
FD2A
FEF6
FF8D
F133
00B7
07C0
06E7
FC3C
0062
06EA
0F77
0477
02F6
0844
B9CD
FEC4
0291
F14A
C459
DB63
1BE7
0363
F25A
ED1A
072B
FC7D
037C
FD08
DFBC
01DE
F1F2
0203
F2CE
E215
F431
FD0A
0B83
09B8
1744
ECA0
F8F0
0B55
FEC5
0CF8
F05F
0037
FD8C
01D7
006B
E1E9
F29D
EBE7
FE2C
0300
F886
FB56
FA89
0139
EE77
F1F4
F0F0
0B17
01AA
F113
04D2
04A3
FE16
033C
1154
FA2D
1674
12D3
042E
FA6D
0A39
0A7F
E980
02B5
0AA2
FCAB
0CBE
FC94
0F57
D6D3
0830
FEFE
FF45
0A06
0E79
0F6E
1284
0AB0
0525
008C
F6CC
F169
02E6
FF81
0092
F70F
F68D
02D1
FF91
FBFC
FAD8
04A3
065B
FFF6
0648
FA7F
FE9B
0916
00E7
FB95
FD13
FBF7
FF15
F8E9
FE50
F855
FA16
FCCC
FF5F
0133
FC6B
FC1E
FBE3
FDC3
0123
FFF4
FCE0
FE58
FDF4
0BD0
0647
05FA
029D
FF04
01C1
01A8
02A9
0663
0032
1280
059F
F802
FB45
FA90
0436
F6F6
FBA0
0A2F
02BD
00F6
FD92
FA7C
0E45
0197
0266
F080
F20E
0956
F980
0D52
0358
0B41
F9E6
FF31
F098
0CB4
0894
0213
FB4B
FDB9
091A
F2D6
07E6
08F4
FBB2
FDBB
F5F6
024B
F3B6
0CC6
FC0A
0A35
12F7
00DC
08F6
F321
05BD
E783
F6E7
03C7
071E
0FB3
01FE
06CE
F06F
EE54
1036
0485
EC13
0417
F80D
1321
05FD
0379
E250
E792
F38F
F71C
FF20
FE67
049F
F4A8
F3AC
F28B
053A
1A86
0615
EFB9
0102
E82B
F9F8
FE44
144F
18D1
F596
1499
0BA8
F72B
FFF2
15D0
06F9
020D
F1CB
F64C
EDC4
02D1
0283
01BB
FE9A
0F61
FD80
1125
01CF
EFF8
10FB
F9F0
F3D0
FE78
F6A6
101E
02ED
FB33
0751
003B
0EE6
FFCF
0382
03A9
F717
1006
F738
FD18
EBFA
0B91
FA46
F9BF
0D86
FF4E
F308
F9D0
DE93
E7A2
0A09
FC42
F44A
D443
E3B7
F0A5
F5E6
FE1F
E36E
08BC
ED06
F903
03C9
F6BE
0372
053C
F850
09B0
0CF3
0669
05AF
1831
FEDD
0CEA
0584
08EC
F8A0
FD03
E99C
00F6
FFC0
04CE
0638
F8DC
FEB5
FF39
F333
081C
0C45
F408
03E0
0ACE
075B
FAF2
1B13
12DF
FC11
F508
1001
1099
1411
054A
E32D
FF44
FE7F
FC60
013B
0153
FFC4
05CE
0CD1
FA31
F4F3
ED80
FCC2
0167
FF6E
F4EB
F90E
06C4
FCFE
FAE4
F443
06FD
0510
F729
01E1
F5FD
02B1
FFC4
FE90
1078
000E
0A0B
F9E7
FD12
01EB
11F9
029C
FBD1
0775
0ADE
08CB
FF50
028E
0359
F5AD
FDC8
FCE3
0A73
FF87
0983
0B55
F8B6
FBCD
F272
FF65
00FD
E987
FED3
FC74
0021
0716
FFEA
FBB1
F8FB
0F0C
0F5C
06DD
0829
10DE
FF5F
0F26
F44C
F606
E49B
FF3A
0DED
210C
EB00
C737
FECC
FC20
0CC1
ECDE
E7FA
EFB9
0C52
F472
F967
05F6
1810
F66B
F7C8
FB26
FDA7
00A3
1621
FE8F
0540
0729
100B
FAA4
03F5
09DF
FBF3
F84D
0106
F288
EF58
0CDC
03B4
12EA
0E71
F8B2
0229
FB77
041B
0C0C
FBC3
0DFD
1413
FCCB
0E7C
F16D
E9D4
FC45
0414
FE27
F9CA
F9B5
FEB1
0E46
0233
04F7
FA73
FC5E
FEA2
F9B5
F1E6
EF32
078F
F71B
F06A
F7F3
FFE2
020C
0208
0834
1539
05BD
172B
0A7A
FAFB
FF3B
F6B7
FD44
0449
F8A2
FE1D
F731
0670
F54B
F947
047C
FDED
0443
FDB6
0464
11CB
FC91
FD88
FB6D
FAAB
F84F
FB83
00DC
F96A
015F
FA7B
FE8E
FFAC
FC63
07C7
F6D9
FACD
F596
085E
FA88
012F
0387
FE21
F779
FA45
031B
0641
05EA
0AAB
0326
08C8
03D3
02A6
FF95
F4D8
FEED
F2D7
FA34
FB90
FD91
1528
0884
0104
F909
0593
052F
0623
05FA
00BA
0732
0A83
0A04
FBA3
F7C4
FACF
F6AF
F7AB
F87E
FEA6
0ACF
F4D4
F84D
015D
F9C6
0B4E
0060
00C0
018E
02F2
04B4
04EE
06BB
0140
0B22
04EA
F9E1
05C9
FA3C
04FA
0BA5
14B5
0B8E
002D
000E
FFAE
FA6A
0067
F4C0
EEED
F629
F46A
F9A4
F91E
F493
F839
0703
F156
1308
FC37
FACB
FDC2
FF4F
06FE
FFEA
0277
06C2
0E49
0D86
0122
035C
0157
FB5C
04BA
FDA1
0179
0827
0324
FFDC
015A
03DA
01A8
01FA
07BE
F714
013A
FFB9
02C4
02F3
FC38
FCBD
0553
0FBA
F5AB
04AA
F4BD
F738
FFDB
E769
0CCA
FB53
F991
0810
030D
0318
E697
FBA0
02BF
0840
F60E
0EAA
09C2
FFDC
0483
FDB5
F8B2
02A5
FECF
F7FD
FFCC
E1C5
EFBC
0417
055F
FB6E
F84F
0190
04E8
FB91
01E3
FA02
FC78
0560
051C
026D
F55B
F3FA
FBAA
09A3
FE52
0898
014F
0408
0393
0252
13B2
07A4
FF80
FE1E
FFCF
F4F5
F654
FF3D
0700
F5D5
FB48
046D
013B
F5F9
04AD
0337
FEFB
0692
001D
0441
FFB5
0053
017A
F92A
FC17
035C
0228
FDE4
F9E0
01D0
063E
03AF
0639
0485
008F
0450
FDA5
FD6D
FBC5
FEB7
FB22
F840
FDCD
F8EE
039D
0483
0076
0156
01CF
0145
04E0
02BE
0397
0184
FD7D
FD7F
01E2
FD77
0253
094A
FCA1
197A
F92D
1F83
FF5E
F3D8
1029
0525
FCDC
0045
1C8B
F4D6
0953
1FB3
EFA6
F99F
FF89
FE5A
FEB1
08C0
0536
040E
EEDF
FEAB
FE2C
F029
0075
1342
F8C6
FA7E
FF56
F849
F969
034D
F1B3
EDD5
04F1
0D4B
00BA
077F
095A
FCEF
FC0E
05BE
0426
0E42
F4DF
FF55
0EE0
F7A8
F77B
055A
01FA
FFE6
F3B3
F73B
0563
FF15
FC57
098D
FC7A
F917
FB57
FFD6
03C6
0B86
FB98
02F4
FF78
FB19
0A73
F56F
F527
0F0A
FF42
FD52
F91E
FC00
03B4
FD9A
FF29
0DB0
FD53
07FA
0B88
06F5
085D
F823
03C8
FEC3
FCE4
03D0
02A7
0193
FC45
F16B
FB86
0548
F87E
FD60
064E
0683
0A0E
FC49
00A4
FB6C
01ED
0312
FD9A
033B
F972
FA74
FF81
FB48
0A54
0567
FC9E
FFDA
FF3A
F8C2
F8D3
F4ED
FA3E
FE4D
FDAF
FF3B
FC2F
FA2B
0BC6
F86F
FEFD
FF85
0068
06FE
00FC
0F8E
052F
0378
007D
F82C
03F9
F7E3
FB68
FA90
08B0
08F3
FAC8
0426
0323
01BE
F599
F943
F4DF
F8B7
0012
069C
FBDF
F993
F2E5
0097
0052
06DC
FDF0
FD08
0C7B
05FB
0E08
FD26
0397
02D6
F34B
006B
0618
02BF
FBE7
DF75
F121
FD13
EDB7
04A1
0001
021A
04B0
F3DC
007E
02E2
F866
03B2
F84D
0017
0D2E
F9D3
1047
0392
1110
126A
12BE
0298
0E72
02A3
003A
0731
FDF8
011C
FFE6
0B43
F362
F574
0002
FD5F
0A83
01BC
F1B4
01C4
F854
F9C8
F43C
ECA3
02F1
FA1F
0D3A
116C
FECD
0D6E
0541
FEC7
0161
FCD7
0016
010E
FABC
005C
025A
06B3
FF93
03C9
0506
028C
00FC
0346
0141
FE38
FCCB
0084
FE98
022A
0431
0328
FCEC
FE04
0250
FCAA
FC5E
FD16
FFEB
07E3
0168
F899
FBEB
FB94
0D77
FFC4
10BA
F791
0454
08A8
00D6
0746
F956
F561
FDA0
FFEC
F98F
E988
00F1
0252
02B4
FCF9
FD4A
03E4
FD8D
FDBE
FBF2
FC5B
03B4
00B6
00AB
FC5B
FF84
01DE
FFB6
02C5
FC21
FFC3
FD2B
FEE0
FE84
032D
0880
FBFE
F341
FC47
F804
F83C
FE05
066F
06D6
01F2
0B1C
0243
0826
0512
038F
F067
0236
06D5
FAAA
0105
FB4F
FDEB
014C
F1F6
0B98
076D
FE04
06C4
0331
01DE
0786
FB54
004F
03C4
FF4D
FF4E
FD26
046E
01EE
024A
0468
FF0D
0269
012D
FDFD
00D2
F72E
F5F3
FDA6
F811
05AC
0422
F1BE
07B0
FAB8
FC2F
0E68
0347
0343
FAF2
05ED
F59F
E2B1
0F77
EECD
0539
020D
F7EE
1E6A
F4D0
04A2
FA86
FD05
05FC
EB5A
FFF2
02D4
FE65
023D
FA1E
0321
FE72
FB99
FB30
02A5
FFFB
F8D8
FBD6
05F2
0181
FC1B
0221
0367
0845
019B
FB08
FB91
FBD6
03EB
FCB8
FAD1
008B
0359
0170
FD90
00D4
0B6E
0C3A
0CB8
FF7E
0043
FC8E
FC2C
FE52
0360
034E
0363
0126
0412
FA75
FD18
096F
F318
FC50
FCE6
0608
F7AB
FEE0
FCC9
FFB4
01AA
F581
FC94
F6A7
F1E2
0111
0F21
0B36
FDFF
FBE0
09F2
01CC
0AE6
FD4A
F759
FFB2
FFAC
FC8F
FDAB
0C72
FC08
08E7
E7E5
07F9
EE22
FD58
060A
F0F6
0C18
0D51
0984
F062
F1B7
F49D
E5C6
F137
0241
02A4
EF1B
FAC0
0250
002A
0691
0C3C
0223
0497
FBC8
04AE
11AA
04E2
06C7
F440
0065
0CF6
050A
0275
FD2D
FAF3
FAD5
F9EE
F8A9
FB8B
FF3F
006B
0353
FC3D
0782
01CC
FC48
F6C3
FA11
FE54
FAC4
0332
FFBA
008A
03CF
096D
1042
04B6
03E5
00E0
F9AB
F991
F4B5
0376
0F25
0452
FE0F
0268
0275
FDEA
F8E2
F41A
FC46
FAFF
0207
1262
06EA
F6BE
FD85
F90A
13B5
0A32
FF13
FF0D
0A4D
0C18
026F
FA31
13DB
F6F4
F4ED
0589
F788
0213
F494
005E
07AF
1872
FA99
F24E
FD12
FA8C
FE49
FB2D
057D
FD98
0195
0425
10C0
1199
FA94
F9C1
02BC
0AF3
FC9E
FAEB
FF48
06C5
056C
EFAB
0289
F7D7
EB5B
DC54
005F
0343
065B
06E6
F937
FCEC
FD31
00AA
01BA
FF17
FEFD
0242
053B
FE8D
FD9E
01E5
0621
02AF
FED4
FB11
FE3E
0526
0213
042A
001E
F8B6
FDCB
05DD
03E2
03A3
FCB4
FD6A
0286
FB85
F3F7
027A
0353
FC99
FCE7
FC7C
0103
041E
0164
FF9C
F717
FE1F
00A4
01C7
0487
0026
FB94
0A31
FC46
084F
0D80
FB6C
FE6E
FC88
01B3
F921
FC62
04A0
0520
00ED
F4EC
02D1
0C64
FEC7
F310
F8D7
FDF0
F66B
099A
F70B
FECA
011D
09D7
00E1
0070
F83A
FF79
01E5
FFAF
0088
F99D
035A
F738
FCCF
052B
FDF2
0058
F74B
F891
FB17
F78A
00D1
05E2
0A89
0917
06CC
FDEA
05D1
0836
0521
048C
0398
FC2F
068E
00CA
FF34
FFF0
F9F4
055B
F7CC
FE97
02B0
FF3F
0B11
01A1
0660
0ABF
1205
0A32
F580
0E06
031F
FF2B
0376
F9E9
FF32
FDF7
FAAB
FA1C
FE05
09F8
F293
F56F
F280
F366
03E7
0830
FFED
FBDA
F7F4
0006
0356
0F13
0A72
0C35
0910
F453
0CFF
FA40
F677
F5C3
F3C1
FC34
EAFB
FE2A
063C
09AA
FB65
FF86
FF0F
069E
13B2
FD7E
F905
1266
0969
F371
0D51
E394
0114
F854
0215
EE4E
FDBD
F747
F680
F105
DEE5
F5C6
0989
0DA4
078F
0DE5
0E9F
087A
F731
F07A
FDBA
F36D
EF0E
FC53
0001
0BFF
18D9
0D26
FE86
0569
F754
F5C9
FBD3
F961
0151
020F
0132
FD51
FD09
FC3F
FF7A
00E3
FC2F
FE65
FD01
01CB
027C
FFAF
0311
00DA
08F2
03D0
0348
08F1
F627
F4AA
0D6B
F9F3
FE94
0A5A
098E
F8D6
F87A
0C0E
FA3A
FB19
051A
F062
0378
036F
ED98
0A0F
FFD8
F88A
0717
F8DC
0314
004B
025A
0840
0BAD
F877
F889
081F
F8BD
061A
FA9C
FA7A
0762
0297
0871
F678
0270
0CC3
FB9C
0C04
0EAB
06D1
01E5
FB00
FBDF
EF75
EEA5
FB6A
0345
0319
FFBC
FCE1
FD53
0261
FFDD
0215
FBBF
FFBD
FD51
FD61
F828
0248
0270
0258
0167
0605
04A1
FD42
FF57
0262
FE2D
FE72
00D5
E604
2137
C3E6
FD9D
0C7D
C811
DEE8
051F
0A88
066D
FEEE
FC15
E11A
F377
0440
F369
0174
FB30
F3EC
F4AE
0653
0BBF
0055
0035
0E8D
F1D8
089C
06FC
0DCA
F983
366D
F990
FB01
03BD
F306
F434
FA75
FF27
096E
FEA9
F442
1124
F92E
0BC8
01F5
CDFC
05B7
F95C
09E4
FC73
0049
FFF0
0500
12ED
0DF6
FFBD
01AA
FCD9
F639
F3E2
11C8
FB9E
EBE1
02DA
FA63
0640
E912
EC80
F2EA
CDA9
04AD
0D6A
1E65
0113
05F6
FB92
FAF4
F28A
F52B
F44D
04D6
07FF
FFD5
00AF
04AB
F7FD
0671
0715
0525
048A
F9B2
0B50
09C4
04FC
01DD
F546
022E
056A
FEE2
019D
02C1
FDE3
FF24
04DF
026C
01CF
FF0F
0345
049F
063D
FAFF
FEDC
FB86
FFBA
04BA
FE30
0151
FCDA
FD65
066D
0062
01C4
0016
FA30
FAE5
01DE
FF5B
0841
005E
FCB7
07F1
0B68
08E3
F8F9
08E3
FA6D
07F3
FA16
FA6E
F3A3
FA00
0B9C
FDCF
02EF
FD9F
F658
0630
F8A2
006D
011A
04A1
F80A
F803
FC5E
F1D6
09FF
0B50
00EC
0450
F300
0444
051A
F7E7
01CB
0A28
F845
F901
ED13
FE92
FF46
FC20
12BF
FBC3
11A6
F35D
FE1D
081A
0B62
026D
0ED2
F3C2
FB28
104F
2221
0C3C
FFA3
F711
0205
D75D
E6FB
FD95
F2D4
0149
F5FE
0D7B
10D6
0428
0CC8
0847
FEFA
FC04
FE26
FD4C
08B1
0819
FF2D
054F
EF62
F6EB
0156
077A
0865
FCC2
0219
FF96
0CB6
07CB
0441
0BFC
039E
FD71
008A
0006
FB16
DB83
FC86
F8DA
FE9C
084F
00C4
03D0
FB35
0191
04C4
00AA
0A8C
FCF0
0865
0050
0614
FD0D
FC53
032E
018D
FD58
058A
0373
0813
F923
F118
FB3E
02D3
01B7
12D8
0E63
030E
EEBB
F2F4
0263
EEE0
1147
F791
F7D5
E000
D250
09D2
FDAE
12DE
0726
2EF1
0506
FB09
1574
18DA
1052
04B5
FE68
F7A2
FE60
FB26
011A
0180
F622
FFB5
FCBB
FEED
05B9
FC17
FDED
0218
0624
0616
FE0B
060D
00B8
F879
05F5
FECF
06FC
FB04
FFFD
0884
FACA
076B
F6D3
F615
F8D0
F649
07AB
FE0E
FA58
07D7
0289
F22A
EB14
011B
03FE
FB6E
04D3
1367
0925
012A
FD4F
02CC
05B1
FB64
FEF1
0499
0455
FDFD
FB0A
FCE7
0234
07EB
073B
0D76
0BD5
1225
0A8C
089D
F6D2
FC6E
FF14
F61E
F37F
044B
01DB
042C
F252
F86E
000D
F85D
052F
FE3F
CEF9
03A7
020A
0F18
FE4D
E412
05AD
FC17
0BFF
0D4F
0417
FD9C
F1D0
F3A7
EC60
0793
0A99
F77F
11AD
1943
08A8
0151
0566
05D6
01DE
062E
F935
F3D9
04FD
FC73
FAAA
FBEF
F9DD
137C
F8AF
083A
F4A4
F1EB
04D0
D981
06DD
0583
01B2
0DFC
E722
0C1C
0C64
0AD3
FD4D
0E27
FEA6
022C
FA32
F9A6
0395
FD74
FAA0
F446
F74A
0630
F543
060F
FD5A
01FC
0B7F
F7F7
F88E
FEB7
F842
FEDD
0557
0743
1250
0445
F60A
FED4
00B3
FDC6
FF86
F548
004A
FA30
0814
FB2B
02A1
043D
F723
F23A
E8B7
0887
F8FE
1109
0805
F7A2
09EE
EA0C
0B04
0209
0067
F877
0970
FEB2
FF3A
0153
F811
03FC
FEF9
040D
01F5
F76D
FDE6
06E5
FEDE
FE23
FFAE
0B73
0308
FD1B
F76A
0519
0692
038A
025D
025D
FA7E
039D
F7ED
FD1D
FBD8
F0CA
01B4
FF77
FA3D
0A85
FC81
0ACB
ED69
0241
FF9E
FF73
09CB
F08A
05CF
0870
F3E5
FC09
F572
FE13
05E3
0278
F26B
FE29
FCC7
0942
0483
FA8A
0203
FFCC
0037
0015
EFC4
01A7
01E5
FFA0
0A2E
FDD6
FBA7
037D
01D6
FD8C
0210
F791
FFAC
FAAF
FE6F
033A
025C
02E5
050E
FA48
FFD4
00B5
0154
066E
0921
FAE4
0657
0640
0407
02CE
FF53
0290
006A
054E
FD1F
03DD
F58B
FD6D
FD3B
FD28
08A3
020E
F4F6
01F5
05A7
0777
0BF2
009E
FB4E
06CF
085C
02EF
F888
0503
0621
FFB7
FB2F
007B
F744
09F2
F93D
045D
0200
FDAE
F7BE
F8B0
0688
FA24
FA84
FAD1
F027
FE42
013A
0593
FC66
F866
0182
FF7F
00F4
FFDD
0704
00E1
FA1D
F6FE
F810
01B0
0457
FB3A
FF63
0D6B
0108
0704
F427
F9AD
FEA2
0F0F
0403
03B1
FFAB
FBE5
03A9
FFEE
010D
FDA7
FAED
F9BF
062B
F84E
FDCE
FD2F
0915
029D
F9E2
FB7F
0B46
008F
09DB
F85B
FCD2
0B67
FBC8
0236
01A0
FB98
FFCB
F663
F300
FF10
F619
0144
0AD8
E79C
02A5
F7A2
FAE8
0004
0295
07E4
059A
FE96
0814
F8F0
065E
FF0E
FD55
0552
F8EE
012C
05CA
018A
FE33
0FEF
09E4
03CD
0069
0035
04F2
0B2A
F105
FDD3
00AC
FD3B
FE98
018B
0274
07D0
FFBE
03F9
FD24
0493
0055
0497
01FB
FD4C
FDED
FBDA
05E6
07D7
030F
0351
FE39
093C
FF7A
FEA1
0452
F825
FD2B
0009
018D
FE18
FDA4
FDD7
FD41
064B
01EF
0233
0570
0584
0634
05FC
0465
025A
0549
08EF
0454
032C
036B
FF42
0362
02A6
0119
EDCE
0A47
E9A7
F2FE
0AFE
F753
EFAA
0130
F50B
0E2D
0D15
EC52
F087
F5EC
1641
0E4B
01A0
0464
F3F8
0646
03BA
1744
0617
F452
EE58
08C8
0795
0CEE
F1C3
EDB2
F4FF
F5EA
F353
FF03
004C
FEA9
FE2F
F4D8
F444
F3FC
02BC
FAA3
0901
0C0E
01AF
F502
0008
08C1
116A
106C
0240
FBC7
FC6E
F735
00DF
03DD
FD3B
FDC0
FD20
01A5
FF7D
FD84
0776
0168
F944
07AF
FFB1
FA8E
0331
F26D
FA72
F8B6
012B
08B3
EB57
FDBD
F9FA
F84B
024D
FDF5
FD2E
FD9F
FD98
0370
F940
F6AB
0699
FAC9
FE0C
FB18
005A
0380
014E
012D
FF77
07E1
00DC
0703
FE05
F9CD
012B
F797
0548
01D9
01B4
FEB4
029A
02B9
0593
FA2B
0113
FB46
040B
04EF
FD35
0460
FBFF
001A
08EF
0202
FFF2
05D2
F9EE
090C
FEA6
FA76
FB7B
0434
FE50
F7EC
0377
FB69
0304
FBB5
070B
FF0A
FD80
F858
FEDD
01C3
FD98
F69F
FBB4
FC95
FEB9
053E
FFE6
FF3D
FF55
05E3
0359
EE74
02CF
FB29
01F8
0D74
FE27
F99C
FF3D
FFBB
0CE9
F439
EF10
FB56
F789
0936
FDDE
F696
FFD6
FCAA
FECB
0ACF
062C
0119
0A00
FE4D
FA61
0243
EAC5
F494
F8D0
0806
05DA
F5CF
F440
FE86
052F
0C95
099C
FEB1
F8A3
E95E
EF7B
F88C
F4FF
06CB
0415
01FE
0126
F686
FB89
F893
FDE0
FDE8
FA5C
FD82
007D
FF9F
032E
FFD1
FC6C
F677
FE10
FC7C
0394
0A21
00F6
FFB5
FEAD
06C8
FDE6
FE84
00E2
0106
FEFE
00BE
06DC
05D1
00EC
FE9E
01EA
0399
010E
FD02
FEDB
FE3F
06D9
0073
0461
FE62
0268
026E
FEB4
01A1
FFB3
FD22
FEC4
023A
016A
FC3A
FCA5
FB83
00D8
FBA1
F38C
EC3D
FD57
08A9
0635
FDF0
F9C2
FD34
01CE
F42F
FF76
FA3F
FC6A
0C84
0654
F8B3
0617
FEF4
F823
0134
08EF
0246
01C1
033C
0041
FDA7
FFE8
0352
0436
FEB8
FF8C
FF8D
0268
0303
05D8
00F7
02E3
00E2
023A
04A9
044E
01CF
005C
FD71
03E2
042F
FCCF
F341
F770
FCEC
00D5
06F4
FC30
032D
FA37
075E
0823
FEA2
0323
F6A6
0179
0504
02BF
FFF6
0351
FF07
FD0C
07AA
FE94
0003
FA85
FA9D
0734
FD3F
FEC5
FF5C
FCB7
0409
FF28
F971
0374
002B
0156
00B1
0131
FFE9
F8D0
F897
FE9B
01BC
F773
FBF1
F936
F5C6
FEA3
0448
0BE3
02D0
F9D8
0797
F843
EDCA
0881
02E8
0887
EDB6
FA74
0C5D
0FBD
05D3
03E1
FD80
FB3D
F9E3
0301
02AC
F2F7
F289
FED7
FD5C
F04E
F70F
05A1
01EC
FBB4
03FC
FCAE
FB70
FEA3
0156
FE41
0664
016D
009D
0611
FFB7
0071
00D6
022E
FFE7
FCD6
002E
05F1
FCA4
FCFC
FBE7
F8FB
FE4B
F5F3
F9BE
022E
FDD2
03F8
069D
FB63
FE48
04FC
0081
FD58
F738
0633
08A7
F930
F99D
F6B5
0896
0DB7
0DCC
0566
FBB9
03FD
FC3D
0114
FE73
FF4B
0DC8
0B12
0D6E
FE81
FACE
05D7
073D
021A
F88F
F911
03B4
00C5
FC42
01B4
0309
071E
FB60
F5C8
FDB6
FC8B
02D5
F2B2
EBD6
F31A
FBD2
0106
079B
F62E
F8FA
F33A
0F42
FD2E
F8DA
0470
00B7
0E25
0455
FDA0
02B4
0B6E
E844
F4F5
0980
00C0
FA46
E85B
072E
00F9
FC57
F3C8
F819
0A2F
047F
FC1A
F924
F559
09D1
0365
008E
0314
03AA
03CA
0408
FA56
FB5B
FAFA
FDF6
0A1E
FE7F
00C5
0017
0046
015A
FF71
F935
FE7C
FBFA
08CA
05AE
0119
FD3C
FD85
FB44
FC5F
012A
FD0A
0266
0318
FD30
FE5C
0095
FB5B
0477
0666
F5D7
FE52
FACE
FAEB
0049
046B
00AF
FC9E
0363
0577
0151
FA7B
0068
013E
FE47
F95C
023A
F4AD
F56B
FD03
0549
FA0B
F2B8
F630
F9DB
FB52
FFC7
0470
013C
0B3B
01E4
020E
FB40
F5C6
05E9
0528
0767
0B3D
F7D7
0B26
05AB
FE0A
F9D0
05BC
021E
EC8C
F308
F81B
E84B
F117
F325
F7F6
0194
FA43
066A
FC6E
003B
0018
FFD6
0541
0299
F7D1
0053
00B6
004A
02D3
0078
0063
FF6F
FDEA
F8BE
FEB6
024B
0539
003E
F4BB
025C
FD45
016C
0743
FC86
03B4
F798
FBC2
0462
FE88
051D
F8BF
038E
0277
0441
0592
004A
FF55
01BA
0411
0166
00E6
F9E7
FB71
0187
FB0C
F639
11D6
F4DA
F904
F073
006E
0EF5
061E
FE49
EF35
01FD
FC0B
037B
06F1
04B6
059A
F611
0019
05B0
0BF1
04E5
F780
0818
0395
F156
FD88
F8A3
032E
05C9
0535
0A73
04DD
0030
037E
FB85
0359
FEDE
FB36
FFD0
FE5F
0D65
FF05
FEB5
0762
FF4B
026A
026C
FC85
06C5
FC33
F9B9
FA8E
0887
0511
FA3D
05DE
FCDF
02C7
F5C7
05EC
0178
016C
FF00
FC0F
038E
0453
F5C2
F48E
FEFD
078F
F206
EDDB
DB32
F0CD
EF2D
07AC
0162
02C1
0205
0590
FD27
F812
04A3
01D7
0065
0840
00F0
028F
FFFE
02FC
F7F5
FEC4
012C
0776
FD8D
F740
FADA
08C7
05AD
FA77
0B1B
25BB
124F
033D
F670
EE92
05E7
18F2
12F6
0A97
0CF2
FD87
FE15
F20D
FF71
FECA
00CE
0B56
0506
0136
076D
0300
1017
F55B
09B6
F13A
07B0
0C63
E2BC
F03E
119E
0A97
FC81
02E1
0E77
FBEB
009B
FDDC
FA07
054F
030A
F982
F99E
1019
07DB
0584
00E6
FC6F
0D82
1014
FDDD
00A8
FC4A
FF79
FDD9
FDAE
FFF1
0528
FF43
FBE5
FE0B
FF16
FDF1
031E
FF1B
024B
FF4B
FFF1
04DB
044A
0185
0560
02D2
FFBD
0365
F413
09DB
FC5B
0138
02DC
0F73
0B09
FDC4
FA3E
FB71
0C66
016A
FC92
013E
0888
035E
F659
FA48
0347
0B65
0AAD
FD5A
05F5
FCE4
109D
FF15
096F
F972
F56D
02A0
F57C
0873
06EB
FA65
F279
FEAC
FF68
FE5C
09DA
FFD4
FB4D
0061
01A0
05C1
FBF2
01AC
05FA
FCF1
FAC5
018C
0060
FD25
FE9C
FE76
025F
FADC
0166
00A0
033D
0503
005B
FD4F
02BC
0019
FED3
0670
0269
FB19
FDB0
FC63
FED5
FEDF
FFD1
0045
FB62
F95A
06CE
0447
F2DC
04C4
FAA6
F5A4
049D
FB07
0050
F3E5
FE36
0991
0A46
0653
FDBB
F91C
10AE
02AE
FE9B
F6DC
F93D
FB25
00C5
FD36
FAD0
09CC
FFCE
0D4A
FF08
FE99
099A
09EB
04F4
026F
00D0
028E
05CB
F9AD
033D
01F4
FD5E
0774
F563
0302
0304
FFCA
0CE9
F02E
F46E
F87D
FCAF
FD5C
F761
F290
F6F9
016D
0AF4
0BD1
02BB
F1B3
FD8B
0984
081E
FE78
06EF
F26F
FD3F
028A
FB3D
F022
F743
0C47
F3CC
0D16
F73F
0267
056A
02C4
020D
0466
0332
FF1F
FBF5
014C
08A4
0794
0451
040D
0545
FEEB
FB27
F894
009F
010B
FF9A
F3CF
F46D
FF08
F9D0
05A9
0421
032B
0033
07C8
0516
02CD
02BF
0144
08BA
044A
04BE
0105
FC13
05BD
032C
05B0
04E0
FF46
0351
FD60
FEEB
08A3
002F
FDDE
FFB5
0A27
0563
0499
FE19
FF0C
F9A7
05D8
0038
FC27
013C
FB3B
0A21
05D7
FCF3
FA6F
F905
0A22
0972
001D
F89A
FB9D
00F2
F941
F773
F140
02EF
0439
0189
058A
0382
F9AD
099F
F6F2
0008
02AE
FFE7
0E22
F7CA
0651
067F
0A64
0774
FFAC
096D
F9EF
F9B6
01E0
1014
FB06
F416
FF0E
FD92
F571
04A8
F675
02E0
0735
FFC8
0A55
FC06
FE32
FC70
0A2B
07CC
060F
0445
0164
FD13
004A
F49B
0319
F7BF
FF03
FC7A
0995
0594
FD50
0464
FF3C
FE89
0497
FB40
FCD0
0291
FE91
02DE
FE19
FE75
0804
05F3
004A
0599
FE8B
006C
04D6
04F0
0641
FC71
0258
0000
FFA5
FEC4
FD89
F8D8
FEA2
0289
00CC
FE5D
059D
016A
F85E
FF46
00AD
FE90
0407
0168
0B96
0007
0078
0747
F755
FDD9
085E
FFBF
F157
0432
08DE
056F
2219
F61A
07B1
07C1
EFE3
1566
FC33
009E
081D
F32A
F781
F951
09ED
011C
F072
E5BE
FF5A
0BAC
F616
FA7C
EE98
01A7
FBC7
FC33
FC53
FED8
F497
F67C
FEF6
FC7F
0043
F76A
01A8
0110
FE94
0146
F8E5
F90B
03D4
F82D
FA97
FDF4
FAB7
0224
FE15
FCB1
F64E
FEF9
FC91
F9F4
FA10
F9E0
F8BA
005D
F519
F35D
F987
0457
0033
F591
F8B8
0351
066D
0086
FBD0
F894
02BC
F6C3
019E
0635
F9AD
FDA8
FE94
048F
07D6
FD7C
FE65
06DD
016E
FB4B
018B
FEC6
03CA
FA6D
FA3D
FA6A
049D
FCB3
FF61
023D
0097
0CD0
FA52
0292
FBCB
FF03
0C92
FDEC
F715
F441
FC87
ED49
091F
0207
05ED
01D2
E52A
EFE3
00C6
16BA
06D4
F53B
03FD
1616
1A8E
01FE
058C
0946
FF9E
0AFA
057B
EBAB
074C
E131
0168
055B
F62D
0AAE
FA8B
0654
FE9D
F6D2
EFC5
09AB
0CBC
FA38
F8B0
EEA5
028D
FB7A
09DD
FA14
E150
FEC1
EE1D
F912
082D
F54F
0015
F90E
0A23
0DCA
03A7
0094
01B5
032E
0B40
070C
0377
07AF
F61D
FDA2
FD0A
06D2
04B6
0439
05A2
FF9D
FF21
0234
FFA4
F680
0506
03CB
F819
0072
F09C
05EB
074E
F9EF
FC7E
F822
0C03
0434
06A0
04CF
F991
FD58
FDE1
FDF5
037D
FD3D
04E1
0803
FC08
0267
F9D3
0174
01F1
023E
FE98
0545
000B
0BFD
0563
FE12
FCFC
04F6
174C
FD48
F876
F66C
0130
08BE
F8B3
F9A4
006B
05AA
0FC8
0012
011F
FC6A
FD5C
0847
FBB9
0861
0269
FBC5
F844
FC20
FA1F
FDE0
018E
FC7C
F510
0356
FADD
F2B2
FEB5
EFA8
0001
05D4
046C
1264
0AC8
0791
016B
000E
FF8F
009B
031B
F9C2
FA71
01D6
04B7
F9CA
F222
FAAC
08C0
F941
F3C0
FEEC
FDBF
08BA
0552
EA70
003E
0614
F87A
036C
FBEA
F4F5
F626
1BB8
FCE1
055B
FAD0
FFEE
0E45
FE1A
FEDF
0360
F4A0
0071
FEE4
F4D0
0EEB
FDFF
F86E
0475
06EF
0843
FB84
F873
FF91
FD14
07C8
07A2
00D1
01D4
F8EA
0B81
FD03
F49E
FF7A
FE91
0841
FD75
038E
00D5
FCCA
0D03
FBD3
FF70
04BE
00BA
039D
02B4
09D3
FEBF
FA3D
0179
FE6D
FDDB
FE41
FB58
F5CA
03D9
01F5
FDF5
FB5D
0324
FDCC
0563
FB49
FAA1
0807
F44B
04AB
F0A2
0559
04F6
F641
0348
FD39
F522
0218
F14E
F38B
F957
FCE7
0B6C
057E
FACD
04DD
F7C4
0567
FE1D
0545
0C7A
03C2
0AF3
F6B3
FE47
FF06
0074
0CAE
FCFA
F561
02AD
F7FB
F47D
F9C4
FE0E
09D5
FB9B
FA80
FAD0
E74E
F4F2
F93F
FEDA
1933
F74C
EFDC
0B52
F1C8
1330
FC36
0347
F751
EE16
0107
E5E7
0A6B
00DE
FBF3
F44B
0F2B
0E6A
FC63
EE5D
F06A
0B33
0F6B
FBBE
FE89
F531
05AD
0F17
043C
0197
0357
0960
FCC2
085A
0417
F9FA
0430
0A0C
0D67
F737
027D
0DB3
006A
F750
F839
07D8
021B
FD95
FAAF
FA07
042E
0498
FE95
056A
F8E2
FCCB
02A8
FD76
0297
FDC1
F782
FFEB
F7F0
020C
FFAF
F383
FE16
FBE3
FC8E
04A4
FC8E
051F
F544
F556
0313
035F
15FF
FFC9
FBF8
F886
FA3D
0850
FAE9
F69F
F8DA
FB89
FF10
FB26
FCC1
0FC0
0FA8
05F5
0B28
F028
1154
0CFB
09C8
06AF
FA81
0122
1F5A
0B37
EC98
1D47
009B
FD82
20D5
FDE7
0295
02A0
F0E2
02C6
FF13
04C0
F249
EE3A
0D32
12EB
0A86
FE8E
E5CC
F973
F8BA
09D3
0ADA
FF6A
FEF8
FDA9
0232
1105
FE89
08F7
F223
167E
0D92
F5FC
009E
FAEE
FF37
0A21
07DF
F510
FE40
0290
037C
024D
EA5F
05B4
0830
FCE3
1598
FDE7
F3BB
0060
F37F
0906
0825
FE31
063E
FAA3
F7BE
FE6F
03A6
0CF4
FA0C
0471
0198
F287
FC58
F4F5
FEAF
0C0D
0A8F
F859
FF23
FFD7
FCF3
0F0F
F74F
FA3C
010A
FA4D
0115
F596
FCA7
FF7E
090A
FBDD
F09F
02FB
0C7C
FD5C
05DB
1000
055C
09D0
FFA7
F388
07AB
F685
0445
0EE8
FE68
F965
FED1
0574
0878
FC5C
FE7A
01AD
0967
08BE
00CB
0667
FDFF
0119
02D9
016C
FFC5
FC94
049A
00AB
04CC
FCC3
0265
04CE
00FB
007B
00CA
029F
FF13
F8C2
F682
FFC2
097C
F8F3
FB6D
F7C5
0B43
04B5
0007
0845
0E3A
FDE6
11F4
F6CC
0F07
0F6F
0B4C
059A
044E
0A8B
FAC3
0B48
147C
0AB9
10EE
03CA
00A1
034F
0A64
FB85
0613
1280
07F4
0130
007A
F3A3
11D3
02B3
F5F8
12E2
037F
024C
FECD
F91A
08EF
FDF1
1911
07A5
F66B
02C7
FD04
F908
EF02
027E
0B22
102B
FDBB
FADF
FF3D
FF73
04B6
FC03
085A
076A
F67B
FF68
025F
FB42
FD84
0349
FC05
FB22
04AE
EE6D
00D8
FE11
FC41
08EA
F01D
FEA6
019C
0737
02F7
0453
012D
0278
FC77
00A6
057F
0136
F750
F6F7
040E
0FEF
06A9
F3C0
FCED
0468
0AFA
05EE
FCDA
FE1B
FA82
0112
0819
FA3C
0116
F921
0F04
F983
06D4
019D
F085
1614
FAD9
ED58
0223
F451
21A5
0698
EEE6
1B45
EFD3
1897
0826
F963
0E51
003C
04BC
F1AB
0498
041E
0499
FFA1
01C0
05AD
00D5
0498
FCE2
FD48
0644
FB8C
FDF3
F7F5
FCE8
FE11
FB91
FDCC
F9E0
0431
FF1E
FADB
FC36
F341
0385
0C27
FA2D
FB17
F85E
0212
0ADC
FE1F
FBB2
F7F7
FA7E
096B
FDC2
FDA0
0234
0493
04F3
F04E
FB81
F8CA
074C
0510
EFFD
FE88
FD3A
01DD
0B3C
024B
015D
0964
00E1
F3EE
F1AF
045B
0AFF
0114
F90E
FD5A
007B
019D
FF32
032A
0668
0307
FD41
FA9F
FF8F
057B
0037
FDF5
FDD4
FD88
06D1
F354
021F
116D
FF30
08C8
00EB
FD50
FC66
05B8
0819
FCD2
0496
F900
0345
F390
FDCC
EF84
0D95
F276
FCE8
F7B2
EDA3
10F6
E82D
150E
0B83
044D
F683
FEC6
F501
0E28
F393
F9DC
01EF
029E
0CB2
F348
F682
FEF8
053A
071B
FD09
FBBD
00E9
FB8B
018D
FCA6
0285
FDF8
03B1
FAB0
FA0A
FDD6
EFD6
03A3
FFF0
FCE7
00EF
EBBA
0D71
02C4
F8C6
FB26
F4D7
03A0
0CF7
FE21
0491
F61C
FCBC
00A5
FC07
07F1
F64C
EEB0
11DF
0780
05E9
FE9C
F8D5
FAEA
FC15
021A
F987
01AE
FF8E
FE86
03C8
F254
07E7
06D9
07E6
0A0C
FB47
00DD
0102
FEA4
0716
FC39
F28F
0279
0F63
F674
0F77
0B1F
0395
09EA
EE81
11CF
03A4
0854
1549
080A
FEDE
1722
FEFB
04B0
0937
0278
2463
0150
0A9C
F6B3
0872
0941
F6BB
F383
F2B5
F960
F0B1
1001
F9C9
008F
0326
F1EC
FF23
F0FC
FF52
038E
F748
05D7
F6B0
0057
062F
FE0E
09AB
F410
00D7
0472
FE53
0A6D
024F
FA55
0456
F522
014A
030E
0912
FAA8
F557
FD6F
FA70
0785
07F8
F523
FE90
FBB8
01C0
072E
FEFA
0A28
F710
FDDB
0AD8
0480
108C
ECA0
F8E6
0BF3
F819
F4D4
F590
0323
FF54
F5D4
F451
FC8D
10A0
04C2
F16F
F4DF
01C9
1635
FE56
F87B
F518
03D7
F2D8
F74F
06EB
F5D8
FCC0
090F
058D
F657
FFDB
0B1B
0C84
EAF3
FA16
0475
1492
23B2
036C
F95D
0B18
0DCB
083C
082D
0EED
F686
18C7
096A
EE52
EECF
07AD
0991
0029
F94F
FFFD
FCB7
F5DD
F90E
01CC
FE1A
0983
FE2A
F87D
0A60
038A
0187
0499
FD5C
05F5
F7F7
05FE
FCB2
F392
05D5
02A0
F85C
FF8A
04EE
0851
0405
0080
08CC
0865
FEBA
01CF
FF96
08ED
0429
F7B7
FF31
07D6
FF49
F982
F780
032C
F464
F6C7
F9D2
0098
0E1F
F3E6
FC39
F7DB
0033
E3AF
0AA5
0769
F2E7
0312
EF35
F749
0226
FEB2
0D30
F42E
0A28
FBB0
0199
FD93
FA1F
FC44
F5E2
0521
059B
F79B
08E0
07CB
F809
05CB
FD93
FC43
F74C
F47D
03D5
FA8B
FED1
01EE
04BD
0043
FEA1
018F
01BC
FC4B
FAE7
FC68
F26D
F82B
0D18
FCA7
FB78
0318
F37C
FEA7
FBF8
0098
0C8C
F29F
EA04
0020
08E0
004B
FC35
E9EB
0313
0955
FB35
0399
0220
F7EC
F80B
1160
11F5
F315
EA49
052F
07A3
FEC9
F7DE
009F
FD82
05C1
0BA7
0546
FB0E
043D
0342
F8D3
FE9F
F8D9
FE88
FF38
F7BA
FFE7
FC9F
FE91
F8EA
FAE4
0168
FF5F
FE65
FE3F
EB58
045A
1A2C
0615
16C5
F58D
FD85
FD5D
09C8
F331
F406
1B93
F911
F355
F756
DDA1
0B02
FC07
EF35
091D
F4F6
F075
F564
1306
F794
0FB3
0AAC
FE8A
FB7C
0C2F
1075
FB4C
067D
0DA8
09F8
166E
0E39
06BA
FF8F
03BF
0CEE
0DEF
02BB
F0C3
04C5
F42D
F579
FCAD
E4E5
0078
F9D4
F5E8
015F
FBFC
FEF8
F1BD
FD36
060C
FEED
FC76
F8D8
0D4F
01FB
FBAA
F6D5
02DA
15DE
0338
F79E
FCE8
095F
0ABC
04AE
FC09
08B2
01F2
01DE
06B7
0487
04A5
0A6E
01EE
FA38
0036
FF87
0CD2
02FD
F54F
067A
ECCA
009E
05B7
F404
011A
F560
08BD
FD0A
F484
0247
FC1F
ED68
FFE3
0F59
0574
FC92
F295
0160
08DD
0256
FFE6
02B2
0BB5
05F8
00D3
F74D
030B
08C0
0AED
02F7
F19D
0A33
035A
0459
F091
0789
FFE3
FCEE
0688
0235
1520
03C7
F2A6
FCBF
F9BD
FEA8
0DFE
01D7
004D
FFF7
F553
0752
02F3
03E3
FBDC
F21C
EEE8
FFA5
0295
EFAF
DDB3
0B4F
0B1E
F4D4
1B79
0F6F
06EC
1631
FB98
11AB
108D
1678
0461
07F4
0F8A
0003
00AC
F0E7
183D
0CD9
075F
00CA
07D4
04AA
0254
075C
FDB3
0C1E
01F4
F404
FA97
0340
1190
FE22
FC36
FA24
04CA
1905
FC03
F88E
0104
00E1
0DBB
FD5A
FD9F
0DD0
FF93
FF76
01B1
FAE4
0362
0517
04C4
0459
F8F3
E9AD
FE69
FEE3
03A1
FDD9
0071
EF02
0245
0C7E
15C9
19B7
0516
DE01
FBC2
01D6
0C48
FCD6
F4C8
0B90
0AED
FC14
FB3B
025C
FCC6
FF8E
050C
FAC0
FE26
FCBA
03C4
073E
018C
09B1
02A7
0A4E
0403
0E76
0902
01A4
FDB2
F982
0236
04A6
076A
FC36
04A4
0E9E
0E07
FC04
F274
FAED
0498
0A11
04AE
FD0A
FC38
FB12
074A
04A0
035A
0089
F750
0106
0776
0654
FE6E
FC15
FF22
FB9C
099A
F831
F40D
0791
1392
002A
030D
FA6A
0DB2
046D
F889
00BF
FF1C
12E1
0B51
F7A8
F871
0238
0ABD
0340
F822
F83E
098C
FE1C
ECD3
FADF
F7F1
FF75
0949
01FB
0125
07D9
FD15
0168
0624
0481
0B9B
0525
106F
025B
E8FC
F2E1
F442
0B30
0F02
F06B
022D
011A
F86B
13B3
025C
FFF0
FFDB
0655
FEAA
FAD2
FED0
0160
03FE
F90D
F516
0094
063F
0DBF
02A3
F30D
03F0
07DA
FB18
02A0
FAFA
FD33
00F9
0175
FBEB
FB46
0C07
014F
FFED
0284
0306
061B
FC1A
0C5F
0193
09DB
FE42
FE89
1146
FC5B
0508
F4E8
FBEF
046D
FF12
06B6
FD27
F5C2
FB38
109B
FD4A
0EF3
011A
F55F
0327
FF06
0685
0615
014B
F813
0767
F10D
008F
0348
0205
02A6
F66B
002E
FDE2
F832
FB37
0A44
F51D
0124
0B8A
FCAF
0266
F3F9
080F
F27E
E7EB
FEE2
F2A1
0E22
F201
0210
ED0C
03B0
0D45
E9E5
1C3C
F8D5
08F1
FF73
E9AD
F990
FECA
0078
094F
F5EF
F5B6
0594
0BF7
F381
F6C7
0DE2
0251
066D
F321
F9D8
05BF
0A29
0AD4
FEB0
F82B
07A4
0B4D
0067
0478
F86E
02B3
184B
FA21
F984
0915
00C1
0962
0C71
EEB0
029A
F2FF
F4E5
04D4
FF7D
0CA9
FF7E
0703
0B09
F531
FDA0
0A35
FE2A
11DC
00E8
E9B6
FD0C
FF5D
0916
016B
FBAA
F22D
0063
02A7
0035
0244
0EE6
04FF
0DA0
FBA8
FAE7
FD69
1944
03F7
05EB
FEF0
06AB
0080
F8D9
FDD8
FC6A
0476
F7F0
F905
0E8A
FD6B
F8CB
11C2
0A33
DD72
FB16
0B8A
FFBF
005D
EEBA
FE01
FEFA
14F0
0DD7
03D7
0782
0AEA
0040
0717
0339
037E
0CD4
EFCA
12CB
019A
1452
F766
02B5
0151
051C
0D3A
0A35
07FE
FB9D
F7FB
FFBF
FF44
091E
F3FE
10C9
0423
FB65
0EB4
EAB1
1E2F
11C1
FEC1
0AAA
F732
05E1
E652
F9BD
FCC6
EE6E
F76F
071A
076C
025E
019B
F7AC
023C
0C8C
108F
05BA
F9EB
F9C1
0415
0B76
06D7
0374
FE31
00F1
FA76
0BB3
FE80
0977
0767
FBE9
FEED
FF54
1043
FF95
05AF
FAA9
FF0B
0B57
0E1A
FE30
FAD5
0625
01CC
0837
F663
073D
F91E
0488
0ECA
F106
F8AC
FAD5
0AA8
03B5
FFDA
FEC2
FA77
1014
090A
073C
0B12
0C8D
F61E
058A
0BB7
F88D
F048
FE07
F239
F3F1
F2AB
F5D2
FBEF
020E
F281
0E09
01C5
FBB8
0314
13F4
0DB3
FF5D
FBE6
11EC
F900
F8F0
F8CA
EE04
05B4
FEEE
EF00
06F8
00F0
09F3
06E4
F5E9
FF6E
FE1E
EC43
FC59
F7E5
0130
FD58
0C7F
060C
F6B5
FB75
F7FD
F9E2
0D0D
FD9C
004A
0233
0F2A
0820
F612
0777
0BCB
0342
0307
0641
F2F9
F5F8
0F72
F1C5
F7CC
0582
F4C1
FEC4
FDAC
07C1
1319
FA82
F8AA
FFF3
F151
ED00
0263
04E4
011F
FAA0
F197
F89B
F5E3
01E6
00A8
168E
07F3
01EF
05A9
02D7
05AB
FEBD
F950
F9D0
066B
F980
F3B7
F849
0BB9
FA0F
0A83
04D5
FC2E
F4A6
FFE6
0407
FC5C
EE40
036A
075E
FC4B
FB6D
FA3E
032C
F329
018E
FD7A
F887
F841
03C9
0FB4
076D
EA7B
F7FA
0829
0253
0FC0
1388
FE36
F12F
0331
FC43
05FC
0AD7
0C0B
FE8E
FED7
1A25
F5FC
0AE7
F856
04A0
F35B
FF2B
E681
F9ED
0C11
1115
0A2C
0245
FE83
02D4
EE30
FD08
0244
046C
02A6
F566
0199
06DD
06E7
FCE7
FFE7
0170
F891
FB70
0630
031D
0645
F01B
E294
FF4F
ED0B
046C
11C6
1FB6
F6DE
1BD5
F2AA
F3A6
1887
0376
F30B
FF4F
E5C1
EE85
0D34
08E0
05B5
006A
051B
F4CA
EE67
FFB7
F9F1
0403
0BF8
1428
F748
0837
F2CE
F7F6
071E
08DA
FF1C
FE05
FF07
046D
040E
F07B
EF61
0046
0693
F7FE
F910
F27C
FE47
FBE1
FE54
05C6
FF64
F9E3
FE3D
F8C9
F923
F570
F2D9
032D
048F
0155
0AF7
1626
1B2A
01E5
022A
028C
07C8
0A35
F2D4
F660
ECC7
F7EF
E554
0A57
0349
035C
046D
027F
FE56
F6EE
FD8C
F834
F602
09F5
FA39
FFCE
0496
0A22
018B
0436
006E
FF08
FF4A
00C3
0118
F992
FECF
FB87
FBB7
EF07
FDF9
FE3E
0DD1
171B
0627
FEA3
FE0A
0C6F
0608
EBE3
0798
04FF
F228
0F03
F3E1
FA0B
0962
0274
F75A
E35A
ED47
E947
F5E6
F4FE
F5C8
0560
F5E4
E379
DE2B
FF4E
F0A5
0EB2
E5C1
06B3
F9AC
FE42
FA1F
0072
2346
06EB
0AC4
00C9
FE90
F19A
06A7
003B
FFD9
0492
1065
09E4
121C
FAE1
F64D
F1E7
F8EC
FD72
FEFF
EF1A
05C3
F8C2
0055
0AC9
1820
003C
0A18
F7E3
F81B
0526
0219
FA65
06E2
137A
FA4F
02BB
F8AC
F39D
0BB7
042D
05EA
12DC
F859
F41C
FB4E
0697
FB3D
EE59
F64F
1306
F32C
F6E5
FC57
FC03
0C98
04B5
FAB5
1469
0DE3
0336
FDB6
FD9E
0C64
FE27
FED0
00C2
FDFC
F647
FD5A
FF23
0209
FE52
03EC
0845
FC31
02E2
F6AA
0869
0BAA
FF5B
FE96
F5FE
FF8D
F987
07E4
F061
FE37
1BAA
F93C
0031
F8E2
F9A8
033F
025F
00FE
0016
0175
0B26
0F33
0F23
FBCB
0301
F0EF
FA5D
FAB5
F80D
F893
08D2
039A
F6D8
05BA
F4A7
F853
FB0A
001A
015E
FD4E
023C
FBD6
0716
FFF8
0973
070E
F53A
FD66
FD62
101F
083A
0DDE
0EC3
FCA5
F93C
F462
E706
FB50
F082
04E0
EF94
E4CF
DE79
F6C8
FB19
E7DE
0971
1188
07D4
0A93
0611
F807
1903
DCAB
F7EC
FDB6
E6EB
EF4E
2B5D
0A9E
EA53
102D
14AD
F210
02D8
0394
F79C
007C
0E78
FB32
F4AA
F8AC
0D5A
0036
059D
09FF
069C
0DFC
F27A
0376
0614
0297
0143
038C
F7F5
F565
FCFE
0426
063E
0336
05B1
07C0
022D
F9CA
F9F5
FE74
FCA9
F33A
FF3E
FEE2
089D
0A5C
02CB
0363
FBA8
FCCB
FE84
0468
00C1
FF83
FB89
03DC
024A
FD0D
FFED
0622
F997
EB55
1009
FB1B
1199
07CC
F47C
066A
F240
1110
ED8C
08E5
0DA7
FDEB
F6D7
EE7D
F1C8
0503
048F
0B3A
1918
0928
01B7
034A
F859
FE9B
FC21
07D8
0335
FA87
F96E
F9AF
06E8
087B
01CD
03CA
006B
FB0E
01BB
F705
FA38
FE5C
04B9
0266
FCB6
05BE
0271
0843
00CF
09BA
F60C
059E
FCF4
F9C0
0311
0C63
02AA
F06D
F778
0279
075B
143B
FF23
0435
0791
F102
E8CE
0A10
FA20
FDB8
0A40
FEAE
05F2
FF02
00BA
0AF6
0200
FDF7
FB0B
F6E1
F89D
F684
042C
FEE3
004D
FC99
FDEA
0595
093C
FD8A
FB1C
FA2C
039C
0902
0625
06C7
F905
FA4D
2669
F978
1874
F888
FC6A
E8F5
F72F
F4BB
FE5A
0A9D
1603
0B18
FD60
0D53
FFF3
03FF
FAEC
FC7B
FF37
0179
0F45
FC56
F623
F698
047D
018C
F7DA
01A4
028F
FA46
F7C2
FFD9
02ED
EF5A
017B
FEE9
060E
0A3D
035A
F071
03B5
0717
0139
F72C
F789
FF07
05CB
08BD
03B3
FFAA
FCAA
FCA9
0384
FF14
F663
FE7D
F472
0DE0
FF1F
FF73
017C
FA2B
01D3
02D8
0454
FF5A
037F
F924
FA76
04C5
091D
00BE
F4AB
01CA
0088
04FA
F896
093F
0010
F475
02B9
F6E6
F309
F629
006F
1DE4
11CF
0114
FB38
FCD4
F933
F9CF
FB37
FE44
F6E4
055B
FE77
03B6
0336
F6BB
0BD8
FB0D
ECAB
CE28
0474
0965
1799
0651
1A94
099A
EEAE
F4C7
DDA1
0347
03F5
1380
028E
1043
0133
FC87
03D6
0CB0
02F4
11B1
F759
0DB7
FA55
F60E
0D79
FD1A
088F
EF36
F778
EC9A
068A
FD27
0725
1009
051D
F602
F6F5
F31D
FDB9
FEC1
0958
F523
FD60
00DE
02AD
0C9E
0B11
00B4
026F
03B1
F940
F486
FF48
01E8
FBB6
067E
0C1A
0811
F7B9
F02C
1047
FF69
FD7F
03CA
09DC
F7D0
FDAF
FD9C
F474
F3D6
FD3C
EB31
FA8A
F038
FE4C
1770
F8EB
00AC
02FB
1330
E9CD
F0A9
0360
F857
0408
08FF
F42A
0402
0760
15F7
FF0C
FE7E
0857
F984
0373
08A8
0300
0A6D
148B
10D1
F8CD
0B69
0E92
0637
F96E
15CD
02A3
F070
FD91
0740
0685
0634
FF70
0241
0160
0461
12B6
1FC1
19DD
1032
0A32
036D
0BD9
1052
1766
F4B7
0800
F63F
EB8E
02D1
F129
FE3C
FCB3
F644
F46D
FC06
FDCA
0373
FD73
FA94
008D
066E
0A12
00BD
FD52
FFAF
0323
082E
0019
097D
0061
04D2
0CEF
FEA9
09EC
EBC3
EBB4
016A
F7FA
EFFF
02BC
10F8
0C3F
0772
07AC
0641
F59C
F427
F6B2
F6D9
04C3
1746
037A
FDAE
FC8D
FB66
FAC5
F6CF
FC8C
048D
FBBE
0676
00B3
E2AF
FE19
ED34
FD74
02AC
0486
EED8
0721
0173
F135
09D9
00BF
F5B9
F95C
FB34
FE2F
F893
FE05
01F0
0785
FF0F
0125
0388
0AC7
0E9D
FE85
F982
FE66
F9F2
F9CD
FB0B
FFEF
0EA8
041E
04D9
0920
0D8D
0895
F622
F9D6
FE4E
02FB
F82A
02D1
0F8C
08CB
F65F
FFE3
F52D
0140
110F
0645
F127
E4F6
EF80
EF6C
FDED
FD25
0EDC
07F5
00FB
0124
063A
FE3A
03B2
F960
F9FA
FD3D
0297
0771
FD32
FE6D
FD79
FEE2
FB28
0318
00BB
0063
09AC
F8BC
FC2F
06ED
FF52
037D
FE8C
FE59
025C
E018
16C5
0FE7
F4A0
F0D8
1A87
15FB
0E50
1A25
0D87
F684
FC7F
E6E2
F13E
E5C6
E807
F9E6
F749
F41B
01F5
1172
0BEE
0432
0749
13CB
03CD
02D4
063D
F467
0B31
0905
18ED
0F20
E810
FA75
003B
13EE
F266
02CD
F074
EAAC
F902
EF78
FBF0
EC86
FDFD
FE19
FE38
FDF2
F32C
0430
09A8
FB17
FE18
076F
F6C0
FF9A
FFD9
F8E2
F942
0502
FE75
0AC9
F39F
F431
0572
044C
FE93
FE98
01C9
FBF0
077F
F8DF
FF32
02DC
FEFD
0747
004E
017B
08C1
0B01
0785
EDED
F0ED
FB63
0924
0461
1244
EF9C
03EB
F173
EF72
0FD8
FC92
F1F3
FE99
0AD3
0634
F3A8
02C5
0073
085F
03F9
0220
F9D3
FBB8
FCBC
FDC4
F112
0D88
FB0F
0CBA
FBF6
FE4C
F44D
0EAE
0A6B
EAE1
0E4C
0451
EA73
07CE
118A
FD2A
EFA7
004C
FFAB
00C4
FB24
033A
F812
F897
FA9B
F810
FE97
FA00
FC14
0304
08D2
028C
001E
F8D9
FBD6
09F2
FBA9
0DAD
0A37
04F9
0000
FD7A
F28D
F5E1
140F
1D19
FBE8
12E7
0EC9
0A0E
109C
EACB
094B
22D5
F486
1281
03C0
FFF1
1416
FB2C
F857
FB7D
0597
06B0
136B
13B8
FF8C
DD0E
F355
0AF5
F139
0071
14B1
FFF7
04F9
F2BF
1165
0374
0CDB
09A5
F31B
F53D
F4B3
EEE4
F4B1
0123
054D
EC48
03D5
0F3F
0292
08A1
F71C
D69F
E7D8
F4AD
EBE2
E89D
1597
16CA
134C
EEDF
F623
172F
064A
E7B2
1C0F
148A
E7AF
018B
0BEF
0A36
04F3
01BE
0B01
FC44
F9BA
FB79
FDF4
F8F3
F199
F78B
0DDA
FAEE
0517
01BA
052A
0580
0632
0C5E
0989
01B7
F671
012E
FE89
03C4
0A78
FA06
F6A1
F7FC
06B1
05DE
002F
002A
FE75
FA25
F98E
0327
003C
F932
F77F
F8C0
034A
FF56
FDC3
FD0E
04E1
0186
0646
FDBE
FD08
0438
00E2
020E
047C
0371
FF8C
005F
074F
FDA7
F7C3
0B14
E459
EAD1
F436
FEC9
F6F3
1758
101F
0758
008C
0610
FEB2
F882
FA93
EF15
00D4
0873
FF75
014A
09AC
0A13
0497
0DF0
02B1
F604
0908
062D
0B95
0BD7
0564
F592
0A3E
0A10
F929
0FF2
1736
E878
F3EA
EA54
ECA4
024B
FEE9
0840
0DDC
036D
F7B2
0532
1D18
0690
EE78
14FB
F89F
E7D7
EF2D
FFBA
E9B1
1C9B
1B97
0BA1
1ECA
133F
E45F
FF3B
E765
EB48
E23C
1F70
08E3
00A5
FBE2
1A32
F457
002F
F72B
06E6
19DF
0225
F6B9
009C
FC42
ED6E
0DEC
0749
0EA9
04E0
02F9
FED6
FC74
EE34
015A
0567
F7C7
0579
FC70
F618
029A
F612
0457
087F
075A
045C
FA8C
F5AE
FB41
0126
0263
F6AB
F085
F3D9
03E6
0951
04DC
120F
0889
F363
0790
0CA2
FADE
0503
FB9D
F225
0EF8
0A2E
FEC9
0805
30C2
FE06
E437
E963
EAE3
CEA0
F050
156F
0189
11A4
147B
EDC1
FF02
F70D
0A9B
F316
0EE5
0557
0B07
ED9A
266B
F913
0084
0345
FF0A
015D
04A8
FB35
FE3D
EE61
FFA9
0793
F78C
08AA
FCA7
003E
05C2
06C3
0DEE
0C0D
F91E
F74B
0363
051A
08AF
FBA6
0BFD
008D
F47B
0E0D
0A50
ED03
FEBD
F0CB
EF8F
F0C0
0DD8
EAB2
0401
066C
027E
2474
FE67
FEF5
145C
0E9C
E6B2
1DAB
FDC6
0424
FC29
055B
0916
01D6
0A2F
0BEA
F762
FD40
034E
0944
F97D
FCA8
010E
143D
01EC
F376
0FA1
F339
F644
FE02
F540
0373
F762
E75A
F595
0D8B
0317
EFBB
FE96
08C4
061B
03BE
ECF2
EDC3
EB33
F64B
012A
FE7E
2130
1606
0010
FEB1
EF2C
007B
F508
FC9F
011F
F90C
1ED4
054D
1238
070A
143E
EF0F
FFBD
E486
F018
F72B
DC88
D791
DA41
F40C
0B92
0B41
0611
FC19
03C8
0B48
01B5
F88D
EE93
FE89
0CFE
122E
07A5
F7F2
07DF
1597
15A0
FFF9
FD3C
0442
F39C
FF2D
0124
1270
02C5
FED0
FC72
FB22
FD91
06FA
FFE8
F3C1
05E1
05EB
F5F3
01C7
EE7F
0143
F43E
0608
11C6
FCAD
0226
0F58
E465
EA33
00B0
FC36
05BF
0904
FC25
109D
FA8F
0449
F670
0016
F8D1
F8C8
F7D5
0152
056F
0D15
0735
FFA7
F81F
0F21
0F4E
E468
FB03
006B
FDC9
11C9
FB8F
FE5F
FDEC
F5C0
0C31
011A
F32A
F5B7
F165
03DF
0DC9
041E
0D45
EEF6
F85F
FB7E
05A7
010A
027B
F780
F03A
FA28
107E
F8CA
058C
069D
0162
05B8
FF34
1169
FE1E
FE6C
FD1E
028B
079B
F20E
FF92
FEE0
FCDC
FF70
0563
009C
0003
0870
0457
F5EE
F7F2
F933
F59D
FDAE
07E9
01E7
0ED7
0B3C
FD82
FDB8
F95A
1373
0DAF
043D
03CB
011B
F0E1
F5A0
0130
FAAA
FCD4
FC50
0979
FB64
0F52
FE34
F31A
03B5
FE7F
067D
EC1F
FD7D
0B5D
0090
000C
FA45
FB7A
FDB9
0EB0
FA3C
F808
01EC
EBA0
00DB
0209
0900
F68A
0FB6
F007
FEDE
0932
0091
FC92
F9E1
0493
02A4
0FCF
FBBE
F10A
F830
0188
FE25
0B5C
FE57
F7AE
FD39
064E
0C75
EE8A
F0A9
FF18
F999
0723
FEA4
F525
0E4D
EE60
0F33
01A8
FBEB
F12C
EA01
1701
EBB5
10F8
0382
F1B5
0A3E
046A
0B47
0058
06F3
0464
F60F
069F
026E
ED5E
00C4
0054
F586
0331
FA7A
065A
0763
01B4
08FC
0145
010A
0BF6
079E
0716
0144
F9B9
0651
F70A
022A
F9A4
FC64
02D6
FC81
0BD7
07E5
F8DC
F2F5
0DEA
E86D
FFEC
0744
0AB6
16DE
FD79
03D0
1FC6
0513
16D8
112F
1900
0B8E
0FAA
0535
0B1C
FDC8
151C
06F7
24F6
157A
E6AE
1094
0196
DB72
EC5F
ED8A
0C01
1634
F07C
FCF2
F4C6
07CA
0CDC
0612
0009
0266
0DCC
0031
0352
FE57
FB1A
0FBE
0ABC
0802
04D5
FE5C
F3D9
0FFB
F2BC
0A1D
0A90
FD06
00FF
F31C
04BA
0612
FFAC
F6B1
FF63
0154
087A
07DB
FC9E
02EC
FAB6
0427
01B8
000E
01C6
EC77
FD3B
FECD
0B88
0375
FECD
FE49
FC3B
0428
FB20
01FF
F91E
054F
FAFA
FD5F
FF1D
FC2C
FFEC
F932
FC01
0122
FFE1
0047
03E1
FAF7
0291
F662
019C
FADA
1560
162C
08E4
0587
F929
FB2E
05C6
F82D
09EC
07F1
E5E1
EFE0
0D68
060B
EEB0
ED6B
F1A2
E0AF
0826
F3A1
F68F
FD78
F6D7
05AE
0C9B
1077
FF32
076A
F6FD
032F
E89A
FAB4
1450
FBF8
0B75
E36E
157B
F176
0520
0B79
EB0D
F58D
1300
DEB4
FE80
0944
0600
EA5E
0163
FB6D
1421
149C
066D
EB35
00EB
FC6B
FA3A
0E16
0E30
FB6E
FB38
0521
0005
0DF9
F7C9
FD87
0708
EE10
F45A
1148
0BB1
15AF
02ED
28BD
F65B
EDAE
13BE
01EA
14FF
FBFD
EB07
02D0
0BD4
0BB3
01E9
EC99
EF69
F96E
0387
FE84
EDE3
0315
F0B2
0486
F9F9
F810
0A73
1142
F7C6
F9FF
098A
0C2E
10AC
FDCF
EE56
FB05
0553
09BD
FF8E
F6BE
F878
03C0
FD52
FF6A
FBA2
F94D
F687
F8D0
F9A4
0D6B
FBF8
FC7F
019A
F6C4
FBE8
EEFC
EE3D
069F
0D0B
FD85
FE91
EEE5
0075
0893
EF67
FFC0
FE04
FC11
FFFF
F6D7
0027
0A39
FFCE
07A8
0BEC
0C46
09DC
FCE0
F981
E966
02C7
0BD2
FC57
FCDE
09C7
1374
0A58
FE31
F276
056A
FA54
FBFB
0168
EEC1
049B
F78B
FB1E
024A
037A
F528
F89F
0186
030A
FEF6
0A54
05A5
FDBD
0871
13DF
F931
EE0D
00E0
0C71
FE67
0D86
FC91
FD20
FD68
03ED
FB3A
155F
061F
F698
0AE5
0368
F8F8
F921
0826
F0DA
F4E1
F739
0B2E
F957
FBA4
1012
F32C
F97C
08ED
1077
0B12
F3B1
F732
FF49
F505
1389
05F1
FEB6
0797
FBE9
F2D0
053D
F8F8
05AA
0219
03E7
005D
FFDE
0514
0275
FD3D
FCE5
0878
0576
FD59
F58D
FA78
0A83
FEB2
FE5B
FFEF
FB5C
04AE
00F1
06CE
063E
FFF2
FBFC
F1EF
0822
0820
0539
FB2B
034C
F8AF
F763
07FA
0578
0B1C
EF38
D14C
FDDE
0E00
126D
0D39
CE56
E838
FA70
0725
0B7B
FC49
EBAC
F6BA
F86E
02AC
09E6
06C6
0269
F67A
03CA
0644
00D1
FED8
F6AB
FD8E
00D0
FE80
F98E
FB30
F95C
F9F7
01E6
FF30
0060
FD82
004A
0092
01D7
FF30
0A3E
F015
FDC3
020E
EFCA
0BFA
0014
0185
FEC1
F8F0
0A9D
0E71
12C0
01E0
F63E
0581
04F4
0347
F701
E7D1
0B85
0CA5
FB74
0963
01A7
0202
02D2
018D
FF39
03F6
FDD0
05D2
0BD8
F5B8
02FC
FE09
0470
FD79
F5DE
FB73
0240
01BF
FF18
008D
F393
00FE
06C2
FCB5
F3A6
088E
FE5E
04EC
F4C2
04E0
0925
158B
0447
F5C7
ED20
F6DC
FB07
E2DB
024D
F638
FE87
0020
0671
E424
0F22
F22F
09F3
074D
FF87
0100
0532
F2BC
00CB
00CF
FC56
F90A
F46F
074E
04FB
046D
F768
F01C
062D
0985
050B
F50D
0215
0787
081D
0239
F859
F8A8
0478
043C
FC59
0B02
FA74
F804
F627
0584
0149
0A2C
0403
F1ED
07CD
0B57
01AD
FF27
FE7A
0C72
F3D1
0116
038C
F8D2
0313
007A
01AF
FE86
F502
0EA2
FF16
0FB4
F1E3
F212
F938
F582
09B2
FFAC
02DC
004C
F2C4
0C6E
FDBF
FEE6
FE20
0792
082B
FD91
0EB8
F805
0151
04E8
F7CA
F42C
04A1
F24E
047B
06D3
2070
122A
E276
10A9
0021
073F
01D2
F635
DD09
F601
E767
163E
EA87
06A0
1A8E
F5AB
150E
EF2B
F53E
047C
FE54
12B9
05B5
F915
0C7F
F0C5
FFB9
FBD5
FE0E
0868
E578
FC33
F38B
09F4
180C
FFA8
021B
FBB2
FE45
0CC6
FF18
0170
071F
0098
0BE6
F315
0717
FBDC
F8F2
1195
05DA
FC72
0697
FA02
05F0
FCA5
FABE
0E19
E9BA
FA68
F9D4
F022
F981
FAE8
00CB
0B08
F60B
0C01
0949
0104
0320
FDA5
06A9
1E7E
2612
FF52
02C5
F233
0058
0D78
E6EB
EFD8
FF12
FD31
02B2
DB5D
E680
0A0D
F3C1
109D
E34E
F93C
156A
00E6
13B6
FA35
1C52
FF56
FAD8
0738
09C6
0699
FD24
0BF4
FA7D
0204
06D2
FB40
0694
F578
FB50
048F
F36F
F45D
0FAF
243B
FE83
2538
EE18
CCEE
0F1A
1A8B
1469
F6AC
F93F
EAF6
E449
0D43
FC26
0881
FD17
FDD8
02D8
F04D
1063
01C4
0003
08A6
FA04
0509
0500
02C1
FF9F
F620
FB44
0870
0F6D
EA0F
0527
F8B0
FCE9
0CC9
F249
0C51
0066
00F7
06A8
F89D
06E1
FB9B
05BC
FB84
074F
0083
F87E
0008
F1A6
FC61
0CD6
0749
04BC
FF61
F0B5
FC75
0AE8
FD36
F476
FF94
0A40
07DC
FA63
0605
FD3E
0F55
0B39
03FE
F093
FE3D
06A9
016D
EF11
FF2E
F8BE
F1DD
0FF1
0BE1
EC5A
0F8C
ED69
1612
05BA
033C
FC58
E647
1209
FB89
04EB
FFF4
E7C5
0ECF
FAA0
F57D
0655
F944
0EA7
F76D
FBEA
03BB
FBA2
1101
FAF3
0663
F55B
F9F6
EF1F
0BAD
FEEE
029B
F303
F703
18C2
08AD
0CAD
ECBD
E9A3
0050
174D
F387
E69D
F294
F3C7
074B
0F62
0212
0B30
D324
F93F
FAC6
02F2
0324
F765
FB03
03FC
FFF9
0016
E6DC
1415
FF7B
0694
04F8
F251
0858
F5EE
0C82
06D2
0707
FB76
F59E
0F18
FC74
F9EF
F903
FFDE
FEF3
09F6
FD91
F13E
FFD0
F6C6
0408
FE7D
0532
03A7
F591
1082
0CF8
DBD3
FF86
FFF0
F677
D972
020D
EDEE
FF3A
0246
09BF
0D86
0367
1955
FD71
E66B
01E3
F1AC
F56E
ECE1
00E0
F882
0D03
E9F2
136C
FC5C
0298
0007
E1B4
F0A9
F532
0371
0C33
0A85
E5C1
F76C
FC20
EA30
F5F6
1094
042E
1151
E742
F2A9
10BB
0929
054B
F07C
FC89
081D
0BB4
0514
F551
0236
03FB
F6B6
0036
F9E8
00A4
06ED
F595
0423
00F7
0803
0501
E8EA
E61D
096C
0599
F192
00E5
E7B2
0495
0991
EC0B
0D14
FB34
0652
12DA
F2AE
E061
FCFE
F863
00F3
0481
F9FE
F039
F8E6
0028
04AC
0301
F9BF
004D
F1DF
094D
0590
0576
04FC
0017
0853
0300
0CEE
F268
F67C
0C01
F4B6
0037
FDBB
0722
0BA1
E715
FD7E
F947
0591
0496
FEC2
FEB2
F2C6
F8A3
F9D7
0858
FD06
047B
F791
FAB5
07A8
0856
084A
FA71
FE10
FCAF
04F8
00D0
F184
0288
049C
0B78
06B0
EF54
09DE
1B1D
2A2B
1281
1717
EDBA
F4A1
1FBF
14A3
0DCB
05D8
127B
12DC
FC3C
FC00
EEC2
FBED
0715
1046
E93D
0230
F4F8
0849
0042
0A80
FD10
0285
FDFF
F222
FE4F
FA91
F10C
05DF
F0E3
FAB3
0013
F1DE
FE49
F8D2
F5A9
FCC9
FB7A
F7C3
0BF2
0098
001A
F7E8
E904
03ED
184D
0B24
F936
D828
0604
1292
EAA9
FC2C
E31C
140E
ECED
F95D
1219
EC09
ECF9
1736
181E
2A6F
1757
FEEB
DD1E
EBE2
0BCC
E28E
FA05
0473
032B
0BC9
0253
E8BD
03E3
0B45
0C25
F5E5
ED73
03CB
087F
01B2
03B8
00D7
FD58
F34C
F590
FE53
08D5
0008
F43D
FE8E
F672
079C
FECD
FD99
F9CB
0BF5
0849
0114
FE82
F72C
04F8
0235
03B6
FF72
F4C1
FC97
0586
0927
02AB
0151
F257
00B3
0C61
0925
FCBE
EF94
073A
04BF
1BB0
EBFC
FE47
F828
E92B
06AE
0810
F9FE
F178
05C6
FE16
060E
000A
FA5F
13E7
F8BA
F6CC
EF1B
F5F0
004E
F3D5
0C03
FD7A
14A7
E511
11F1
07E8
FD77
0D0F
F319
F903
FBC2
08DF
F92C
F43F
F498
EE4B
0E95
FD38
04C7
FC1D
F897
087B
01CA
0B1E
1B9F
F455
0FEB
0BD4
FE2B
0883
FB94
0D27
FA37
FF31
FD42
FCCC
1913
F7F6
0B96
0446
F759
099C
F856
F7E5
016E
F3E9
132A
0459
F4E1
0D3A
F1BC
043B
04AD
01DE
0806
03A3
F8DA
FE0C
05A0
07A9
FD74
EF83
0036
0A24
EA67
06EB
FDD6
0111
067A
0B72
F668
EF02
FB61
05DB
FBF1
F82A
081A
FB90
02C5
F102
0D32
FCC9
0C2F
1021
01D0
0CA6
0C66
0052
0FE3
0DEA
F239
F1C3
FC30
011F
05DF
F38F
DFCE
E654
F9EB
153E
0384
F890
EABD
03E3
F47A
1013
1F4C
FBE4
FC2D
05CA
F6A7
F5D4
FF95
035F
1C64
17C3
F4B2
ED4E
0F1C
DF55
3441
F658
F396
14C2
1242
0B1A
FEB8
0F05
F5D0
F4BE
00A8
0B09
1592
0150
F6E3
03B4
FD79
1434
016F
F6F2
03B1
081B
008E
FB07
F144
F75A
FA49
F30D
12FB
F7DA
F9E4
FE33
0EFD
0DB4
EE94
0228
0DE3
03F8
026D
F4C1
105D
10A9
005B
EFA3
F13F
F327
FE68
09D1
0442
F6B8
E997
F381
041F
0700
1459
FAF3
0917
0409
0EEB
FF1C
F8E5
FA4B
0AAD
0BA9
FF7D
E988
F059
1096
05C1
F7CA
F34D
E76E
FDCB
FE38
FC06
FD66
E900
FFE6
FEA2
0684
0D66
0CD8
011D
FB21
FCBC
F608
F767
F7D5
FDDA
FBF4
E4A3
16D1
F2B5
FF81
0C31
F83B
0821
0476
EA60
FE89
EC49
0311
FDB4
FC5A
04BF
FC4C
FB73
0456
0F75
03D3
E66F
0CC4
F7B8
F113
10C7
0A38
FA21
0BD6
F665
0041
0C6D
F34C
F615
F9C2
FFA5
074C
1856
0F4D
E736
064F
0FAD
2F2A
EA16
033B
0621
021E
0BC1
065B
FA35
065A
FA36
F3DB
11CB
F78A
0F12
029A
0718
0ABB
00A4
FCA6
0153
FFFE
FA89
06DF
F899
ED83
F50A
E8FE
045B
F488
19E9
FE50
0149
FE32
F3DF
14A4
1137
0568
0B62
F718
16F2
FD8D
028A
FFA9
FA6C
086D
E57C
EE5E
FF5D
0B14
15B6
02D3
FD7B
FC90
FB59
045D
FFFA
01EE
0262
00F4
02CE
0060
041E
0162
00C2
FDF3
FCA1
05AE
0602
007B
0565
0261
FBAD
0005
FF02
FDF0
028D
FDAE
FEC4
FED5
FDCD
FD80
FE01
00DD
00C8
0065
FEB5
FEC5
0128
03E3
FF51
00C3
0417
FF56
0384
0233
0175
01AB
0228
038F
0391
0064
FB71
F96B
FF91
04F2
FE97
FB27
FE07
0049
0561
FFC2
FDB9
FD1F
03D7
03E8
098A
00DA
FB73
0110
024C
0086
0087
FB14
0067
FEEB
FE00
FD48
FFC2
FDA7
0229
FA6F
FE0E
0082
0317
013B
FF21
FE65
022A
040C
003E
FF60
FF67
01D6
028C
FD11
FFCC
FE10
FBDF
FC55
0085
FE18
FDFD
F891
FD83
FE7C
FFEA
009D
03DF
040E
FF21
0359
022B
0781
0368
FE1F
0919
0040
0429
FF0E
FA3E
0037
0158
FDE4
FDF9
0137
FB5E
FAC0
FBC0
F893
F8A5
F328
FDBB
FF2F
05C1
FC6C
F93B
FF6D
01F6
033E
FF50
FCCD
FD64
0152
043C
019B
FE62
01F6
02A9
0479
FECF
00B5
027F
003A
FE4D
FCBC
FDA2
0195
02D0
03DE
FEA6
FCD3
FE8B
004A
FD9D
FD79
F92C
02D7
0069
019D
0341
0013
033E
0033
02CB
0289
FCC1
F664
FFB1
F83E
FCF0
FFC7
FA33
0507
0022
FEA6
FD68
FAFF
0D1C
05D8
FDCD
FBE5
F499
0517
046A
00E6
0305
FD8F
FEED
FD00
00CB
FAFD
00BE
04F6
01F9
FFD7
0523
025B
0397
0381
FF32
0103
027B
00BD
00E1
008E
FF47
0094
0117
FF68
FE99
FEAE
FF98
FE88
004C
02DC
0248
FEDF
FD6A
FEF6
01ED
FBC2
010E
FFAC
032A
002A
FDA5
FE8F
FF48
FF38
03A8
0113
FDE1
012C
FEA5
02FA
0243
00F1
0273
00C2
FCA3
00E7
023A
00A3
0798
06BC
02ED
005F
06E2
090F
055A
06B3
0472
03D1
087B
0641
058A
0393
01D6
0792
0645
0214
01D9
06F5
02D7
04B8
0446
0AE1
FE8C
FF92
F5D8
FAE2
017C
FAC5
FEAE
0354
F839
F5F8
F9DE
FCDE
F7B1
FEF6
FBCB
FD59
FE3E
FA9B
F573
FEBF
0445
FBF4
0057
F57D
0357
0667
0139
FFE3
003F
FEA4
FEA5
FF3A
FF51
FE96
FD6E
FFC9
FE8A
FDE3
FED5
FD7A
FF32
005E
03D3
004A
03F7
FDF2
0054
0630
FE6F
FC46
0007
FC08
00C8
0269
FA40
015E
FDBA
062A
0766
FD74
038D
FFEF
01FF
0421
FF2A
FE02
FDEF
0031
FDF2
FF2F
FC35
FD33
FEF8
FBB0
0268
051C
02BC
00D7
0450
0044
FF23
0480
FE9F
FBFF
024A
0208
FF92
02DF
00F7
0076
031B
02D2
01CF
01A9
FFA9
01EE
026A
FC07
0289
FEDC
015C
01F8
FFC5
FE53
0453
05A3
0237
FF9D
FC94
025D
00A3
009C
0398
02F6
FFCD
0172
01DC
05BD
FB50
027B
FF11
0437
007D
FA8F
00E3
01F7
0205
FE6D
FE96
02C6
FEB3
0309
02C8
FF52
0110
03A7
0011
FCC0
0078
FE5C
02D2
FFB8
FFCC
00A4
011B
066D
FC07
FCA1
005C
FC9A
FCF0
02F0
021D
09A3
03D4
FFC7
FA6F
0012
008B
0816
0646
014B
FC60
0160
0328
03D2
0054
FCAF
FDE0
FF85
0387
0577
0400
00D9
0316
FCD5
FB55
04B4
F9A2
0257
FCFB
FF91
FFC8
0021
FA46
FF63
FEAD
01CB
057E
FD85
FC29
F7B9
0278
011F
FD06
FF4F
FF02
02DB
0073
0319
FAA3
038A
FE79
FF4A
FADA
0015
FDF8
03C4
FE7D
FAF0
FC7B
033B
FE1B
FDFD
01E2
FFA3
028C
016D
FCAD
FE55
FD0F
FEEB
FB60
018F
0084
0405
0526
01C1
FF8F
0301
020A
00AD
0069
FD25
04ED
0623
02DB
01F0
FDE0
01C7
01B3
FFD9
032E
FD25
0034
04CB
02A7
0024
0038
FFF0
01D6
FEEA
F658
F5A3
FBD5
0230
0928
04A7
FA50
FF01
FE5E
00CA
0118
FDA9
03C0
05AF
06ED
FC36
FFF9
0104
062F
0701
FEF5
00D6
02F7
FF57
005A
0307
04DA
028F
0231
04B7
FFD2
0285
0185
0410
06CF
0243
04B0
018F
046A
0377
0443
01B7
FEFC
FF9D
0066
FE0A
00CB
011E
FF2A
FDA8
00D8
0468
FFC9
0524
0041
FF73
FD69
018B
00CF
031B
FF86
FD87
FDFE
0397
0193
FC6E
FD0D
00A5
FE36
FD9D
FF4C
FBAE
0053
FED6
01AF
FF10
FD34
024B
03CC
037C
FEF8
FECD
FE1A
02DA
FD61
00CE
FE10
FF3A
FE08
FDEC
0167
0043
FF56
0020
029B
01BF
FC7A
F91A
00F9
013E
0190
FEBB
06E0
002C
01E6
0455
025B
0384
FF13
073F
05B4
02BD
F8E7
FBE2
00F5
0BBE
FD31
FB81
F562
FD60
065E
F878
0105
046A
0444
0096
FE3D
0177
FF4B
024C
028C
022E
FE8D
0216
FE21
0293
FEDD
FF25
0218
0299
FE9E
FF95
FF45
00C5
FD69
02D3
FF8B
FE24
FC1A
FEDC
0201
011C
FDCB
FE96
00ED
FD56
FF33
FE5E
FBF7
FFC7
FE1A
02C2
FF93
FBCD
FE88
FF72
FC85
0145
0010
0686
0427
FF09
FD07
0027
FF6B
FD38
FFE3
FD86
FED7
FF9C
FD68
0156
FFF2
026A
02A8
FED7
FD32
FE27
FE52
009A
0004
014C
FCD7
FDB0
0266
01A5
00E1
0260
02A3
FBE7
00A0
FB24
00DA
0372
0312
0059
06E6
042D
08B4
036D
F72A
0087
0584
07CF
FEFF
05EF
0443
FF64
FCD3
F63A
FF26
0081
02F1
0178
FC66
FD8A
0403
0159
FE2E
FE39
FFA5
FE13
FE22
05B0
FDBA
02B5
FE7E
0087
01D3
014A
FD4F
FB83
0195
01F7
FFBF
FA90
FE5A
0331
009E
FB73
FDF2
FF1E
00F7
0539
02DC
0209
013C
FCB6
003B
01AF
FFE2
FEC5
FC41
FEB2
0316
FF00
02C2
F9CB
FDE5
0378
FDC3
FF5D
FBA1
027F
FDE5
FC58
FE9E
FEDA
00C8
00EB
FD6E
0092
FD71
FFE3
011B
FE0B
01A5
FE42
FCA5
0163
01A2
01B0
0210
FBD9
02B7
012D
FEF9
FF81
0221
045A
FF69
FCF3
FF7E
0A26
0DD6
0564
FE87
FDA2
0648
0891
021C
F9F7
F530
022B
002F
FB0A
F6BE
ED9F
E543
E2B3
ED8B
FA8D
FDEF
FF31
00C1
FE1E
0051
0214
FFD5
05A6
FF30
FF36
FF93
02FC
03D0
FE51
0318
0297
0186
FEA6
0392
FEC4
0074
FFAD
01F6
FBB2
FB36
FC5B
0159
008F
FF48
00E7
FE25
FDEB
01EF
036D
00FA
00FB
01FE
0605
0118
FD01
FDFC
017A
014D
0338
034A
FEAE
FEB2
FF9C
FFAE
0187
FC14
F70E
F8F9
F6F9
FA0C
FFE7
FE1B
0335
FDB8
02D6
FBA6
FEA9
046E
049E
0181
F9A5
FB5F
01C1
0312
FDE1
FCED
FD50
0044
FCF2
FFA2
FF9D
0056
015A
008D
00FF
000D
0291
00C4
FC0B
00D2
0005
FEC2
FE2E
0219
FE70
0453
0502
0282
014F
FB8B
01C0
FE96
FD89
FDFB
FB11
F986
F99B
FE06
0413
03E6
048E
0606
0574
FDA3
FCA7
0BE1
0DFB
02B7
005D
0088
12F3
0421
F7F8
F85B
0224
F19D
ECED
ED08
0320
F2A0
FD4A
FFF3
0045
0188
02E1
F84D
FC4F
FFA6
FE64
FFAC
FD16
0103
04A5
045F
0349
FDF2
FDE1
FFA8
FEA8
00DE
035E
FF9F
FF80
0200
FC9B
00C1
0902
0AAF
056B
F76E
FE89
FB0B
FFA5
FBB2
F13B
020E
FE8D
0614
056E
FDA3
0106
F75C
FF03
FB3F
EBE4
FF3E
FD10
FAFB
07DE
0682
EEC8
EC7C
E9FA
EEF1
EFD8
FD74
0E99
08BB
0270
09F4
0062
0732
0BE1
0136
FBA4
F96A
02E2
0769
008C
F014
F5CC
05E3
F445
FAF8
FE9A
FCAB
0016
FDD1
FCF9
FDE4
FEBD
FC8D
FE98
029C
000E
FCDC
FE75
FE5E
FFAA
02BE
FEA3
01AE
048B
FD97
023C
FC94
FD87
0321
02F5
0018
FB17
0118
FB8C
FC6D
FED8
F5B7
015F
0166
FC1C
FC0D
0245
0305
0430
0337
03A8
FF63
044D
0111
FE53
FD80
014B
05EF
FFA3
019C
FE87
FEFE
FC8B
FF5A
FED4
FD25
FC26
FA2B
FFED
FF30
0163
0241
046B
00BB
FE62
00D9
0186
00A5
0304
FD93
FC96
0026
00F2
0338
FE2B
FF03
FF37
0017
00A7
FE58
FEA7
FF51
01E9
0207
FEDD
FDBD
02F5
FEDD
FFD5
FD0A
FED8
0151
0050
0028
FEC6
FE08
014F
01EA
012D
01E9
025D
F757
E79C
FDA2
0224
F615
0267
03B5
0E4C
0389
0794
F5B7
F8C8
0D7C
0197
06BE
F764
03B8
02CB
FEC6
0245
FB74
FA82
03A8
FA99
08C0
F2A2
FB37
FFFA
FFA8
043B
F145
FD2C
0532
006B
FDE7
F8D6
FFCA
05D7
013B
FD32
FC96
0126
07C7
FD04
FBB0
F7DB
0206
03AC
0471
FCC9
01AF
FDBA
FCE5
FB55
FCB6
01FA
0630
056D
03D5
FBE8
0100
FF29
FECC
025B
054B
FF4C
FDB5
FCCF
03AB
FF61
FE8D
02D1
01E2
00B3
FAE7
0253
FF95
04F0
028E
04FC
0004
02E1
0406
FE55
0253
FE9E
FD46
FD4A
FF61
00AB
0362
FE06
FDC3
FAAF
FF83
04BC
FE3D
FCEB
FFCA
FC5A
0604
07CC
0610
0256
0107
031E
0873
0598
0688
01E0
FE5A
0678
0912
0341
FEA6
00CE
00AC
0895
0217
00EA
01E1
02DF
0497
0427
0104
00A4
FD05
007D
FEED
FE6E
FC20
FF8D
01FA
FE61
00B2
FFA2
0548
0470
02EF
0388
0394
0014
021A
FF94
FB6F
FCBF
FA60
FD2E
FAE6
F8B4
0014
FB8F
0009
0348
0392
006E
FE88
FDA4
FF4D
0310
0063
06EF
03AC
FD88
0416
FD64
02A5
FF16
FD9B
0070
FEEA
02C7
01A4
FA61
FD0B
0354
FFBC
0213
FF71
FEDD
FD28
FFDF
FDAF
FF65
FF3A
FB4D
01BD
FFFC
FD82
FE40
01D1
0187
00EF
03A2
FEB2
019E
0086
00D8
039A
01EE
FD94
FF97
FBA6
01DE
FE04
0276
0114
05E7
FFDA
034C
FFDD
0168
FF17
FE28
036F
FD34
01B0
059B
FD1B
FE9B
0505
FD67
027E
0321
FB26
FFE8
0201
0035
FE34
FC08
00E6
055F
0597
0144
FFA0
00FB
FF2D
FF33
0003
FBAD
FDE2
00D5
0385
04DC
FD01
FE59
FD64
010D
FFC3
FFBA
F861
F905
00F4
0559
FDC0
FA9D
FC49
05B8
FABC
096D
00CC
FC9F
0844
EB23
FE3F
FC9C
FD79
0B16
F02D
F78F
FF4C
F6D6
FF5F
021B
03AF
0145
FFF8
02AC
0016
FEC6
04C0
FCFD
FE5C
0284
0263
0090
0196
01BE
0044
00FE
FE96
00ED
0394
FFFC
FE5A
FD3C
019E
FFAD
00B9
032A
03F1
0477
FE6A
FE32
003B
FFB7
FF3F
027C
0344
FFD5
FF51
00D1
011B
FE88
0433
FCE5
FF2F
FF9E
00E2
FF5F
00E1
06A0
FAE9
F95A
04E1
042E
0445
0278
0404
00ED
FEDE
01A8
FBEE
0108
FD46
02D8
FE22
FB89
0282
028E
03A4
0258
00B0
004E
FDE8
031C
FF70
FCD3
FF44
FDC9
0799
0594
0852
0879
063E
0767
0399
01BD
FF4A
FBC6
02B9
FC09
FA7F
043F
0378
0BD8
0631
0144
F88F
FE66
099F
FE64
FABC
01EA
FB44
FFF7
0550
FFC7
0031
FBD3
F734
0160
0F2F
060E
FFCA
FE13
07FB
0D29
079E
FB4D
0594
05CF
081A
0868
F7C9
0669
FC93
EC2E
EE4A
FC11
FF44
00EE
FFA2
FDCC
FB1F
02D0
FFCB
FF64
FD67
035F
0345
0385
04A7
FFF9
FBC5
FC38
000F
021E
0496
006A
FC88
0310
FDF4
FAD4
FF63
01E3
01A9
FF08
0554
021C
FDB3
FFB2
FBA1
007C
FFB8
010B
FF39
01A8
0132
FE6E
FD23
00B8
03EC
03C8
FDBA
0133
FD04
FC81
05D1
04D8
0326
FC5D
FE35
FD1A
022D
FF5C
FCF1
02F8
01E4
F78A
FE9A
006B
0038
F9CC
FF94
02B0
FE86
00FB
FDA2
050B
FB29
00DE
0085
0206
0D2A
0060
FDB6
009A
FE95
FAFE
FA13
F962
0593
0410
FD20
030B
FC29
FD92
0641
032D
FED8
036A
FFBB
0023
029F
017E
0389
0128
0634
059B
FFC3
FE86
F881
FFB2
FFEF
FC0E
FACF
0391
05AC
FF95
005F
FCC5
FD98
052A
04ED
02FF
FE5E
0365
00AC
01E1
0315
FE0C
01D8
F965
0052
F45E
0450
01FF
00B6
FE32
0323
07EF
FCB3
FD2D
0036
FD3C
FFB8
046E
02A4
FF97
FC45
FB1B
00A5
FD76
0266
FE55
FEA8
FD20
F875
00D9
023C
F7D2
0271
02A9
006E
FF25
FD15
096C
0617
FED7
F9C6
024D
FA62
FBBE
FE4A
FDD9
0250
0459
F5C7
0995
0858
00A8
FF23
FBB6
0EF6
F776
FCEC
F8EE
FBC5
F515
FD79
0022
FA2A
0173
0230
037F
FFA8
FED2
FB03
FA78
030E
0199
000B
FF8A
FD2D
FC52
0461
00E1
FA5F
0476
0100
FD16
FD23
FF4D
FFE2
FCF4
FA37
FA99
FDE7
0C8B
0629
FFED
0007
FF37
FF2F
FF12
FC5C
FF15
082C
F582
FFE1
F869
FE49
015E
FF09
0BA0
0123
FE00
F69A
FE4E
F571
FA50
0622
04C2
040B
E702
0007
F890
060F
0D92
095A
0519
0179
FEBD
0121
F17B
0022
035E
02CE
F402
F856
05F3
026E
FFCB
00B6
FD5A
FF4C
FEF5
FDD0
040A
FAEE
FD8A
FE19
02F3
054C
011D
0056
FB6F
02E2
01C3
03CC
038F
041F
053A
00C3
F99B
F7B3
FFF1
FC1B
0162
0230
02CD
0247
02F6
030C
FB63
FDE7
FE9A
068E
005E
FCF6
FFBD
02DB
07B6
00D3
01BA
FE60
FF83
FD56
FE99
033A
0395
08B7
0618
0566
0264
02FD
037F
03B8
03FD
FDD7
0198
FF11
FF2E
0008
01E0
01C6
04A3
03FF
0063
03AC
0520
04A7
00E9
0467
0E73
FAAE
044F
00BD
F64D
0234
0BC2
0628
F587
FD6D
ED47
0582
FC2D
F9CC
F73F
0020
04E8
0467
FB7D
F873
0CB0
ED30
0310
F991
EDF0
F912
01D3
023A
08A2
F8BA
FEE4
FB24
F2CC
011E
F584
08DE
0496
FB32
F4CA
0891
F858
052A
0BDC
FEAC
0713
FA39
FAE0
F991
046B
04CB
07F3
FD94
FE7D
F632
0256
FB75
F871
FB7E
0A36
0BD7
FF15
064D
FD1A
01CA
0ADF
0522
03DC
FB16
FDEF
021F
F858
0288
02E2
016E
0389
078D
01D4
FE93
FE84
02E8
FE7A
0227
0539
F84F
04DF
F5D8
FD66
0453
FEDE
FA3F
03DF
FA78
FB54
0A26
0BA2
0DF1
0691
FA1E
F993
04F7
0173
FD5C
FFAB
FEF1
FEB4
006C
FD7F
FFE6
FA26
FA5B
FF6C
036A
FEF7
FFEC
0246
FBC3
0445
03D1
011D
0296
027A
00A7
047F
FE58
0339
FFAC
FC9C
FF6A
FE2B
F775
017F
0026
FBE0
FCD2
FE21
0082
0014
00CF
01A7
FAC6
F7B8
FB3C
0678
FCAD
FF71
FD6E
04F6
0035
F9A7
01B4
1018
FC97
F928
051C
FB06
088E
0577
07D9
05A7
FAE4
0193
02B2
00E3
FE6D
FCDE
FF22
FD9F
03F3
F9C1
0834
FEE9
030E
021F
F958
022F
FBC0
006E
FE1B
00BE
FDE3
FFF8
099F
0EF2
0876
F971
FB14
FDA1
0E23
05CD
0390
FB0D
F5C5
FBDA
04DF
FD2D
0CBC
03F9
01F9
13CE
090B
01E2
F9C4
FF05
FE93
FCA9
FD2B
0274
084F
FDAF
FF62
FDDF
0753
0AD2
FE72
052E
FB2E
FFD7
08BB
01FE
00F1
017C
02D6
0433
FFED
F70F
054A
055D
0427
02B2
FEA7
FFEA
0000
FDB4
FF97
0007
0353
0386
00AD
FD0F
FE7F
02AF
00CE
FD9B
FFF6
002B
01FB
0319
010B
FCE9
F958
FFAD
03EA
FCCE
FAE4
083C
0177
FFF4
0060
FD58
F1AD
0177
FCC6
F63C
0EA7
FA88
0263
FF29
0A77
08B0
F9E6
FCAB
048B
0305
F691
FDD9
FCD7
0439
FFBE
FFDB
0294
FD6F
0406
0165
0196
FFF8
010A
0210
FF40
018A
0219
FF3D
FDEE
FE8F
FEAB
FD09
FE10
003C
FB2E
FF9A
015A
FCEE
FF38
FCA4
FE0C
FD3D
0434
094B
FEAF
F72F
0589
0378
05A2
021A
FD5F
093B
02AB
0923
045B
03AA
FD2D
F4AD
04A3
FB0C
02A8
FE70
01A1
FFF4
042C
0081
FF8C
FD25
FC86
0428
00DF
FD6A
FD66
0111
FF37
0077
FF69
0095
01F6
005C
040A
0686
0275
FBFB
FEBB
F9EF
FF13
0184
0386
192E
FF62
016F
06C8
0949
0454
F5E6
1129
0269
FEB0
F40E
01BD
0E69
023F
FD32
FD6C
109D
F588
FB60
F812
1278
17D7
FBD5
FEC0
FE6B
0650
FEDD
0405
0147
FF90
FCFB
FBE5
04D9
0138
FD09
FA7C
0203
022B
FC51
043A
002A
FB4C
06BF
009C
FDC7
FF67
007D
FC65
FBE3
FCC1
F8D1
FBA8
F8C6
04F5
0122
F8D0
FC57
FDC1
0035
FD0D
FD94
006F
0319
FA49
F97B
F81A
030E
0572
FC42
0306
0309
FDAE
FFF2
F7CF
039B
FFEB
00CF
0011
0186
02D9
F959
FF2F
0008
FDED
FB9C
FD55
FF77
FD1E
0207
06EC
FF8E
01B0
FEF0
020C
FCF9
F9B0
00E9
FDEA
0A8D
119B
110B
EC96
ECE0
00D1
06EE
04EF
F6A0
EF93
057C
0B8E
F191
0018
07BF
F6B9
0FB2
FB4B
0D29
07C7
FF68
F8D3
F740
EFA1
0D6E
FBDC
F581
FCD9
04E2
0158
FEC2
03A8
FBDC
0252
F946
FF0B
0013
FFCB
0543
04D0
FE7A
0380
01C5
FDFC
FCBB
FD08
0523
0344
01B5
FB98
0429
029E
FE72
02FE
FDDA
00CF
04FD
FDEF
FDB6
023A
FF0D
FFC1
FC70
FD61
05B0
0110
04B5
FF1F
FD9B
02B5
F6A7
005F
00B8
053F
0309
08D7
0044
F7DD
03B1
FE12
0542
0205
FF75
0936
FB13
FBF8
FDDA
FFC9
04BB
FBCE
062E
001C
08AF
FC5A
050A
0002
FEAC
F6C2
F8F9
08A6
FECC
FCBE
0A37
0964
0146
FAD6
FBB4
0060
FF50
01E2
FA8C
028E
0775
FC2B
FA42
F2E4
02CD
FC37
FFBF
FA3E
E553
F9C6
EB01
FE70
13D7
FC40
FF65
00AC
FE38
FF59
FEBC
01F8
063C
FE3C
FD74
FEE3
FEF0
0071
FC28
F9C9
FBEA
009E
00DD
0084
FF16
FEFE
02F8
0025
FDD2
FB9C
FDDF
FC0B
0429
0073
04C3
FAF2
FEBD
FDE3
FE8A
0183
0162
0159
0108
01FC
FB20
FC49
FF28
FCB0
00D0
00D6
FA6E
0128
0020
03FD
FC49
FE93
FD16
FB0D
0269
FDF4
063E
0146
FC70
008C
0198
0055
030C
0358
0176
FD39
FD20
FFB2
007A
04A9
0971
FF55
FB55
FFA4
F8D1
FB5F
028A
FA9E
FC60
032E
02FB
0182
03B9
00F6
FF20
00FA
FD30
03B1
0028
05EE
0388
0218
0397
FEA5
0190
FD8D
FB19
067E
FEDB
FCC9
0230
009C
FE09
07FB
FFAB
0685
F73F
FDC9
09BF
07BF
0381
022A
FEAA
F960
FD0E
07D5
09B3
1366
07E6
F7C7
0DD9
01D8
0408
0935
FA11
FCA2
025E
01C5
FF79
02A2
FF79
F8C3
FC15
FF83
000A
0122
FE1D
00F8
02EA
FF72
0257
FC59
FDE0
034A
01E6
FB9C
0272
FCCB
FB2B
FD0A
FBEA
1887
0A7F
11D0
0A6F
135A
F402
ED41
FA8F
029A
F094
F546
087F
0367
0CC5
FFBF
FE57
0A9E
07F0
FDB1
F50E
045B
01F5
057E
0F6C
0278
FE01
1144
E8ED
0863
0F16
0057
0726
F765
084E
F8C2
0722
03F7
F82A
FD81
FA33
07AD
0DF0
07E4
0B13
FF3D
0484
FB06
FFB8
0798
005F
FD72
FA3B
0412
FE0B
FD8A
FC5D
F9B2
02CF
0230
03B5
FE5A
0009
FDC9
0BA1
00A4
FD53
0246
FADC
FF14
0142
01CE
03B3
0606
FA86
FB2F
0554
0502
0107
03C9
0604
FA44
0597
FB7D
FB1C
FABB
FA03
F813
F8ED
FF84
0482
0251
03D7
FCEA
FB2F
F9CA
04D9
09A8
07AF
05B2
02FA
F9ED
002F
00A9
04BC
FB49
F6B5
03B5
0411
052E
FAA9
FD4C
FA8F
FA8B
03C4
032E
FEAA
FC53
FC50
FA99
0005
082C
0964
03F7
04D3
040E
FF67
FCD7
02F9
0374
FFAA
FDA6
002D
0488
0125
FFCC
058F
FECC
F8D6
0506
083A
0432
FE08
F897
F9FC
0191
0314
071F
03F4
054C
FF3B
0CB0
070A
0EA2
0378
FC87
FDBD
F28A
EEC5
EEE4
F8ED
FB7C
F669
FF40
FE99
08C3
0288
FDA9
019A
0697
0237
F588
F462
F59F
FEE4
0A96
F4F2
0067
0942
00E0
019F
F8EA
F9AA
036A
04DE
04C7
0270
02C4
F621
FAAE
F9AD
0E45
0AFD
FA31
022F
F397
FDB0
FEDB
06C4
0AD9
F910
F455
058B
045D
00B8
F4F1
F85B
FA37
FE56
0126
F8CD
F796
06CA
0A50
044E
049B
0618
FA38
0353
0215
02EF
009C
03D2
F8F6
0055
03F3
02DE
FD18
04D5
0578
07A2
028E
020E
0084
FFE6
0314
FC37
FB9D
FEEE
01A2
04EA
01AC
FD66
0071
01BD
FDC7
FFCF
FFB1
0295
030A
FF95
006B
FFAB
0314
0110
0570
FED5
032A
FD1C
0192
0594
FEC7
01DD
FCC2
FE53
021A
024F
0150
02BD
00E7
0161
02A1
03FB
0290
0395
FD78
FF4C
0488
0361
0356
F836
FA43
F8CA
01E6
032E
F9EC
0213
FA1A
FC49
0657
063C
00D0
FA81
FF59
041A
FE6B
0136
04F1
FF4F
FF8E
F9D6
059A
0088
FD1F
FD24
FE98
0829
FD8D
03BC
05B3
0025
FEDE
F94E
EFA3
FCE3
F8C1
FEA8
08B0
FD7E
FF44
07D3
F085
FF41
049C
FAD5
0801
F801
F607
FAD9
0454
FC77
0310
FBC5
FD71
FE85
FD14
0CEC
04BE
04BD
0328
FD4D
F992
FF80
0593
F2B3
FB39
FF55
FE69
0603
0068
0344
FF0E
F8E2
0667
0801
FCC6
F7BC
0513
011B
0477
F99F
0148
013B
FCA6
F8B7
073A
FB0C
0294
03C3
FA0A
FF46
0176
002F
06A0
0201
F953
0018
FF6A
FBD8
FCA5
FF2D
0268
FD7A
F495
FEC5
01A7
09B1
04C3
FC84
004E
0398
FA4A
0129
0886
0113
FBE9
FD44
F550
F9FB
F9A7
FF76
EF77
F7AB
FC2C
09BC
ED9C
031F
0169
FDDD
F9AD
EDA1
0EF0
0878
F1D9
020F
0A1C
FE83
02FA
014D
E58D
FF00
F9FB
FADA
03A3
EF19
F920
0090
FD54
FA33
FFDC
03F9
04A9
FB57
0009
0333
FB97
067C
01A1
FF01
00A7
0412
0010
00C2
FDBB
FA9B
FDF2
0102
FBD1
FF84
023A
FD81
06FE
FFDD
07A1
FED2
06CF
090E
00D4
034C
FB8C
F29F
09C3
0595
FB38
0564
0349
0426
FDCF
03A4
FDFE
0379
F9A2
02BB
FFEE
F597
0032
014C
02BA
0293
0589
0200
FF63
FB59
03CF
FEB7
F4D9
FEE2
FA1A
0363
026F
024B
0365
0127
FC85
0665
FF77
06D7
0767
0378
0008
056F
09FE
16A0
FED6
FD40
09F0
FE7E
08BD
F2EF
0034
F9BA
02D9
FECC
FD86
06C7
05FA
01DD
0C52
0F05
03F2
0969
027C
FE40
FAA2
03AF
041F
025F
04A1
05B7
FF51
F8BB
FE3D
FC08
0947
09F1
06E9
07B4
FCD8
0695
FBBC
00D4
18FE
0E20
084D
FB23
F7BB
0214
01F6
F64E
087C
F47C
01AC
FBF9
FB37
F7B0
0210
04E2
FEB1
039B
FB0B
0814
FFF0
FD02
0569
0371
0381
020A
0424
08CC
12BD
0D59
0A89
0488
F79B
0037
F802
0491
00D2
00FA
05A5
0351
0465
FC3B
FFD2
0A46
FF58
00AC
029F
FDB2
0334
04A6
0107
F51A
0134
0263
0212
026A
FC37
FD94
07B7
00EF
00A5
026F
FCD2
FDE8
0A73
031C
05F3
033B
06E3
F7BE
07E9
06F3
0763
13D6
01A6
025E
F6F3
02C1
05D2
F71E
09E8
FD60
08C0
0B25
FB03
F3ED
06C0
F6AE
FE52
0970
08DB
01AA
0584
FC97
FF87
015E
F4AA
010C
F8A2
E8A7
F70C
F5BA
FC04
F445
F63F
016A
FA41
FA01
F95E
02CF
03D3
04B4
F778
F4F6
02D2
040F
03E3
00F7
FE46
06B6
FF52
FE4B
F4E8
0079
FDEC
FF25
FE88
F591
0B0F
02C3
01DA
F5DA
FD38
0952
0F42
0386
0A5D
0415
105C
056B
02E5
0612
FA08
05AA
04CF
03A3
0648
0B22
FF45
FA8D
11C9
06C4
100C
0DBB
062A
FCA9
0627
0A71
FB1D
F643
078C
1366
FC0D
F5B2
0E1C
047A
04DB
00D5
02CF
030E
FD9F
FA49
02CB
0E21
F9B6
0724
FCD2
0045
0D63
06B0
0330
FF0F
F741
0490
158B
02D0
0E43
0AFC
0714
EAB5
078E
0513
090A
022C
0377
0B50
FF78
05F5
01DD
05FF
09DD
00F8
03DF
09D4
003D
04A3
006E
FDD0
02F7
FCD4
0135
FAB1
F864
F062
F9B2
FD2E
039C
0E58
0465
003D
F7D2
F388
039F
0814
0402
05DA
F878
FF70
0945
091B
FDDC
0CBD
F1E5
F955
04A0
0AE6
0622
FD3B
014F
0359
0679
1098
0BB2
F7C0
05E4
0590
03D5
FFAD
063E
FCA1
11D8
062E
005E
0214
059D
1A0A
02DF
FD14
F40E
FC08
1357
0804
F972
FA92
01D6
020E
04C7
FAE0
F710
0BF1
FCA8
0A2C
00EC
FD5F
127C
F5D4
002D
041C
0502
0429
FB18
0669
F22B
0664
FEEA
0223
0BC2
03FA
F37A
04C2
09DE
05E4
FCF9
FCC2
059C
0499
FA26
005F
FD58
051B
09D5
022F
047F
FD7C
F9D5
0C2F
0131
0211
0308
FA6F
048B
0BF0
0A9E
037F
048A
036F
FDC3
0237
018B
FFCF
FA46
F7E6
F8C6
FA22
FE57
FF38
F9FF
FBA7
F973
01C5
05D5
051A
0133
FF0E
FBDD
FC00
144F
FC12
0110
050D
F3A5
0C77
FE34
019D
FE83
0A13
0B05
FE09
F9BB
FA2F
0FB7
FFA8
F818
022F
FFDF
0BC8
0379
F8A3
0BFC
0B6E
FB58
0116
090D
0BBF
098F
F77C
FD40
001B
F578
F514
019D
0134
F31A
FC73
0779
0F96
17C8
FD62
F6B0
1435
FC39
FD0B
FF90
F11F
0675
FD3E
0031
FF93
F6BE
F778
F40D
07BF
0BB1
F575
F185
F98B
F2D8
F667
05E2
FBBA
0C10
019F
F24C
FE01
06B1
FABD
FE1E
09AC
F70C
FE27
F524
FD5F
F45E
0BA7
0024
0A77
FC22
EAA5
02F6
06B5
0600
0580
F3D8
F66B
08F3
055D
0B34
F800
FE10
09F9
04E7
0218
FFE6
FDB7
04FE
F30B
FF7B
0F3F
FEDD
F4FA
FF09
F4C9
0598
0691
0DEF
0475
FBB1
008F
018D
0DA2
07F5
FFFE
FDB7
FDDF
F66C
00DC
FDD8
0207
1322
F9A1
FD70
01A9
00E6
F6AB
0C48
F54B
0222
032F
F90C
FE00
F581
FC8D
0D77
EC4F
F70D
037E
03D8
0D0A
FC99
030F
0134
0F29
FD5A
F971
02C9
048D
09CC
FD99
FB0B
0F90
07F2
0296
F106
0A69
0A8D
FD6E
F8B8
F97F
0683
0136
FF92
F888
0CBD
1684
0BD2
F8BB
FC44
FCF6
FB90
08F6
0AD1
0833
FE34
F149
F6F1
1310
02A3
0127
FDEA
F488
0C24
0360
FD03
FEA0
FEFF
0647
06CC
012F
FC89
FD16
170A
0C2B
F30A
003B
011E
F8D9
FBEE
014A
F606
023D
0E8F
0756
FABC
EF82
0132
1523
02E9
F184
FAF6
0ED2
014D
0343
0161
FC82
0822
E194
0425
050A
F238
F14E
00CC
04B1
08C7
F650
0071
FBF4
0112
06F2
FFC4
FDF4
FDF4
FB87
F6B0
FF3D
01D4
0160
F94C
F5C8
FCCD
02F2
0254
FFB4
F988
FFD3
0401
FA28
F98E
0820
0197
0F39
F772
FED2
081E
097B
032D
FEF2
F7FB
0575
1563
F961
04CC
FCB8
04E6
0B9F
F89C
0DBE
FEF5
EBBF
FF0E
FF7B
0029
0792
FD7A
FE64
0572
030A
057D
FCD9
FAD9
F846
0105
0251
FAEB
008A
FE5D
0018
FC57
FC3B
01FC
04FD
0297
FD22
FB73
01F5
F7EC
FDA0
036F
087F
F8D0
EFD2
001A
FAF5
0731
FC1F
FFC4
FEFA
F948
FB24
0E2D
109F
FE48
FF6A
FB6D
0C56
0503
FB27
04FA
0582
0092
0507
FDEA
0842
089D
FD31
FAA6
026E
FC16
0580
FFC0
FA2D
FEE3
FBE8
F9F0
03CD
0071
039D
0344
0403
08DD
0A14
0467
F9C6
F631
0806
FCA0
00FD
027B
EAB3
F70D
081D
FB47
EC75
FB90
00B0
0F8F
EE73
F138
0854
055F
07B9
EA6B
07F0
07BE
F631
0174
0B8B
F8CB
14AD
F71F
FF13
054D
0932
F83E
F418
0ECD
0332
FC71
FF4B
F83E
0507
06BE
097D
0D69
FA5C
FD27
0315
0CFB
099A
012A
005E
F9D1
026D
01D7
FABC
FDEC
FBC4
02B0
0A51
00E7
F480
0419
018D
FC8D
F726
00DA
07B4
00F5
001C
F8FB
FA55
FB55
FD11
F64F
03C3
F7AD
F4DD
FCDC
FA47
0216
F860
00DC
0BF0
0081
010F
FB9C
0835
03E5
F8E1
FBB6
03DF
07DD
03FC
FC3A
FF44
F633
0D2D
FFEC
0793
06F8
0655
02B8
FF86
01D9
0779
073B
FBDD
0BC8
0455
06AC
F5B1
FB6D
F1DA
041D
01A3
E883
0449
F4C7
FCDB
16C2
F9BB
FF30
01EF
F7E7
0736
FFEC
F83C
0243
02C0
02C8
FE87
FEE4
F53D
FDF0
0492
0CE4
F93D
09A9
02F0
F4C6
FD35
FEC1
03F4
01C2
07B8
041E
0623
FEE4
08D3
04A8
06B1
FF63
07B1
035C
F810
FE10
0258
0BEE
0581
FAEA
FE38
FCE1
0308
03A5
0513
FB97
03CD
F6A0
03C2
07A1
00C8
01AA
FC04
05F4
029E
02A1
FAC0
02A4
0838
FC67
07B1
EE74
0326
FE70
01A4
0C58
F6F2
0B36
0092
0633
FEBB
00A4
0C33
0416
067C
FBD2
FE7B
084D
01B8
0754
FAAA
0E69
FAF2
F390
1094
F96C
FD56
FCE8
0E96
0785
014C
060C
01D3
02C4
02CA
0DEB
F213
F264
F3F2
F7DF
FB7E
155A
0BA0
FF6D
FDC1
FFBA
FDC1
0D20
0C2F
151E
0436
FD98
FB3C
FBEF
06D4
03AD
FA5F
002B
FCC8
FA9D
02DA
FADA
FF8E
02A2
06C3
006A
FE6F
FABC
0420
078A
F608
09E4
F979
FDBD
FE86
F35B
F15B
FE07
FE97
0268
F8A1
FF8C
03B1
FF1D
01BA
FCB5
0040
04A5
0661
011E
08DF
0768
051E
01C8
FEC5
FB4B
02DE
FFD9
0185
FEA4
FA6F
0BB4
09AA
0427
083A
083E
02C6
FF91
F979
FC46
FF3A
014C
0322
0507
0420
FA21
087F
0CFE
0509
098C
F80C
FFAE
F7BC
FCFC
09CF
F9DE
FD02
0365
0916
04E7
F7F1
FE82
FE46
FAAB
FE2B
01DB
FE8B
009D
02E3
F6E9
FBA2
F5F1
F9FA
FC90
FD04
FE8E
FBC2
F911
ED95
F957
0974
FA90
FDE5
0308
F3DC
F075
FD61
F314
FB6A
FEB4
03DC
FE22
FA71
0451
1265
097D
F8A3
06CF
0822
07F2
161A
04DF
1C4D
245C
0B54
069E
FBAD
FDA9
0B8B
F966
F572
FCA3
FB62
0B4B
007C
0392
09E1
FA81
FD74
00B1
051A
0D49
07AD
FB57
073E
0243
029E
FE4A
FDBD
03F1
FEC4
04F5
10AA
0DB5
07CD
0D7E
001B
0ED0
F8BB
F1F2
F077
05E5
177C
F5A3
0110
03D8
08D4
1071
1207
F5E3
08A6
FDF4
074E
FF1A
FBC2
FE3D
1F06
03C1
0265
FE82
FFA2
0A57
F061
04FB
0680
0F74
F68F
EE16
1301
0E88
12DE
0F25
0256
1657
0CEF
EEFD
1408
F963
0564
0E22
FEA2
FFB6
0334
F28E
F45F
0808
0369
07B1
F68A
F72E
065B
FC88
06EC
0BB0
01D6
FC6C
FB23
012E
FD84
0FCF
F8C6
04B6
02C1
FA1F
FE7D
FCAB
FF53
0824
FBAA
F25C
FA90
066B
0C67
F45D
F64A
03B7
038D
001C
00FF
08CF
F9A5
11F0
00A1
FF83
0340
F9C6
0663
FD5C
FC1B
FD7F
018F
FBD9
F229
0213
FEC4
03E9
FA73
0BB4
04D5
FF8F
FDAB
FCA5
0CE0
F4B4
06A2
FE30
FC3B
FF8E
F9E2
0174
0120
FAC8
06E3
FBF9
05BD
FCB6
0550
10A7
0734
0B6B
075A
FCB1
078D
10AF
FF8E
0138
EF36
F9EE
020E
025A
045F
FAB2
F314
F85E
091A
0324
0AC9
0581
0720
0421
0C00
E009
0C1D
0C3F
F8D1
034B
EF00
F2A2
F9B6
0266
0B76
073E
1A26
0A67
FFE2
02CD
0A79
016A
F80B
FE9E
0190
EB30
F0A0
F87C
FF85
F820
0534
0685
120E
FD30
0BAD
00EE
1324
0A87
FEA8
0721
FE46
07FD
F9BA
03C4
056E
FB10
0104
0322
030F
00A0
0287
0414
F855
016F
FD50
0D00
0093
F651
00F3
FF32
0172
FCF0
DDEB
0438
0543
1D39
0F30
E5D4
E653
0047
0678
029D
017D
EC89
FBE1
0A37
F897
FEA9
09E5
091C
0751
FE8A
029A
053F
009B
02B0
0178
FE81
FCEF
F723
F8A0
06F4
05EC
FE04
FE83
FDC2
0E43
FDCB
FC76
FEF9
0349
0781
045B
FF58
0382
FADF
FE8A
0D76
038A
0958
FF50
F10D
FE99
FC51
0644
00F2
F3E6
F2C1
F7EE
0622
02D9
FF00
FB9D
F21E
050B
092B
06FC
FF1E
F31E
00FF
0903
0DDD
0628
FDE5
08CA
FF26
039F
1078
FF2F
0325
0847
1263
0B5F
0A71
0875
0AE7
065A
02A0
0677
05B5
097C
0C01
0280
01AB
FA10
00DF
0173
078D
FDE7
F46E
0305
01FA
0FAF
FD25
E81E
F8FD
F745
072E
0208
FA45
0724
0233
04B3
0804
FE22
01F8
0564
001D
08D5
0288
0541
FF9C
F751
0169
FF4A
0286
06AF
FD70
F95B
09CA
094D
0964
0F82
0009
FCCD
007E
01D1
FA72
0013
F198
F53B
F500
EFAC
F331
F224
FCEF
F926
0297
03B9
066C
FDEC
FC6B
F984
FBFE
0124
0290
03EA
FB6F
0CED
FFA2
07B5
026E
FB64
0572
05B7
0366
0986
F811
04B4
F88C
F211
07DF
01A6
F9BA
0272
FDE5
ED11
01D8
0A43
F5C3
0450
ECCD
FFCB
11F3
0112
FF2F
0A48
060D
060B
08C7
F47B
F880
FF87
FDDD
089B
F9B0
0968
1311
F97D
1ADF
02D8
049B
0B97
F7E9
E85C
0116
04DD
1F1B
19BD
D1E2
00D6
025C
09DE
0B76
EFD3
0348
0B06
F9ED
F51F
E9F6
00D8
03C1
F13B
F4BE
FEB9
023E
FA55
06AC
095F
FC74
0F17
F56E
FCA6
0BB6
0B63
0553
F5D0
FEA4
00FA
06FF
08F7
06AA
07CA
0039
0506
084D
FCF5
FE3B
0347
02C3
F95B
F807
070D
FD76
FAC1
F7D3
F3C3
077F
02F6
F18E
0AB6
03C9
F56D
053D
FE43
F8D8
0A69
FAA5
034C
0638
008D
FEAC
FC90
04F8
06A2
0293
001F
F00E
F8E6
01A8
FC90
0505
0599
FA71
FE37
FD7D
04EC
0B44
FAA8
F9B4
F73F
FD0D
0FEE
061A
FDD0
FC0A
07D5
0989
03BE
FDF3
042E
F3F2
F9BC
1114
0D1E
17BC
020D
FA6B
0D8B
0E60
09F9
0F2B
F156
1051
088F
FC45
0309
FA97
2136
F363
0CF4
F2A7
0839
0A55
FF55
10BA
F91D
026C
045B
0229
0B8D
03F0
ECBC
0170
1259
0BFC
0F90
FBDE
FE6A
04EE
F8CC
05F3
0E55
0917
0B43
0BF7
F83F
FC9A
04B3
FFEC
052A
FA17
044D
0297
FBC4
F597
0574
0926
FE2F
0363
061F
07F6
FE15
FCBD
0624
0A38
1215
F69F
031F
0E9A
F3F0
F9D8
FE2B
FF28
0242
F29C
125B
FB4A
FEF2
07CA
EE34
06C3
FA0B
FC04
FCB7
EF78
00AD
F9FD
FE40
FFBA
0698
FA39
F833
0229
02C3
FD62
FFBA
F9F1
F9B0
0226
FD33
FE22
036F
0313
001A
055D
FC8D
034D
031D
01CC
FC0C
FDBD
FDEB
03A1
0317
FCCF
0002
FB4A
FD52
FE37
F75D
F9B9
FB7D
F95A
F418
001E
00CD
01E8
04E3
059F
018E
FFA3
0445
021C
00B2
FE56
FE22
0128
003B
0355
01FE
FD55
0348
FC8B
FFE2
FCA1
FA18
FB5C
F98B
0070
059F
FDAC
FD00
FAF9
FED7
FC8B
FF03
043B
0367
05FC
F861
FFBD
FFCE
FFB3
089E
FC57
FF0E
01F3
0068
FE8B
03CA
FA4A
0134
FBBD
FF71
FC3D
FDEF
00F7
016D
FC26
01AE
0270
05D8
052E
02E8
FE47
FDD8
02E4
FEE1
00F5
0067
FE82
02B4
FD64
FF44
FCE8
FE27
0073
05ED
062A
FD52
FD24
0554
05F3
F57C
FF61
FD83
FCDE
044D
FB3A
FB7E
FF4F
02C4
036D
0345
0082
FE25
037F
0255
01CA
FD66
F7DE
FCD3
FC91
FF45
FC75
0197
0903
02B0
FF2B
FF77
FEB9
0C43
0330
01C1
FEA9
0328
05DE
06BF
0486
F7BA
FA3A
FEBD
FA52
FEE8
0188
FFDB
FFE1
FFF4
FFB1
06F3
FF99
FF61
00A6
003B
FC6E
FEB3
01FA
FE5A
FD40
04D8
0205
0388
FFBC
FBF2
0993
0B37
0663
0330
0397
F7E5
F3ED
FF55
FBDC
FBC2
F781
0741
0E9E
03AE
FC47
FE8A
0947
022B
FF98
FD6F
E466
FF28
053E
0307
090B
F4C4
0109
FE32
0769
062B
FFAE
0778
0693
FF77
F8D1
FB46
FEC4
0059
01E0
FB7A
0055
FD5F
0329
05AF
00D7
FAAF
FE24
02A8
FDF1
FDFD
0361
05F5
FEF1
FAC1
030D
00B7
FE90
00C7
03F2
00F9
FA01
F934
FF42
003F
FF24
FC3E
FEAB
01A0
0390
0293
FF39
014E
FE6C
006B
FF0D
FBD1
FDE5
FBDB
0013
0146
00AE
FEB9
01BA
01D9
00CB
0085
018C
06E6
0552
072C
0554
09B4
0744
0805
0564
02D4
06E3
030A
02E8
0558
03C7
018B
03FC
013E
02F2
0DD0
FD5A
FD35
0A58
0CA6
0141
F5DE
FF6E
01EA
FEC1
FD9A
03D7
FA2A
FEEB
FE7B
EED9
0617
F2B9
FDFD
04DB
F487
107A
0999
04B1
FBE9
FE15
0025
FD2E
F9EB
EEAC
073B
FEB0
FD78
0388
F930
FFEE
FE75
FA9C
0478
F838
038A
0691
024C
06E2
019C
0404
0900
14B6
0D53
04AE
077F
FF3E
FCD1
FC7E
0626
FAA8
FDAE
FEB3
0431
FD4D
04C1
01D6
FC3B
FD20
FA5D
045A
011D
FA6A
0444
FFDE
FF1C
FE12
0770
07A5
03D5
FE97
FFDD
FA96
FD32
F9C9
FBFE
000D
F964
FDA4
FEE6
FB95
FF10
FE2C
FDA4
FD94
017C
FF68
037A
FD1B
F94B
0142
FEA3
FF15
01AE
F7FD
0286
03EE
0414
0105
FFDA
FD95
FE7F
02A3
04C4
FBE1
044B
0242
01D9
0574
FEA7
FF22
0485
019C
0336
01E0
FEB1
0685
FEF3
02F3
011B
FE75
FCAA
FBDB
01CD
FC14
03E6
FE0B
FBBA
FE0D
00E9
013F
FF31
01F7
0177
FF5A
018F
FE53
FF05
004E
FFF3
FD2F
FE93
FE1A
00CE
0099
0C10
00AF
FC0D
06DB
0CF0
008D
FB7C
FC41
FF37
01EA
FFD8
02DD
FBF4
01F5
F69A
0620
029E
0059
0246
FBA6
02BC
0671
FE1C
FFB6
FFF4
0018
0536
005F
F761
F8FD
0620
07EA
0180
026A
FF79
00D4
FDB4
FC5C
0424
0AEB
FA31
FBD3
FD19
FA25
F8EA
FA66
F928
F78E
FA2C
FAF3
FEB1
00AD
0172
0692
F95F
FD60
FC9D
FDC8
0434
FF39
FC1A
0108
FE5A
023F
FDBB
FD29
FE1A
FFDA
FDD1
FD69
FDD4
FDD6
0285
FB0E
FC61
FE9F
0284
01C6
0053
FDC7
007B
044F
0707
FFD4
FE9C
0589
07A0
065A
00F9
FF8B
026C
0221
0228
0171
0111
01DA
0197
039A
008D
FE34
03A1
037C
00A4
036F
0222
03B7
0663
0439
0341
078F
FFA8
0467
03EA
FFC0
F61F
0529
0967
0759
0A0C
F22B
0902
0776
FB9B
03B6
0C5D
FF27
FD6F
012C
009D
FE7D
FE41
0449
07C2
04A6
0498
0028
03EE
04C3
0705
00BB
01D5
020D
0292
0157
FF03
01C4
FDAE
04F8
0390
0024
0065
0106
0155
07F8
025E
03F2
039A
FFE1
0213
0275
FF7C
0562
FC6F
FB5A
057C
0169
064D
0135
FEA0
000D
0183
0117
01CE
FB5F
011B
0259
02A1
FD46
FFDA
0199
0164
034C
06B9
FF8D
039C
FFFD
00BF
014B
FD6F
FE04
FB89
FF5A
FC2C
003D
015F
FF3A
006A
FC3A
026D
058F
FE29
0A50
00CD
0082
FC03
FE60
0071
06E4
00B4
F69D
0A1F
FF72
FEA5
FE98
072C
FC66
FD94
FF1F
FAE8
0046
010E
016B
09FF
F788
F8B7
0067
032D
0120
008C
FCEF
024E
FFCD
FDF5
00D8
FCAB
012A
011A
046A
0375
0386
FE0B
0214
0277
008F
FEF8
FF80
0191
FF0D
0029
FF62
FDD6
FADD
FAD3
FEB6
FFD8
0011
FA9F
00DD
0027
FBDC
029B
FBF2
FA3B
0111
FD17
0622
033A
0335
01A4
039D
019B
03A4
014E
FE89
0002
030F
03EA
0595
FF2F
FF45
0441
056E
01EE
031C
04D5
014C
FD0C
FD98
FAD3
FEF5
FFF7
FACB
00D3
006F
FCB8
FD6F
0285
0635
FDEE
00C7
13AA
05A8
0412
FB9D
03E7
12BC
0968
149A
0257
FA12
02C6
05AF
0AB1
F9E7
E5CF
0D9F
0C80
0522
0149
FDF6
02F4
1070
06DC
0BF5
07DA
00DA
0354
FC10
FC80
05AC
0110
FCCA
FC58
FD6C
0166
01CD
018E
FEDD
0505
02DB
FD98
FE2B
022D
FFBF
FF43
0147
0327
FC1E
FE5D
FCB3
0169
0293
0585
FEBF
FE1E
0099
01C7
FF32
FFD8
03D3
01E2
0266
02FC
0008
015C
FE2B
015B
043E
0288
FC30
019E
02AB
02B4
FD6D
0447
FC1E
FCE4
FA85
FA81
FDBA
05F0
0194
06AD
01FA
F904
FDD9
F3CB
0526
FF5D
FC6B
FDA8
FD77
05BF
0577
FAC4
FEE6
FB55
FE51
FF63
0321
F6A1
FDCA
0353
0765
0441
FE8D
040C
0B3D
0C8B
06E2
FA03
031E
0805
FA8A
FD5C
F80A
F81B
FFF2
FF9D
FD08
0608
FBC8
FB72
FD6D
01F9
FEEF
0013
FE72
FD60
FBAF
00BE
01B8
008E
FF1C
FC94
009A
FF16
038C
04C6
004A
0197
0604
FDEF
FFD3
FED0
FE27
FF73
FF6D
FD8C
FB80
FF62
FF42
026D
FFFE
023D
FD92
FE07
FF22
0489
0246
FE33
02C2
02F5
0004
03F0
FF80
02F6
043B
FDF4
FF5D
FDEC
FCEA
FD3F
FFB0
FAF9
FD8E
FC3F
078E
0888
F948
FB9B
FB12
FEFB
FE89
FD76
FC2F
F728
0216
0561
030E
FFB4
F5C0
00CF
FF64
00EF
FFCF
FE04
0104
008C
0070
012A
FE74
0116
02E6
FE62
FEF3
01E8
00C8
02B1
0263
F96F
0081
02E7
FE45
FD4D
04BC
0433
00A3
0295
FB49
FC90
FDF7
FE2A
005B
FD4A
FA31
FAC4
F9E0
F3DB
FF74
FDD5
0369
0783
0171
082C
0358
0B55
04C6
0238
03E6
F91D
FAB7
F7A0
FBCB
FB8A
F878
F4C1
0087
01EB
F9BB
015C
04AE
0142
02E6
FFF1
FDC1
FD2A
FF66
FDAA
0077
FED3
FBA7
0139
FF25
FF37
FEC0
FEF3
019A
017B
00E2
FBA9
FD54
02A7
FD2A
FCF9
E841
F6E6
FA63
DF04
FADE
F3F9
08A1
06ED
FF9F
FCCF
F609
FE47
FA0E
F12E
0DE2
F70D
FEA7
FA6D
0036
FF58
0718
0969
FBFF
F948
F9E6
012C
0132
FFED
F062
F92F
F85B
F951
FF4D
03ED
0217
EB60
FFDC
145D
FA3D
FC13
F47B
053F
0835
047C
FE26
005C
FEA0
F271
06D9
0D21
FCE0
04BD
FC97
FDFA
00EC
FC36
FA73
FD90
FF60
FD5B
FD70
FC78
04EC
071E
0225
FDC0
0320
069E
031C
0363
FB56
0038
FD5A
00DF
02FE
0034
F750
075C
01C2
FD1B
F9F4
FF25
0269
00B3
FCFF
FFCD
FC96
00FE
0628
0625
F950
F84F
FF40
FFA9
FFAF
F7F3
FD39
FCF2
FF34
045C
0026
FD86
FBD7
FC07
FAAD
FFCA
01A5
0537
FE75
FE69
FED4
014D
04ED
02C6
043F
01E6
FF6F
FEFF
FF07
031F
FD67
0173
FEE6
0098
FFCD
FDC9
FCE7
FF0F
FBEC
0245
FC0F
02E2
05FB
028E
004B
FEC8
0353
FFF8
FEF4
01B3
035D
0367
FD06
00C3
03FC
00B1
FD42
FD44
FCBE
FFA4
0BAA
F216
F6C2
F1E6
EC82
0012
FF9D
078E
09AC
016D
FEF5
05CA
09DE
07A3
05AD
FB0B
F816
012D
FD97
FD7F
00CB
FA5E
FEC6
FEAC
021C
FE0C
F434
FF11
0578
FCEF
FA57
FB60
08ED
0775
090B
0088
00A8
0099
02FB
0753
FF97
FA7A
0202
FC50
FE45
0015
FC19
FC2D
F9D3
0403
0102
0288
03AD
FFF2
031D
01D3
074A
097A
0AC9
047E
0014
07D1
0190
0224
02B8
FC81
0185
FACF
FC09
FA57
FCE3
086F
052F
FEB2
0054
FA34
04EA
0034
FE3F
011C
0046
04D6
04CA
0358
0480
FC9B
FE53
FC87
0377
0318
01D4
04EA
008A
FA57
FB69
0048
0165
0321
022F
FFED
0046
064D
079D
07E9
05E0
014B
02FC
09B6
0645
06CC
0078
FF49
04CE
045B
069E
0070
0343
0810
030F
046E
00A1
FEBC
059E
00DD
FEF4
FF9A
059D
00F0
FCA1
FA8D
01C2
0061
027B
0363
FCCE
01ED
FFBB
025F
05D4
075A
FAFD
02C5
06B0
FF32
005A
011D
FF48
FCCA
0261
01DB
021B
0528
FD0A
0065
0438
0584
FD8F
0319
FFAF
029C
0100
FFFF
00C1
00CE
018C
017B
0690
0550
0012
FEC3
00DB
FF70
FB30
0410
02BF
FDE6
04C2
080E
FD42
043C
FC71
01AE
0322
FFD6
0829
FB42
005C
0510
FEDC
04EF
00E5
0743
001B
F836
FD3B
FB7E
F8BF
F8C8
F44B
F578
038E
05CB
FFFE
0283
FB50
0245
FC83
03BC
0199
0083
01E4
01F1
FE2A
FDD0
FD3F
02A2
FF3E
00C9
026E
05AE
01DF
043B
041A
00FE
0548
FE0D
FDE1
011C
0219
0063
061D
FD58
04A5
02FB
02EF
FFC5
00FD
FF13
FDF0
0301
0283
0446
0111
01EC
FEE7
0462
0042
02B7
0079
FC03
FA75
0313
09F6
F924
08CC
FDD1
06B5
0FD0
F37F
FCC6
F556
0496
1033
FEE6
F614
F8DB
06F5
02E5
F74D
E9CD
0109
0530
04CD
1128
FFAE
0051
FC5F
01A5
FD7C
FD7E
FC55
0117
03F3
FDB3
FC5E
0512
FEEF
055E
0179
01F4
FDFB
FFB7
FF6D
0247
FFE6
0423
01AB
01C6
0133
0278
FD33
04EC
0454
FC4D
0742
0335
0328
FFCB
FD73
02C9
0263
FF6D
02A9
FCD6
F8ED
01A7
0639
070E
0425
FF26
06A3
FE16
FD43
0789
0370
FEC1
01AC
0214
FDF7
029F
FAD1
0627
FB40
FD22
03D1
00E5
FE11
002B
FEDB
FA8D
00A0
01AA
0295
02D6
0105
FE77
FC90
FB73
FC26
FFA0
02BD
00C4
FB09
F785
F7ED
FCA1
F569
FD2D
FFB9
FA56
05F8
00BF
0CE8
0AC6
0062
0792
03BC
FBAE
F635
F979
096D
01F3
FD83
F3CC
05F4
02C4
032C
018E
0A34
02E9
07D2
FD9C
0169
05AA
0318
FD0D
FAAC
0254
079F
08B6
FD56
F95C
002C
F5B8
01D3
FAC9
FE29
01ED
F5D5
F5AC
06A1
05C4
FE93
FE83
01B2
FFEA
01C6
0280
009C
057F
FFDC
FBDE
FB5D
FC62
FA57
FB17
FBA6
03EB
F844
0151
FFE9
F813
06FB
0435
FE9E
FDD4
FEF8
FFAE
FFD6
FC87
F9CC
FDAF
0507
FE6F
FE2E
0341
031F
02DE
0589
05FC
01AE
0217
010C
F8CC
FAEB
F982
FF99
FD72
F8A5
FC8C
0967
076C
FE4C
FA34
F844
F646
FA33
0034
027B
024A
F9C4
FD11
033D
022D
FDA8
FF28
04C5
0993
0868
FFE7
F57C
0341
FF77
012A
08D9
0B8E
097D
0823
03DB
0FB9
0A9A
04D8
0052
0111
0002
041F
048B
FCCA
F59A
0A44
00CF
0138
0081
F6B0
03F9
F85F
02DF
038B
0324
FED3
F7A1
0267
039C
FD2B
070A
EB8F
FEDA
0739
0900
0038
FF30
08D5
005C
0891
0273
0DCB
021A
07D4
0649
03B3
05E2
F9FF
0474
FE5C
079B
EFCB
079E
FEDA
FF60
F290
09A8
0436
FBCE
03AE
0186
0250
F7B4
069C
05F2
0051
0DA7
F9E7
0489
F829
FAE5
0B06
090E
0812
03FC
FE24
FEF6
F1D8
F710
08BE
020B
082E
FEC5
00B0
064D
0853
023F
00D2
02A7
0285
05FA
019F
FF9E
03C6
FA97
FAC9
FCC7
FA70
FFF5
021F
04DF
FD18
07DF
0938
0C94
F7B7
FAD6
FF05
FE0A
0021
FFA5
FDCE
03CD
0030
05E5
FD7E
FCCA
FFF4
00B6
0386
F52A
0A90
0A72
0D9D
080E
03F3
1193
F3F8
FA85
07AA
0549
00DD
0534
07EE
0460
F5D5
02F0
0402
04E7
025D
0004
00FE
FFE1
025E
042F
F269
015F
FE0E
030D
02CF
FC82
0DE2
097C
0126
FCE0
F482
0F0C
0AF5
0960
FA7D
0172
08E0
FCF3
07CE
0788
0200
1ECF
FF76
03E6
09B7
034A
1B3E
0972
02E9
07E3
FD73
1EBA
FFF6
05A9
105F
00BB
0602
0393
02F3
FFBA
0014
03B5
0422
F883
0004
F2A0
0166
0C6B
03EE
0245
FD52
F721
00E0
0009
03C3
FDBF
F8A4
F490
0185
F9EA
F558
08BF
001D
05E4
0516
FFE8
F9AC
01DA
010C
F956
0717
FFB4
07E8
0691
0447
00DD
025A
072D
05AB
0292
FB36
FE5E
FD9B
FF8F
0910
0B14
EE14
EE93
E71C
04BA
0A61
F03A
EDD1
E8FB
FD89
0564
FCB3
FE57
0CD5
0819
02D2
0004
0A56
14A1
05E1
0558
14E6
E7D9
FAA5
EEFB
F912
FB2C
0281
11D6
F3A7
F2B7
0A74
03FE
0237
F6D4
E8A9
0948
FD68
17F0
F360
F222
137B
062C
FB2D
F354
F881
0051
FAA2
E86B
F460
0F7D
F2B5
02A4
F89A
F8E8
0E9D
FC6C
101D
048E
FBE2
01DA
F653
0129
FD79
F937
0892
0BAF
F733
F112
0735
F8E0
10C7
0052
F98C
F6BC
0228
FCD4
01E7
0494
F891
EF5C
F550
FD94
FBE0
0271
0313
0375
FF84
05C5
FDCC
00F0
FB43
04B5
0168
FAB0
08E4
F804
094C
09E4
036D
0248
F44D
057A
FE4A
ED7E
0AA9
FD2E
FB45
F334
F17F
2238
FDB8
F1E4
F744
FCEB
18C2
FB02
0E59
0263
FE35
FE03
FF13
F698
0755
0743
0079
0479
08F5
03BC
FFF3
0B9A
FCE2
FB04
F9F3
0012
04BF
0696
0022
FB22
06FA
0544
0175
FCC8
FB81
FB9C
003D
05B6
F86B
069A
FB56
02F4
FE94
01CA
0374
04E0
FD5A
FB6C
F7D1
060F
FC18
0323
FBC7
FCE9
00EF
F971
08C1
0320
0975
071B
FDF1
0C1E
FCCB
F250
FDF7
FFB6
FD74
F9E7
0542
078D
08FC
0268
057F
FBE0
FE61
FBA3
0459
FE22
FA3C
036D
F9C1
FD34
FC33
F94E
0613
F7C0
00DB
FC26
FE16
1130
FF4B
0D81
0FC7
06B5
10E5
FE13
FD1D
F850
FF68
06C1
00E4
EE58
FF93
03CC
FE1F
0BA6
FD46
1AB0
020C
FD4B
1702
06CB
FABF
099F
1096
F2D5
F9A9
FC08
0ABE
007B
F515
FB9F
005E
FCA0
FCBF
05A7
0144
113B
FF6D
0CEC
0DB1
0498
0505
00D6
FFC4
FFC6
0BA7
F9DA
FF1A
03D7
0743
0897
F86F
FE13
07E9
175D
0B6B
ED35
F1F3
07AB
0D22
FD71
F0F3
FBC6
0A40
062D
FF43
046E
04AE
038C
0709
0036
0F39
0B24
0AEA
ED2C
F61A
06CF
059B
0514
0783
FD66
05D1
E6B2
0B66
1E18
FD33
F18A
FF94
0632
EDCF
FB0A
09D3
014A
05AC
FD9C
09FC
F361
FE44
F0D7
F09E
0778
0992
059A
EDF0
FC86
05C4
0019
F7A6
F453
061D
04E0
FB8D
FDD9
05D7
0B95
0DE2
05FA
065E
0214
FF41
0986
F90C
00C8
0A74
FBDE
FAFB
FC8D
0328
FF46
F9BB
FB17
FD23
FE43
07DD
08E7
F9D5
F008
04F6
01D0
0438
077F
ED11
0C34
FBFA
FC90
0518
F687
FC6E
0207
01A1
0092
FE74
F36A
FB6C
0102
FE30
07DE
FB05
FB4B
06F9
0BD9
04DE
01B9
082F
F89D
092C
FA79
F3C3
0099
FE33
FC56
0D03
0120
FA86
0335
FF0D
F57B
FC47
06EA
FE8A
03BD
FB90
0655
0F26
0413
00BE
075D
044B
0400
03D4
0650
F226
FAF9
F960
070F
EEFF
F6E2
FD74
FEF3
FBF7
0684
03A3
0671
0F8E
FEC4
F747
0429
1522
0566
E3EC
0015
FA9B
01ED
03C2
0280
1035
FAE4
00E1
0D6B
FB59
FCB7
0737
FDD9
F401
F8BC
FCCF
0347
0156
FFE5
08B9
091D
0966
080B
0304
013C
03AE
FEC5
F7C1
F5FC
F9FA
FA5B
FD48
026F
FCB6
0344
094E
F98F
FB1F
FE28
00F4
FB6C
F7FD
0483
F578
FD81
FDC1
0DF0
FF89
FF63
F927
029F
F946
025B
01E3
F737
019E
F765
FFDB
FDCE
FC94
0276
0BA5
FF7F
FE05
090C
F6B4
F8C5
F6FF
0275
05C3
E32C
FA35
FB61
FDB6
08BC
EAA3
0CA7
F864
F637
0391
F913
065B
F423
F6F5
FE69
F05C
0FAE
FE2E
FFBD
FFC0
01A4
04A7
FDC1
FA0F
0256
F85D
F6DA
F48A
0961
FEA4
F58B
03A4
FD53
0926
0110
01F1
FEF6
023D
021D
FA9F
0943
F469
1586
0888
FFA4
01ED
0E28
05A9
F6F3
FC34
0251
089D
F5EE
FDD4
00F7
010C
0021
0DCE
FED2
FFB2
02B4
EC77
045C
FB81
FBD4
FC99
05BE
0D30
09BE
0496
1D9E
FD47
0230
FDDB
070F
070A
0368
F826
FA14
10CD
00E1
0134
F0A8
036C
01D5
F404
1667
0A2F
11CB
04D1
EFF2
10F3
0053
FBB4
03B8
04AD
05A6
034F
F8B1
FB6F
0091
060B
F738
06B5
0F88
0289
09E2
0630
01AB
FCDF
05CC
F6E5
F9A2
0170
FC9E
F79D
FAC1
01DC
0F0D
07C1
038D
FBB1
F782
FE75
FA65
043B
FE5F
FD8C
05B5
F743
FD38
FF08
015C
01CE
FCD3
03CF
04EA
FDDC
FE47
0090
FE52
F53B
09FA
FFCE
FFBD
FD02
FEA7
0549
FFFA
FC86
02A4
FB23
03FC
043F
0165
0385
0BD4
FAAE
FC71
0984
FD6A
FEDA
FFB3
0086
0229
FDFE
F5F7
F82E
F95D
FFFC
F5AF
FD61
FDCC
015D
0318
0F1F
FE3B
0011
F874
FCF1
1496
F450
0296
0F3E
04C1
0E34
FF3A
FEB6
04C8
0168
03FA
FE36
07E0
0664
F946
FCAB
084C
FD5B
F8F1
FEC0
FC0F
0AA5
FC70
0445
01C9
F638
F9CC
0427
F80B
0272
0396
068C
01D0
FEB0
01EC
0115
07A2
02A4
0A50
FB81
FC90
FBD4
F78E
03AD
0F3E
0052
FA2C
F2FC
0CE3
0077
FB85
FD1F
0A17
12D6
FFE5
03C0
F28D
F935
FE0F
00A1
0479
05E0
0141
018B
04C7
FAB7
0DAD
0BE4
FE67
F8DF
FA7F
02B2
067B
03B7
0590
071F
07C5
031E
06F6
0877
064A
FFDB
0074
FBCA
0172
FF3D
0199
1BCA
044C
0D24
06AC
07AB
F4B3
0999
FCD7
FB47
0983
08FB
FF0F
FCA5
FE38
FB11
F29E
0B7C
FD81
FE2E
019D
F841
0924
F979
0A4A
FBD3
F5C0
EF57
F8BC
028E
02FE
0CEC
1DA8
03D7
EE77
FC17
042F
2411
2814
03D4
F667
FC69
0EB6
0B2A
F57F
010A
0AF4
07AB
F917
EFE7
FF76
0A00
05E9
F7D1
FE3E
0C3D
0DB0
F42C
03FA
06AD
FDFC
0A4B
EF63
FE1D
0348
FE88
F2DB
F5D1
F91E
0315
FD6E
F4C9
08AD
05E9
078B
04CD
05D3
FEBB
02CD
F7F5
FCD8
0169
056B
0813
0E7D
0692
0419
FE2F
F7CD
0147
0D13
02B2
026F
08E4
0101
FE3C
FA8F
F9BC
0AAB
018D
06DB
0EBE
0241
FCCE
096D
EE97
0432
01B1
0670
069F
FF30
FA26
F87B
FE9F
09F4
05F9
14D9
0C47
F455
F5F8
00FE
FA0E
00AC
FDE3
FFBA
F7AF
03E3
158B
04CD
011E
F0BF
FD55
073C
048D
064A
F73B
E5A4
01F0
0695
0999
02BB
0313
0B1F
05AD
F145
FC55
0D8B
1090
051B
F460
09F0
1BA8
149D
127A
EC5F
0EDB
1908
13E4
0468
E971
023D
03D8
0C1D
FAF2
0F4B
0199
0552
065E
04A1
05A2
0251
005B
0151
00C7
018F
FC91
0DAF
0A82
01E7
F984
08F4
0C37
047E
022F
0660
0365
01B6
05BF
053D
056A
00E8
0277
FE88
FFA1
029B
078F
0544
FD8C
05DA
FD5F
F42A
0ABB
0431
03B2
F58B
01FE
F4AC
F6C0
F032
F895
05B6
F800
0AD1
EB8D
FA81
0A8A
FC68
0C90
0B67
1F63
0869
0427
F12C
14EC
F72D
0041
FBA9
FB0D
FAEB
FE9A
05FB
00F9
082B
05E9
01BD
0238
FEFE
0DBC
FB61
FEC9
F799
F5BE
00AB
FF7B
05F1
F573
F0BF
F8FC
FC8D
FB3C
F84D
F7EB
04F4
0ACE
0DBB
0793
FF56
F9D6
000E
073F
FC5C
F793
F90B
01F0
0717
03F1
FC7C
FA54
0024
066A
FE7E
0740
004D
FF81
0A6E
02DE
05FD
FCFC
F950
020A
FA10
0027
05D5
086C
F82D
F2E9
070F
F873
03B9
F1D2
0877
071D
FDFA
0867
0684
FD49
0461
FF7B
F96C
FBF5
14D8
F894
0C11
F77F
FBA4
0E8D
09CC
0628
FD4E
0286
FD7F
11F5
F96D
FF75
FCEA
009E
0E62
0164
F4AF
05E8
F6F6
FF9C
FF0A
EFD1
0292
0A1B
0774
F8E4
FE0A
0B39
01C0
0E55
FFC0
0837
F3DF
FCF6
0037
0661
FEEA
F0C2
1030
0F1C
0D0D
FFDD
EEC2
FB2E
0756
0517
0718
0129
0101
03A6
FCD5
05E8
FF2F
0E65
FEB2
F6FC
05DC
F7F6
FBD1
F2C7
FA9D
1498
0B82
FCAB
0653
0D56
F8D6
FB9F
0043
0194
FA20
0344
FFB0
F6EF
01F0
05C7
FE2E
FE69
058F
04CA
FBC1
FB4F
FF20
0859
06B7
05C8
064F
00B7
FA4E
FD9D
07A7
044D
0199
FFFF
F39A
FDC1
021E
FEA9
F827
037A
0C2E
0CDE
FDA4
FB7C
1427
0B60
0191
E5ED
FA05
0988
0C29
EE91
DBE9
FD43
0B25
0CF5
FD78
0AD8
F971
08AA
FF46
EF21
DD1D
0B92
0199
FD6D
F91E
06F2
0C0F
098F
0B38
10B4
0137
0E9D
FD18
FD0B
07E0
F3D3
F2CE
0140
F79F
F6E0
006A
F6F6
FDFD
FE49
01FE
0624
06DF
FAF1
0727
F3B2
E876
01DB
06D1
00F2
FE1F
F1CD
07C7
1639
0BF4
0DDD
FB44
0538
095E
F02C
F14B
FF9C
04E2
0256
0961
EFCC
FDD0
F743
FCBC
0C1A
0681
089B
ECBA
F2EB
0945
08E9
F80D
02A7
F976
F5D5
01AD
04FF
078B
00F4
FD59
0254
FDB9
089C
019D
07C2
01C4
FD49
03CC
0F94
10EE
0B62
0F2E
F6B1
1FDD
FE7B
FAF9
140E
EBE3
034E
ED37
FAB4
0893
F8F9
0095
F53A
0826
10D9
0940
F524
FC24
038A
F229
0C9B
0E03
EE18
022E
EFBB
EBDE
FE4B
0915
03C7
02B2
FB4C
FC2B
009D
05CB
0B2D
04BB
01C5
F917
FED6
03E1
097C
F306
FFB9
000E
00CF
0275
F960
F971
F611
FD30
084B
FE37
0114
F947
FEAD
05B7
FF0E
0210
FC93
09A1
03BB
FD26
0613
054A
F41D
0ABD
F5EE
FF16
0B7C
F91D
F965
FA48
FC5A
05A3
05CA
F6B1
0725
EFCC
0548
FF25
EEF6
0671
021B
FAC6
F73F
F097
FF8C
F905
0412
F980
0C49
FFB4
0CB2
0A9D
FB30
FBDB
0875
083C
0D33
06D1
0905
FDE7
095F
FE15
F887
079F
ECBF
FF89
ED63
FE90
FD1E
FD49
1721
F87B
F1A9
F638
F8CD
1013
04B6
0CD9
FCD7
0E9C
026D
FE5E
0BAC
FC28
F7F3
04D3
0DAF
F705
0DD2
E831
FE61
15FD
FDDA
FBD6
FB0D
FF78
00D8
FD0B
F5C4
014F
00B7
FF4D
F009
134D
1117
096B
FAEC
02B4
0653
FC54
F1C8
0125
F49B
040D
0614
01E2
08D4
E65A
151F
1324
1D40
0943
07C2
0795
FB0E
0544
15B4
FBA8
08C2
050D
1537
04E4
0D0E
FB95
F671
FE02
FC5C
04F9
0A0D
FB3F
F16A
F670
130B
0C00
FA19
FDD9
F8D8
FA43
03BD
FA8E
FD2B
0C34
03C9
F6AB
046E
1156
FD17
0417
FBA4
0137
0C22
FD5C
FDEA
0008
FDBE
121F
F9D5
05B0
F842
FE28
0DCB
FB7B
0AB2
F65E
FFB2
0247
0B35
10DC
0FF9
0299
F194
09B5
03E2
FE61
08E8
F2A1
0F1B
045B
018D
0C09
F216
1613
0FB3
04DB
F3ED
F777
0623
1A26
F21B
F589
0348
00BC
03D8
F727
085C
FD2D
00C6
F1DE
FFF4
0E19
0BBC
0896
F606
ED50
F6FA
FC43
EEE1
0CC3
F373
FD21
05D6
065E
094C
F6C9
1025
05AB
FC74
08D6
0740
00D6
EA29
F64F
0258
F60D
F4E2
F346
02E8
041D
E803
F34A
EEF8
F5EE
FB4E
FF5E
0877
FCAD
00A6
F902
FCB7
13B5
FE59
093C
0436
118A
00ED
033A
FBAA
0E25
ECF0
F595
0D33
03B8
F918
FA96
F54A
090A
0A05
E4B5
0E5B
E286
F5B5
12C9
F733
FEAA
E9B8
0922
F330
072A
FC9C
098D
1C06
0756
00B8
F959
FF60
0A9A
0981
0807
F3E8
0293
0649
014B
07DB
FE64
0901
0635
FC6A
FE16
0E50
FF49
0739
F261
FD2E
EEE4
EBCE
01B2
FE1B
F9A2
ED04
EB49
F1C4
0722
FEA3
F767
01A7
080F
08D5
0228
F8A7
0B86
1538
066D
FEDC
FAE5
060B
0C18
FD00
FABF
1187
004A
0EBA
F7FE
FE27
05CB
EF51
10B8
EAF5
F3D0
FF05
E778
06C4
03AB
F36F
DBC3
09EF
FB2D
0173
0483
E905
1010
E18B
EDBC
F92D
20CA
FC98
0E05
E456
FFFA
F675
FDA8
06F8
F2F8
E9B3
0150
1010
12B5
0209
DDA1
10DB
06A6
EA37
0357
1197
0AE6
E7D1
07EC
F1DE
F3C2
F0D9
03F0
F3FF
12B2
F6CB
F63B
F8DB
016C
0B57
00A3
0B10
F76E
0042
0988
15E5
0C13
0DA9
101B
F191
EFED
E81C
E20A
0DE5
EC95
FA80
0A88
0383
FFEA
E7E6
160F
03D1
179C
0D70
DE72
17B2
F239
0F30
158E
E8C1
08C2
F36D
066A
1BBB
005F
032D
0106
0877
106C
F06C
0B30
FF2C
0E86
0F71
0972
EC86
FCAA
FA92
F4BD
0873
FFFF
0399
F55F
F240
14EB
07A3
055F
FB75
F74C
10A5
065F
F657
F94F
04A8
00AA
0499
0F69
FE14
FA86
F0EB
00B6
12CF
02EC
FE7D
EF4C
121C
0205
044D
066F
076C
01A6
FE3B
FBCA
0B92
F9C1
F54F
0964
FE1C
13C5
0A76
EDAD
F5DF
2374
0AA4
1705
01A2
0A64
0EE9
00CF
1C3C
0356
09D1
0704
004D
096D
F9AA
F8F2
FEB5
06DB
0374
09D3
FDFC
057A
02BB
0C28
024F
FBB8
F331
F7D6
EE42
EAF4
F346
FE12
F49E
EDD5
E6C1
ED73
EB2A
F022
F4B4
EA7E
06EC
1306
111E
F4B5
006F
01B3
0409
1EB0
F295
F698
046D
E9CB
EA9B
FF9C
FA28
FDF1
C975
EF5B
02B7
1587
03CA
F08B
F092
0943
0C91
0A3F
025A
0241
0059
FFDF
F6FF
FF17
F6ED
F426
08BA
FD1F
0E85
03F4
0A93
F345
055E
02CB
029F
096C
FDDF
F8EF
02DC
0046
F047
FCDA
00A4
03B0
FE94
F0A1
0D4F
0561
0B01
FFE5
059C
0329
06F9
0627
0279
0EF7
1278
03B6
FEA7
F574
FF66
F0A5
FB99
0618
FED9
F608
E98E
03AB
0954
F54B
F767
1414
1E38
0383
FC62
F765
FD94
ECB0
007E
F6D6
F821
FC5B
FCB0
0137
F9E9
05DE
05FB
F5F6
F8B2
0A1B
0924
03F2
0185
03C4
02E7
FC94
FEA5
0AF0
015C
EF4F
F3E4
0C64
FEA8
0B74
0A49
0BC2
FCDC
0218
FDDB
F62A
0D7D
0A0B
044F
0092
0280
F943
F827
FE22
0DEA
0AE3
FDA2
0001
F23B
00F6
F97B
0FEB
FBA7
0161
184E
FE98
03F6
0B04
F432
051E
EB6F
FDEC
02CB
FA86
FA6F
FD19
09A8
FCE1
F51A
F0DA
0676
13E7
0734
F7D4
03E8
FF61
EA87
FE68
FFD6
0C83
F668
0A1E
02E6
F7BD
F640
DE63
F96E
11F9
0A4F
E4E7
F2DD
FE05
095A
F0E4
EAD6
057B
FD41
1D0A
F4A5
0F12
04A5
F3C8
01D6
FD4E
0812
18E8
F282
0294
04E1
FBCA
0B73
0574
0194
03F2
FC53
F10A
0691
09F1
EE9A
F5AB
01E3
0D20
042A
E808
EF8E
05AA
0393
FDA7
0104
0C71
0B39
0859
0A48
F25B
FAA3
ED9D
FE25
FD84
03A2
0C8E
ED95
F914
FE46
160F
1E98
0D22
FAC2
F452
F697
0918
0358
01F7
0967
001C
FB6B
0997
E7E1
F687
10BA
0A1D
11D8
0F19
03AE
FBFE
0E1F
1128
0DE1
F812
03AA
F6C6
F4C8
F84E
063E
F42F
FE9E
FF27
EFC2
EC8E
FB7A
0B3E
F3CD
169E
EE1C
047E
051A
F194
01C5
F014
FEE6
03DA
14B1
019F
03E4
FF69
1451
1310
F303
02C5
0506
074D
F7C2
0C4C
EB75
F48F
FFEE
F561
F61D
0FC3
0517
0D23
1243
FC8A
018F
0867
0A19
01A5
F900
FC0A
008D
0B75
F926
056F
0CB1
0A6D
020D
09CB
F582
FFE5
E3B8
FF39
1A97
13A3
0334
FB2E
F5E5
00E9
00E0
F740
124A
0834
0403
F636
049C
007A
07CE
06F9
F264
0350
F09C
FEA6
13ED
053F
FDE1
F715
FCBC
EB55
FA99
FA3B
EE97
F761
E4FF
FB86
F42E
F280
FC5E
ED9F
FA5D
0329
F9C6
F708
FF7D
14DB
0783
0568
F804
FD39
F98D
F87A
03A8
05C3
FC66
0B7A
0EF2
22A6
FD9B
EDCD
FF8D
FE15
0BE7
FCF8
FFE6
EF0F
0D07
04A8
FE91
FBF8
F49D
0B75
08AE
E2A9
DCF9
F986
02EA
F8D6
07DB
FC1C
F5FC
EDBA
E99B
0FB9
0411
FA40
0769
EC92
014B
0490
016A
09F5
FA1D
0E22
F95A
F524
021C
00E8
1126
0A6B
0914
FE49
FA87
12C6
092F
110B
F964
02BC
04B2
F5CD
0E3B
0BA8
F554
FA27
F908
01A9
02A4
F78E
EC7B
FDF0
09DB
0B2E
FD39
EB13
EECF
F0D7
01AC
FEA9
063E
07CC
FF4F
04FC
02F1
FF93
08FE
FCD4
053F
FBBA
1420
050D
F628
F78B
F41F
00A1
F882
0809
F270
FB3E
FFB2
ED07
EED9
ED87
060F
FFE5
F9A6
F4A2
F4D0
0688
FD38
020E
FBF2
FBC9
F012
09B6
0E92
021E
0581
F6DC
0144
012C
0361
0877
0CD8
F48C
09EB
0333
0AF3
0595
F7D2
0C1E
0363
FA06
06E7
E778
1435
1205
0E0A
2D27
13C4
1856
1D2D
F7AF
16D5
F31A
F1C7
F760
1380
F845
E467
000E
14D1
08A6
02D3
FD49
FBF4
0385
FCA8
120B
04BB
0545
0E2F
01C4
FBBE
0275
FEFB
F1D9
FB6F
EF7A
0E76
035B
0311
04C2
E4CE
0F3C
0577
04F0
F88A
D9A5
F155
EFA3
F977
09D6
F5EF
1ACF
0658
0202
0738
FC29
0E5F
ED8B
FB21
FDC6
E6DC
0345
0426
F073
FFC6
F20F
FFBD
FBBC
EF8A
FC75
FBB0
E65D
F0B2
F199
0285
F1DB
1306
0277
F7A3
FC37
F892
0EC5
FDE4
0C41
FD3A
FB5D
2A3C
09D0
0271
FE29
F6DC
1CCB
F9FB
091D
0B4F
01FD
060B
05E7
FB19
02C4
0214
F60A
07FA
07A6
FBC1
0202
EE48
F118
0E8D
FE44
0A27
FF48
0801
0597
04EC
F8F7
02F1
1E58
F25D
FAC8
0ABD
10AA
FB44
07CE
FD00
FEA2
1195
FD43
0830
115B
F2AB
059B
F113
09D0
F8F3
FEB9
0A70
FAFA
0743
0F7F
0C1A
FE51
0BE0
0C86
0700
F712
1285
0D93
0315
07A5
1092
1044
FC28
F326
0416
0C4D
FD12
02E6
FD45
FFFC
19AD
0C6A
F8C8
0275
0674
08D1
051E
F85C
03EC
FC48
F789
0ED8
1064
06E7
FD37
F1A9
F261
F4A2
F9FC
F978
FD44
F5FE
0363
081D
F0A3
103C
0C94
0061
FA18
FB27
0AA1
09A8
FD76
05B7
0E56
0930
11EF
21AB
FCDF
F395
1EC0
1166
186B
F613
0241
FFBE
0BFF
2451
EC45
0344
F6A0
01B2
081E
041C
060E
0084
FDF6
01F4
056A
F5DA
0453
00D6
050D
F49D
ECFD
0D06
07E0
FF15
FC78
FB45
F4DB
0545
18CD
F840
0909
F444
F5DB
0169
FC16
172D
0B7D
E998
F785
066B
FDED
F664
F7B2
E6ED
E896
02B1
05D5
FFA7
0F11
0DD7
09B5
FBFC
F781
0BE2
F5B7
FFE6
0C8E
FF49
FE42
0DF2
F426
F615
ECBA
F1B9
0BA2
FAE9
F6D5
0119
0296
051F
0003
14D0
0A26
0514
0A18
F0F7
0625
0E0C
0BC6
075B
0112
0159
0E9B
02A5
0F81
015E
F4A9
F76C
F491
051C
0238
03D9
FB17
F6FC
EFAD
FE18
0848
05C5
FD81
FA45
F559
0444
013C
0B03
F6CB
FA76
FBCE
070D
1894
03BD
FF96
F7B7
F68A
0E40
0444
F841
FCDB
F563
0709
F003
1311
FC4C
03E7
069F
F3E1
082C
F81B
037E
1813
FA46
056B
F322
0B3A
135F
FA8D
FDDC
FA07
00DF
0F08
0F3A
0248
F77A
F792
0BE3
F878
0480
F828
FA69
0174
EFB7
FEEC
F66F
067D
FB3B
01C1
0E22
FE52
0345
0FED
F840
F0FE
F95F
F7D8
FF16
1B8F
E861
FFB6
FADB
0E10
E02E
F299
0AFA
112F
0FE4
1076
00A3
087B
0079
FCBA
0402
0722
14B6
1027
0CFC
056F
0603
0087
025C
0753
03E9
F1F0
EF55
0805
FEBA
FAF5
FC9E
F4CF
F935
0B87
0B63
F549
010D
FC3E
1B57
10ED
03C4
FB9C
036F
0D2B
F740
0BD3
08B0
0249
FD39
FAF2
0636
F136
EF77
0C6C
0474
0526
F5E9
F19E
F4E3
ED64
F10F
091E
0E5E
FA42
FEDA
1CB4
F951
FE1C
0AF3
F79E
0669
0BB7
ED03
FBF2
0E5E
0F95
F7EF
0067
0A13
FBF6
F19D
FCD0
FF63
FBB4
F5F3
F235
FD09
FEFF
018B
F9E3
FFDF
FF49
0904
E864
E873
0043
0502
1424
EA98
F489
D9DB
FC08
F8F2
EE55
0438
05CB
F324
FBB4
03D2
F23F
007B
05A3
F708
03D4
016E
F8C0
F80B
FBEB
038A
0D44
0AF8
EC75
EEF2
FA3B
F7AB
0FCE
07C6
04A6
FFBF
F8C1
F980
FF76
01C9
F199
018C
F842
040C
EFC9
FBA1
0070
ED7C
1709
F241
FEE5
FEC1
F336
1235
F9C8
F50C
FFD2
FE7B
F0DB
FDF2
FFD1
12F9
0B9E
05B1
118B
0389
0BB1
0FE4
F442
ED55
F4F5
F98E
FDE1
01CE
EF28
F8F7
1503
064E
0560
0FC4
FB4F
F891
02A3
0234
F904
00EE
E874
FB35
0131
1509
F026
E365
06DF
F24E
249F
1308
E6E8
D145
0C02
0CD4
0AFB
0CB7
EA3F
056A
04DF
F9E6
FE48
062B
E984
F1C2
079B
0785
F2CA
ED6E
F8D4
0109
0327
0060
096A
05C9
0A1C
EEA6
010A
FAD0
FDF6
0188
FF1C
F05D
EB06
E679
F03C
FA7F
E95A
0304
0038
0FF2
0F14
00DB
0382
F037
147D
F65D
FD01
EEB0
EFE7
000F
DEE6
0D0C
F5A1
0961
0B1C
F7E5
0143
F43A
0990
0791
19A0
FEE5
0B5F
E943
0DA3
13FE
08EE
09CF
EF2C
FF7D
05CC
1185
05C9
FF11
FCEC
FEC3
0ADA
07D8
FC69
01B5
F656
0844
F429
F35F
F064
FC37
FB73
F82E
ED46
F870
F30B
056F
0AB6
0118
FDCD
F8F8
102D
08C0
029B
F28C
F0D3
0F0B
06A4
08FE
FE1F
FE5C
139E
FA0F
EBAF
F177
F32C
F56A
13A7
F758
0682
0FD4
0538
02C4
EC3F
FE96
02D5
F4A3
FDAB
FE29
FA40
0552
FF00
084F
0302
FF57
0A14
0342
014A
F882
FFF9
FB08
F426
FCE3
F337
0B25
0004
FD8A
0DE9
05D9
087E
0025
FF5C
F7D2
F4C0
F872
FC6A
FCCB
0B13
FE81
F82E
FFD4
FF8A
02FF
F420
F07A
1207
08E8
0420
0100
F7BE
0229
0278
03C8
FA3C
F454
0473
07BC
0568
FCA8
FBDA
FED7
07ED
FBE8
F6D3
F3A0
FA19
0558
089E
09CF
F942
FD4B
058F
FE60
0483
FC6F
00BD
FC75
F96F
029F
09DF
054B
027B
F822
0284
0E4F
FE63
0336
F826
F8EC
02F3
067E
F6C3
E758
F041
0B4E
0ED5
F11E
1175
09EA
1433
06D5
FA25
0382
028A
0B5D
110F
09BD
0CE7
FE6D
FBFD
F993
FC11
0F4C
09D8
0DED
F666
0883
0580
FAE5
061E
FB46
043C
0144
FC1B
0685
F81B
FBFB
079E
0306
0953
03B7
056A
093B
FF0F
096A
FF7F
F4F3
FD21
F7CE
F7D4
FA44
FCCB
0758
F557
0057
03AC
083D
1775
024D
111C
04F7
01F6
0A3F
F607
05BB
FAD0
E669
0E55
F726
0D55
0379
EE7D
01FF
F2E3
0794
0376
FAD2
0405
F4D5
0682
0718
FF47
FC32
01CF
1092
F088
FCAE
F644
EFAB
0072
FEDC
00BA
F498
FAE1
FAC0
084C
02C3
0640
0B4B
0317
FCB8
03E9
FFC4
0A61
021F
FB32
02F0
07CC
03D5
0361
02B0
00BF
FDE0
FBAD
FE34
FD37
FCDE
04DC
0C54
03AC
FFBD
02B0
FDB2
0F71
FECE
FE63
FADC
E59F
034F
F448
F780
FB1F
FF3D
0211
01BA
FD7C
01AD
0707
06CD
0311
0280
01D6
0151
0835
0389
FDF7
01DB
0183
FEBE
FD0D
FF0E
FFF6
07B8
06BC
FD88
0027
044C
2747
FCE1
0AD5
F431
FA06
FC07
0303
10DC
FE6B
FF49
0242
FBAD
1260
0EBE
105D
D3A2
E87C
09CD
EDA8
F6FB
058A
FF2D
0904
F59C
0545
0C0F
08A1
029C
12CC
15ED
ED9A
F3BB
EA96
E9CC
FD14
F6FB
1A23
1846
F903
FF07
FEAF
FB9E
049C
07FC
F6E5
0C52
FE34
0371
01EC
0C3C
1099
F74A
F4CD
102D
EE32
0612
E4FB
F823
0AAF
F5B5
FB7C
FF60
021C
02CE
EB92
FFFC
01C6
FC58
01B6
00F0
118B
05FE
EA2D
0436
0D63
01AA
0FD6
038E
0AC1
F3E6
F31F
FB9E
FB90
129A
F269
023B
F50B
0858
13D3
F1F7
06D6
FA6C
03A2
0570
FDBD
0A53
FF19
FA8E
09DE
FAB8
0543
0381
FC0E
03C9
0502
FDE9
0044
FF71
0970
FEB1
F8B3
F8A5
FFF1
0495
FC88
FA90
F9BC
FB17
05BB
025B
F849
F478
0092
0811
0497
FD11
0262
FB61
0228
0320
FCF9
047C
FAD1
0047
FF4C
F06D
FEC7
F7D6
03FE
0352
0836
0C2E
0099
0E96
0938
F1EE
0434
F92E
FAFC
FAD4
0299
F7B6
FFB0
0A9D
FE00
0626
F074
F756
F5DB
01F4
0C20
F2B5
0752
FA9C
F280
05EA
FAE0
01D1
FDB9
088A
03AC
0633
F47E
F36E
03EA
0C9B
FC13
FC08
F7A0
F3C1
1407
F5D5
FFAF
FB00
F5A4
0A3A
F70C
01E0
F176
F974
1C93
FB94
0A26
02EE
0331
1D1C
EF0F
020F
0459
F177
00A7
13C2
FE2C
0984
05CA
00AB
F220
F932
0513
0536
FB02
F42E
00E3
F6F5
01A3
0589
012D
0712
0046
F7EC
FF29
F9FE
0012
00D6
FE6D
FB8B
FC60
FEF1
FCD8
0168
02C8
FF2B
FD82
FC3D
0489
084D
0084
010F
FEC8
04B7
0344
01E9
02A1
FFED
04DC
033A
F6C5
F8F1
FB91
0266
0106
F23A
F696
08AD
0974
F852
0B10
FE12
F3EA
F702
FAE1
0970
03CA
103F
0649
F98C
0447
F98B
0AF6
0353
FB48
0D7F
F84C
1596
EF28
01F5
FCC6
02C1
F854
F93C
FD8A
FFC4
050E
F972
F957
01B8
03B6
04EE
F796
F976
0614
07BD
03D3
FA65
FE25
02DC
04E9
0565
F970
02A3
046E
0451
FA21
02F3
038B
0BC9
FF22
F6C6
F206
02FE
043F
FDA3
0FBF
F67F
0282
00AA
F75A
0D6E
07C5
F2A4
FC8E
02CC
10A6
FF05
082A
05DB
FFE9
F8A2
FA63
0005
038F
02C3
FDBE
FDCF
03AC
FCE2
FDD5
FD1A
F6C2
0030
05BB
0274
FB5A
FACC
F8A8
1209
01A8
023A
FE4D
0277
FB6C
01BF
029D
042C
12B4
0A4D
F414
FBBF
E0E2
FDCB
0B13
EABF
FBC1
DE65
FDDA
1222
FD91
1800
06E5
F5B3
FDCC
001C
04DB
F3ED
E9FE
037A
FD16
0020
FA17
0585
05EE
F6E2
01F0
FED5
06DD
0321
F1F0
FBF6
FDB6
FC4C
0966
F98E
03C5
FEDC
F6C5
0A23
FF3F
091B
0656
FB76
0C16
0BA2
F1F7
01BE
FD5A
095C
F3A8
F33A
063B
FA02
0A0E
F9FA
F407
05DB
04B6
F82C
F456
F1FB
0763
F399
0732
0361
0170
08A0
FC85
0941
F687
06AD
00F3
0A0D
FF36
FE46
FD6F
F55A
FD56
FA1B
F90A
FB56
0131
0598
0B0C
0F62
0630
0158
FBF4
F0F9
FEA8
FDD7
06EE
F9B0
0E22
F96C
0144
F902
E4AC
11C1
0139
F603
FE3A
E9F5
07D0
19DD
0C36
1454
E85C
F4AB
0813
F679
F2FF
EFA3
0677
127C
F7B9
052F
F3D6
F915
EF88
0335
FB80
F9AC
02E3
F53B
047A
05AA
022E
0135
FACA
FA1B
06C9
0487
025C
0973
F9C3
FEE2
01AE
05AD
0B81
0321
0432
FE19
0D26
06A6
0728
F57D
029C
03CD
02E1
F65E
EECE
0956
0070
02BD
FD4B
F6DF
0A28
01E3
F46B
FF4A
FF9A
043E
F4B0
FE3E
0803
02E3
FC5E
F9E6
06DC
ECB2
F46C
FBAA
FC8A
0C82
0776
F050
01E0
0A29
FC8F
FC2D
0496
1303
F286
0924
F0F5
EFEB
F8C2
12DD
0D50
01AA
0B91
F2D1
FD49
0715
FF67
FFAF
0574
09E7
0FC5
018B
035B
01E6
FBBF
0D45
F70B
F37A
F201
0524
FDD0
FA03
0806
0657
FF28
FE1E
F78F
00F8
0ED4
ECF4
069E
FEFF
F5C6
FE8B
FB9F
0B9D
0A0E
FCA5
0F80
FCA2
0372
F62C
F370
0F12
F72B
FBC2
EFED
F91D
048F
F996
FADE
FEC7
088E
0FCB
0ED0
065A
02F5
FF27
09FD
F833
F5AD
0283
FBD7
FD3C
FCF5
F91E
09F5
034A
F557
FD01
FE10
05F3
0593
FD53
0242
FED0
FAD6
FEC1
032B
0C6C
FCD3
F9B5
FF3B
F9E5
02B4
FEB4
0234
05D6
04EB
08A2
EB47
FFF2
FC2D
F844
1302
E71E
0053
FF0C
FE73
08D4
FA1C
FBA4
F066
04DF
015A
F448
0DEC
036E
FBA2
FAC1
F739
03CA
0315
F432
0414
FBEB
FB23
FBB1
FCE9
00F2
FEC8
04CF
0061
FD49
F62F
F8E7
0537
02C0
FE8C
FF11
03A1
FE74
F7BB
0622
0777
0427
0A32
07BD
03AD
02CA
0C56
0CB4
05A2
FDD0
ED89
1FDE
100D
0191
FE1A
DA84
FB84
FBF1
FC35
1BEF
0642
F90A
0862
F29E
FD8D
FF75
0412
FEE8
F6B2
0B6D
F90D
FF79
0194
EDB4
02DC
F83F
FAD4
0B17
F846
FD6B
084E
F5CB
0A51
0128
069B
DE9D
FEF5
F5CC
E535
0DF0
18C2
1F3C
05D7
FD7C
0B74
F808
1858
07B5
ED7D
1520
EEE3
D990
0B65
F24F
0005
F4B7
046F
0152
FF56
FAA3
F494
1F43
01F7
0930
162F
022A
0485
F9BD
D4B5
1159
0815
0613
13EB
EEA9
060B
0036
0573
FEA7
F486
E624
F9AD
FD94
F574
0606
F09F
0675
F79A
0AE0
FE08
F08D
094B
F70A
05EA
0404
F46F
FD82
FBBB
FB31
03A0
F6B1
00DB
0EF7
FF61
02E8
0686
0612
0876
F7BD
F826
FDB9
F034
F88D
06B4
05EF
0112
06E2
F96E
FA1B
F6F0
05F1
0061
052E
FDB5
FCCA
FD31
FB66
067B
FC4B
0DAA
0218
F862
042F
F3EC
0975
FD55
0743
FF8A
05F4
1693
0124
ED60
0230
FE26
079E
F23C
F44B
09A1
F417
0B58
023B
FBC3
0B91
FB24
FBD4
031B
FFB4
F5EA
FE7F
0B3B
F224
0623
F76C
F94D
000F
F2CF
060D
F7D8
00B8
032E
F969
05B0
FCD6
FA23
03E6
0125
0458
FCF6
0276
0459
04BB
0B30
0114
04D9
FE28
FF77
F813
D6B4
F4A3
2B69
0982
F4C9
0062
ED0E
10E9
15F9
FE6D
0407
EFAC
006B
FF16
0103
FB97
F849
09A1
FD54
0880
05F3
FD52
0611
FECB
0CC7
EDB3
0A90
00DA
F6B1
12EA
F62F
005B
075B
030D
1675
FACF
F790
FFE9
111E
1427
FD38
FC98
FBCE
08D3
FBB8
E93F
FA3E
FCA4
F7CB
184B
E6D3
1566
FD2F
0D51
E7D0
D666
0400
102B
EC33
F202
F6FF
03A8
0C18
ED9C
02A7
FD31
0C3E
208E
0107
EE19
0FEA
19DD
0D67
F3A9
FA85
0433
FF13
FD20
0556
0273
FEC4
F589
F557
EFE5
0400
01FE
09FB
0879
01DE
050B
08BD
0C8B
08B1
02C3
F674
FBE0
01FE
F8A8
FA6C
FB02
FD2E
03A8
FCFA
0537
FCFE
FCA6
FD9F
FDE2
021F
0390
0499
0344
FAA1
FAF2
FB51
0202
01B6
FEBD
F930
000E
0373
FD27
032F
F9AD
E96E
FE63
FFB2
FC95
04D3
FD49
06B2
FAC7
F89F
FCC7
E519
0446
FC4F
03E0
FD8C
01A0
0E4D
03EF
0ABE
0391
F665
0C28
0535
01DA
032D
FA2D
F733
05B3
FE00
FCE3
0D84
0476
F721
0A0D
F8B0
0D38
104F
F1AF
072D
F3FC
FB14
03F1
F682
12E8
047D
FEB8
1486
EBB9
FA5F
FFB4
FDA9
F35A
ED53
F38F
FE73
FA89
F50E
0D6B
03E0
1EFF
ED3F
F2AF
05CB
EB4C
0667
FBAF
FD91
01B4
F77B
1874
FF59
0D58
0438
ED8B
1172
03DA
FE59
0F91
FCAC
E81B
FF11
FE09
062D
0175
0D84
EFDA
04E9
FCAF
F2EF
F793
064D
016C
044B
FFD8
F579
FF95
FA14
0788
0EBA
0109
01BE
0344
043E
05FE
0E77
FAE6
007E
FC2E
FC58
031E
F672
05FE
FF9D
F6F9
FFF4
0090
04A1
FAA8
0008
FE3C
FF9B
00F1
FCE9
0973
F77A
074C
F950
E4D6
CC54
E3CF
17BD
0B70
FBE4
EFA8
06E6
29A0
29EF
F95C
D798
F45F
255B
20A0
FCB2
C03B
EF5C
2253
12C3
0F27
1BA5
FCD2
05A7
F81A
FE84
FC56
11BA
011A
FCBF
FF7A
F3E2
016F
FF37
0249
F7B0
FE91
0144
0167
04EC
F228
086B
FF97
01AB
00F4
0035
134F
F163
F634
0CC6
014C
0B1E
F6FA
0305
0751
0870
09B2
F767
E7EA
1137
0490
03D4
0CF8
E898
0576
00D7
FF9D
FE2B
F42D
01BF
0133
F7E1
067B
F930
0F25
FE4F
F9E5
FDB2
F926
1A9A
22BC
0C25
FBFE
EA54
FA9A
0E2C
03C6
05EA
EB83
FA7C
0086
FB6F
0039
FEAC
F918
02E7
FF59
FDE7
F333
0C40
E7C4
12B2
F243
F94D
0AB6
FAFB
0B78
FB93
FA9A
1313
FB16
0D11
FB71
EDD8
0BAD
ECA5
FB25
F29C
F996
0F14
EB56
0EC8
06D3
0872
EBBD
0525
F9E2
121D
FB36
FA37
00B5
DD59
07A9
0183
FD9E
07D9
EE97
E02E
07C6
F966
01F4
EF25
F4E9
1EC2
FE61
F4F4
F30D
FD8F
0259
040B
0C7D
1012
07C3
FFEB
11D1
F76F
EF8E
FEEE
FFB0
F3D4
F627
FE17
00E8
0657
031C
F82B
017A
F5AC
F743
0661
F072
01D8
FB5E
095C
F8E0
0E0B
F731
FF47
FF12
035C
020F
F9E4
0836
E93E
030D
F552
F0ED
F74F
0920
F9FB
0A75
0CCF
0187
1FB8
FB0A
FFEB
0719
ED6A
EED6
0AE9
0FB0
FF0A
05F8
FC01
F99C
F8A0
FADF
061F
F5E0
F685
F917
F4F9
FB8A
F2F8
0755
056B
ECCB
F61D
057E
1AD5
0207
046B
0ADC
05FE
EDC6
EB45
0585
02DB
044F
EC7C
011A
0C06
DF3F
0806
FD75
01A3
035D
ECC9
FA4A
0ABF
F61F
0B58
03C7
F7A6
0944
F97E
12F2
FA4B
FB12
0888
006A
083D
F565
FAAA
0320
F82F
0836
0AAC
0067
0766
FEF3
086A
0388
0229
F939
F89A
05BF
F8DA
EEA6
0845
0B1B
045A
E837
FBA3
FC7F
FD36
0B90
01A9
F48B
0A43
F790
FFFA
01CB
1133
04A4
FF97
FBAD
FDF0
04D0
0205
0FA9
087D
0662
0484
EE9A
F903
FB70
EC99
FD69
02C6
0365
F46E
F5E2
FFF8
F8C7
047A
0DB4
FB56
F5D9
00C3
0091
00E5
044E
F562
03BE
00B9
F975
FE4F
FEE9
F295
0AC6
F86D
F645
079D
1C4D
0B07
0AF3
20BA
F8DD
F5D2
0818
0962
0FB9
05FD
10A2
02E6
0850
1019
F4D8
F9C0
04A3
09B6
05BE
07F7
0753
03E0
FFF5
05B8
FDC4
0B0F
F710
030A
FBB9
F9E4
0173
F45D
0E25
0380
FF26
13F5
04D5
00CF
0326
F917
F4DF
0A44
F0EF
FAA3
FDD7
FAFE
FBC1
1000
FDC5
FEB7
08FD
FD49
021B
0A03
1629
FAD9
0A14
FE1A
FF63
1B87
086E
0AF7
FFDA
063A
F3F6
11F4
1308
09B9
FE94
1941
1D60
1171
0745
F57B
0424
130D
105A
0457
FED9
F939
0570
1A7B
FDE0
EBAF
E9F7
F9C2
FEB1
EBB8
0525
0277
00B8
FAB6
FBB8
0700
F999
0661
FE43
01A4
ED63
FDE0
FD17
FFF9
FCEE
08AC
07D4
FED1
0F65
F739
0558
FAA8
F3A7
FAA6
FA50
067E
F8CE
F952
F069
F3EB
0049
F9AB
0BEE
0766
F42B
F359
FCC9
FD1B
028D
005E
0207
0329
FE55
F999
044E
FC51
0666
027B
F7EA
005E
008A
003C
FF4F
F9AA
FDCE
021C
F88D
FD24
0018
0140
FAC5
0408
FAA7
04AE
0339
F536
FD91
F76D
08D0
F60A
FEF1
0490
F4FC
FA00
FF1C
008E
072F
07BB
0849
081E
116A
F171
E364
FCB4
03FE
F894
FAC5
0E08
1597
FA28
F9EE
045C
16F9
F710
18B6
FE77
F6FE
067F
F58C
0B91
02CC
0542
FE82
0A29
0100
FAE2
03B3
EEAB
ED46
074C
F2E9
0375
F9DB
0285
00DF
0793
FBC5
EC17
EC41
0F76
0DBF
00F9
0087
FAB9
0306
0127
06F9
0A6A
1085
EB59
EDE1
F50F
0F4E
FE93
F24F
15C0
125A
0436
E4E9
EFB1
FCEA
047C
04B8
FBAA
E859
0FEA
D77A
0178
0A4A
FDFF
0665
0123
FC7F
0312
1470
0B16
0619
0730
020E
F689
EDC4
F7AB
FD98
03DA
01EF
0072
0A4E
FE47
FDF1
F898
F629
076E
047E
0314
038A
03A1
F934
FF51
FEA0
039F
FBD4
FC1E
FBB0
FA57
F9EA
FB43
F35C
FCDE
0347
0470
FA9D
F76D
008B
F42F
F397
FA45
0C8E
FC8B
F968
02C8
0155
0754
FD1A
F83F
0E36
069E
FDC6
10FD
05D7
FA75
0812
EE7C
FFEA
FEA2
F712
F590
FF95
F215
0C69
FAFE
F8D2
F381
EF80
018A
E62C
0A41
F3B1
0722
0DFD
EAD9
FD72
F444
FD74
FFD5
FC52
EE53
009B
EC82
07AB
F797
F9CE
F1D8
0C46
09A4
FD4F
0CFA
13C9
0CDD
0C8C
025F
0306
00A2
FFC5
00DE
015F
0510
0A7D
0567
0A16
FEDA
1C1F
00D9
FB42
F1A6
FAB0
0297
1819
0253
FD2A
F74C
1BCE
1470
05CD
FE8C
EAAE
0D8E
FE13
F9D6
137A
FF48
010A
01D9
F756
FB87
F7A1
F20B
021B
FB83
0493
078C
0286
FD3A
FD3D
FB1A
08CF
FFBF
040D
02A7
F542
0091
024A
FFAF
0015
FF4E
F8C7
FD2D
10A4
0879
FE75
FA60
FC53
FF3A
F8C7
1C20
03FF
0232
03C2
F5F5
0118
02F1
03AB
FA1F
F85D
F8B4
FB73
F8A4
067E
F19A
FC5E
16DA
0B6E
FE35
FB10
FE46
F8CB
13FD
057A
09FC
04C2
00EC
0243
FED1
05FF
0852
06A3
0233
034F
0156
00E1
046F
FE85
03B8
013F
FAEC
FC3C
FA87
0055
03C2
00EC
0165
FBD9
FAE7
FEAF
061E
1152
FC22
F997
E97C
0234
F4F1
099F
01E2
F209
FC88
E472
FDB9
0FB1
0112
FD69
FDDB
02F2
071D
0043
FF0E
0A9F
FFC5
FB09
F563
FC2F
FBD2
03F3
0762
F8F4
F333
FE41
FEFF
0999
0402
F59E
FF8F
03C7
0544
0868
FF75
FB4E
FBD2
03F2
FFA5
0632
0A71
0652
F61B
0070
F766
1522
020F
001A
2435
0D5A
ECC7
05E5
FC76
FE29
F0CD
F4B8
FB06
FAB5
ECC2
FB71
1608
F775
0278
09BD
FFD5
0DB2
EE23
FF72
06A4
0B8B
FDF1
F94C
FC0F
0343
06B6
FC57
0293
05AA
00D5
FAC2
FD3E
05A4
FDAB
087B
FAC3
F8DD
0488
EEE3
0BF0
16AC
00BF
E968
061A
FEBB
FAEE
0C0D
F75C
07AA
FF83
0911
0225
FE48
0246
FF32
FD11
078E
F831
0AB7
024A
F693
FFCC
08B3
F99B
07A9
01B7
047A
ED56
1021
02A1
0583
F765
056C
046A
EC01
FEB2
F9B6
FED7
0571
0239
0C39
EE28
050D
F405
FE95
00D8
F72E
FFDD
0391
F9E4
FAC4
0288
FC8C
FCFF
E0D6
F69D
E890
E1F5
E943
F94D
EA87
EB20
F467
081D
088E
DEB1
FE87
D329
FE44
F291
F461
033A
E6A7
F84F
ED07
EB83
FAAC
E61A
024B
03EE
070F
06E6
FAE9
FF42
0658
0054
054B
F891
F2C4
F715
FF4A
F5DF
FCCE
097E
FF2E
06A9
FC52
FD95
F1C2
FF5A
FD28
0281
088E
FE5E
FBFB
FED4
FB6C
03C0
FD2D
0563
F53B
EE30
F97D
0477
0A4C
061C
E86B
0622
EFEC
FF8B
0EE5
005E
1026
FA15
043C
064A
05E3
FD98
1263
FA29
F79C
063B
0AD5
0A94
ED9D
0113
F4D6
F77E
167B
F689
0CA0
0476
FF54
1767
FC20
0087
0394
0521
093B
EAD9
0CC9
E183
0277
FE36
0748
0B47
0142
F930
F7D9
F391
F67D
0CC5
240D
FDBB
02E3
F74F
F500
0470
1408
2260
0AD1
FD99
E972
0376
FCE5
FD35
FD15
00E4
FD1F
FD7B
EDE7
F364
049D
FFFC
04AB
0364
FF47
FF71
F8E0
0867
0B1B
FA68
0DAB
FCBC
FD84
0743
EB89
F140
FDB3
05EB
0199
0355
F952
FEDB
F73F
F7A1
FA51
0B8C
075B
0F17
FF68
FF53
0B46
0318
0616
FCFC
F702
F412
02BD
F5A2
F728
099B
FC2D
0D05
FD48
0135
FF4C
F736
07DB
0664
0994
F245
066E
F4C8
0039
F7ED
0075
02B7
0246
0C39
0A9B
0A72
F1EE
FBA7
FF16
F74E
F939
F743
0965
FD65
00A3
07AD
06B9
05B1
F5F8
07A9
FD8F
0D88
0801
FC33
FE8E
F940
0243
012A
01AF
FFDF
01F2
FA7D
F5DF
FCBE
FEB7
FFF9
FF32
0312
06F2
FC8F
FB15
0D7A
FC89
0787
0394
EF6A
FEA9
F909
F3FE
02DD
02A2
E7BB
FA7C
F16E
F32E
1F27
FF26
FFEB
0274
F8DC
001A
F5A5
EF8E
FB07
1BFC
F000
EE99
0330
0487
F4DA
F688
FC20
F834
FE5D
04B1
0493
0711
F7FC
0AF1
0C2D
030E
0549
FD50
0478
FF84
F3AB
F986
0742
FAC2
FE3F
FA38
FFAF
06EB
FE95
00AF
0CC1
FB62
12BA
EB35
0FD2
E9E6
0D2A
FF98
0E40
04FE
040B
1C99
07EB
E61F
FF6E
EF8D
F0A2
0546
15C2
F896
F883
23F2
F1FB
FA3D
2127
0665
0C85
0785
1458
FC96
002E
0457
F398
F6DA
02CD
0770
0267
17C0
EFA9
0753
0447
00F5
09B1
1188
FECB
EEA5
0FE9
FA83
1033
0C70
F464
0098
FC07
0C0C
0C59
00AD
F92E
FBAC
FB7F
FCE2
0A41
F83C
FBAD
F494
F2B2
FF5B
FE4A
0066
0A8C
0700
F86D
F861
0760
F536
0C75
FDD7
07C8
028E
FD77
0FA6
FB9A
053E
017F
FA52
F935
F4E5
EC2F
FEC2
FEBF
FDA1
F91B
0238
04BD
FE91
FCE8
044A
FA97
0182
09BF
081D
0C28
F7F3
FD7B
EE1B
FBD4
EE11
E897
0428
F530
110F
EFD0
F4DC
0FC0
0049
133F
F5A7
050C
F6C6
073C
0275
064A
24CE
EF58
0177
0F28
04F0
FA55
E947
F341
0C73
1490
F597
FC79
F354
FE4E
0B76
F63E
03D3
013A
0440
FCE6
FFFD
0239
FCCA
089B
050D
0131
C852
F1B7
FE0A
E6DF
ECFD
2472
EA91
FB46
E1B3
0171
F632
EEE8
14E3
FBBB
15B1
0DEC
F04B
F721
0725
03E8
01DC
EAB6
05FE
E734
F434
E705
F4AB
1874
02BD
0249
ECEF
F7D3
09C7
FD2E
01CD
F718
FF63
F7CB
F493
FDB9
F881
08EF
FEEC
0CD6
030B
03D5
07AD
FDF6
F8BA
04E9
FEFD
0207
F787
E3C8
FF05
E8E8
F1A8
28B1
2A4D
F9FC
0503
017F
F259
09B2
F6C2
DF04
1858
05AE
FC3C
08B2
0ADB
EB8E
08CB
1A99
EDC2
03C5
011F
094C
036D
0D14
016A
FE2C
F4C7
F19B
006D
1354
FC54
F31C
F9A8
F43B
079F
F33E
FCA0
00A2
0024
0758
F30B
0AE6
01F2
FEAB
0734
FAF5
FBB3
FDEA
037F
017D
FD0B
F8A1
FBC3
FE45
04CA
00FE
F92F
F9C3
0819
08C8
09DB
03EC
FC01
009C
06C5
095A
01F7
FE30
F6AC
F8AF
F7FC
FA11
11C7
FCBD
0EA8
FDB0
00FE
F825
000F
0775
F209
FF8E
06BB
F879
0D7D
E9E4
01BC
09D0
F49A
FE6B
FB33
0963
147A
FA84
FD09
0C21
FFD5
0708
F16B
012B
004E
024E
1522
FD85
0054
0AC8
FBE2
06B2
F91C
EE2E
0419
F578
F833
F23C
0C79
FB78
0383
F124
FFD7
FFA5
09AE
ECF3
0887
F45C
F0DE
0FE0
F210
E9F2
FF37
05D1
0375
06B9
0005
01AD
FDC8
FDA5
05AE
F88A
11CD
0020
FD24
11C3
F807
1240
156A
FC15
045C
006B
EF4B
0812
E579
0691
075C
EFBC
0692
0737
1137
0A00
0BDB
F65B
F3F1
0414
DA53
E21C
0198
FF86
FF56
1CF9
1191
12F0
EE29
F4CC
0E80
F1A3
067B
F9BB
E760
0C5E
0CC5
0067
051D
F2AB
FE63
07F7
134E
09D4
00A2
FF85
0818
EF0B
047C
F97C
F1DB
FD00
FFC9
0549
F749
0195
04B5
10D0
07D6
025C
127F
0100
14F0
0B62
0BA3
0F7C
0E4F
07DE
127D
03AA
F583
0361
0021
0FE2
088D
FD8C
1FFC
01DA
04D1
09A7
0BCB
F759
015F
EFA1
F8FA
0642
FE55
0492
F886
F78C
051D
0178
0AF2
F36D
0124
F46A
0A89
0DAB
F38A
0F47
02CC
004E
1E92
FBF9
0150
D6CA
F993
1A03
F6D0
FC8F
02E8
13D9
01EC
FE97
F495
1542
0B50
F667
FE13
FB17
0BB2
0D95
F471
FBBF
F603
E03D
020D
F7BC
F1A5
F3EA
0503
1604
01C8
F6C0
F231
FD49
0069
05BB
F5D2
054A
0601
F5FF
0CDC
09B1
F99C
FE18
F62A
0345
0DE2
002F
F516
093A
11F4
0095
FA9B
F2D1
0523
007D
F489
0148
13FA
EFD5
1532
FDF5
F826
FFEE
F5D8
EF97
F8FA
F7F4
025C
FD56
0F52
F117
FDC6
FE00
05B2
FD32
02A3
FC04
0044
F4B9
0458
07FD
FBFE
11A3
13B7
04BF
1798
0629
2878
05FF
FFBB
11BD
F8A9
0CD8
12F2
0352
064B
F4ED
1CE0
F4DE
F60B
F532
F580
F7C9
11C6
EB9E
0B9F
0768
FDD3
F714
006F
09D2
027B
0695
0A81
FD65
F61F
0189
03B1
FC08
FE11
023B
02A8
012B
F77F
082E
EB7C
FC74
FE5E
F8D7
05FE
03C7
079E
FE87
0057
FEA1
1295
FC68
E79B
F28D
EB43
04F9
F106
F4B9
1150
FDA9
155F
0B24
09BF
0E31
F200
173F
F77A
F628
E7A8
00E8
FCA8
F3C8
039D
05E1
01F8
F8FC
FC58
E875
00CA
10C6
031D
0733
F9DA
03CF
1142
E03C
FB7A
FAEA
F8E6
0A65
0AA4
FDF9
F177
4021
F693
E8E1
FBA4
ED2C
FB77
F505
FEF6
FF16
FFCA
EB71
07B8
FF43
FD57
0421
0F09
138E
021B
03E6
19AD
118E
E833
1363
2CA6
FD52
D130
B9E0
E62F
EEF6
CE93
D640
1659
0878
F765
02FF
2EA8
3E7D
333B
0A8A
0B79
28C4
1AE9
E57F
B553
FAC5
F234
F4F9
FADA
E85F
F533
F05E
FEDC
1C15
08D5
FCCB
0011
E500
E4E5
EA39
FDB2
DF54
E2F2
EF87
F260
F77E
F54A
FC6B
075A
F09B
FB64
1445
E494
F3B9
F2E7
C7F5
F501
F157
0291
02EC
E955
0E5C
08C6
FD5E
07F6
05B5
FB94
04D6
ED0D
00BE
05F4
07BA
1324
0653
EB89
F5D8
0776
0219
ED23
F54E
1020
F5C0
F3A8
07F1
EFF3
07DD
0E31
0133
F9F7
FFFA
0E51
1E1E
FAC9
F2D1
13C3
0157
E1DC
022E
020D
0BFE
039F
EC33
F881
009C
ECDE
F6CB
15C7
0896
0F31
FE0A
083F
1086
FCDF
FF3B
FBB9
FA3D
09B3
039A
F527
F6A3
F846
F671
00C8
FA8A
F4A2
FCF6
0F54
DDF0
FF32
EF80
17E4
DD9D
0696
F53C
01CF
08F2
F22E
003A
EBCF
EDE4
02F9
ED0F
0097
F7FF
E9B4
1317
FB7C
F834
F169
F443
0AE3
E4DE
1393
FFB0
0BC0
04CE
F4EA
076C
0B9D
034D
02FA
040F
FB41
0168
F941
EE58
04F0
06F1
FA76
FF20
EF52
FCA7
FF76
E7BB
04CA
FD3F
F2AC
0AD0
0F1A
F003
EC04
01E0
FED9
041E
F5C2
028F
0848
0131
FDF8
03F0
0300
028D
FDDC
F9C0
0C6E
0161
052C
ED27
E48C
0449
F286
FC6E
042A
0E46
0AD9
0002
FBC1
0867
09ED
0312
028F
0525
028E
0467
F9A4
FFF1
01A7
01CA
FA97
FC9C
FE8B
FC90
01B5
FC29
FCA4
FF99
FBB9
DAA2
B23D
E8A1
F3BB
F4F8
02BB
F00E
04C4
1299
FFF5
D334
EC15
D900
F2DC
E457
F930
0D71
F811
0151
0459
0BBF
138D
F186
F6B3
0503
F0F7
021F
D5EA
F556
EA74
0E88
F6F8
FDE8
1C7B
0383
F8FA
FAC6
DCF2
FC5A
F006
15B9
1B87
0F8F
3757
F201
EEC4
0AEC
F187
0F9D
F341
05F0
168B
1F84
E0D6
EDBC
F170
FB13
1E61
F189
E94F
0A1B
FCC5
FC90
FF44
F888
00B8
F1F5
EA8E
0B24
09AF
FE36
0A0F
E76B
F9B2
28C5
F5E1
02C9
00EF
2985
F5B1
09CD
FF95
0553
100A
F8F5
027D
0FED
FEE2
E38B
0328
FEC6
0868
ED0F
E3BF
0655
F95C
CC2A
0364
1E70
0370
02CD
FD58
FD1F
FE9D
ED66
0087
0347
05EB
064E
FE95
069F
01B8
01C0
0ABF
FF0F
004D
F576
F3B2
009E
FA1F
09A4
056B
F964
043E
FBB1
06D9
02A1
E19C
FB89
1524
0FE6
F79B
FABD
F8A8
0F8B
0188
EF61
F951
F6FF
FABB
FB5D
ED6F
08C4
0220
02A5
0870
E347
0B70
0949
FE7D
E2E5
1C3C
F401
E468
0179
13E0
FAAE
06E9
0436
D05D
F418
F103
E0D6
1547
D862
E696
EC37
F5DE
FBC9
DE57
0010
F5DA
FD8A
F711
F224
12EF
09B9
01D2
1F6D
362D
ED7F
C528
09CA
08F7
A3D4
FCAE
FDDA
0113
0FF8
EABE
E989
1091
04FD
0113
FA2C
F1ED
FB28
033A
0A59
E90E
F01C
0C00
03C4
1D88
F1A6
F5B3
0A0D
0090
05E5
F567
FEE0
F378
EB99
FF93
18E2
0E30
F225
0351
0DCA
0B9E
F4D2
FBEA
FF96
F255
F6CE
FC39
FF01
0151
F5A7
FD17
065D
FF8C
FF6E
FE24
0315
03EF
0198
005D
04C2
FF98
FE12
FE01
FE60
0050
FDD7
F816
FE14
F4CF
FC72
FB74
EC0C
137A
FC77
F2D8
13DC
F830
1438
F5C0
0D07
0A92
0EC5
E548
F167
115D
F59F
F7FE
F756
04D2
1B73
E6D3
F651
1CB0
116F
1E9B
1253
F642
FFD3
070A
0A7A
F051
0353
08B4
0269
04D4
FB97
07E7
04B2
FF87
0005
FFFE
FD7D
0324
06C8
03A9
FE08
F4AA
FDC1
0537
F812
F7C7
E983
27BE
1B33
E3CD
F301
FDA3
0849
F553
1283
FA8E
1659
F4DE
F4D2
0965
F8F4
0434
E88D
05D3
1206
0A6F
FCE5
FD4C
0CA0
FA03
F7C4
0A58
08D7
030D
F873
F93E
F7C6
FE33
0099
F5F6
F1AE
0E24
09EF
018D
010E
FE4D
05F0
02D6
FF1F
00FC
FE14
FA69
FB1A
04AC
0233
F7CD
0C33
0310
F554
3D2F
1138
016E
0467
1078
051A
D0FF
E464
1277
0E9A
F597
DA33
F092
16FB
F767
F442
0A5A
0770
0B5C
012A
E81C
0DA9
11A5
F6F7
E2AB
06FE
146B
FF8B
F7DF
FD85
0E46
05BA
E87B
0287
08E2
0F3C
023E
E891
FBB5
F9D9
0405
006A
FB72
FEE6
FBC6
0FED
FDF5
C55C
1FF4
04D4
EDB0
0004
E6EB
FCD6
00BF
F75F
F1D6
012C
08E9
FE95
0F91
0552
1E7F
C35E
DE6C
20E1
11AD
FAAA
ED6A
FB3E
084D
05F7
FDCC
FF19
E939
F69F
0967
0A7A
0B76
F9F7
076D
0031
F06F
FB21
0135
053C
DF5B
FC56
08E5
0A16
1064
ED95
14D7
0FEE
FC83
03ED
1456
06BA
097A
2584
090A
0E6B
0866
FE55
FA30
DE7E
0100
155F
EF0C
01EA
0B52
195A
F1C4
0623
0714
0A32
18E9
03FA
1DED
EAD3
035B
DED2
12F2
FB2E
FAF0
FB08
EA83
0B1A
F4BA
F237
F080
0A73
0F45
F6F4
F81F
106E
045D
0518
FBFE
02F0
10B7
FF5D
E8C0
0108
F5F9
FF85
FFF0
FD47
FE99
FEC9
F130
0B21
FB74
FCFE
FC7D
FECD
ECB4
0780
FBFC
0843
04FF
F5F0
08A8
FA28
14AF
0600
0016
0906
F241
FDF6
F290
0917
0E04
DF4B
22E7
0817
3997
1132
F960
001F
E16F
1D0D
DFDC
F820
F43F
D5DD
D494
FA75
FB03
0303
F433
1780
084D
FFA5
1208
06CE
334A
F521
FFA1
174D
0302
DF6F
0249
0130
0112
0570
FF0E
1258
0E4F
FE16
11F0
1C69
001F
F9D7
F576
100B
12E9
0E25
0809
010A
16D9
1FE9
042A
03B4
F336
087D
02FF
FADE
00A7
0042
131D
044F
F3E2
FE11
0078
02CF
FBA1
EC46
07A3
0E27
01DD
0467
EC4A
12F2
0433
F033
F520
FDF3
FB27
FBCE
09A2
F107
0A26
F2DE
FC37
1151
17DC
022A
EFB0
FA24
081C
0F40
085E
0FD0
FC2D
0977
020F
E899
110F
F679
EAC8
EE35
081D
0462
09B5
FC0A
02D4
FF45
05EF
0190
071B
FFC6
E3FF
0270
F83F
F7A6
02E6
F112
0E29
0EA2
F2B3
FAB4
0074
0D46
F764
FD6C
FF92
0087
0A49
FA22
FD7A
0ED0
F5F0
01B3
F515
F7C7
07C1
FCD8
F6CD
F7D9
FCD9
FB68
0A96
05F2
04D1
03A2
018B
0C12
0629
FF8A
FF9C
0A46
105D
0B26
1966
E729
07BF
FFF8
030A
099F
0795
FA5D
FE52
0A12
0341
1BAA
F2C7
EF3E
F815
130A
0414
F0F2
E5F6
E97F
150E
0AAC
D90F
FFE6
F368
F4EF
00A5
E8A5
FBB8
F77C
FC1F
05C2
F5E8
031B
1474
0464
0458
FBD1
0C5C
0CB0
0A69
0191
001F
0824
FC5B
07A0
F30B
F98A
01F3
DA84
F85B
EE0B
58EB
0D71
D648
E768
010E
07E0
C694
2E3F
E774
F8F7
F55F
E6EB
1808
2C10
DDCC
00FC
E79E
0125
EB23
FDCE
F701
14AB
E87E
C2C1
D92A
2758
F7DF
FDDF
F009
FB39
F770
F732
05F3
006E
07E5
FF03
009C
F596
0B35
EEBA
F231
E2C3
D3B7
EBC0
E076
109F
FDFA
FF57
FC01
0A6E
FF53
FA39
FC92
FB38
0625
F769
FDE1
FE34
022D
0061
FD75
077F
08C7
043F
F454
FE76
FF23
0341
08D2
FD90
FC6D
2645
E262
0189
F9F1
F456
DE2A
F708
FFB4
F484
06CB
E968
053A
0D86
0334
0045
00A0
03BC
FE1C
FA39
1362
F920
F9AB
FC52
0470
FE7A
09B8
F098
1BC8
1AA1
0140
EF12
F63A
FE67
FC6E
F3BF
FEC5
07E7
FD94
EA44
ED1F
006E
0B50
098F
EC78
0297
EBB6
0F23
F699
F499
1DB8
0B35
FE26
056E
04FE
F3F6
0A26
0642
FE31
FE0F
003C
FF50
FBD9
F8A3
05D5
0545
F79C
FB3A
04EB
0477
F09A
F792
FEFC
FD78
FC80
047D
3574
4CE0
026F
DF55
1FB1
FFE6
E102
023D
06FB
FE1C
F8ED
F20D
11EC
0E00
EF07
F70C
F658
0ADB
0ADA
DE7B
14F5
F3FB
0ED6
0811
04A7
1570
10D0
F217
2C1E
1705
1731
0474
F6FC
086E
15F9
1784
F536
F37B
FFEB
F725
F28D
F819
013D
0AF2
FAC9
ED22
0635
10C0
0F26
0E97
F6E5
E80A
FEDC
0DD6
0709
15A1
2681
EFE6
16FC
19C5
F81A
F923
CD40
C3B8
27F9
2678
1755
1C97
FAF9
131A
0C81
049A
F5B6
CDA3
DCB4
13F1
0B64
F863
0C1B
0892
009A
FE93
FDC5
01BA
FD19
FC4E
005D
FF4A
0544
F73B
EE7B
FE45
F828
F63C
ED66
0231
05F3
F9F4
F92E
12E7
FA73
FE32
FF69
0407
07B8
040F
FC54
FF7C
0737
FDCF
048E
032A
FE7F
0478
00FC
053A
0119
FFE7
FC84
F480
02FE
02EE
FE42
0375
FF4C
FBAE
15D5
0E3A
FEE2
B725
D8A5
F8EF
FAB4
F2B7
EF1F
16C8
16B1
FD21
F837
2037
1FDD
024F
EF8E
0361
0BC4
F9DF
FE4A
D32D
F1D8
F52A
F47E
FF5D
04A2
D8A9
085A
0870
1434
1C4D
F2F4
1602
003F
1563
20E8
F36B
FEF3
122D
02F6
FF16
E87F
FFEA
0DB3
CE57
F47C
F774
EBFD
18B5
1CCF
10A5
F801
EA81
EE21
EB2C
0524
D349
EFFD
294D
051D
2711
0DA9
111A
0D23
011A
0CB6
FFF1
DEBA
0E65
05E3
EE03
D6A6
24CD
F1ED
FC01
EC95
FBA5
CEAD
F653
048A
0FBF
0022
F64B
FBBC
0B52
0BFF
FD70
0AAB
01E7
00B3
055D
0240
F35C
FBD1
0604
1519
0DF3
0055
FACE
FA73
F81A
DEC1
F6AE
043C
0396
10C6
08BB
FD3F
0A63
DFA6
F5E3
14BA
0AA5
0D0A
E842
F847
0457
0111
037D
0DB6
FC6A
EE12
072E
01AE
013F
285B
F06E
4CBD
0294
FD58
FF7A
F0C1
04EF
0548
0AB8
ED79
03C5
E863
1764
05C5
0244
0561
0A68
1E74
073E
F69D
0003
19CF
F6D2
FD28
FD4C
07ED
CF43
FA28
15B8
0368
F361
D614
0B67
0932
03DC
00A8
086A
030F
03B3
F7E8
1142
03C0
FAD1
01CD
E9DE
1224
07FB
12EE
F2CA
E1B9
F371
0604
17C0
13E9
F888
FCFD
1714
F825
14E2
08A5
FEDB
F37E
F457
069D
FE7E
1105
E95F
FA8F
F358
076B
14B1
F06A
05FC
02D4
EC9D
E988
0953
1776
0116
F799
02D9
0BDE
00FE
F06C
F818
074B
0952
FC5B
FC50
FB3C
0120
F7A2
F356
FCE4
FFDD
FC49
F621
1205
E477
0C2C
13C9
293F
DEC5
DAE4
FE87
13C5
D891
E479
FCBF
D06D
11F4
F2CF
E59C
15B0
113B
FE81
0584
F0B5
0CE7
F972
F89C
F27F
0459
ED61
EB16
2A98
08C6
078E
EF1C
F61D
051C
EFF1
D30D
E6C8
F394
0BF6
EEC9
DC62
0CAC
0F4F
0813
EE95
FCFF
0D16
0AA5
0C94
0CFE
0CAC
1550
F9DE
140E
080D
1241
0438
EFBA
F456
FC20
0634
F929
E522
0077
0C9C
0E20
1F56
E05A
05DB
128C
ED3A
F368
FCD4
0410
EC21
13BB
EFB7
EEF7
F324
F64B
FD21
0465
FB02
15ED
FEC2
146B
FAA3
0730
1A2E
E0F4
F9C6
FE01
EA78
DC94
DC0E
0C29
05FE
07E2
1BCF
081D
08A6
F766
F887
0109
02DB
0926
0215
FD17
04B1
0160
0491
06A0
013B
0163
FFB0
016F
0345
02C0
FD4B
FDBA
FAAE
F9BA
0337
0156
0E27
FF3C
F829
0657
FE2D
0516
F56E
FEFA
0028
FEB1
FC04
F692
0186
117A
024F
F0D2
F943
018E
084D
0317
015A
03D6
FFDC
FF27
FCB0
FC06
FA7A
0123
0C31
105A
F5DD
FAF1
F871
0171
0536
06AD
0BC6
0477
04B1
FE16
F8DC
00F3
F5ED
FA99
0015
F9C8
F67A
FAF0
0023
FE6F
11D3
F826
0395
002B
FEF4
0246
070F
0606
045F
FE67
00C4
0287
03C3
0044
F7C4
FC23
FD7D
0124
0386
05F7
FC0A
FB89
FE8E
05E3
04A0
01CB
04A6
FDA8
FF71
F5FF
F930
0783
FF42
0802
0013
FF0A
FFCD
0952
0281
0683
F663
FCFD
052B
F5D4
0432
018E
F921
FC3D
F912
0692
F4C8
F8BA
00B3
01A0
0043
F86B
0262
0196
007C
0490
0469
03F1
0893
04F2
0705
0BA0
0A43
02E9
0370
064E
07B3
039A
F45B
FC24
0332
FCA3
FD4B
024E
FC20
0302
F439
F267
FE58
04D8
0083
02A3
FFD2
0E79
FCDD
F877
0A4D
F909
FF94
020E
FE72
0303
F87B
F724
02B9
FF8C
FE6C
F5EF
F75A
FC60
0804
0216
0D9E
0CB9
050C
FD56
F63B
FCDB
0BA3
0BD1
0415
FEE9
F45F
0EAC
0739
F2B0
FA75
EEF5
0AB4
073B
F081
FD97
FF06
FD81
F34B
F737
FA75
F5A0
083B
0817
F829
0394
F672
13A1
0EBC
FF0D
06B1
0DE3
05C3
0330
01D3
FE54
04EE
F3CA
FC9D
05D9
FD40
03FF
F76E
FDE5
00E7
0484
FC74
FE44
FA13
FFB7
0343
060A
0679
0038
0181
FF3F
039E
03AF
FC51
FB81
FFF5
0400
0139
00A5
059F
FB98
F548
FABA
FA30
F61F
F8C7
FA04
FD1A
096C
0422
FE60
0C76
08BB
182E
0C8E
02F5
0BC5
08D3
14A4
0601
F72F
05AF
03C2
0A50
F67A
F40E
F72D
0156
F71C
F4B6
053D
0D51
F2E4
F11F
EB12
0D83
0C41
F229
04B3
06C9
0E5E
FA99
FC1A
FAB1
FFA5
0281
07F8
0F9D
F745
F1E2
09FF
01B8
1421
05BE
0268
0ABE
FF10
046C
F855
F50B
FDCD
01AC
FED0
075A
F57B
0613
029F
EE9E
052C
08A1
06FE
F817
FE13
F8C1
F305
EE66
F091
02C6
FE64
0A80
FC79
08A5
0E18
002E
F962
07A4
01A9
05AF
00CD
0493
0292
023B
FE91
0428
FE6D
FE1E
0210
007F
FCF4
02B9
F925
052A
003E
01C6
0263
FCA7
FABF
FBC4
0057
021A
F9B8
F71A
06C8
0C1A
FC60
FEAD
093A
0D41
0125
0178
FD17
04BB
FB5C
F8E9
F603
F7FA
FB9D
FAE0
0351
FA57
FD61
F8D1
F9EF
0187
050C
FE52
00C4
05DC
0343
0329
0164
FE5D
FD9D
033F
003B
0646
FC45
F97A
FB2F
FCC2
FEFE
0276
031D
05E6
00A0
FE0E
FC49
FF69
079B
F7EB
F98C
FEDE
0695
082F
FC77
FED8
03AC
0794
FD89
FEB9
0C5F
05C6
FFF0
08F4
046C
0329
F2C4
02F9
065B
FC5C
00FA
F2A6
FC50
F8E8
0456
00AD
F618
F752
F9EB
038C
00F0
0279
F81B
FA74
00AF
0261
FCE9
F88E
09DA
FE12
02F2
0D73
F81E
FE85
05CC
03A8
1012
0358
0DB0
0A0E
0B4E
07C3
0B27
0DFC
0A01
00D8
ED89
F9AD
01A9
FFB8
0708
0BDD
0B26
0B6B
086C
036A
0313
F57E
FF03
FE82
002F
0524
0BAB
0477
F72F
FFE9
0A6D
083E
EF2D
F20E
009E
0A44
0521
F84E
0ED1
018F
EDBE
01E2
FB88
06C6
FEE8
0664
0695
FECE
F1C1
FA0D
0A93
0AF6
FCFF
F89C
FA58
127A
1368
003C
FE36
01BB
0AF8
0A7C
FE22
F959
FE30
0461
0206
FC98
F88B
0285
FA2D
023B
03E5
FD74
F635
F96F
FE29
0172
0597
02A0
FEE6
022C
0365
FDD5
071A
EB6B
FFA1
13AB
F83C
FA0C
F9BB
F9E7
0A7D
FE88
FD6E
F8A2
0310
008F
FD62
FC48
FDBC
0351
F83B
FBEB
F774
024B
00E9
070D
0904
FD98
0063
0629
08A6
0127
F457
0203
0272
0153
F8FC
FC8A
FF75
F53C
FAE2
08F3
F984
FADF
FB05
0642
FFD2
0355
017B
F909
005B
03FA
0463
0608
F4AB
FED8
0280
023D
FDE1
FC7B
0912
08AA
FF28
033E
FC41
FECA
02C5
0431
FEE3
082D
0301
0662
040B
FF9C
0F42
0A7E
011C
FCFB
F1E5
F95D
FBC4
FE44
F9F9
02A0
F8FF
F309
FB17
049C
F7F6
FF59
FCCD
0DED
F170
FF06
FBCD
F683
18B5
00EB
FD7A
0043
011A
F9A9
F832
0BBB
0302
012B
F5FE
02E8
F739
FB66
0218
029D
00B4
00B4
05C2
FF07
FA5E
07D7
FB0B
07FE
014B
FD65
011C
04EE
0B13
FB93
05E5
FD64
1371
F7BB
ED13
0DA5
FFB9
F638
ECC4
F32D
0F06
F317
FBE2
0017
0094
0053
0020
F9F1
0A5C
08D5
FEB3
0120
04E7
0233
FEE5
F8B5
FEE5
FB76
FC01
FF7F
FD04
FD0E
0241
0C0B
0059
FDD1
0455
FBA5
0439
F974
F8D8
0C3C
0110
F87F
FD2A
FCDE
074C
0283
FAED
04D7
0269
00FB
0074
FC0A
0E6A
FEC4
FAB2
FFCB
F763
FF08
00FC
09C3
00B2
F5E3
F61E
0500
F8A0
F7DF
F7ED
F9C3
0093
13B3
F89C
0067
FEDF
FC12
0F1D
F7EB
00E3
FAD4
053A
FF18
F483
FDA6
F7A9
0008
09E1
F689
1269
08B8
FB36
F9B0
032E
0C5C
F808
0059
FF4A
028E
02EA
FD25
FFDE
0188
00E5
05F1
FF90
FC74
00E4
043A
0D62
FCF2
FACF
F976
F43F
00E8
FF1F
FDD8
01E8
0007
FC83
F5D9
06A4
10A6
0074
F906
005F
02CE
FB70
F781
0312
0996
009B
FE19
FB9B
FC4E
04F2
FF85
FCD4
FDF8
0497
0AE2
0352
ED0A
0EE5
020A
FB69
0754
0130
0B16
0907
0861
05DB
10B3
F34F
FFC5
0C77
FC86
058F
F260
01AD
0F6D
FFCD
FEE0
0506
01D0
F892
F1FA
FD88
F508
F457
0F86
08CA
F64C
05DC
0E2E
1047
080A
FC6E
0206
0893
1129
08DA
F29D
F949
E883
E10E
0166
1402
FA65
F860
FE43
02AC
08C3
0849
00E2
0174
041A
06A8
0413
FCCF
05BD
021A
FDE1
015F
F86C
FBDF
03B0
FFD2
FC39
0123
0278
FF02
05A5
06A1
FCCE
0BB1
FD08
FCD3
FFDD
F964
069C
FC92
FE80
0483
FCF5
FE86
F64B
F7F5
015D
FFAD
FD3B
F9E8
0939
FEA1
FF6A
018B
0397
FE7B
FFA0
0903
FC14
FD33
08DE
FA7A
095D
F78E
FEA7
FD7F
01BD
0BC5
02E6
FF01
F1FE
05B4
01B5
0548
083B
F8CD
FE74
F7ED
FAF7
FF1E
FB25
F900
041F
026D
00D3
0698
00E2
054A
FE2D
FC86
FEAB
07F1
018E
F704
FB7B
FFBB
FE72
012B
039D
FE34
FEFF
0250
02D4
FB42
0973
FCB1
FEF5
FAD8
FA3F
0128
FE3C
FE0A
F85E
F443
FAB0
0436
FBC4
075E
FFBF
04AD
FC60
0AA8
FD9C
F23E
FB93
01F7
F84B
0CCE
FE2D
0FE5
F986
F700
FC2A
FF81
0009
098F
FE26
0619
047F
0378
0811
FFE4
FF48
0279
FCD1
FCF6
FBAD
0086
021D
FEAA
FED1
FAD7
FC15
0827
0193
0108
FFC3
1074
F62A
038C
EEEE
0EF9
0E0F
07CF
0BAD
0EA3
0515
FBB8
0992
0EE3
FDEE
FF30
00E9
0836
0805
F1EC
0AA2
02F1
07EB
F55B
FE39
00A9
F54D
067B
02D8
FC47
FCF1
01B0
0741
FF5B
FADE
0DB0
1DBF
0BEA
001B
FF2D
03F0
01C5
0173
FA71
F955
F170
FD9E
0D72
0479
FA1B
F3F1
0489
05D1
03AA
FFF5
FEB4
FE6B
FBF0
F9C8
F4DD
0077
F9EE
F1F5
FA34
F902
0C98
FBE9
FE56
0661
0C20
019B
FB52
09BA
0768
0A54
0505
0853
FA38
F454
04A9
F619
FE21
FA34
FF96
098B
EAFF
FFA6
06AF
01C5
FDA8
0A2D
072C
F87F
FC5F
FB4D
0FCB
FE1C
FF31
0537
FF8E
F7C4
0037
FD92
FB88
01A2
0CAE
FAF7
021F
09DE
02B7
03DD
FBE0
056A
03BC
F65A
01D4
0132
08EF
0232
F9E5
028C
FCC8
FA4E
FBD8
0980
FFA5
0346
F8D4
FBA6
075F
0C4B
041D
FD59
F9BB
0815
0D0F
0A1C
FBDD
F728
FE1F
008F
0FBA
FD7E
FBC1
0266
FF00
05D4
F063
FFD4
03ED
1419
F23A
FD38
F213
0534
E113
E57A
17FB
0756
0BC5
FAC9
0A6D
1658
FE0F
FBD8
02B4
05C0
00A3
EF4A
054B
F315
F998
019A
06ED
FD93
03BD
FD0E
F97F
F7B3
0A54
009B
FE5D
0440
0059
01A9
F358
0012
0AA4
FD16
FA1D
F42C
0232
0EA1
F802
FB71
01DB
FCD8
01AB
F94B
FC93
0C20
02E0
E2F7
FEA2
02BF
163F
10B1
FC44
049D
0891
0640
FDF0
FBCC
FCCE
EF81
F57E
FEC0
FA0B
F0A1
FB56
EE12
F6E4
1488
091B
0CAD
00BC
FA01
0580
FEE1
01D4
FE02
F516
060F
F8BB
00BB
07D9
F2C8
FB0E
02FA
FE3A
0572
FE41
0641
08B9
028F
F659
F447
FD3D
0037
F92B
0FF9
0243
F8BE
F218
FE86
106D
109F
0771
F522
F792
0854
0E51
0F36
01EA
FA73
FEFF
0A86
17CA
02DE
FCE2
F6D6
FB75
0D25
FCBA
0224
0148
0D58
054D
0610
FFFE
0AEB
FCC1
05E3
FD6B
FC9D
086A
F95C
FF63
0656
FAF6
0472
0145
10F4
FBFF
FD32
F9F1
EBEA
0433
F6B0
0A5E
F24D
06D4
09F8
F90A
FF15
F85F
0610
0C9D
E906
F8DD
003B
FC4D
0D1A
05F4
0983
0D5C
F898
0BB7
03A5
FBC4
0C24
FED7
0643
045D
FFA9
FFE2
02BF
0DAB
FBE8
052F
FFB3
01BE
0816
0379
0CD8
0713
02CC
FDA1
01F3
FC1D
04DF
FFE8
0053
FEF3
F830
F3F6
00AD
0ECC
19FD
084A
FAF7
0FF4
FDFC
F51E
FDC7
F5FC
09ED
F269
FD51
FD83
0217
08A2
0239
06D8
00EB
00AF
09C0
0A2D
FFF4
FABB
024C
F66E
F1E4
F838
05B6
F198
F887
049A
0C86
FD68
F9B6
0069
FE8D
04AE
F959
FFDB
04EF
F826
08AB
037F
06F4
0302
FD4A
0110
00ED
0697
FB21
F91C
FCD1
012D
07FB
FDCB
09D3
033E
0765
FE24
F48C
0277
0D9E
0BC0
05F5
FCAD
0500
01F6
0001
FFB2
FCF2
0BA6
0737
14CE
F6BF
FE04
04AC
F48A
0A0C
F93B
018A
0595
0481
049C
F3FB
018C
FF5C
FCF3
07A0
FDAE
FF99
FDC3
0314
FC11
FF80
010C
0AA6
F2D5
FA7B
FF77
F83D
0719
FDEE
FF9A
002A
08C6
074A
03A2
07CA
FB30
017A
FE77
01B4
FA74
ED33
FC57
F788
03D1
03F8
F93C
032C
0A11
0388
EF70
0059
0494
FEFC
FB08
FC36
EF78
F7D8
F692
FE52
FB7C
09A2
075E
021F
08EE
07C5
09D3
106A
01D7
F725
FB93
FCE8
0F14
0393
02F6
FA13
FFFE
05C1
FBE8
0C02
FCE0
FF1C
050B
FC8F
FEED
F2BA
F41D
FE67
FE3D
08A2
F867
0198
0C7D
0905
0658
FAD9
F8E6
F6CB
0228
1471
0787
F8A2
EEC2
F88F
02FF
F7F9
EF5B
F9D8
0182
FA8E
FBF2
FE13
1084
02D5
F9A0
F87C
FD8A
0827
0392
FFBD
F0EB
F4F8
013B
0FD4
0FBC
FC06
0162
E5F2
E1B3
F416
12F2
FAF4
FE30
02C0
006D
045B
009F
FF98
FA36
FA65
F98A
FEE7
061B
01DC
03B6
F459
FE55
0F43
0B76
02FD
0985
F0F5
0907
F8FD
FA53
05B8
068B
F852
0321
FB6F
069E
0817
FB08
0447
FDA3
FD1C
04C5
F6C0
0464
0495
F291
0060
0111
FA33
FF99
0509
0594
03E8
F5AA
F85F
050E
F796
04AF
011A
0B96
010B
029B
047D
FCD3
FE06
03E8
029A
0499
FFF0
F806
FFD4
0190
006D
0380
01E6
FC6D
FE12
0364
03F1
060D
FDA1
FF98
0317
0295
FD92
0231
0613
FEF9
0B71
FFC9
FF81
058C
FC24
0208
0004
0675
FDAF
FC44
01E4
00BE
FBCD
0715
FEFD
06B0
FF2C
01EC
06A0
032B
0824
0AAB
FA2E
FCEA
FB3A
04EF
04AA
F6E9
00BB
F78E
F7DA
0212
0154
0072
FE61
FDCA
01A3
0636
FF06
FE91
FBF3
FF81
08C7
00B2
00DF
FC18
0527
FDFD
FE8A
071F
FE8C
0508
041C
F46A
048A
FAEB
00FD
009B
F809
0594
FE76
0374
0151
FFE0
0733
FF7E
05E2
00E0
F1B1
0195
03D0
019B
0047
FBA6
0529
FB7C
FCAD
090A
0115
0770
025E
FEC6
0891
0490
06C0
0186
FC53
FF63
FF85
05DA
04D5
F76A
FCC4
FBF3
005F
0A86
0823
01CA
FEAD
020D
06F6
0037
F929
003C
003C
FE2F
FEC2
F79E
012E
0542
01B8
0008
F52F
03F2
09D1
FD95
0412
0196
FD81
09CD
00CF
FD71
0145
FB98
00FD
FB57
FB05
023F
FDC8
FCD6
06DE
FF56
036C
FB01
F956
090E
FCDC
0061
072A
F3D1
027E
0337
F29B
FED0
F6B4
0073
0694
FDC1
FAFD
0528
0331
FFDC
FA10
E005
F53F
0BB6
07D8
FA13
F8C5
FE2D
04EA
0566
FC73
0E98
F7CB
0C0C
0455
FE7B
E7E8
FD86
F880
F5D6
02CD
0030
009C
FBC4
FC3E
020C
F700
FDAC
024D
FE44
F8EA
FA4A
047B
0042
02AD
012E
FD4B
00F3
FC09
07FE
0290
F875
FF1F
F80D
01A9
FAD7
FAEF
0537
0590
082A
025D
F7B2
03C4
0147
07DF
011D
FE90
FFF2
FF00
071E
032B
050E
05DE
069C
0320
0058
0A9E
0B31
06D1
0406
0239
0538
088C
0769
059E
051A
0467
0571
FEE0
018C
06DD
00AD
0554
FAE6
0115
0580
0291
01EB
012C
00A6
016F
14FB
03B0
F58A
FAA7
F799
1DE9
0BDE
F3EE
FC01
FE71
05AD
07C6
EFD7
0316
073A
04CC
0693
EFF3
F871
0B33
FDBF
0264
F925
FE6E
FF59
0615
F3CE
095F
FD7D
F9E7
FD7C
012D
0053
FBA3
F5F9
F729
02D5
06C8
FDAE
F9F1
FB4B
F50D
F7AF
FD0C
FC16
F99F
05B3
F700
EE48
094B
F92F
F99A
080D
0391
09F1
0649
FD30
034A
FE7A
057F
073C
0315
05FB
0080
FCF7
073E
0049
04F8
07C1
F84E
040A
058D
FBCA
023F
FFA7
06D3
FB68
F668
056A
FDAB
01F3
023D
FD18
FF44
FE25
FC76
019A
FF4C
00D0
FD0E
F716
0237
0062
F9B7
0882
F8E4
007D
04C9
F7AC
0715
016E
FC6F
0014
FB25
F04B
020C
0171
01B6
0262
F325
03E3
033B
035F
02A5
FCF4
04B7
FEEB
FE84
FC56
F9DA
FFB1
05A2
0847
0109
F53F
0032
FF71
FDA2
FEA3
0108
FC33
FBC3
02AB
01B1
020F
0249
04A0
0112
01AA
FEF2
0BBD
0201
FEBE
FEF6
0053
0999
0293
FC49
00F6
05C4
F3ED
FDE4
062A
09E0
1804
E7A6
0EDC
FE4F
0B69
FF62
F64A
04A4
FEFD
08C6
01B9
F71E
030C
FCFE
FC94
00D3
F7D8
F574
FCE6
F8FC
05A6
0988
FB6D
0245
07EF
FD91
02D6
FD5F
F2D9
0B89
0481
F872
0906
FD4C
092F
FDCA
FA1C
058D
027E
1341
09CF
EE54
0001
0317
0865
F750
FA67
074E
FDA8
FF2E
05EF
FED3
06DE
FE99
FBBB
F461
FD4E
0C69
FE18
FCE1
FF98
01D2
FCA8
FE8D
FDAC
0490
0DC9
FACB
0571
02FC
097B
01A8
FF97
FC07
0360
0154
01FD
0144
001F
04A3
0193
FC9F
FDE1
05DA
02A6
00C5
FF62
0068
0243
FFDE
02E2
0347
FDB6
03E7
0076
026B
FFA7
FD19
F58C
FAE4
FD90
03E3
FD80
FB21
0079
F89F
05CD
F9C8
FCA7
09AD
F88D
092F
F3DC
F45A
FBF3
012E
052D
FCC1
01F6
0462
F6FE
FFA1
0030
FF73
FF78
025C
036C
0597
0573
02BC
0097
035D
0793
01B5
FE5D
FF57
01CC
0388
02F6
0311
0579
0056
01C7
FF7D
00E5
0219
0898
0240
FC45
FC56
02E4
0709
FFB2
0262
F382
0403
0533
FE8F
0285
F98C
FF66
0447
01CC
FB42
0508
08B5
0383
FD94
FAA9
083F
EF65
FE26
03E1
0320
010D
FDFC
FF87
FDA8
00E4
01D4
FF74
01D6
01AB
0064
0341
013C
01B9
03B9
FF89
008B
00A4
0136
FE47
0170
00D4
0464
160A
04AA
11DF
FDF6
FDD8
00DF
06E0
0C7C
F51B
0BC7
ECBC
F3FB
0282
F863
038C
F719
04CA
FDFA
031D
FCF1
FB6D
0054
EF6E
0890
F674
FC8F
FE52
FB55
04D2
0099
F7A4
00D7
00E5
0532
015A
FCB1
FE5F
0196
0465
FE24
FDE1
0657
010F
029C
014E
FC33
08E6
FEDC
FF5A
037E
0275
02C3
0544
0472
FD7E
0024
FB10
033C
026D
012B
FFB0
0017
03DD
FDB3
0822
01A7
FD98
FC50
02B3
FE93
FA2C
F43C
0041
F990
F592
026B
FFFB
FAC7
026D
FF50
0498
F901
FCFF
F9C8
FDD2
07D6
FF43
F718
01B7
0630
09DB
02AE
FC61
FC8A
0255
0559
F9ED
F5CF
0287
02E8
08A6
0051
FFB6
F8DE
0B1B
FA22
027E
FB09
F348
049B
F44A
F467
F8B1
F503
F513
FDA2
F07E
F88A
FD1E
E6D2
FAAD
EF1A
F33E
0685
09BD
FB62
0086
003E
FEA3
0881
038D
01D7
0322
02DA
0674
FD0F
0555
0673
FEE6
FFE3
FA85
0677
FDF7
FE75
01C5
F899
0144
FD80
FC65
FC98
F582
F762
01FB
FF6D
0108
F883
FAE2
02BA
0A91
FDE6
FE50
FBD9
F97F
052E
FE71
0ABE
FB92
FB4D
0683
03A7
05D6
FF01
FCB5
0382
FEAE
E98C
05BE
FBE9
F7D9
FA02
EDA6
035B
FCCD
FE18
06AA
F5B1
03C3
0012
0310
05B8
F62E
FBD1
FF14
0232
FD03
F46C
FDC8
06C3
0DF1
F595
FD27
0240
022B
FEF3
F95F
01A2
01CA
02E0
FCED
F82D
0128
FE19
048B
067B
0AFA
FA3A
03B1
049A
FF87
04A5
0089
0A48
0C80
08AC
FB8D
FBEE
FED6
FDC5
FC78
FF16
01E2
0011
FFEA
0483
0421
0205
FEF9
FE6C
FE4D
FEFA
0746
02C5
FF58
FD11
010B
0594
0221
0370
FDCD
FA72
FA1C
FEC5
00E5
FBC7
F92D
F788
00E3
0363
FA67
00DD
F9E2
07C0
0534
037B
FC9E
F545
0685
066B
04D4
0031
FB7A
06FC
018A
047E
052B
0180
0450
0702
0724
FD32
F9EE
FCAF
0A8F
0354
FF03
F9DF
0070
0712
026A
046A
FC11
0B48
0963
FF04
05E5
FEA9
FFDD
0269
FDA7
053B
02D9
F8A9
FC4C
0269
03EC
0238
FF08
FBD4
FC3C
02CC
07D3
02EF
0045
FE47
FDD9
FE7D
FDAD
FE5D
FE91
0263
FE03
06B7
FB3F
03C1
FF26
FB28
F8A4
FFD7
FFA8
042E
0C3D
09AA
05AF
00DE
01D3
0353
FFBB
03B4
01CC
07E8
0BCB
03BD
FBDB
0635
0C3C
065B
091E
0111
F417
0D33
F63B
FC2C
FEF3
0594
FF0B
FEC4
FB72
FAF2
0290
FE3B
FCA4
05DE
FEF5
0394
FC81
F4D7
0433
007E
013F
FF0E
F9B8
FAD7
FE39
029D
FE66
F15B
0DF5
0A75
F8D2
F7B2
FB42
06DD
FDBC
F2FE
FED3
0B8A
0327
F6BB
0845
FA71
014A
07D7
F208
07EA
F8DE
058F
F7F6
F119
00F4
FD60
EEF3
052D
075E
F6B2
0B3B
FADE
FD41
11C2
FAD5
F7C5
04A0
1175
1B4A
01ED
0472
0500
081E
1002
FC45
FD65
0726
0A6B
0930
0759
EBFC
FFE0
F4B1
FBEB
F9A4
016B
FDED
FA98
0067
029D
01F5
0162
0430
0268
0436
0527
FB30
009D
0002
0119
04C6
FD7F
FD6C
FA29
FFA1
0517
F6CF
0CF9
0432
FA0C
037F
FB76
07DE
077D
0350
04C3
04E1
FD4E
FF28
0035
0399
0C74
0AF8
0247
054D
039A
0026
078D
010A
F955
FD2F
FC35
FF3F
071F
01F6
01EE
FB10
FC14
0563
011F
0028
0691
FE34
FE8D
FFD8
0153
0765
FA6F
027B
07E4
FD53
FFD7
FACD
01E9
02AE
FD46
FD23
0722
019D
FBD6
FF10
F89F
03D1
0393
FD5A
009F
FDC0
FD60
089F
FCE3
FDB3
FC91
F89F
0618
FC77
FA63
0371
0367
0511
FF64
02E3
F3C1
EF66
02AC
1416
07DD
0776
FF32
033F
1245
0577
04C8
F93B
F30F
0F2A
08D8
0327
0AEC
029C
0A9F
06E6
FBF9
1433
0218
0A34
036D
D605
FD84
FDD3
0989
0EDB
E671
F438
FA19
0765
00B5
EE7A
F570
F78B
0AFA
07B0
FE92
FF3E
0006
0830
027C
FEEC
F606
FF30
06D4
F8DF
06A4
0AAE
03AF
F987
0C80
F617
0657
FF43
FCA4
FCDD
F152
FD41
F98C
FAEA
F9B6
09A2
FED5
FED6
03BB
FA8C
049D
EF6A
0727
FB9B
01CF
0321
055F
0111
0329
05DF
FF52
001C
FAD6
04F6
FDEE
FDC6
0380
FC0D
0059
0131
FE82
037E
FDC4
0051
06BC
FB07
06E3
FAE4
0236
0145
FFF4
FA6A
0697
09AE
0888
FC04
FDA0
02D6
0819
07AA
04F7
FD1E
059A
0A30
026D
0277
013B
FB2B
FF45
05FA
0057
FEC0
FD68
0223
00E6
F3D7
02B7
067B
FA84
094D
FC6B
0199
FFAB
0027
00F8
F01D
0360
021D
F947
F790
0020
066D
00B0
FAEC
034F
FCAB
0FC3
01BD
FFB0
F9B7
0457
F7B2
06EF
0189
F739
02C6
F976
01EF
FCEB
FCDA
F719
FDA7
F552
02D0
06A1
F6A7
0648
F481
FE96
0397
FA41
0381
F509
0666
FD7F
FD4B
FD3A
044D
FDE0
03C7
FCA7
FC1F
0071
FF79
FD15
0521
03F0
0016
FE1C
0737
0116
FF50
0518
FD34
0095
FFA5
013B
0767
FFA2
FE00
FFA4
F696
FBEB
FF3C
F852
F797
045D
050C
FEF0
F6BB
00DF
FD50
04E9
FE57
FD58
0739
0238
FD3C
FA82
F623
0A57
F897
02C0
FAAA
FE13
FED9
FA47
008B
F870
FC0A
FBC9
FDD3
FC6D
0067
FD69
0253
FE66
FEFD
FF57
F7C2
019B
FAF5
0173
0518
F9E9
FAD1
05C0
088E
036B
050E
03CF
FC64
FD68
049E
FDB4
0782
F4F3
FCE0
F734
0BFF
07DF
0119
FE71
F2B2
F8E6
046D
002C
04B1
01F5
01A6
00D8
FCC8
FF5B
FAA5
F3F5
F759
0294
063A
F686
005D
0394
FD3D
00CB
FEDA
0623
0123
FB2F
020D
04FA
FFF5
0489
F9B3
FBF8
FF74
FD70
FAE9
FF1E
FC23
FABC
FBBD
0B46
FE2C
FFD6
FDD0
01AD
FF21
F68E
F876
01D0
F660
0A7D
FA04
0154
0453
F81B
087E
F4BC
FDFC
FF55
F662
0835
F7F7
F585
00A4
077B
0739
0B56
0055
FDF7
FB56
0A7E
04FD
FD73
05AD
FC79
0AA1
FFEF
FA73
FD9D
FDE6
0ECD
FE19
F891
FE04
FC79
0FBD
FFED
01D8
FDB9
FB28
FF3F
F4A5
FC29
F88B
FEC7
05A0
0D40
0951
0830
0A97
EEE8
FD8A
F544
00C2
0873
EFE4
FED3
082E
040F
0A0C
EAD0
09A9
09D1
F458
0412
F458
0A48
05C4
0110
F764
F5D4
02E9
0CF0
0479
E74A
01CA
00A5
064C
0CE4
F2E8
0AFA
02F1
FEDA
0DEA
038F
12D1
FF31
F910
1297
FF4E
F955
FCF1
01BB
0621
FA62
F3BE
FEBF
FFD9
04BE
FC75
EFAE
0719
05D4
0722
0749
0321
068C
FE31
FB44
F982
FF1D
04D1
02A9
F96C
00AF
FF99
FAAF
05C6
FDCA
060E
0F3C
FB64
FD52
FCFA
FEC8
02FC
0310
FDC4
FD7E
FEBC
0237
F588
FE67
046C
004C
02B9
F9AE
FF7B
036B
FF2E
F82C
05E4
08A6
FBE4
FD7E
0018
039B
FF90
028B
04CB
FDF1
0018
0069
06A3
014B
FC75
0389
09D4
0507
00DC
0305
0747
021B
0231
FE66
0624
FF1A
0126
030E
03A0
0333
FF7E
F9D0
FB03
03B6
FED0
05D1
0334
FFD1
0109
FEA9
0286
FCE2
FB5F
FCA3
00D0
FC3D
FC15
023D
FC4A
02AF
FE10
05FF
05CD
F77C
045A
0198
07E1
FF24
F9E7
01FC
017B
FE45
FEEA
FFD3
00A2
FF7F
FD47
0C7F
07F5
0B96
FAFB
FC74
02C4
FBD7
0944
04BB
06AB
0205
FFAC
FE33
0089
011F
026E
FF88
03BF
FDFC
FB2A
FDE6
00EF
FC47
FD21
05B7
000B
FFFC
F468
0112
070F
FE75
0083
FC9B
023C
0161
0568
0036
F97D
FEA3
05AE
FF30
07CB
01FA
0354
0938
FE32
02D3
08A5
FC8E
FDB8
001F
075A
F756
0592
FCF2
F57F
F40E
0A62
047E
0962
05A3
09D5
FA36
FF43
FFA5
02F7
FB0A
FC29
FB40
FCAE
0247
0024
010C
023A
FF19
03B0
FFD2
0269
FE1C
04B7
FEDD
001B
F948
FDDB
F669
FC28
0FCA
06A9
FB99
F8E9
0084
0166
03E2
04E5
FD5B
0469
0376
0439
024B
F350
FAC6
F7B5
06C2
FDB7
FF84
0209
F319
0214
096A
004A
002F
0A86
F4CC
FDBC
FED1
02BB
FBC1
0641
FF56
FD9B
0726
FB80
F2CB
FB82
F8C1
0489
FF01
07B2
FE44
F8F5
00F4
06EC
02CE
FEAA
02D2
0859
06B6
F833
0198
FEE1
007F
FF45
04EA
F79A
060E
FD84
00F6
017C
FD93
0513
FA12
0445
FD06
FD02
FB85
024B
0464
FFDB
0633
FF0D
037C
FDD2
05F1
FFA5
FF8D
0394
FD1E
0B75
06FB
05CA
03D0
FD73
0131
0639
FF30
007D
00E7
FF47
0837
FDC9
0871
FF85
01E1
0002
FA30
F94A
F821
FD73
F8F9
F6AD
F9B0
FC1B
0115
030B
FA57
FE50
0651
F92F
FBC4
FC1B
04D5
0297
FFFC
FDC1
FBD4
FF0C
FDAE
E8F0
FB62
036D
0BCE
F493
F9B8
FBA1
FBDA
FFA5
F6F4
0F7D
09E9
08AB
11F1
F6B3
FC5E
0096
11CB
0516
EC1C
F914
0AE9
FCCE
FEE1
07F2
01BF
F777
FBF7
F535
FF31
F712
0366
15A4
0063
FDC7
0090
039C
0609
0B59
11D6
FB90
0924
FEC8
050F
0F18
F743
0EAA
0362
FAF8
0A4F
FDB8
FF37
FDB6
FB17
0C83
F9F0
057A
0873
FCC1
F764
FD90
FDA4
0744
FDAF
FC95
04BB
FE5D
FD89
0910
07BA
0354
0578
FDF1
0A1D
076D
018A
FE5F
020B
0E56
FD74
0713
F8DF
FBF8
09C0
02B1
0D3D
FDB9
F800
FCFF
02E9
06E9
031F
0353
FE19
FD1B
FEB0
FF98
FED9
016B
FFE6
0372
00D8
0607
052D
036B
0157
FCE0
01A6
FCC4
03FE
0382
FED5
0579
0111
FDDE
0410
FEF2
FC99
00C2
F9F3
FCED
FDAD
FA05
0049
FE41
0AAE
0746
01BF
0377
0227
031E
FF03
01A7
0223
FAD9
03B0
FA9A
FFEB
00DE
0139
01D1
0962
0197
FE48
01A0
FE71
0B7F
03DD
0524
FD0E
05DE
024F
FA53
F869
0342
02D3
00B7
FF9B
F674
F91F
0E55
FDF0
FA93
0242
0603
0D96
02F2
05A2
07B8
07D1
0ADA
0D80
FBE0
060B
0350
00BC
FCF8
0C06
0114
00CB
FF9B
F9FF
02E2
FD9A
0133
01D9
F198
0422
FC17
F271
F730
F252
06FC
072E
02F0
03C8
0BD4
0FF9
0D05
FEAD
F340
0362
FA18
FFF2
0559
0489
FE42
005D
038C
004A
041C
00F1
020F
FD7C
F905
0BBA
FE56
0144
0217
FD17
F5CF
FD26
FE92
FEB3
FBF6
F8D2
FB51
FB64
02D5
0440
FDB4
FA51
F7A4
FE2E
03C2
002D
F9ED
FA68
0792
0293
FCC9
FBE2
00F7
0BF5
0358
FBF1
FCA7
012F
0974
0A35
F5D0
FEF4
FD5B
0330
0629
FEEA
0182
FC35
F681
F926
0053
FEEA
0585
0235
FA67
F452
F586
FB4B
0493
F9DD
0472
F662
F890
02F0
0188
02A1
FC72
FA04
FFA2
F97E
FF4E
015F
FA5E
FEEF
02E0
FEBE
024B
FB87
FB2E
0333
FF93
0505
0279
0636
0357
032A
07C0
01FA
0441
0334
FBFA
0230
0592
FE60
06D2
FCE3
FF00
FD02
0434
FBAD
0164
0380
FA21
038F
FFAB
FEDA
0612
0181
FE4D
FB5B
0814
FE55
FE10
095B
FD1D
0439
FF12
FB2D
FD51
FD71
03D5
FA90
004A
FF5E
FF6D
0703
03CE
0A84
06E8
FEED
FDC2
FD08
FC9A
FF29
FFC5
0240
0586
FB80
FE92
012D
FF5A
05EF
FD02
00BD
0A07
F6A6
FD76
0510
0CDD
FF29
08E7
F9D2
0765
0D77
F4A9
05EF
02CA
0356
0697
003A
F7C1
F5E3
059E
0D2F
0EE3
FD68
FE6D
F2B3
0577
067F
FD81
FA9C
FF1D
098C
05C1
FA97
FF7B
06ED
09B7
FE61
FA1E
FD25
FC54
0116
FF43
FE98
044E
FDE5
068D
0087
FF0A
0597
0B4A
F832
FE9B
FF63
018C
043F
FA6B
FD74
F4B6
019F
0339
0504
FDD8
FAB2
FA4F
08FC
095A
FFBF
FECD
F902
038E
03C0
FEB5
FEAF
FD01
01D8
FF76
0077
01A6
0569
FA05
0307
FB9A
FD3F
02BA
FE50
090C
FE9F
FD9E
0ADD
017C
0949
FF71
F9A1
0488
FBFC
FA9B
0C07
0B31
FDD7
FB3B
FCC2
0332
01E0
FD82
029D
F585
03BB
FF2D
06D4
FD8B
0125
FCAF
056F
FD42
0613
FB5C
FCE2
F5A0
05AC
02CF
FFFE
10AF
06F7
0858
063B
F8D1
F4E9
068B
08A3
06F9
F98C
F7A5
FFC0
00BB
03E9
FFF5
01B8
FE45
03DF
0497
0033
FF67
013B
05BA
08A4
FD89
FD17
FD3C
FD6A
FEB8
FE37
060F
FF11
07CC
00C9
FEA5
0149
05C2
0082
FFC3
0708
0286
FE18
FDAD
FC03
064E
FE52
F966
FDC6
0561
02FE
FCB9
FA21
03FD
FDE4
056E
F399
EE17
0218
F6F3
F962
FCD0
FDEA
06FC
F64C
FE92
0A95
FA21
FD04
FA41
0404
F7E3
00A6
F69A
FD0B
F967
EA71
FB17
FF00
F718
F085
067F
0351
FAF0
EC74
F97F
02D9
07F9
0760
F9C5
006E
0D44
0597
00C8
0592
0746
03D7
F70B
FC86
157F
FEA8
093B
0445
FE92
03D8
009D
FCDD
0281
0007
FBE8
0332
0460
0092
01AC
035C
0375
04B3
0445
0223
F99C
FE2E
FE8B
0845
00C1
FE72
F969
FE6B
0363
02B7
04B5
02B3
F7DE
0063
FDBA
F8D7
0253
FA33
FEDC
FE34
FC37
002A
FC75
0598
0447
FD60
FE43
0004
022A
0413
05A7
05DF
0292
0878
0705
028D
09C1
FACB
00C6
FCAD
0320
07AF
FD48
FAA2
FE74
038E
054C
FDEE
07DF
0304
0291
FFF3
017B
FC58
0888
FF64
09EC
0C8C
FA0F
FFB4
FFBB
0134
FFC1
FE45
FE42
02B7
FFC7
FE92
0736
01ED
01DB
FC78
00F7
04D5
07D0
00C7
0017
FEAD
0164
0397
047B
00A2
FD1C
0D6C
0255
FCBF
003F
000E
0216
FE12
FA08
02C1
03D1
03B1
FE56
FA70
0307
00E3
FC5B
F72E
0CA9
FBFE
FDD0
F5D3
E587
F622
0158
F365
0324
FC53
FA91
FF9D
FFE6
079A
02D3
0304
FE1A
FE01
009C
FDB9
FEA4
032D
FFCB
02A8
FD14
FB0C
020F
02B4
02F6
FE0D
FAC9
028C
04F9
0219
09E7
0565
1443
05BB
0811
08DB
074C
121D
0EE3
00A1
FF56
FEE8
0191
FD72
01BB
07ED
0041
030A
0476
00DE
F3F8
00F9
012A
036C
2B1E
1ADB
082A
13F1
FEB0
1427
0FCF
02DD
09E7
FFEA
F4E9
0520
FDAF
0479
0537
010F
01A2
FF4D
0041
F562
0677
0633
F2A9
F7EE
FFF5
052A
038D
0349
0E26
02FD
058D
03CC
FF62
005C
034B
0268
0C0B
0497
F93B
F9D2
0D1E
03DB
FF24
FDE7
FEA9
FEA4
009D
F342
03BD
080B
02F0
002B
0065
FED1
F9AD
0839
FE3F
05A7
FE8E
0085
FE49
FF15
0AD3
081D
FC90
FD1A
0637
033E
01F5
039E
FA5D
0656
FDC2
FF28
059D
F85A
FBE3
091E
03B3
0177
00C8
048B
FF94
014B
0156
019D
0387
009A
FDA0
FE40
010E
000C
0228
0338
FD69
F979
FC3F
0268
FD6F
FDAA
FDAF
FB5E
0422
FD84
05AF
FE44
FE45
FC7D
F651
FEA1
028A
0A65
09D0
FB71
00A3
0549
00D0
0332
05AB
04C1
FCDC
0331
079A
00E2
0177
1E1C
0F20
F3AD
0CC5
F797
04D1
0298
F1E4
0E0F
F5B3
0D33
FE8D
FCF9
080C
027D
FAF0
EEC4
05CC
FB49
050D
055D
037A
0D0E
02B6
03C5
F815
0677
0306
022B
FEDE
03EB
09AF
01B4
FDCB
FD66
062C
F96C
FBC4
025A
05AA
FCA7
01A1
0703
FE5A
0156
0B6B
0969
04F9
F6D0
F535
FD47
FBC1
0CB9
0490
F921
FD19
FC7D
03F6
0746
034A
0C98
009E
FFAB
F8D2
0070
FEA6
FABF
F465
F0F6
0688
052B
0091
045C
FE89
0A59
FBFF
0115
FB60
FDDF
FF14
F97C
FC5B
FC4A
01BF
FFD8
FFFA
042B
047B
002E
F9F0
F71E
FFC0
02AE
FDB4
F59E
FF4F
0430
01EC
0251
FC06
01EE
FD6F
FBA9
FF5E
FD47
FDDD
0040
FD10
0224
FBD6
01E1
FF49
F9FA
03C4
02EC
FC73
FC13
FF49
FF96
07DE
01A1
FD74
F7B0
0001
0773
F6BD
0335
FEDF
F773
0338
F6D8
0250
00E1
0412
07AE
F694
080F
FDB8
F78B
FE6C
02E4
06E7
04F8
FD21
00B9
154A
09F7
080B
FEAC
FE7F
02AD
0467
0319
0643
FDA1
068D
043F
050A
FBAF
FA4C
FEFA
05F7
051F
00CE
0003
FAFC
FDDE
03EA
006F
020C
003F
03B1
0980
04BD
FFFD
06C0
049D
0317
0540
04C3
FD02
059E
FDE5
04AD
0420
FDCD
07F2
FBFE
FF14
03B1
018D
FF34
F7C2
0201
FBD3
FC24
0317
07D6
0295
F9BC
FC5B
FAEC
00EA
060B
064F
FB51
FF7B
02BE
F4D3
00D9
0146
039E
00F4
0353
FF83
0701
FFF2
00DA
06FF
FCF2
05E3
FF6C
FC6E
FC98
FEA5
0E72
064C
F8AF
0098
05A1
FF88
F8FB
FDD3
FF1F
F621
001E
FE55
03D4
06E7
0009
075F
0697
FBBF
FBD9
FD8D
03E5
0091
0B7C
0860
FE12
0493
09F0
F74C
FDED
0D8E
0055
FE14
F49D
F952
FA22
FDE8
F408
FA6C
F7E6
EFC3
FDC5
EF43
F61F
0190
FE67
0365
F74A
FEC3
077B
0AC1
00BC
FB95
07D0
FF65
FB63
FB46
05CB
014F
FA15
FA1E
0349
FABF
FA9A
024F
022A
012C
0158
FB83
053C
0505
02ED
0094
FAC2
0769
0450
F9EA
F516
F9E8
FE55
F722
04C3
0159
08E1
F905
FEEB
FC99
00C1
07A4
0072
FA5C
FE27
096E
FF27
08C6
0079
00A4
FCF4
0018
FBC4
FF4C
FF29
FE22
FC2F
F8C3
FE8B
FDFC
06E7
00AC
FE51
FF9B
FA05
07FC
FDDC
05A0
04C3
FBD1
043C
FD8B
0083
FFA2
07EB
0284
FDA8
002F
FF1A
F1C3
0352
00A8
F9E6
EE9F
04F1
0595
0838
F887
02BC
FEE0
070F
F8FD
FC47
FC26
0065
0574
F7F1
02EB
01A8
FA1C
FAD5
FDA5
04E7
00CE
FBAC
029A
0968
09E8
FFA8
0226
00A0
FB55
FE2D
008E
FF40
FFDC
F5ED
0312
FDA5
F379
FDC3
FBB1
0993
F3CB
FF6D
0A1F
12F6
0037
F55B
FDAA
FCBA
02E7
0270
FD3A
FF41
01ED
FDAC
05B1
0193
008E
0168
FE79
02C3
0254
05B3
FD54
F2F3
0DDB
0238
0A82
0DC7
FD08
084E
01F1
FF9D
097F
031A
07F5
0BB4
0FAD
08E5
FDA0
04A2
0C68
03EF
FAEA
00DB
FDB7
F248
0444
04B3
050D
064B
FBCB
FC60
013B
0E2C
0A81
FF15
04DF
FF2E
0553
F9A8
00E8
0175
062B
0576
039E
071C
018D
04C2
FEE1
01D2
FEA8
FDA3
06AD
0A67
FC83
057F
03FF
0269
042C
F88B
F78A
0392
00F8
FBF7
011B
FF66
FA63
FED5
FDFE
03FB
FF60
0004
FE56
FEFC
049B
FFEB
FE8A
005A
FDCC
0716
005A
08B4
FD0F
FFEB
03EC
04E0
F995
FE58
FC95
FF87
FE8F
04FC
FE8A
FE10
00B2
019B
004D
FC8C
01CF
0647
FE70
FFBC
F973
FDB5
0039
FE0B
0227
00A5
030B
F9A3
F9B1
FED1
05DB
01B9
FF1B
FCB7
F88A
05C0
04A7
05BF
FC78
01AB
010E
003E
006D
035E
FAFE
0017
FFFD
015F
F6E8
FFF3
03E7
FDB0
FDE7
FF81
FF91
FF83
FF10
052E
01F8
07C5
03E2
037E
0889
0210
FC9E
FFED
0072
0446
FA54
FF3D
04D8
06D7
FD2D
F6EC
059C
05B7
049F
FE4A
0354
FD70
FEFC
031E
FB64
0230
FE8D
0915
07F2
FEF3
FE42
FD32
FDE1
040C
FEC1
F928
005A
00BE
034D
FD3A
F805
0185
0B11
05C0
FF98
FBF8
FCD4
FE49
0B66
06A1
086F
FC45
FD27
FF13
FB39
026B
F8E5
F9FF
FBC0
FB69
01E7
FE30
FC57
FCC7
0018
013A
0161
FB2A
06AA
056E
0044
02EB
00ED
FFAC
F66E
FFAF
00B0
0965
0A1B
03C5
05FD
F20C
FBC2
0431
075A
0011
F1ED
FEB0
0924
0177
0210
F3DD
0444
0E3A
038B
07DF
F521
EA81
0245
F9C2
FE9C
FA2F
073A
1266
02EF
02ED
024A
01C3
FA15
FED5
FF23
00AF
00CC
FC67
046A
00FD
FE6C
FD91
0459
02CD
025C
FF61
01F3
0043
FB4E
0110
FFE0
FC03
FEBE
025D
0471
FC5C
FAA3
FCC9
FD30
0227
FE6D
F96B
FF9F
FE5F
FEF7
0109
FD62
04BF
0394
05D0
0722
0677
03A4
FE5A
0426
026C
0514
0225
00CE
02DE
0370
03B0
FDD4
01EE
FF94
00EB
055D
FE79
03BB
061B
00EB
00AB
00F6
039F
04E5
0815
F0FF
F63F
F666
F5AB
EEA5
0AA3
09FC
F2A1
F70E
F178
077F
F696
022E
F71A
FEB1
0A5F
F6BA
FDF7
0A58
00DC
029C
06E4
08A5
0911
182B
062F
05AA
0A9C
F759
050A
FD0F
FE0F
010F
FAB2
F8A7
FAD1
0477
049C
02BA
093E
F8A5
0118
F68C
FA4E
F4CF
0411
FD0D
F56D
FDCB
0454
FC55
00BA
0290
0B7B
00EB
F7C3
00C0
FFC0
0416
F1CB
FBA0
FD35
FD18
080D
FD64
FAE9
042D
056A
0A62
F632
FF9F
FE99
0465
04B6
047A
FAF1
FF06
FE2C
08FC
1039
0392
FF63
0184
02BB
072C
0459
F9A6
0170
01E4
FC76
010E
F9E8
FBE3
FBBF
FC6F
F719
005B
03E7
03AE
FD9D
0088
FF11
FC8F
FFBC
FBFC
01AA
04F4
0767
0367
FE73
0090
0057
036E
FF95
03B9
0176
0046
01EA
00FB
03C2
01E3
08B5
0009
0069
0283
0314
0044
03D8
FD6D
029B
013E
FE0F
007A
F9FC
0289
01B2
FE1A
0591
00E9
FBA4
0537
01FE
0026
FB02
FF6C
00F8
03DF
059B
0360
0A81
0038
0264
0F50
0B6E
0880
F6A9
FEA0
FE96
0087
077C
FCE1
FBDA
058B
07C9
FE14
02AA
FA1E
F5B8
02A1
FDFD
FCF7
FB86
01A4
0CB0
FA4F
078B
0514
04F4
FB70
FEDE
FEFD
FE41
EF5C
ED11
0997
FF11
FC45
017F
01BB
0315
0498
0748
05AF
019E
F79D
F932
FF0B
0507
FA05
F6A0
07D9
01E6
FB34
FC46
01C8
02DD
012B
0276
0733
0308
FFDD
FE0E
025D
FF85
00DE
FF88
02EB
0325
0B76
FB0F
FDBA
0012
0112
035B
005D
FF20
FE64
03CE
01D8
FEE3
021F
0166
0128
00C7
FE98
FDB6
02D7
0158
0317
0160
022C
0597
0655
FDE8
FEB2
0183
04A8
0459
FFE9
0260
FAA9
021C
01E8
FE05
104B
0374
02B4
FFB9
0610
05CC
F858
FFBC
008F
F734
0707
FA74
FF44
09E5
011D
03DD
021F
04BA
055B
F5D3
0186
FD6D
036E
0328
024E
0564
FE1F
012E
FF15
020E
01FE
04E8
045B
0019
0417
026C
003A
02A0
FD2E
FE11
01D3
0276
02A8
01D2
0320
01F4
096E
0413
F950
0139
FA11
03A4
FDAA
FB03
0107
FCEF
05EE
FC56
F97E
0132
038A
007D
FF3B
FF72
FE1A
FFAF
02B0
FE8B
FE27
FB3B
021F
FEA7
FDEF
017A
0194
FE65
0197
0182
FECC
FF6B
FFA4
FBE8
028E
FFD5
0282
028F
00B9
01A4
FFDA
0239
03C0
0355
01A5
FDE9
FE05
FC20
F59C
0D05
0390
0641
F69B
01EA
04FA
F53C
FC49
F62A
0B5C
F587
F657
1263
0370
04E8
F8FA
1110
127C
F26C
FE6F
ED75
0BC8
08E8
F940
FA07
FC2D
016C
00ED
FB3A
0398
00F3
02D9
0037
F9F5
02EC
FED7
FDE8
041C
FA89
028A
FE2F
00C4
024B
004B
0157
FF45
FBDF
03EB
028A
027C
02B2
FF5C
004B
FCDE
F9ED
0029
03DA
0479
FC2E
0276
01C3
0640
FD55
045C
010B
FEB1
F9D7
012F
F821
FB9F
FDB4
0386
0614
0B62
F9F6
013C
FF76
0493
FD9A
FDF5
02AD
FF7D
04F3
00C7
01B5
FEBE
FFF2
0AA8
0223
FF19
F74B
FA41
0276
05C7
02D9
F5F9
FE63
0008
06AF
0AE9
FC52
F87A
0210
FE4C
07E8
0374
FE1A
02C4
FFC0
FF7B
FC78
F627
FAE9
FC84
FEEC
027F
FB9D
F301
0B9B
FE71
F8DF
FE76
F9C7
0A61
FEDC
058A
FE75
F6F6
FE2B
032B
025A
FCE1
FC87
FFDF
FDFB
02F5
0053
0341
FE73
FED2
0851
01A4
0244
0252
01A8
054A
0234
FDE1
FD60
F97A
FC8D
02CF
009A
02D5
FE6C
FFD1
01A9
01EB
F683
FE5B
01A6
FA64
0353
FC5D
FD6B
FCF1
FDA1
0335
FF2F
04DF
F7F3
FFD8
03BA
FDDD
FD1D
FC9C
F4B0
FCC3
05D6
000F
0393
0AE9
FE47
F5D2
F0C5
091C
FD0A
F1AA
F495
0246
0DEE
FE18
FA1F
0323
0927
0BE4
069C
FD8D
FA33
0013
0E3A
0409
061B
F6F9
F742
0220
011C
FBF2
027C
FC39
01CA
0397
069D
FA81
FA4F
FB5A
FFA7
070E
E267
0E25
1504
EA3F
E3A7
0256
025A
00B6
FAA6
0074
00E1
FFF8
FF88
0132
00CD
018B
004D
0079
01B8
FD04
0290
05B8
0206
015B
FD4B
F912
01AA
040C
02FD
FEA6
FCB5
007F
FFEC
FCEF
038C
FD8B
FBD8
FDA1
FDE8
FDD7
FFD4
05F9
FEDD
FE81
F92A
F952
0539
057E
053A
FE77
FA18
0311
02DA
FECE
0487
FEF4
FA0C
003A
FBDA
FB69
08FC
FC6C
05EB
07C2
023E
05D5
FA6D
F614
0207
FFB6
029F
FDD4
FE1F
FD9A
04B7
0198
0753
083B
FFF4
030E
FA23
0091
FC16
FF8A
0094
FDB1
02F0
FC67
0049
FC65
FE19
0563
FF33
0261
FDF4
0412
02EC
03EE
00D6
0523
0299
0F00
054C
01F7
0033
FB7A
F970
F30D
F9A9
FEB2
0062
0868
0F4D
0A49
FD05
F938
01B5
095C
F925
FAA8
025F
0956
08A6
015F
0517
187B
12BF
FEEE
E712
E944
F67C
FCA7
02C5
067E
04A4
FFA2
FB33
FC32
FFFB
FCC7
0294
0177
03F7
FE82
009A
06E0
01E7
FE55
FAB8
02DF
0143
0190
037F
FFB1
FEF4
FAB6
F3ED
0203
F52A
F79D
F811
F784
FCEB
0AFB
F21A
0A5C
0865
075C
0DB1
0CB3
FC9D
02FF
F5B9
FE77
0780
FD59
0B7B
046B
0750
07D9
D8B8
FC82
F51E
F858
ED19
FA28
207D
0A81
1023
F717
F4DA
0CAD
FCE4
08CF
0009
FD00
104E
FE65
F82E
F768
F3B8
045D
081A
FA96
FBD4
0204
FC80
FBAE
000A
01D1
0140
FC02
FF3D
0313
0277
02AB
0772
0034
0379
09A1
0175
0468
FE88
0824
041C
FA5B
00DF
FD83
0259
0171
F459
0E80
FFC2
FFEA
01D2
F3E8
0764
0173
01DC
0036
F7A4
0BD5
029C
023C
0082
0166
074B
01E5
0631
FFC9
070B
0225
FE93
FACA
FABC
F685
F26E
F946
FC3F
006A
FDDB
FB96
0221
FB4A
0056
F8EC
FE4B
0498
F9E2
0523
F84E
0A0C
0408
0133
01AC
096F
0231
00C8
0011
FF8A
04CB
FCF8
0176
F91C
FAD7
FE5F
FE3B
0094
00B5
FF34
F9DE
00E3
04E5
036F
00F1
FC2A
FF75
02DA
030C
03CB
FF2F
FE4B
FDDD
006E
FDA4
D22D
DEB0
FF81
01D0
02A6
0850
071C
06F2
0E41
004E
0315
F75F
E70C
FDB9
021A
0497
0319
0F0F
0DB3
0875
07F7
0533
FB06
FEC8
FE76
F612
F7B7
0497
01E8
FE8C
ECB7
F5A4
0A40
0762
FBFF
E745
F713
0249
06C8
FE74
F88A
0FBE
0209
0A48
FEF4
FC11
0EB9
05C8
025D
FDED
FB71
058F
FFF6
F841
FDE5
04C9
F86F
FD53
FA1B
FE4C
00F9
00C5
075B
009B
0661
F641
0371
093F
0C55
0A69
FC04
0612
04FC
0034
05CE
0287
04D5
0544
0206
FF9F
00E6
0263
027A
00F9
010A
FBAA
0158
FE7C
02C5
02AD
002B
FA27
FF53
FF1C
02E9
0531
0430
FFFB
FB29
0017
FD3B
02C7
042B
05A9
06F3
FB59
04D3
0A25
0616
044A
F9CC
FD80
FFF2
05E6
0524
FBC2
0004
FC48
0336
0232
0307
0163
FA21
0214
053A
00ED
0159
0241
FC70
0184
07CB
06CF
023A
00C2
06E4
FDE3
F61E
03BF
012B
FE42
03F6
FF2A
09D0
FFBA
FD1F
F998
FA39
FEDC
FFD0
F8CB
FDB3
04B1
FC42
FE25
FC8F
F61B
F629
FBDE
07CD
02D3
F31A
F8D2
F8CD
023E
FB67
F48E
F810
FC4D
017D
0213
F4BD
0760
0B7B
F643
022F
F564
FDF4
FBA9
FDCF
FF2A
0848
02C7
023B
02D3
FA52
FCB4
0062
F729
F8F5
F9A0
FA46
FF67
0878
0693
073C
F070
FECE
0170
F81D
035B
02B0
F559
0285
0216
FBFE
0323
005D
0746
022A
0514
FE95
FF38
079A
FA2C
F9F5
F5EC
F89C
0272
FD07
FEA3
FDC9
03CF
09C3
026E
FC0A
0B71
02CB
F90D
FA1B
F491
FD2E
03FD
FE9B
FE7B
FFFA
FC7E
FAD2
FFC3
FD2E
FC6A
09BA
F8EF
FF83
FBED
0131
FEF5
000C
0846
01ED
00FD
FD44
0368
F7A0
F7D2
FCDD
00BD
07C5
FC60
0133
F727
FB64
0763
FC12
0267
FACF
FC52
033B
F257
F7C8
0218
F8F9
04E2
004C
F683
E90B
FFA1
FF29
02EA
050B
01D9
FEC3
01DE
05B8
FB2D
03A0
0080
04C1
029E
FF39
0520
FFB0
FD55
FD07
0233
09DB
FCDD
FEC1
FDF8
017F
FDC6
0063
0772
0549
02B1
FB06
074B
010E
FC85
FEE5
0308
0D8A
F801
0094
00F1
FF1A
FE76
EE99
0091
FE3E
02C7
FF64
F723
107C
03BB
FE25
057D
06C7
02E8
041E
FEAE
0072
FB6F
0108
FD46
FDC5
FEA2
FEB3
FFEF
FF88
FEEC
FEB3
FF4D
FF24
0064
069E
02BA
0625
FD1C
FB57
0933
03F0
056E
FF4F
FE59
03B6
0A7B
06E8
0519
036E
0AAB
07E9
F9EF
FEE2
FB65
019A
0EF9
F6AC
F47C
04B5
FF57
F2F1
0C0A
05D5
F162
EDC0
F6F7
FD22
0471
FD2C
F4B5
FFDD
05E5
0609
080F
08AF
0914
F8B4
046E
09DB
01BC
187B
EBB4
044F
FA6E
F406
0B30
0497
079D
05CC
FCD0
0598
F872
FEA7
FB44
F93E
04DD
FD48
0275
FE28
019A
08B9
FE02
016C
0AC1
0B99
FB7C
F69F
FF27
FF2B
FE15
0326
F727
0259
0B60
0919
F355
FE5D
F8BD
FB0A
02BF
FDA0
FFD6
F702
FA16
0381
FE6A
0390
F8A1
05D1
0234
01E8
0421
FEF3
FFAF
FEF8
FD70
F6AA
FDFA
026C
FD79
FAED
EE19
F17D
0043
04B2
1AC5
10DE
FEE6
F7B6
0E0C
F256
EC27
F0BA
F34F
EA6F
0922
FE90
045F
F692
FBB5
0F58
F417
02B5
FCEF
F340
F81A
C01D
F641
07D4
FED3
1027
21FC
1CA3
0414
0A90
0B2E
07BC
F40F
FD04
0537
0619
FC2D
01EA
0368
F9F5
02B2
0735
F7EE
FFAE
FF96
164E
F855
EED7
072A
FB03
01CF
FC96
F5AA
043C
07D4
FD90
F6CF
FB23
FE5D
04B0
F504
0758
0EC8
F7F8
0AE5
E94A
1015
1AB0
EC46
EA80
E83D
FD39
FC14
F6F6
0ADF
09DD
07DA
03B3
F7E4
F598
0C1A
11E5
FE99
FF42
0012
F161
F444
F496
FA83
09B0
11B1
0CCF
0B0D
F9C0
FC62
02F4
E409
0099
F1EB
FAEE
EC0F
F266
0EFE
04D6
0391
011F
FC42
FD9F
F7E5
042F
FECC
F715
EE81
1014
F625
07B9
03B8
FF8E
043E
0CDC
FB76
04B9
0BCE
FFCC
FDFD
0450
FCFC
FE29
0310
F9B3
FBDF
F866
0FF3
08ED
F30D
0330
FB37
FB64
F911
005E
FE3D
F82F
FA50
FAD1
035F
EE53
1049
0453
FE62
EFB9
0BCA
0440
088F
FB76
0D98
079E
F2A0
FC53
F945
FF87
FEFE
F2C2
F6EC
F349
F88A
0E58
0148
F7A6
00BB
FDFB
F052
08AA
F3C9
E62D
FCFE
028C
FC02
F9E8
EB00
FEE7
F937
01AE
0A08
F254
FDD6
EC98
1E05
080C
F834
F539
E871
F97E
F5D5
F8B7
F53F
FD0A
FF2E
E964
0BC6
042B
139C
F7C7
FBED
0B6E
F811
148F
01B8
0769
061B
F4B4
1245
0A85
F7A2
02EA
F3E4
F2BA
E366
FD6B
0EEE
03F8
F39C
0162
0204
F784
0C4C
02ED
0EE1
1274
FE3F
050F
09F9
05BF
FB1A
F5D2
FFF5
EF2E
FDB6
F8EE
F7E0
0A1D
0553
0286
0DA1
F7C5
054E
F659
F7B8
FBA8
F736
015C
FC5C
FF3A
148B
0834
010F
F9E0
FCAF
1058
0CE2
F3D4
FD42
051C
0466
018F
F17F
F522
0520
0363
FD8C
FF22
FDC0
FBCE
044B
06BF
EF12
13DC
DF62
F2DB
0C9A
FA7D
FD0B
EF87
F6A0
E12F
00C2
FBB9
E350
FB02
F22A
F509
02D7
F383
F922
F773
06C8
E984
F056
29A2
0C2E
06D9
EBD6
E64C
F10F
F15B
FDC7
FF3E
259B
086F
1402
F96E
04D0
0BFA
08EC
0E60
F10A
069B
ED61
0609
FFD9
F59B
FC1E
1ADA
008B
030E
0C05
EC70
0D29
F4CF
1424
0D1E
F9F7
0785
049E
0AE3
F260
009B
02AA
051D
FB1C
DB6E
0B72
0FD0
0D3E
EC29
032F
017A
F473
0D9F
18C7
0CBC
EB59
FA45
11AF
0720
0C04
F7C9
FF26
1056
102C
FF33
0121
0420
1090
0806
EC8C
FF38
F618
FD14
F450
FD0A
FBD2
FFA3
04D0
03B4
0384
02BD
FC08
0111
0816
0101
F323
FBB3
FAD7
05EF
FC86
FB54
F9BA
FB5F
0706
FE26
047E
0499
0226
FC90
008F
E427
F6C5
FC2A
FC64
0E00
0968
0DF7
0A65
FA19
FCA8
058C
1330
0027
F9B5
08A8
F9B1
0087
F8D6
F9C8
FA9C
F62F
0BE7
F85E
FF41
F4B9
FDC7
07F0
00A2
08C8
09CB
22CD
0435
F397
FEAA
F771
0EE3
03EC
EE61
F523
0A47
03F9
DC34
F3D0
FB7F
06E7
F3C1
0F14
0243
F8F7
0E7E
133A
FF47
F02D
EA31
0694
01C2
F634
F330
1772
FBF5
F5AA
F149
DE28
E902
063C
08BB
F552
0AD1
0AD7
0156
F2E8
03FC
FA6F
FD7C
100E
08FA
1CD4
03A2
15FF
FD4C
04B9
0FCF
07C7
FAB8
FBC1
D450
01AF
04B6
F65E
04FC
E744
087C
0611
F3D1
0414
04EE
F24D
03A3
0E1B
F4A7
0559
FBE6
FAED
07DB
03F1
FFF2
0487
0774
0042
FA22
FD8A
01E1
0573
FD35
FFC4
038F
01DD
0113
F9B2
025C
FF02
F282
F4F4
F9F4
0222
F8E6
E7C0
F305
FBED
2109
0FA4
057D
1F51
0128
0CE8
FEC6
10BA
35CF
FE6D
FC05
08FE
FC20
FA1F
09F6
020D
F0A6
043B
EC61
FD31
111F
055A
08C2
FA14
FC1A
0029
0431
F703
F760
027D
FC02
F75D
FFC1
0A0E
0B99
FF61
F32F
063A
0B87
0092
F74B
FEF9
0700
FF99
FE9F
FBA2
FE89
08EF
F99B
F016
F159
04BF
07AF
FBCD
01D0
FD64
FECB
056A
F6FB
05D5
FCF0
0188
07CF
F372
FE2C
0F55
0A6D
FDE6
F62D
1715
F5F7
127B
FE28
EAE2
FADE
F63C
12C0
07F1
F44B
F76F
FEC3
0787
081A
03EB
FEC1
0561
FF73
0595
0409
FDA0
FE53
FEBF
F42A
FC2F
0189
0807
079F
1B66
17A0
F7BC
083D
2E6C
01CC
15F4
F169
F4EB
FEB9
DDA9
F8E0
F4C7
F3B2
F7D3
03E5
11E5
0911
F916
0A34
FD9C
0E3F
0549
DBE0
E7EB
15BB
09B1
04DC
F8DA
053E
13AB
FB12
ED18
F762
0AC0
FE1A
F099
F4D7
0F8E
08AD
FEC8
FDEE
003C
FED9
F8A5
F3A1
0D34
FA95
F5DC
1AF5
F0A1
F40C
03D0
008F
FCE7
F51C
021B
FC65
FD14
0010
F895
0114
FFBC
FEDD
11C0
F89B
FBA0
0DC2
F94B
01B2
FC67
FE71
FA37
11F8
FDDA
E279
FBFD
0EFA
F5B1
05B0
FDAF
05C9
0538
FAFE
FC6B
F7DA
07B7
15C0
EBB0
03FB
FD1D
FA54
063C
F2A7
FEE8
FD21
0498
0968
F852
349F
0C19
075D
0C4B
0921
FA02
FE83
0174
F6E9
FF8C
09F9
102C
F557
1358
FCB6
126B
F8AB
F828
0465
09C2
0D5E
0EEE
1313
FCC7
F852
FFB0
E7B2
E370
0B3B
FCDF
1033
F5EC
071E
067C
070B
FAED
F210
FD57
003C
06C3
0CD9
0748
067D
050E
F97C
1BAB
F2D5
DCE2
F660
0E4E
101A
0A46
FB86
1176
1CE7
FA03
F31E
F312
032A
0759
E6FF
11D7
F1FC
F4B1
FC70
0475
0068
EC4D
FBE5
FA3B
06A5
F79E
FDF8
FDA4
FA69
1448
FD20
DD4A
FC32
FA30
2615
10B1
039B
15D1
18B5
E471
D7ED
0246
0901
F94F
EB4C
EDDD
1075
F306
E8E7
FAC5
10DF
085F
0D3B
FBED
F27A
0955
0AA6
0B11
F962
FB44
036A
08DA
01D8
0A30
FB5E
0B34
2082
FDD1
F6D1
0533
01A2
F8BF
F504
069A
E879
F4A8
F4CF
0061
0593
EA0D
F02D
F437
019A
F676
EA92
FD89
05F4
0C9A
FDC5
F411
1483
05DA
FFCF
FF4D
0042
0CBD
0804
0292
009D
0FA3
FF3B
FB41
0672
FA3C
02EA
14A6
FBA3
0706
0AEF
ECF4
0C03
F9BA
0853
F7DC
F240
F1D2
EFA3
005C
F6AC
069E
F25C
FC87
0613
0B44
FD95
FB29
FD82
031C
054E
F698
F8A6
F0E0
E81B
04C3
1370
FB00
E67C
EF31
FA22
FAF8
00A6
F82D
0CF6
0627
F6A7
EA36
EDE4
0998
F635
F721
F9F1
0949
0A8F
1308
1007
006E
EAF5
F267
FE99
F844
F9AE
01D0
00B8
0E9D
097B
FBD4
04FA
002C
F8E3
0A49
F866
F55A
0DEF
F3F3
21FD
170E
0537
021D
F589
EC42
F334
F88D
FCF3
F8CF
EC5E
0A6A
09BC
FF6E
15FE
028E
0AE1
1189
07CD
F974
EBCA
0E3B
0717
F8A6
1ADC
FE72
E528
FC0B
0007
0298
FBBF
09B7
0442
F777
FC88
F79A
03DD
03AE
FC3A
0A3E
0642
0115
F8F1
FA04
0464
0D24
0622
F390
EDED
05DB
F2C6
0DA5
0AC7
01EB
0D41
055A
E858
FB0C
1238
EABA
0287
129C
0812
0BB3
FA08
FFAF
FBF8
E75C
F2DE
FE1E
0D40
3444
F9CD
FB3C
2464
FD0D
08E8
F9F8
E8D0
F8D6
D3B4
0212
F1C3
0EFF
202C
1D36
F4D0
E98F
F831
FC17
EDD9
F625
0274
1353
0433
0A96
00AD
08BD
011A
FA07
FF80
0AB6
0706
F4B1
FA73
04FF
0F1C
FF74
FE7F
050D
0C97
F9B5
0BF4
FDBC
0446
FFAF
F0E8
FF71
ECC7
F0CC
F874
F284
FA24
0AA5
F860
FB3D
0A8C
1386
12E7
F748
1727
F676
FF5C
0AE9
F71D
DF2E
DC79
044D
F9D9
0300
FD8B
FD82
EF54
F393
F947
0D4E
E735
FD80
04CD
106C
F74D
08E5
1568
017C
FB17
0DD8
F227
EDA5
FF7B
0652
FBD1
FBA1
FE5F
0D7C
FA0F
F2B0
F8CC
26F6
04C6
FB6A
FE13
0189
05F7
EF8A
FE38
08F6
F5E4
F8AD
F7C6
1147
EB07
F811
F79B
02CC
0977
02DF
FB5C
083B
0A45
00DD
01BD
069C
1352
0482
F327
02D9
018A
017A
FD5F
0174
0CB3
F56C
E847
F545
052C
42B6
182E
3352
EFA4
E2CB
39CB
056F
27DA
08CF
05F7
18B3
F733
F195
F6CF
F892
EB48
EC0A
E562
08DC
EF66
0553
1291
0E09
03D7
0E35
CCF0
E464
0C5E
05D7
F47B
F46C
FA7E
24BB
01F3
0348
F228
045D
1695
FA86
12D3
F779
FAB0
FC8B
0744
095F
0064
F850
EC96
FF6A
FF49
0FC9
ED64
F982
0916
0D97
E329
F8A6
F284
EB08
F88E
F589
321D
1247
FF9B
F25C
06A9
FA91
0420
E585
05EB
1390
0BA3
E8C1
18FB
FCED
0DD0
0854
02A5
ED61
1091
F4D5
FC2C
01DC
FC01
082A
F508
F4ED
FC1E
FB65
02A7
0002
081B
0B95
10BF
01D2
D1A3
FA07
F749
FF80
06C3
088E
F498
FC72
FCF7
FA79
0F59
F129
FFE6
033B
0920
0AAC
FAA9
0075
08D5
129E
0290
0115
F1EC
F220
046E
02B0
001A
F85B
F805
036F
17C3
F048
ECC8
FFB9
015E
0888
FE81
F755
05B0
076A
0215
F55A
F272
0893
090B
FE10
0C33
02CB
0839
0110
DFA1
15A3
0719
F41F
F9DB
FC59
079B
0448
EDA5
F93F
F881
F798
FDAD
065F
0F65
E047
0D80
0BE8
0215
F659
EAF7
0E55
0586
0327
FA6F
F9EF
134F
F86C
F727
F7ED
0684
16EE
034C
0609
0228
F727
0565
0EAC
0F97
ED98
027F
EEC5
0B77
F913
1558
1315
F9DC
013D
0317
FB74
FF1B
0A5C
2445
09E8
EFA6
FBFA
EB9D
EF0F
087C
ED1B
F060
EBA4
01A7
0D7B
1C6E
DEE6
0323
0CFB
011A
F158
17D1
1881
FE33
065C
0C89
E5CE
FDE9
ED0D
EFC2
025A
FCCC
11FD
FF6B
F312
0638
127A
02C7
FFAF
FE14
04EC
FE53
F15F
F297
0238
150C
05D3
F075
E6D1
F106
074A
057F
088B
033D
EF47
FDDC
F483
090C
0203
128F
F4F8
100F
01E6
FF3F
061A
1B44
F5AE
0019
0950
F645
D900
04B0
08D8
0B7B
0188
F743
0872
041D
0E8F
EEE2
FF29
CE41
03CE
1540
05F8
002D
F208
0376
F5EE
ECB5
FED3
0E39
0717
FFCF
03F0
03A6
0EFA
0535
FFC3
0082
01C8
0017
FF29
0287
0EE1
024A
010A
E2F2
DE63
E960
FFE4
1E38
F3F9
07B7
FAE6
FBE5
0062
EF0E
1F82
119F
03FB
2241
0C8F
00D9
116A
0938
15D8
FAB3
1160
0BD4
FD55
0C3D
0371
F4A0
FBBD
0D73
EF6C
F3A0
EA29
F584
07C2
E7FD
F89E
F7C1
0B7F
1680
0671
1286
1A86
0B6F
FCEE
072B
FE15
FDA5
FC6E
FF4C
0504
FB5D
0060
0A0B
20D1
0F1C
FC34
FD7D
FA79
FCAA
EC92
FE2D
EF04
0058
0092
0C60
0C37
16EE
EACF
018F
F6D2
F869
FEBB
0A14
F02B
E694
07C4
138A
FE1E
1F94
138D
16C3
DE1D
DDF9
0A3C
047D
FA65
F329
0203
FCE9
23A6
12D1
D7F5
F053
0E8A
0246
E1B6
F74C
0858
048F
EF7E
0494
096D
FBF4
0516
0A15
02CB
009B
E946
F630
0481
F7D4
0561
0083
1235
FA82
FF66
0148
FB40
FD3D
FEF6
F7C7
0D08
0058
FB4D
EDB8
1385
FA31
EF8F
030A
E301
1A40
1430
F320
0E71
EE84
1130
06A1
F5AD
0826
1E77
01E1
F09D
0679
0815
EC47
1466
FF15
F48C
F8F8
FCE8
F739
F954
FECA
0619
FC67
0065
03AC
FB90
044B
03B0
0006
0356
FCCC
0229
013C
03BD
02C8
00E8
F77B
FDA8
FD6F
0244
0B57
04D9
FCEA
FDE8
FC71
035E
02AC
FF9C
FB0E
056D
0344
FDE6
FAE4
012A
02D6
0448
FD27
FDF6
00B7
02D7
FDDD
FF6D
043C
F8FC
FCAE
F95E
FD1E
06EF
FE79
F7CC
FD9B
048D
FA9C
F6CA
FC02
F7CF
F812
FEDE
FF8E
0353
FDDB
FA09
F8B3
0324
04FE
FABF
0267
FF4E
02A7
FE16
006E
051B
FF1A
F784
0748
FECE
05F7
042A
0356
076B
01AB
0072
FF7A
FE3D
08B0
FB4D
03D3
FD60
F384
0018
FA7F
0674
0373
0388
0CC1
06FE
F4EE
0301
FC87
092F
0285
0562
FAB3
0029
0344
00C2
F6D5
FF97
02CA
09B0
0B06
0886
FC03
FE20
0282
04E4
FDFD
015F
006F
FE68
0033
F81C
FEFA
05A2
05D9
0766
035C
FE4B
0328
04BA
FA3C
016F
FD38
07CC
0D76
0184
0C1D
041A
0086
07BD
FF6C
065E
FA25
FCBF
FD06
F88E
0355
FF52
FC95
029E
01CA
05DB
FF77
FC4B
0462
0043
FE78
FBE6
0112
FE66
FF23
07C3
FB14
FA79
087D
F8EF
F5BE
04D4
0A5A
0A20
02EB
0ACB
EE6A
F4F2
FED2
08C0
0269
026B
0E16
FA92
FCBC
027F
F383
1666
055E
047D
095E
E513
11BB
0636
FF91
010A
F6A7
08D8
000B
FEE1
FEC5
F3CF
FCBE
01D6
FE42
FAA2
F986
019C
02E5
FFC6
FFD9
F560
FD83
120A
0496
0055
0F38
0321
FD4D
006D
FFA0
FDC0
F6D7
FD7C
FFFA
FB29
FFA8
FDA1
0356
0785
05D3
FF4C
F9D9
00C6
00A3
038F
FF02
0407
0230
FF05
0BBB
FBD1
FDD9
FB42
FB25
FD95
F2CB
0382
0599
042F
026F
F5AC
FA0F
FEE2
FD74
FEF6
000B
0574
1174
0962
0A20
04A2
0AE1
1708
0B86
0B30
FA97
04C2
0DA8
00C7
F961
0143
FF09
0034
F7DA
F708
0931
F7CD
FC91
F95F
0738
FE1B
0F36
F88B
EB82
FE30
F97D
0EAC
015F
06C3
F00D
EC22
0CA4
F66E
EEE2
06A7
07A6
0E84
F687
057F
FECA
F7DE
F775
F301
0061
F8DA
0364
00FA
04AC
034A
F59B
0436
FC4D
017D
11A4
FAE4
F8E2
FC64
0159
15C4
08B2
FEAF
FCE9
0AC9
F53F
FD34
04DA
FB7D
F8AE
008A
01B8
FFEA
01DA
F8A1
F8AB
004A
FCEC
0831
FD6A
01F2
FD1A
F80D
0435
02A8
00C3
FA40
FC4E
032D
FD20
0042
0BA9
02F6
081B
07C4
FA8C
FF79
EF62
FDEC
05FD
F806
FC2F
F493
00E1
103D
08F2
FF7F
008A
031D
058C
073D
FDB9
FA53
068E
F6C2
F510
F9F1
0066
000B
034C
0133
F8AB
0892
07B4
FECC
047D
FD43
05DC
0977
0691
0162
08BC
008A
FCFC
014D
FEDB
08EC
F94A
FE43
FCC1
FAF0
0104
FC13
FCA8
01F2
011A
FF09
F690
01A9
0222
05E3
00F6
0309
FFA5
0757
00A9
FB95
020D
F79A
FB85
033F
FCD2
0188
0296
0356
FF74
04E5
0818
0A38
0369
03E7
FC39
FAC1
01C9
FD19
0092
033B
FC17
00D2
0239
0B79
0456
F929
FDC0
FE84
0394
02EF
0343
053F
00EB
FFCC
013D
FC4A
F105
FCCC
EF96
00B4
FB64
F5CA
EB86
F7C4
0016
0151
03A1
FA44
0440
FF20
0491
0FFF
04C5
019D
0D18
0C4D
05A6
02C7
F61A
F755
FAB3
F726
0C8A
0FAB
01E2
03AC
FED6
FB85
FC2C
FA92
00B4
FF1E
FCEC
037A
01E9
02BB
03A3
FCC4
073B
F9C3
09CD
04C0
06FE
0AF9
0770
0002
08BF
FB76
F42F
F504
02F9
0CDA
00CA
FA32
FDD0
15D3
1A66
0A22
FBD3
FF74
0448
0DE5
002A
F735
FD3A
022C
02B9
FC3A
F8DA
045C
048E
0B3D
FA42
F0DB
073A
0659
105C
FD62
00BC
143F
06C0
1475
121B
05C3
FB7C
FB1F
08FB
0ABA
F1CE
F303
0793
FD47
0440
094F
09B7
003A
03FA
0467
FEA4
FEEE
F542
F873
00BC
FE01
FD6D
FE7B
0140
098F
0378
FE50
FD1F
FF56
0E37
0407
F7E6
FECF
07AE
07DD
0394
F9C7
FB3C
016C
FD6F
11F2
F742
0315
FDBB
FF5E
0496
F0BB
FFD2
00AA
074D
FFAC
F3B4
FE1F
0276
FA69
0888
00BA
058C
FFC6
014C
0824
0329
FE6D
FFEC
F97E
FE91
09DA
00A8
FF1F
0595
F6EC
01CC
F772
0456
0EBF
0555
FC50
F0D2
F9E6
F77A
F6A1
FD61
FE7D
FC89
FCCB
07B7
0FDD
FB92
FEB8
0C6F
0B51
0322
F7B0
015A
F26F
FEB4
F45A
035D
0970
0568
FBDD
FD46
04AF
043A
FAF5
FF8D
0ACD
FB35
0BA6
074D
F73D
FCD6
FC26
0040
043A
FF47
0066
0396
03D9
0652
02BA
034B
02B2
08CA
001F
FC84
082A
00C8
FB86
F774
FEEE
02B1
F228
F873
FCD2
0717
FE62
FE9F
0340
FCFA
062B
F9A6
FE4F
004C
0522
021C
000C
FF0C
FCAF
FDA0
FF7D
FF34
FB69
F935
FCB7
00C5
FCA7
FB3B
FEDD
01AB
0230
F946
FFA3
0355
FE0A
FAEE
FA53
FF76
F9A9
FE27
FC1E
0692
03FB
FCA2
0333
027A
FD1F
0080
FB44
0525
FE21
F9CF
FD22
037D
FD23
0191
FA21
0206
0447
FEE7
FB9B
F765
FD0F
07A9
05E6
07F5
E53A
FC0E
0C39
09F9
FC70
EF4C
FC88
0B1E
029C
FB7C
FABA
09AD
0733
FC28
0BDF
1CA9
02F9
0B8D
F794
06EE
03F2
041E
03E7
F932
023D
03B1
0303
02A1
FB6A
01F6
0187
FC79
FE0F
FDE5
FEA8
0076
0898
03D7
FCDB
0123
0134
FEC4
003C
FE74
FD3F
0C2D
FF8A
FCC7
FD94
FE14
0A4D
FCB7
F9F8
02C6
FC76
0843
FCD6
014F
0675
0003
0155
F854
FEF1
FF2B
00D3
00D3
F1BB
F669
F8FA
04F3
F9C3
FF84
F060
002C
018C
FC4E
0A98
F989
1130
0B92
0411
F2B6
F95A
0277
EE5A
F806
0A18
0D28
09A0
0376
11AE
00F9
F9FD
F63C
FCB1
FFAB
FF31
043A
0429
0698
F9E0
F99B
0D2C
1ED0
11ED
0697
FD4A
078A
0E47
0C04
0A64
FE47
FE9D
F355
00CC
07D3
0269
FFD3
FD10
060B
056C
0452
058E
FE6E
02AD
FF31
FD4A
016B
FE51
00C0
FEB9
07D0
062E
F40A
FC05
0B1B
07EB
0A17
FFFE
0D40
061D
FDDD
F9A3
09B3
FEEC
FB04
FC14
FC61
FFE2
FE88
0324
FE0C
014D
FB59
FF5E
FAAE
FD31
07B4
03E8
FEB8
FF75
F213
FEB3
05C2
0376
F91A
0003
FCDB
07D3
04BB
06CA
FC92
FBB3
FFB6
0091
0A14
032B
034F
026D
0733
04EA
F421
F98A
0068
01CA
F7B5
FBDA
F71A
0016
03E2
088F
09BD
016A
01F0
FD3A
FBE0
01B8
050F
F8A7
FB2B
0174
FD06
05ED
FC90
F8CF
0195
F3D8
056A
0B5E
FD6B
FE33
FD23
02C4
0767
FFA7
04BC
0129
0437
01D5
005F
03B1
04BF
0157
FDD2
032C
095F
0606
0E14
0CAB
08A1
025D
0000
0E24
000C
FF78
FA24
EFFE
F8A1
02F1
0333
007D
FF82
014C
FC4D
F7C7
FD61
FF98
F790
019E
FB2F
FFAE
024D
FF5D
0611
FCD7
034A
FA09
FF39
0471
0435
02CC
001C
0844
0376
FE02
FFD0
F83E
F17B
EA4D
E938
0012
FBBA
0A25
FBC4
F7CF
0C14
03D1
F9EB
F692
FEC7
07AF
FE99
0007
0655
0E74
02D8
088C
02CF
FF45
036B
FDF6
F3C6
01BE
0C36
0C6E
EF6C
F615
FE92
0148
FA18
F17D
003B
21A1
1D13
09FC
F8A9
FA3D
0A27
074A
0111
012D
F8C0
075D
08E5
0331
FDA0
F97C
058C
00A2
FF94
020E
0540
F9C3
FB3C
FDC5
0002
04FE
F9B0
F916
0070
0020
FDAD
04B6
08A5
02A8
02A1
F722
FDF7
0ACC
0132
0120
0878
F5D3
01A0
FB03
FF0F
F0C0
FD97
FCA7
0173
06D3
FDB6
0C5A
0938
069B
FF82
01A8
0095
03BE
FD30
008A
FE7D
F6C7
020A
030B
FFDD
FA05
FD69
0635
006B
06A2
FF48
F274
0099
024B
0362
FCE3
F0FD
05C3
0C65
08AB
111B
04E1
0143
FD0A
04CF
01CD
0293
F451
FFD4
F50B
F9A3
07AA
FD3A
01F6
0834
060F
094B
FB65
007E
FD57
09E0
0F8E
00B3
01C1
FE21
0037
0C04
FEE7
FCF7
F981
F519
F954
FC4C
FBD1
FED0
0853
EDE4
16F9
F777
0966
F444
FFB8
234A
0550
0861
FE45
0A54
1BAB
0399
02C0
FD1D
F8BB
F528
F42D
F63A
F5C6
013E
07E8
0A56
03BB
EEEB
F2A4
FDA3
FE06
04E2
ED5E
F581
084F
FF9C
05AA
E245
06E9
0B93
0409
0443
EB57
0157
082A
029F
FBC6
0117
FBE3
FFB0
00DF
FFC0
FCDF
0362
002B
06BA
163F
09B3
03E9
02DC
029F
FBDB
F66D
EFE2
E139
EF9E
E781
F8EA
0C4F
FFC3
FF22
FBE0
0245
20ED
11F8
070D
0569
FDEB
032D
02C7
FABC
F9E0
002F
FA87
FE3D
FE65
FDC4
F999
FFE6
0330
0148
02C6
07D8
0909
FE13
077B
0604
F34E
F96B
F778
FBD4
0006
074C
05E9
FA1F
F69F
FE0A
0F6A
0EA2
0509
F7C2
FAF1
0B22
0D3D
1623
07EF
023D
F7A6
0238
1542
0802
FE18
FAAE
F8B3
0B5A
07E6
06D6
06AB
FD63
FDF8
0510
FDB4
0121
F5AC
FDFF
0352
FE02
0787
FC93
0623
FCBB
FF80
F64F
FEE3
0EC6
FF86
0C04
FF2D
FA30
FCE8
FD3A
FCB7
FBA4
044A
FE88
0001
FC39
F5BF
0A45
F87D
F332
F5CF
FB75
05C7
01AC
0708
034F
F5C6
FE9C
0D84
021B
FF21
FF60
F169
FC40
06A8
FB4F
F949
0184
034D
FF70
06F5
F865
FA5E
FD3F
0009
040E
FB9D
FB18
FA17
FC74
0183
FED5
06BB
0222
F29B
E6E3
F708
FDBB
0E85
0E59
F831
FEFF
0184
FD48
F787
07CF
FEAE
FC9B
FF7D
0029
FF8B
FFC4
FEBA
0FEC
05D5
084E
0292
0CA2
04BC
F720
04F1
EEF7
F466
F760
F9AF
F93F
EF68
FA13
0214
FB1B
00E7
0387
02D8
0250
0EC0
0069
043D
0813
FF45
0156
0205
0B40
F39D
F91B
057F
F53C
0D9D
FBCE
034D
0626
FC1B
F95D
F8FA
FFF6
FC9C
E7D3
FD79
FCE2
EFA2
0165
1349
020F
081A
FCFC
E97A
EF29
00FF
0CE6
0D7E
03AE
04E7
FF5B
019C
04E7
FC59
FFD6
03CC
02D9
00E8
039E
F9D1
FD55
075D
07A4
06EC
07D4
0555
05C8
01A9
0402
FEF8
0206
00D0
0538
02EE
FFC1
F9FF
FFC0
0503
022F
03D1
FF9C
FDB5
FED1
F2A4
05F7
F6CD
FC61
FFD2
F91C
FDD0
FB08
F9EC
03BE
01FF
00EE
004A
0387
0DBD
018C
F951
035E
0687
06E6
FFA9
0805
F7D7
0EB9
F9F3
F9A5
F7FA
058F
0C85
FC04
09D8
06F0
05C1
FDB6
E901
00FE
F61F
0CBA
03E1
F2BD
0280
0206
0027
0295
F9EF
FF27
0657
FC80
0D14
0BA1
0BE5
FEC0
008D
0941
060A
FE79
F068
FB93
FA18
070D
F312
ECD9
03E1
FB31
117A
0EAB
143A
0C46
1271
097C
F38A
08DA
FE93
F68A
FBC0
FC91
003D
0370
0236
04D0
F93C
F974
F7C6
012B
0CC8
01AC
05E5
F8F0
0A49
1000
10E2
1132
0367
FE24
FA89
098C
0057
0122
04FA
FC71
0652
08BB
FF72
FADD
F77B
FAF0
05F1
FAA3
008C
FCFD
FB3C
00F4
FA67
02A6
0FA4
F80D
F531
F802
FD2D
00DF
028B
0013
FEE8
FC35
FEEE
016B
063E
0595
FAC6
FE96
01AC
FEC8
029D
FD14
F3BA
FDE6
064E
04F1
FAA6
F8DB
FBBA
FE09
0475
FF11
F854
FB3A
0432
F5C4
0051
04A1
0226
F749
FCBD
FCDD
01EB
0422
FFEC
FEB6
0111
0226
FDCD
F691
051B
0274
0148
015C
F8EA
FBE1
0538
007A
FC71
F763
FF4E
FCD3
018D
FEA9
067D
FDAB
FB59
FD34
FCEF
002C
FF5C
FBD1
FFEE
FF03
00F7
F9E8
F9C9
04D7
0046
FDE9
F99E
0163
03CC
FFB3
00F0
F9F0
FDD4
040A
0277
FBBC
FCEF
0258
027A
060A
F789
FF06
FB06
FCC7
FEFF
08C8
0272
F980
0224
FCD9
FD67
01B7
FABA
FD84
007F
F81C
FE2F
0169
FC1A
00AC
FCBB
FDEA
0300
01D2
FDC0
FD20
0172
03BD
04FA
FEEA
006C
FED1
0383
FD86
FB5D
FEF6
FD3A
01FD
FC6F
FE21
01A4
04C8
0123
0264
06D3
FFC1
03B7
FCD2
00D3
03B6
FF6F
03DD
0256
001C
FE87
FE67
032D
04DA
0045
F776
02F4
FD8A
0363
0326
FD76
0657
FF41
F8DE
F86E
F798
EF9D
FDF1
FF6E
FFE9
F6FD
EEAD
FED0
055C
01C6
FAFA
F48A
F8DD
009C
FFF3
FDCE
FA29
0016
0010
FDD1
FFDF
FA57
FFB8
03D4
0262
0455
0058
03DE
03E2
0083
02B9
0374
0457
FF55
00BB
00D7
02D6
FA4B
FF39
00FA
FD0B
0270
FC3E
FE61
015D
FC60
FBF3
082C
FB6A
00D8
0358
FC25
F0CC
F03F
FCFE
0976
F58C
F274
F0EA
F4E6
0763
FEC1
00CA
F378
F89E
09BB
03F9
E8C4
DAB6
F9E5
04EC
FD39
FE34
FE5D
0247
04CE
0859
F78B
FF81
0490
035B
0343
F973
FFBB
0161
07D3
FEE4
FBD2
01F8
FFE9
0099
007F
FC55
0222
00F0
00C3
FDF9
FD2B
0373
FF23
FCA5
FBAF
02CB
0104
FE64
016A
FAA8
F907
0152
0290
03FE
019A
F9E3
FCB9
02F3
0594
018F
00AE
FB0A
FD23
0384
FB73
FE45
0153
026D
0286
0503
0336
0189
01CE
FF8D
065F
03A9
0758
073C
052C
078D
01CE
016C
0100
0356
054C
03C3
032F
FE82
04D9
02BC
0A00
FE0C
0662
0162
FA8E
0B25
FE78
10AF
02B0
F5B3
F8E3
09E5
0ACD
FFE4
0126
00E3
0230
FA74
FC36
FC98
04AD
FEDF
01C7
063A
FB92
FE06
FA19
F84D
FEFC
FC3C
F7BC
FBD9
0100
0513
F8E2
F869
0155
068E
011B
0C48
FD8E
020E
0704
FFBE
0666
046D
0085
FE15
020F
0223
FCF2
FFF4
0137
FDA6
02DD
F58A
F5F6
FD79
09B1
05A1
FCAF
FEAC
0101
FF22
0A33
FF81
0191
034C
07A9
0846
05B1
F9E8
FB82
06F6
0685
0311
0388
FB56
FFC8
037F
008C
05FE
01D0
000F
FCCF
FE24
0099
FED7
FD78
0257
FF42
FA4D
FBAD
FDE2
0026
FDCA
0776
034D
FB27
FF9D
FF84
FEA1
0290
0234
F886
FD6C
FEF1
FF63
00EF
F89E
FDBB
FEF3
074D
01BB
F90A
FDAC
00F4
00BF
FF77
FC2B
FE6A
008E
0200
003B
FD2D
0125
FF2A
FEAA
0177
FDDF
031C
FC51
FCF6
016E
FC4B
FDF3
FE5F
00E1
010F
FCD5
FC3E
03B5
FDAA
0399
FD5E
FEA0
05C9
0298
031C
0236
FA30
00F3
FEBE
F9C8
FB8F
0422
F9C6
F779
FB09
FED5
0009
0230
FD28
FBFA
08D5
030F
067C
FDF9
0103
0879
072F
0542
0050
019B
07B3
FC37
00C1
0637
0450
F645
0090
FED9
051C
07E4
0348
0264
FC25
FED5
0078
FF56
002E
04F0
FED7
FFF7
F8EF
FF51
01E2
00C3
08F7
FAFB
F8D6
FB9C
038A
FD4F
FF09
FC98
FC1E
04D6
0456
05BB
0078
0351
0964
FDC6
FCDD
FF45
FEC5
05B5
F9A5
FA33
01E4
FCFF
003A
FFAD
05C0
FFF5
FB87
009B
FF76
FE9D
0000
FD2A
FF0B
FEF1
FF7D
FF90
FF53
0096
0225
038B
0421
0231
02BE
0249
FE1D
024F
FCA4
FF5F
035A
FBC7
FD83
F902
FBC2
FF92
027D
02FE
00D0
FBFB
FEF0
F1E7
0AD6
FBEA
FCA9
0579
F7D8
0ADE
FC92
FA02
FF96
0175
FDD7
FB5E
FE44
007B
F62C
0214
FD81
00A6
022D
00B5
FF4A
0091
008E
014B
00EA
FDB3
027C
FF95
0333
FE9D
FE9C
019C
0170
00F4
00FC
0291
02E8
0197
FED4
039E
FB4D
FF1B
02C9
F8E0
00F4
FDE8
003C
FD36
FAC9
0298
FDF2
067E
FC9B
FC32
FE9C
F999
03B9
0054
0066
FB4E
F70E
03A8
FB74
01F0
FAEB
FE39
FD2D
0320
FC51
FE31
FF2F
FCE3
0185
02E2
FDD6
029F
FD6F
0194
00F2
FFEB
FDEE
0234
0262
FD9A
FEC8
013F
01A0
0010
019B
00CC
F841
F5D8
05F4
0007
0A84
FBD5
062D
0F2B
01E4
0A33
0953
07A4
0BBF
116A
0890
FC24
0624
0159
1123
09D9
020B
FCF0
F492
1332
03CB
F9A7
FFEE
FBDB
02FF
00D3
FC96
FEA9
FF5F
04C9
04B8
FD7C
FE71
03B4
045D
060A
FB6B
008E
FF28
FE15
FD60
FEFC
02E9
043E
FACB
FEC4
FDA7
F615
FFE6
FE73
FD70
FFEF
FBC2
03E2
FFBE
0307
FFC7
F97B
043B
FF5B
052A
0147
FD83
03EA
FDE9
00A2
04D7
FAD3
016F
FF9A
06C5
01DB
0247
FC89
0532
042C
008E
070F
00E9
046A
0110
FD42
0513
FA4A
FE4F
0068
FF19
071B
FB5E
008B
FFBF
FF81
FE8B
00D7
FFC1
0004
F805
0009
FF13
FE3E
FBB2
02C9
042F
006F
055E
0221
02E6
0B86
FD17
048C
014D
FA73
09EC
07BF
0717
F9D9
0289
01FD
01AB
06CB
005C
0DD5
FD9B
FA65
FC95
FB21
00C2
FFF9
004D
FF69
FDC6
032A
0620
0367
FFD4
FCF9
FF8C
0431
FAFB
FB06
0151
FBA2
0018
FFC9
FD80
01F4
01AB
FCAD
F82F
0069
034A
FEA8
04C1
FB6F
024B
0089
FD8B
0158
FE89
FF1C
0434
FC42
FCAB
FE37
FEBC
006A
FD4A
FDB6
FE20
FF72
00F8
FD9B
09B7
0B01
0310
FC47
FA7F
0185
0112
FC91
FD36
F5FF
FBFD
00A0
FF82
034F
F6C9
F86F
043E
FB5F
F951
F5B1
F7DF
FCCA
FB44
F5F1
00E7
F80F
FC89
FFBE
0817
FC40
FEE7
FE63
EF9B
02E5
0804
FD9F
00D6
FDF4
FF94
F776
F907
F644
FE45
FF0B
FB3B
FD3A
0460
F30A
F2E3
FFF8
0117
FF7C
FFB6
FD6D
01C3
F962
01E1
FCA4
FBBC
02CF
0114
FE8D
00ED
FFE8
FEA9
FEDE
FBBD
0279
FF8C
0324
FE2E
FA52
FCDF
0426
F8D5
0199
FE25
FB17
0466
FA8C
FFEB
023B
0344
FE47
0045
0264
0276
00AD
FEDC
0041
FF7A
041B
016C
FE32
FC84
0229
0307
0192
0064
FC23
0296
FD4E
FE7F
013A
034A
FEE0
06A2
0187
03EE
F8C2
F5F3
039D
04E4
03B9
FB42
FC32
0521
FACD
00D9
0335
045F
01EE
0075
016C
02C4
FE82
FAC0
0360
FF7F
00B6
FED7
01B4
00E5
FDB4
0275
02D4
028D
FECA
0133
01FD
02A0
FD1C
FFE6
FD13
018D
0394
FF8B
0118
0090
07C0
0095
01C7
F627
FD79
FBC1
F214
FC26
FD84
FC1E
FD40
F8A9
FF5D
0432
0D13
0CAF
F884
0243
0423
02B5
0268
F30D
ED0E
FD1D
F106
00CB
FA13
024F
0532
FBC3
FD82
00B2
026F
0030
FF53
FED9
034C
036C
FEFE
034C
F91A
00CB
043C
02B3
FE5B
FA73
FF82
013D
FC08
FC96
14B4
0ED3
1285
14C3
07F5
FA74
FC94
083A
0D71
FC5D
F281
FA5B
0C90
FEF6
0105
FD78
033E
0D88
0B00
0077
015A
0339
08C3
1A1E
FDDD
F122
19B1
02CE
0544
ECBF
F131
0D6F
0A18
10D0
FAC3
FBC1
0576
149E
09AF
F70C
0014
FCB9
08E2
FE51
F66B
FF06
FB27
EDA0
F7EB
0533
047F
FF32
01F4
0436
0135
FFD7
00C8
FD98
0200
FF9E
FF59
FDC6
02E7
0346
FFEA
FEA5
FE2E
FFFB
026A
00D4
000C
01E2
00EB
0442
05FC
0345
0594
FA57
03CD
FEB8
F6E3
0332
05EF
01C2
F9B2
FC63
FB79
0394
0B4C
0297
FD71
FB2B
FDCD
07D5
0198
F987
FCE0
008D
0102
FF87
FA41
025F
F7A7
FEBC
029C
F3D2
FC7D
04DD
055E
FF2E
FA5D
042D
FEA0
050D
076B
FB5C
FDB9
FF39
04A4
FF9F
01AA
0009
0090
03F2
FC62
FC4A
F950
0208
FEEA
00C8
FB53
FCA7
00D7
FF91
FBCB
04A7
00A0
01B7
00C0
0272
02F8
FE1F
038E
0001
0142
FF02
FAD4
FE12
FF3F
FE2D
0092
FF68
F74B
0D21
FB16
0191
0961
EAB0
0B71
0A1C
0018
F610
01AC
1AC8
09B2
0974
FADB
FD98
0853
0337
FDE6
FE43
0402
FFF5
0C82
11AC
F7E8
097D
02BD
FE79
EC2C
FAB5
FF60
004F
F9AE
E0B2
02F4
F96A
0296
FD92
F103
F9A5
FEF0
FECD
F8C9
05E2
048C
FC1C
0523
FBC7
0180
F2B6
0C51
0355
FB05
018F
05D2
0552
00DB
F5B2
FFF8
FCAB
0701
06CC
F8A7
0B14
F81F
F97F
0544
04D9
06F7
F77E
F88F
FD41
FC7E
032F
000B
FC90
00E6
0530
FFB1
FE04
0220
0355
FFD4
FFAB
01D4
0346
0304
0205
FC53
FCA2
FD97
FDEA
FC54
041F
FF85
0047
0233
018D
0279
FFB9
0130
03B3
05BC
FEEB
FEC2
0307
03E7
0598
02BC
0211
0618
054F
04FD
FCF6
00CC
0125
FEEB
02EE
FFD3
FEE7
00E0
0147
030B
F660
FF58
03E2
0254
FD5F
F5F8
FC53
FF0A
00CD
01A7
F8E9
00EA
0340
007A
0300
FD9C
FD73
FE58
FA47
FD26
FE24
00A2
FFE5
00BA
F898
07B8
FD7E
FEE7
03AD
FBE5
055B
FFB5
000C
02E3
00D8
039D
02AC
F7DC
00EB
063E
FB43
0739
FFF9
000A
0798
FA8B
07CE
FEEE
F7BB
06DC
FC68
03F2
015F
0517
0183
FE14
FFF0
012E
05F1
029A
02B3
FF81
0101
FFA2
FAEA
F9FD
FA96
FD2E
F53C
FA98
033F
0128
FBD0
F7D1
FC5E
09CB
FD56
FEA7
0D3E
FFA4
009E
0043
02B0
03A4
FF92
02C3
FC3E
FE1B
F96C
07A8
FCBB
FDEA
01CF
00FA
009C
FEB9
00FC
045C
079D
F887
0514
FC28
FA93
FEE3
FF25
03DF
0107
FD8E
FEBC
FEDD
FF37
FAF4
03E5
FE29
FC9D
FE6A
F6E3
0344
FF0E
FC34
0378
0149
012C
F9B2
F7D8
FBD1
05C2
002D
01B0
F8EA
FB7B
04D6
FADF
FD4D
EC91
03B9
FCC4
F459
EAC6
F450
0081
FACD
F534
E8A4
D374
01B4
F639
FB0E
047F
FE99
FA8A
FD99
FE7A
FD1C
FFDD
FE7F
FA06
FBCB
FC84
FBE8
FD9A
FF34
FD2E
0128
0159
FC69
00DA
FCFD
FF70
0328
FBC2
0115
FC52
0208
0045
F564
FE81
FE9D
FC18
FE2B
FF76
FE2D
FA22
FBA6
F669
06FE
F9F4
0015
FE7F
014B
0400
FB4E
FA31
FD72
081F
01C5
F8E6
F69D
00C0
09CC
FEF0
026F
00CF
01A3
01D6
006B
0431
02E0
FEBF
FD69
04D1
0431
0063
070D
FEA6
045D
02BE
FF93
FFFF
0445
045F
FF5F
012E
FD7A
0301
054D
05D9
0406
0311
066A
0882
0276
002E
F8D8
02B7
04E6
0436
0785
FD65
FBBF
0184
0214
F9B1
F2D4
F50F
F75A
00D3
FA29
039A
0309
FC9A
036E
00D5
0EEB
07D7
F600
0056
072F
0A8B
FFEA
0321
04E2
10A3
FB0B
00CF
02BD
032F
0E10
FE3A
F844
0B9F
E082
FE88
02CC
EDBE
F805
FFC1
00D8
FEDC
FE79
F9ED
01E6
047D
0853
FC09
F933
008D
FFA4
0453
F964
FD91
FD8A
F691
059D
0336
FD0B
0D2F
FA80
0C3F
0B0A
FDDF
0410
FC76
0406
02BF
FA6F
0316
FAB9
04D0
027B
FD51
02D2
F8DC
00A2
0113
03A2
FF4A
FF58
029C
03A6
0142
FC55
005C
04D1
0361
