01EF028C12C80C1A
0505005710830A7D
FA3CFDCFEE0A0EF1
FD810204FF9C078E
0F52021EF9F0FF76
0539FCE7F8A5018B
0C0EFF710487F98B
016BFE5DF7C40D9E
F4C3FFB0F9E20253
F57A0104F5B510A2
F1820212FFE5FCE4
0623027C0446F002
F857FD7204BC0C04
F722011A0A52FA64
E672003E01B90E21
F98600D6FB92FBA1
04DC0024FC97F69F
F8F2FF82F2B203CB
FF00003802DCFCE2
0BB601F2040CF391
FF10FD2DFC88F8D0
0950FEEC0B2000A2
0B34FEA908D7F9AF
F84C0230FBA20F16
003FFEA0F35BFB1B
1494FFA5FD08F162
05A0FE8DF469FD2C
074EFCE30CBB0670
05C6FFBEFBE700A7
033702D20529F2AA
0414FF7600D00208
02F301880142FBE6
04B7FF6F0D93F8A1
F3A200C3078F0279
F2E7FD930154FD65
F9080312F5A107CE
065802ADFB00FA4C
F7D6FDB0FB7CF74E
EB06FCD3F398032F
F04DFD15F2350821
0B5AFD1F04040008
1A1B02B300120A70
08F4FF3CFCD2F94F
0EAE0187FC0EF7B6
112F020FFC47FADB
ED4C01E9FE8D0132
F857021802681588
FA6E0308F2690B57
03F3FE970597FAEB
025302B6F8F70450
F51501100712F4A8
FF7002B4F48901E0
068CFF91FB4DF1A4
10C2FF2DFD9AFC65
F058FC6903DCFD92
FE5CFCD1F711075F
0056FD5BFE850599
F15000C407E714E9
FB53FF0C060716BC
FC4700F2F8D903BC
00AE01FBF15FFE5F
0AE2013FFE13F3CC
FC6D007EF70FEC24
FEE7FE9811A5FC53
16F3FDA60617FAD0
039D02EE033FF561
FCC400AD08E20314
017FFD9AF9E5FD82
F72AFFA2151CFD71
010FFF45013B066C
09FB0063F1B0153D
F9E101EE041703EC
F952010D0805092E
021F020F0CC4FA9D
E95001B1EA2B05F7
FED2028202A80502
F793FF8E0D13ED68
F2380310FB3B070D
F517017DFF63091E
FB01FD77FD8C0744
0A5AFFDA0A39FD8E
07C1FD71F75B024C
04EDFE93FFBD01C1
F83D00E0043D0042
01ADFCC20BC707B8
0944FCB8027DEE23
032901DBEC670622
04EFFEA101820AFE
FA84FD5AF8E00204
0CFF0138F306FF47
F439FD4A0A9AFB99
FD8E028EF41D098E
114E02CA01780C85
063BFE23F5E6F747
FBDAFE3D0048FB35
F7CEFF890A9008CE
FCAE023EF714FF87
FE8EFDCC0F72F852
F82CFE6E092B091D
FD7800C10E4DFA90
F1AE030307A401D2
0230FDA7007FFAAB
EFE6FD2E0DAA139E
FB62FD08F99AF86A
F442025AF85B0616
F53FFDD40D8AF60B
FE02FE1500F8F80E
08F2013E06B40771
FD60FEB40E1B0D50
066902040F81FA2E
F005FD30FA0CFEA3
F8FFFD7FF3A1EAA7
07F20285068809F9
FCAFFE9704BD0625
F0E2028BFBE90BC6
03610177030DFDF0
FE4B000FE90CF024
020FFDC3F9B70B4C
FEAE0294002A00AE
0B3FFEF2F67C0376
0AC8FDA8F8BBF300
ED4CFFB6FB91F245
FC14FD5EEBE605F5
FEB9FF3CF9E50632
FDACFE64F85CF009
1542FEEE0203FD01
037EFEAEF7B300F1
F985024B0A75F270
028001B3006A08C6
095DFEB8032204DB
13A7017314B9FE29
104D0275078DFEE8
126CFD221B9A0580
0AB1004F20D00803
088CFDD00BC3FD34
FB290092FA3104F1
F64C0196043FF7CD
FF4D0032005E06B4
0B6B0202F90BFD72
FFA4FF61FB0401D2
FD69FF31FD8AFCA2
03960275FD64018C
FCA7FE7AFC9D04E2
F3DC0221F93EFA95
E0DC01B1F17907A8
F9A7FD43F4F4F209
F7450269F69C0733
FBA5000203C2071B
F835FEB3FEF3F57A
EF8EFDB9F3AC0477
05A9012900FB012D
0100FFE202E5FC5F
F58C023504C8FD3D
FB8DFED9F0F0F803
EC24019AEB79FB7D
00A20045055605CB
0AABFD92067F0663
0660FCB1060EF9E6
09FBFDC5FA4FF0A8
101DFDAB017B0F93
048601E4008902C7
03C0FE37047F0594
04E5FF9FF61D04DA
0564FF2005A9FFDE
0F85025A0AEAFACC
FE4F0233EFA4FA88
FA7D0154F1A8EF28
EFEEFE50F1D30147
ED66FD63F142FF72
F6C802C6F32DF6AE
FDB8FD330900030F
F0DAFFBAF96B02E1
F5F8FEB2FFE61172
057C00EB00CD0C49
0A01FD760172F4AD
074AFD8BFF5A05B1
0A3402EC01D3F893
01990168F9EAF763
0F6802E102F0FBB8
1273FEE605460220
0580021905DD0557
FB41FF37F7F7062F
F197FD82F4EC065B
F97BFCDFF9D3007D
F2BF030EE006F041
15EC0155F67AFCC3
12E3FF5BF3AC01A5
0404FDC801EDF954
026800A10929F4A0
08DD00FCF158EC26
F705FD730809F6C0
FB61FE8C1029F7A7
0A54020AF6980168
02C8FF610D920199
0D33FF16FBE6EE39
D55100A2F428FDF6
080C014917BADADE
126000BA0E14E807
154300D507B30193
11DBFF8503BCF0CC
06AF020E114CF5C5
01FC0013066B0494
F99A013607110169
03DBFE4704E0FD94
098AFD1D094D053E
F3AEFD860C2E0535
F5DDFECB128C0E5C
F664FE9FEDF909FD
FB82FDFEF9C8FDCC
F73C01A5F9DB0091
FAEF01A906CF0076
FAD4025103E0FBF2
F455FFA5FC82087F
00A500E8FDD7FC43
F6E2FE4DF9E7F978
0A52FD19F52B0933
1475FF64F105033A
11AC0167F7DA069E
0461FED1FC09FEFE
F61C0171057DF6A6
0049FF5801A9F98E
F9F6FCF902E40C53
FD8100F7EF7CFC84
F890021AF651FCDE
1D1DFFDBFDDB00F1
0D040018FDCDFF8A
006E012D0A57FFB8
0CA30065056EFF61
07F20143F305FD31
1CD5014C01830451
F4DE00D0FE78FFD1
F263FFF10368FA11
FAC5FD9A106B09CC
F7D3FE5E0239FC78
F071FCDD04DA007E
F2C2FD7FFF840486
F53EFD41ED67FB1B
F01E01F0F978014B
ECEDFF79EF12F118
E5ADFE6904940713
030C02D70008FDE1
057300FDFF6EF976
1481FDD004220105
0CDD0085F430ED27
025FFF290AE3FDCE
0047FE62F19D03EF
FC2902D1FC6EF27F
FC04FEC5F9F3F440
FCCA01FCFBD3FBF6
04F000DB0ECEFE76
048B022502D2FED3
0744FE8B04BF027E
0167018C0459048A
0424FEAA0667FFC5
0A0702D1FFA8FC4A
01DFFDFF0516F7C5
05F0FC94075DF955
0032023B0391FFCD
FEB202140584FA9E
03E1001CFF2DF91F
EFA1000DFEC5010C
F9C0016902EC0060
FE9FFFFCF9C2039E
01E7FF2309BB00B0
08F5FC2002D9FD62
FF3600F4FB6506B6
022AFF01006502D4
014FFF0FFE5B042B
FEE4FC78020B0702
04BF00B8FD7207AB
FC3E01BDFF7D0333
FEFEFF8E06C8057F
0163FF21004A0590
F80200C8023B0681
FAA1FD74008BFDA2
04560229F48811C5
02EE005E0172094B
139E01510B30FD5A
F9E200600DAE0BCB
EBE1023B0786FD3E
F4910097EEB20304
F1BE00902659F734
E16601430E6000A6
EBBA02B9087DF6A8
EECD0290FF81F3D1
01E9FFBF08B70A02
E6B8FE810E04FDFC
DE7F014B033025EE
F3B902EC029DFCA8
0808FC9E0484FBF5
1FB40093042DE8D8
EB25017F0D1BECDE
B395018BE75E1893
F95B0285FF6DFE4A
0B510106ED1BF526
144EFCC9FC68022C
FB95026F10220CC5
FEB7002F09B7FF68
DAFB02CA0D83E657
F5B201800E8E09D8
28DCFD2FFB210984
0A13FE79FC9715BE
02D1023D05F8EC73
125C024B000AEEE9
1E0C0083FD54F0C9
03C2FE5000A90369
042200D80683E5A7
029001450760FC04
0971FCCCF7730E64
13D800DDE895FD21
0A02019A0364ED4D
09C2FDC7F7C11D6D
11F8FE42F521017F
03F9008A1213FDCB
01B8026A1BD40AB2
02B6FCD0FAB9FB11
F160FD771133F4BE
05ECFF2DFD0CF531
2866FD60EE4D0D11
165FFF4D0F2C099E
E8F8FDE006BDE41A
FA060273FFF00344
A7ED012EF5431982
C13A02E2FFDB1DB9
D95A022306480BE2
FA0DFF97032AFEED
FE61014B0AF4EEB9
F9D10308F260F8F6
FBA5FEABF2950D4C
1136FD87E9F6F7A0
0C38FE550F6A13A5
0A9701C50842F8F3
01D8009308DA0854
130BFD8AF7160CD8
0F97FED406980FDC
031F001E0417FDC2
110A0290F7C5F854
FBF9017E13D5F00E
0552FFD6FFFC0023
FBEAFF29034E070F
F4C4007B0771F9C5
0570FCF802E8114C
F2C7FE8804C00151
F57DFCAE0262109C
058800D70AF4FEAE
F8230162E9EC0CF9
FC90FECFFC4F0908
090000A416550573
FE3000D30F3709F4
F21E005C0788F310
034E025CFDF70E18
0B0EFD6000331FBE
047BFD45FFF1F934
06CCFFD704C5E1F0
0311025DF3770733
06F6FFFE1242F76A
FDA4FE9E028511B6
FCBBFCC5F78AFBC5
005D01EAFAA7E51A
FEEBFE55F2BA059A
FEC2FF10F7EDFD8A
F5E7FD5D089DFB3C
EFE6FFB203E2F6C3
03750279F397EBCF
0E5AFE0EF4E2F853
02C1FDB6009605BE
06DD00D0074FF274
009301EA047EFCBD
EB3400830989F231
F38BFE52F588FDD0
FAF5FE7AF83B0D65
FCCD00FEF14F0974
137EFD610A070C01
000EFE8107ABF19B
ED8CFF2EF8D0FEBE
FD31FDC9FF28FBE6
020D02E0F7B0F3D6
FCE4FF520125FDCE
FCB8020F090D03AF
FD7CFF5502F10315
FD2FFDE2030400C1
077CFE390216F524
FFA0FE02FADDFBB0
036901A601D500B4
0009FE29FC25FDFD
FB36FF580975FF02
FE9A0169FB0FF69C
FF51FD47F87DFDC9
09A0FEB30EC601EC
FFC10047FA45FBE5
FEC101330E35FFB6
FF12015AF9F6FBB7
FA85005EFA4C074A
FE4D014AFE3F0ADD
01E600AF0C2304FF
0266013A1042FACC
08DCFFB8FF4DFBD0
07B2FF9802F4FBF9
FA66FD94F8150900
FFB9005C0B9F07F0
0866FE06015B00FA
F554009BF5B5FA71
F3D5001913D0F78B
FCFBFD61FBE9FF21
02F9FD89066B09B5
0F300181F80CFD76
0984FE9DF9BCFBF5
036E00BA0B9BF99F
FC7C0203F9F9F9C8
F9540205EE680013
F7D10067F592FB94
0B0CFF0AEFA9F8F5
053F00C4007D0952
080FFD83FD4505F5
0240FEF0FE41FF1C
EDEA01A5F12B05D6
F978FFDE09DD047F
027502E3FDCD0347
0253FECF0A2AFE2B
F37900340094060F
033AFE66011AFC80
FE41FE9503820B48
0E0DFFDF0330F869
0223011808F9F8FC
074B013D04C60228
FAF7FE3205EA17C2
0F7D023DFCEE1CE0
0BB302C2ECB711BE
17CAFF75F7940F26
1221FF33FC19FA5C
DD0CFCF6FAC2F47F
0842FFD6036EFFE6
0930FFCFFA72FB47
0549FDF3FC1E1449
FD1E0096F278F171
EDDCFCDCF37C0DC2
F492FF3AFD441A71
F163FF5DFF02F558
F0D000CFFC59FAE4
EA8BFCB6109CFE9A
F6A1FE65EB900D0F
0B45FD14EEA30B7E
0AA6FD29E8F30BAB
FC1E0034ECEBFD99
F658FEE909A6FFF1
F3ABFDECFE52F850
0027FD240F0001AF
12B5FF88F79C0BC3
1704015CF771F419
0231FDEA0C97F2DB
129BFE36F30DFCD6
03AEFEF3E9C20AC1
0EA0FD5DF13EF6B8
0E37007BF1AEF75E
0591FE61E7ABEE95
1C1EFD0FF3A6F930
E66BFF3A123A03A7
D6B3FF2208DAFADC
F9B0FEA9F88C1107
079302FDE105F93D
0D18FD73F94DF95F
FBAFFEE017F2098E
F5ABFEAC0755FDEE
06EAFDAF00EAF7FA
07A4FFB2E91107AD
064602DE00D013F6
FDC0FF39094DF4A2
EBBE02DE15C2F626
DE3F014903A7F1B6
28AEFFD401FD02C4
EC3C024520DA11E6
F4D902C9FC4504FA
029DFEFBFAB40D18
0F67004CFE680D7B
02E2FD0D036AF945
0D2AFDE7F637FB31
042CFEB9FE0CEFE0
F9F8FDBA1636F8EB
0D18FE350995071D
07BDFE720A7F1002
FC8DFD46EF33FD0B
FCE2FCFFF1DCF861
F36D014D04FF09C2
F40FFE58FCEE03DC
0011FF9FFB0EFC56
FA0AFE43F896FA82
F13EFEEAEE61082B
F963FF7906A41E59
0B310172EDE7015B
1BA0FE6EED3EFD5E
F070FE74043FF42E
0A8AFD3BFCAC05B1
09B4FEEB0807FE70
F1CB013D0F75F941
DF71FE4BFBF8E46D
0C9EFFE7F5E5FE75
0581FFF4059CF38B
05AEFDE5115D05B2
EE9902070D400A34
FD85FF66FD500497
043DFF3300E9FCCB
0445FFAB0133F991
0097014A0562FBD1
FF07FCEE016BFE9E
FE3700BE023EFF78
FE3B013E000AFEC1
005001F2FE4DFABE
FB63FEF90065F7BC
FBAC0153FFE0FB08
0496FED7FAFFFEE0
FBFFFEC8FADC0127
FC04FF97FD82FF64
037302C40408FA8C
00500274FF360131
01DB0043FB2A033D
FED1FF08FBB0FF79
F7A1FEA10027FF0D
FE190290FB77030B
F7ACFCEDF7A703DF
F23AFCCBFD0D01EA
FE30FE3300E3F903
01EA022600ABFF6C
0181FD5BF95CFD3C
FBB80125F4FDFC5C
F5D2FD95FB94FBD9
0C5B0184035901D9
FB760002F6C0FE16
0110FE34FA43FE8D
0DCC0036F4DEF339
11D201EC11DC06B0
FA37FEE1FCAA02F5
FE66FD9F02EA032C
EF63FFEE027500A9
0E38024D09F40400
FF46FD9AFC2B0B1D
FC2CFECDF6700769
01E2FCE8037A087A
EDBEFED4F84E004B
046D02620BB20ABF
0832FF7B08A608A1
FB79FD65F60B1142
F60CFE8F005A0D6C
FF77FF80F799FF9F
FB9EFD2EF46AFD54
06BC00D8F92205B6
F257FED100640EBD
036E00FCFC1616CF
110F028BFDECEDA4
F790FF820BDAE357
F66200BF02CF1E5E
06B0022800B300BB
02F502190822FCD0
0675FF5803AEF84B
061BFE14076FF42E
070B01B40D31F1CE
060501F6F81D06CA
0422001DFCE3076B
03F5004AFFDFFBCA
FF2901BA00B8F634
059FFD7A00DFF1B0
004EFF98FA990060
FFA4000BFA9F04B7
FFC8005702580011
FEA40270010CF5E6
038BFFEB0505FE15
F9CDFE48F0E100A4
F6DCFEB2F948038E
FF7B017DFEEE05B0
FD3DFDE500A0019E
F84AFD7C03740748
FE2CFCD7FE88FFDA
FCEEFDEE061AFF6B
0A78FF9F0625FE56
0687FD3FFBAAFFEB
049A020F0389FCCF
084C00BE00130533
117BFD53005E0B5A
FBC701E3FEE90BB5
002202C4FF3700B8
0419FD1AF3FEF50C
07C70202FE16FD0C
08B4FF6906410666
F7DFFF5C07A3F7EA
EFCB0196037BFEED
F7660304EC6908B1
FCC2FE1DF5CFF523
FB380022F05E0A7B
F9EA01F4FEC7FC25
FE00FE9F0247FBFF
079AFD6EFCE4F4E6
FC52FDDEF26EF341
07A8FE33F85309F6
08E0FEC8FDB803B1
0507FFF500120825
04A3FFD0FD45FC7F
122E020AF616FA09
0F110270068F07D4
FED8FF1AEB86F562
F15EFD97130507D3
136E00B108200E3A
0283FE780394F9E1
095001A0029A04F4
0775029004750405
FADCFFB8F8AA02CB
FA0C003EF2580768
09F802CDFCC0048B
FEF101430A1205CA
035CFD1704CCFE3E
FBCDFC9BF8A9F7E8
FAB700AAF82600C3
0097FCBB030E01D1
01A2FFBF08DA0262
0B3CFD530377FE68
0671001B0158F8B0
0299029801C6FACD
F70302D40973FE80
FEA800570127FBFC
08B1FF60068100A6
0BDB00DB037F00DB
0B9EFECD0A13FE43
F02502A809BB0262
EE78FED00325FEEC
E9CCFEBEFA9DFD6A
F0B30147ECC4FD6C
FB5BFD97062AFF39
F256016B00F5F468
1492FF88082AF0CF
F7ABFE050E34F624
04EC02C00F64FCA7
FB33FFBCF2FAF5F8
E789FE1FFF3EFE62
F01E001B06290CC6
E9290197E70DF940
FBDB027504C40E56
FED4FD9EF7390224
039DFED001771159
F68800D8FEFAE491
037DFE46021A0BB7
F7E1FDCAF952DF7E
02AF0088045AFBC1
0277FDC90F830858
153C02020DBC00F5
04C4FCB6187BFFF0
1AC702E30CA2EDAD
193D0236EC9C0475
0B4A02FA14ADE55E
054F01B905D4FE10
F2D7020E0D70EC58
FC65FFA5165709BF
FE72FF43E2A6F99D
003BFF9803DBF34D
FC36011E034C01C6
020FFDC70D31066F
04BB013EFBBB020E
05BDFDBA015FF64D
FF1FFCF60281FB63
0702FE9EFFFE051F
FD37FEA30F590582
01E400D0FE540629
07130253041200BA
FF1E02B2052BFA0B
02CDFD00094FFEB4
FDDD0060FFC10883
FA45FF1BF1280565
0AA601DF016501FE
FB11FEB204B7FEAD
FFB6FF4CF5A405C8
01C9FD240BA00369
F946FFDEF6C8FF1B
02DF0298FDFDFFBB
048C01D30D03FB78
F5800120FE04044D
FC51FFC9096C0246
FE80FCADF97902D3
01BFFFB6F007FB7B
F7BE011C0695FB44
FA3BFCCEFBC20294
0761FDA0FC2DFE99
042E0013FACB0799
FA5301B1072E042D
F72DFE2B09D6081E
F62EFCE80AB4F6CD
F42AFD94F39AFAC6
FFD7018A0125FB64
F8CF025A077D03DB
0805FD3B09D60F12
074CFD65FF1C0059
0C04FF9CFA790808
031D02A904D2FADA
FF59FF16FFC40335
0DD70216F908EEA1
0473011FF48F05BF
137900120219FF72
141BFD3F02EFF276
0B860267F6A505CF
F093FF56FFF80045
EF84009F039BF8D0
F251FE30101DF73D
F7B4FE8207D4FC8A
F8B5FE3008FB0311
162DFCC800DE0AA0
FC82FF9CFA530A7F
F6FF02CDFC10114D
084AFCB71098012A
1311FF04081AF4FF
FFE7FCC304B7043B
FDB5FE4CFEEE0B48
03DDFFB8FC75FFA1
054DFD90034AF2D1
17540183F7CF02C6
F3DFFEF906E0F7F4
0068FEBE029D08D8
045AFDB302D1FEE0
00A30161FFFDEF2D
F4A0026A10F7F6E6
EFFD02AC0169039C
F40FFD4101C80ED0
F832FCCBFC7A0476
05C1FE80F8340701
F8CC009AF5E1FD34
02DC0023FEF4F804
04F20169F67C06B4
FA8AFFB60A88FCC0
FB24017000AFFEA9
F6F2FDDFFC0FFB13
FB4EFE97F6660AD4
0999FFB8FFC10E1C
F60C02DA05771A30
0908FEFBF09A0604
19E5011707A80093
138F00EFF3DE1D57
05A1FECDFD4CF92C
EE34FD9001D024F4
030F0134E9770630
0DB0018D09AE12C4
FB35FD4D013102DE
0D52FE66F8B8097B
0151FE52FF75000E
1401024DF11005E1
F2D5FD0B1D2DF5EE
F8E300850B590DC5
0369FED9039D1903
F471FD99046FFEFB
F8EC02EE0F5626A4
FB2CFE200DC8EB80
044AFE06F4600B69
E92EFE13FFC60578
F349017A09E41933
F277FFCA026CF731
CF18FE221DA012B0
FACDFE600971003A
F292FD07F7A6FF1D
F81A025F05E5F7C8
F76DFF75088D00A0
0507FECAF9AE027F
095200AA029002D8
FB24FEAFFF4EF1E7
0F37005FF70E0545
16D00233F2100483
032A0195076CFE29
FB8502F20646F7D9
F1C9FFD8FE10E6A0
F8E3FE93FA56F241
00F0FD64FE8AFD45
02B501CF03C5132F
F788FFB903DB00CB
03700001005F0347
089401CE02AB046B
1424FEBCFF481054
F638FFC6043911FF
F32801CC01A9F543
FA2FFE75076A02D2
F69AFCD3136805EC
0801015D1C4803B1
F64BFEFE03EEF9CD
036BFE2E028EFE12
0684FFE1FEFBFEB0
0B1E02630D560496
0A46FF9B0A6508CF
03C302EEFFA3027C
F9ECFF30FCA004FE
F83E0108F7C0051C
FB0900A4FEF5F8CF
F1E0FF0802B302C5
FD3FFE2004220BEA
FCE200AE028602A3
F658FEECF7910B0F
070BFE0DFF38F665
025FFFA8F764F8FB
07AF0281FFA6FEFF
1714FE1300970287
0CF3022C0BD7FDB9
F534FF21FD8B03C1
F37A0285FA82F90F
F707FE22FF08F3CB
FB45FEA0F729FAE9
FB4202EA06F5F8A2
00DAFF23EFDC0E9B
010B02BBF7720501
06B3FECB079200BC
FE88FCC60FF3ED93
FC2201F3FF62F7D9
FBE700D6F885EF9E
0D75FF6AFB1BF716
FB2B0012193CF4F8
FE47022D0BC7F179
128FFDEDE96DF4B7
11A7007FFD61F960
FBCFFD4CF0DFF8DB
F3E7FD210A78FEFB
F6ADFEE2FE53FFF8
0204FD40F85D01E0
FD05FC9800D10B0C
F846FD590158037E
02D2029608D00CB2
FBA80232FF41F3E0
F031FF1AFF4704AE
FA71024F0D040D24
EF250099F474FE93
ED6DFDEBFE610034
07590213F893201F
0ACC0074FCE0EFB0
0D4C02C700C0001F
037B02790565F463
FFDEFEA1E7CCED80
0533006E0405054A
06F7FCEEFE290218
F94A02B20E6112ED
EA70FE4906490D96
0311FF4001C9F76C
0F69FE9D05E8FFDD
0A8603090BA6FE91
0248001F07C1EDF8
027EFDA504D6F07D
0AE3FD0AFBE001FD
FD25029EFE54073F
094A018DF4230AFF
09EF00FAF7F4E491
0BA5FD4B065CF0B4
1406003FFB7BFBB6
0C9102AF036502AF
08DD00E00A9F1D24
0A84FFE7FB240C05
FEDE0053EA090C05
1231FDFD045FF4DF
0598FE1DF29D0AA1
EFCFFD95F93608A6
EE8BFD2404000947
E159FD33FE170AE1
F8BB0155F39FF946
EEA9017804EEF779
F4FD0099EC3D03FA
F353014EFE12060B
F22AFCD906DBFAD6
F2BEFF58036BF548
F9B6FCC0FC990342
018D0165FCFA0992
0503FD1AF7CF091F
05AAFF4EEADFF639
01E4FEF7F1B9FB75
0BF900870802F6E0
027D027A0D92059B
06C3FEC802DA08A0
09F701F504C0FE1C
0A49FFEB02050906
FFACFE0E02C6FF60
0029FFD80867F639
02AAFD7F0398FEB9
0502FF08F9EAF5F3
0BCF0263FF1905F6
045DFCFE00A4FE6A
FBB9FDF406860125
00F900B716B50197
02C0FD99FC12F5C7
FA54FEADF0B3041C
04B90233FA37FFB3
08A4025F0079F94A
120FFDEE0B4CF86A
00D7FD3D0483FD12
11AF007203D509AD
F4CDFCD20459FD53
F114FFA20306F6AF
FA08FE9A06CEFE30
F9FF01F7F9FD0197
089F01E6082D0166
F900FDDAFCAEF1C7
004BFD3F0101F99C
024BFE5EF07209C5
0D5E00C7F09D089E
0E070283063EFD1A
0B340194FECD00C1
F8B9FED8108DF914
EF2C0244FE500210
FB870196F4ED0845
F83CFD3DF87800AA
0079000E04AAF6F8
FAC701980886F547
01C102A8F32406E5
018200FAF5B308DD
043DFDC2F5C50FCF
026CFDCCFA80F727
0184013CF3FA0A97
F84EFDB3F2D3FB58
E93101E0F897F504
F789FEE307DE00CC
FE96FF5EFC6B06CC
FF87FE7DFF7802CF
FDC1018FF80809F1
00A0015CF216F8E4
F9A300E7041DFEFD
0004FEB50BD10282
0563FDD3FF0105FF
019902B5FAAAF580
FF4F01B4F5EDF73F
037FFFEB0452F889
089900A6F65401C4
F8FCFEDEF9840AD1
F7B7FF57069D010B
E937FCA5076FFBE3
F2D7FE170C84EB2A
01A9FF8CF2620586
043F0310F4B0FEF9
0235FFC90572051F
F8FBFF73FCA9F616
0CFEFE92FE600469
FFCC02E506A80A53
067E00A5FC80024B
0B4DFE560029008B
03D5027AF554026F
F8AC0238FA4FFCFF
FA21FF53FEF10884
FC3C0142E7D0039F
FDD10117FAD8046D
003DFD4CFCE1FE84
FCFB01A9FB3AFC05
045DFECDF2E802BD
05310247FD3D001D
FFB8FD41069BFB6E
0781015C072F0192
078BFF74FFC8FB91
0559FCEB128AFF26
FCBEFFD10E3E05BF
F479FE6F1508FBCC
F840FD4811B40594
EF1B010C009F00F0
FCD6FF980166F8A7
0165FD8F0435038A
0440FF40FC88072E
037002010C0E0437
110FFF0609CEFB3D
EBD3FEC703C510A2
ED00FF5AFD51F593
F853FE7D01160BAC
F5040156057DFE2E
FABA0191FFA9F1AE
FEC7FECA009A09D8
F9ADFF79031FEFE3
EEBF01700C461DA4
F37BFF8A04A10F32
0D42FD40FF580A82
0225FF0C0C30F5FA
059C010A11D7EBB5
1084014F0E150017
00C2FECA0CD207AB
FE74FC7B084B0B9F
0A3E019EFF9C0A5F
FF5F01650AB0FBF5
0237019D01960306
FBFCFF16F65FFDD8
0C5A00AB14780375
F7D8022A12B1EDA9
E101FF510215FC57
E812018FFD950218
F996FD3A0CF302DB
F6A2FFAA0DEC005F
E73001F60B67FE2C
EEE9FCA5FF98FF89
FC86016603400E4F
FF8EFD7D0702FF67
E8BC0206008704E4
0D4C00F0EE9B03E9
126500D8FC830934
FD2C021E039EFC3B
06BEFDAFF1C6FAC6
102CFDB3042FFC93
0281FE2BF43101B8
0657FE9B084008BC
0A9EFC830590FC7E
009600E1FB44FCC7
FD8DFD880060FAE9
07BF00F5FF96FE12
01A1FCAFFE9BFF09
F56EFEEBFF7B0593
E8CCFFE703ABFE9D
E3A3011FF8AFF446
FF850195118EF806
0D48FE43070C05A6
0BE500BA0208054B
0BFEFF660363F95D
048C00840491FB88
F8F4FD10EFB1EA86
EF0D02FC0020FB01
E4AA00520235E9A2
F78C0293FEB900E4
FD85FF91F69100BF
08B6FE390626F4A9
FAB100540D65F338
053F02EA142D1791
F634FDB5FB7CFEDA
F198FF78F1F7FDA9
1041028A15CEFD0F
052101B90C9DF5E3
03C7FF4610E500BD
05720221048DF0C1
0B930241FFAF1351
F85A02B0099AE8AD
F5BB00FBF8EA27C7
EB25FCD700700116
F4C6FE92F1B5139D
FA96FD3FED50EB4D
10B00287FA490940
0D720208DF7EF4D1
F5480002F5CB0939
170E00791E7BEC98
1C07FDD6D78FFDDD
19CCFDC90C3EEDC0
E9B80068F38C0071
E5D7006BE45206FA
EDB9FE7AFA770071
05D800450AA508F8
F38A02C0FEF0F5A2
0717FE030DD1F33D
1550FED1FEF60756
009C002305D8F9DE
FB6AFC81F56AFD86
00F7FD3D0DCFFA51
F28BFF490ED0EF49
F962018007DE0DF4
0C13FC6F0528F312
FA5CFFFC069C1215
00BF000CFF5BFF1B
02B200C50689FC4D
E596026703380993
EC7EFE74FEEF0CC7
F909029EE892010B
1A24FEDAF59DF300
17A5FC3D0D18EDB7
21F2FE45F71AF083
0EEBFF53FCC9FB2A
1586FF5E0427F08A
F634FFFBF42CF861
F9A5FFE0F4B900B5
FD610128F1F8021F
059301A6FA10FC0D
03390255F3C5FC45
0FEAFFCA025FF2C9
0AA101E0FCC2FC44
032EFCD003AF14C0
0025FCE9FB2C09CF
0066FD5001F2FB44
05E4FE6DF805FEFB
05E1000103BEF40D
FD09FF17FDEF0972
F81D028FFD2103C2
FB8101F30B05F0F6
F8280233053C0C3D
F521FFF6FF86FFF3
F15F02DF01D8F407
FA6CFD0700DA0053
F3EE017B0C65FB38
0A61FFCAF1680CB8
0309FE1FFEE703B9
0391FCFC0B7AEDCD
0AFF023002FEFB57
0D2A01DCFBDD0DF7
1F8202F4ED06F66E
017E0073039BFE91
FC07017809E0FD05
10E4FD7D02050776
FE28FFE108EDFE86
F5F0FED90225FA87
F1F2013DF20DF579
E7ED002F08AD0563
F9CB02D7E89D074D
03A8FCAE07D70875
FF0A00B2057B1090
0C7FFF1EF74FD16C
0FEFFF1C0E980D85
FB3AFE88E8600461
E90C00C2082908F4
01EB01EF09C30D21
0933FCCDEE46EFC1
FF410023094205BF
05A10198F6C1F800
FCC101C905180540
FE4F0203F7DFFD4A
FEC6023402E900D0
F3A4FE000317FE65
0ADC0183F810FD1D
FAF4009AFE4F0C2A
12C8007603E7F863
02CE00400A6CF88D
EB5301F6F773FF74
F1AFFDE0F5550DFD
017DFD0605D900E4
0616FE280A3BFA2D
F41B028204A605CD
FE53FE91F708FD3A
F23D0096F9910113
ED74FCC0FDA60870
0E49FE9507691306
FF4802EB1059FB05
062CFD3E0381E88C
FCF7FEA60633FFC2
05C90225024D095E
F0D9007A0BD2190B
0EA50010FAC9FBFE
128EFE2DE332ED26
0041FEA1FC090A62
00C8011F04B3FCF9
0BD3FDC70A75087F
FF88025800BA090B
F4580210EE51F6C6
F32001CAE880F6D7
007900F6FD1CFB66
002B01EC0D0BF488
FF950284FDE2FAD7
FBEFFF4A047000C9
0644FECA058BFC5B
03DE020AFFFBFDE0
FE05FF5E07A3FF10
0055FC9EFD75F70A
FC66FC90FF630349
04980215F771FFE3
FF09FFAB005D017D
0298FFF1070C07CA
FF7B002C0505FB57
097CFCD4FE29FC63
FBC200F5FFA004E5
F45900C906DC09E7
F775FE01050B0A0B
FD64018A0234FD14
0913FE8301D9FF2F
035DFD27FE8D0154
018D02E9F65DFBCB
F8150099072D00BA
01F902AC0A970594
FFFEFE130A840415
012EFCCD0203FE64
0B56FF62FAE6EFC2
EEAA019E00EA25F6
2B8BFEAD0C82006A
13870225266E1BB3
E6450265153E0ECD
07E6FF1BF68A0236
FA7AFE56F646DD56
FD1800EC22B414D5
0FB3026A1B9A0464
0EF6FE1C03A10B6B
0D84FF990C96ED40
D65100FEF2940329
1BC601CC1F4D1689
090A0082010BD92A
FE0800E6F5DE0D88
0CA9FF8C03A4FE9C
0C8F027405CBFA4C
EF5800E8066BFC9D
E5C8011C019505F5
F3F3FF1913C408F5
F45CFFDC0BA10A7D
EBFA015603DE07AA
096EFD9D08B7FC1F
189C0297073BEC27
0A1B00BC171BEF7C
FCFE0200096F0302
FBBEFD9D0395093A
09DCFD90047D051F
FE31FDE2F677F542
EE45FF80103CF542
0804FE5BFCA6F4BA
DC9F01D9FA18169B
F4D602660700ECB7
0DDB0015FBCEF40D
02BD007903BF097C
019BFFB7FEB8051D
F84F0103ECE71052
FA6BFF4AFB9EF299
0FC7FF380EF6FE4C
F838FE88FCF80671
F84FFD311A990590
0FDEFD04DD900925
016AFD710016100F
09E6FD36F6B611D1
01FBFF240200F96E
02D9FEB406CB0D27
2CD60136F618F91A
04260004FB62FC06
EE7601FCF25E047F
F880FD0B0406F457
EFA3FD21F0D6FF2C
0DCDFE870E60EC11
0780FDE4F76BE4F4
11B9FFE10AE4DD87
1792FF8D081FE700
0D4500410A77F66D
ECF6000AF11F1580
EADB0010EBD806AA
F7AEFD58E9CB11FD
EB23FF3BEFF1116D
0C190165E1030729
133DFE87F038F53E
03CDFED80912FECB
F14200B3FB5B0113
E602FD16E16506B7
00A4FCF0F3C7EB34
09260248F1B11585
008601BE23CEF8B8
D6550093224E0757
CEC6FE5D124B107F
10DDFD51F6EA0107
09E80183046E0B59
FFFCFDE90FD5EF99
F472FE5513311D10
F4F001B913EC0FB3
E757FD6009360059
F93801FB05ADFC91
0650001D122705D3
FE0102BC076501DD
FED3FFCCFCCE054D
036D01A5FBBB0828
02F1018FF4D403C1
05D8FFD1FBAB05C7
FB51FEB1FD1004E1
FF0E0138F7DA0689
FFC5FD5B018002D3
FA7A005C0CAEF926
F7F30166110D06BD
FF56FD8C07DC00A1
F8FD00DE0E6405C6
F78E01B010F7F99B
1121FE7D10E2EE87
0F7A02D50A15023D
0ADAFEA30BD504B3
081B00E50891F762
0A41FD74FB64FB4E
0CAFFD7FF9D3F06A
FC5F02B6046204DD
F5DAFDF00368FDA4
EA6C02ACFF09037C
E947020EF7ADFFCC
0608004CFC21071A
0021FCFFFE8F02AF
014AFDE8FFD90509
F9FC020202F50210
00330115FCE2FD05
02D200D60075FFE3
FA85FFB104300093
FDA10284FB89FDFF
F4ACFE4EFF5EFD67
0176FCFC00D6FAA5
04F0FCE7FCC600C0
062FFF2F024B0390
0C7E00AA05A401CA
035C016202F807C8
013D0268FCA7FB2B
FA27FE32FC6DFD19
0518FCE6027D06DF
FC130061016100E5
FD7FFD64FB2F0117
F798FE21FDEFFD83
FDFA00F9FA4DFF00
FEE0028EFE5C04CB
F9170090021B08AF
FA680273007401C0
F2E7FEDCFCB8FB94
091A0192F64BE4A2
121C01EAEE81EE18
0B6000AAF0DB073A
FAF80004E9ADFE60
F0FBFFAF01190A72
F8AC005503DE006B
F8EFFD8E0CDEF5E0
F4A2017D0ADC0FC0
150B0006F90AFD28
FB94FF14FE19FB3F
FDA8FFCEFBA9FE6D
0AAE02ABF7350245
FF54FE85EBE1FE2C
FF9BFF77FB59FDCE
FE88FFE4033500C6
F973FD3F0D860DA7
FE93FC9A0EE80B9D
014202500311085D
FFF701430721FCB9
F97FFE9007D107C7
0571FCC312D10933
FD5401CB0385EE8D
1033FC8EFC7C048A
033AFDBB09AA0174
023702C1072102B8
F4BBFCE4F98C048D
F51D01F1EBE50821
FBC3029BF8CC0C5C
FAC3FD5801F7FE37
F9F7FCE00407FD5E
F465FEC105BDFFA8
FFC8FCE8EF610258
F7FFFCF2FAE70FE4
0E4D01FFF974FB8C
0A78027F03E30404
F54A006F05100FBC
FFB300D7F37D044B
FD0BFD470983F876
F0F2FF60098BF0ED
F451FE0411AC0914
1370FD77FE9BF366
F658FDFFF43C1415
117100C00697FAEE
0D4CFF400944EAE9
F94B018E05B20ACD
18B3FD250D8DF44A
18CB01B6000C1262
03AEFD380E280D9D
0F5D00A70C1AF380
0AC2FD8AFBEFF130
01E50265ED0B0068
F74102B9FF3BFBBB
FB9B001C0925FE9B
F487FE7EFB260008
F014016CF67207DA
142DFCEB0ACA0293
04300039089FFF33
FE6E0150039F0E72
F88D020AFAA20A82
0F34FE1D073BF5BE
EB3D013AF8D604C3
F7ABFFB6EC4EFD85
003DFFFCF92E08CF
F64DFED8ED4E0318
F09600FCF0EEF79F
000F017503720679
EBE5FD28050303FD
EBABFDC80E76F734
D449FF2C06E01029
0BF3FD59FABA0CC1
FC3B021D012BF154
0271025E07C2F33B
2CE2FDE0F1E1FAEA
215CFF63FC6EFBA1
0D39014BF56EF9B7
1CE60085FC00086B
F905FE4B13F704A9
F107FEF502C7FA9D
FB7B00E7004D1723
0D5B01B90650F7C8
FDC600F109E5FB6D
FACEFE8B0DBE0509
F37B0206F7300287
EEDEFF79FBCA056D
09BC0061FB5CE2CA
EF5102F4F9A704EC
FC25FFCE065E069A
00BFFFD8046B02FF
F6C1FF4706210113
FB9002BEF0001396
03EFFE0FFAE70383
1AB101C4FDEAFDC0
1CA8FD8B01F8002D
0EC5FD7AF9D70212
F6FEFFB1F550FFCA
FFE4FF240536EF24
0450FD8BFDAA03C4
0A8B00CCF7780FA6
F27FFFD0FA25F767
F8BBFF01F490EFCA
00DD003AF5C6EC9B
0C2CFFB40AD6EA14
F8B0FDD30888076E
F90EFCEB0B3A0B36
FF94FF0DFE0F08CF
FDCEFE79FB7DFCC1
060C00890409E9F4
0892FDCAFC64F4D9
005900BD0657021D
058DFF26FC69089F
F4B301C3FFDF0E51
FC7AFE9DFB0E05C5
03DFFF2DF9A607DA
09390171FCBAF6E6
FDB5FC77EF0CFC82
FF7EFD4000340597
0E74FFD00CE11118
0A5F001606F708E3
FA07FDCF024EEF15
01C0FF01FA8C0433
0AE7FDA80641FC7A
F6E8021001BD0302
F2C500A8066E0190
F52500680096FA5A
FBE1FC62FA41F2C2
ED24FD88ED09F463
064D022DF364FB46
08C101870774FA70
0B910150091CE83D
031201E7D5BBD3C6
09C3FE6D078A042F
04B1FFFBFE5413DE
F051FD4CF2F900CD
F0B9FD8DE8FBF2E9
0688FEFEDC90F78B
F1DD01DF1157FF31
1D56025F0CDB1502
2247FF6C1691F6F2
2EC1FF9DFEC205BA
1658FDE4EFA9FE29
0BC0FEAB01C9FB68
F69C00BB096D187B
149601A414B207FB
E7E401F40DDEE6AA
BC980010F012E9F8
034AFFA4FA020663
E172FE620A241F74
F58EFCC722B91A83
0D4C01A5F167F296
21A2FDFAE932E444
FACBFD21FC3807B3
0CC1FD8D0793F785
15D3029A03730339
0E20018CF421E8A6
FD32FF030F32F986
02BF02F1FDF918BC
FB8CFFDDFBAA0667
FCA0016B07F10312
02700003F73AFA9A
01FA0216FE5DF9EF
FEEC019F09BE05E3
FF42FECD01C6FF12
02ADFDEEF98A0592
FC8800BE0081FCEC
FA9A013106090267
F754018601980187
FFF6FFC400EC01EF
00880152F3B401E9
FC050316F8350731
FC03FFF10AE1FF8A
FAE2FE38EC3BFE28
FD15FD10FC8101AB
0225FF7203A4F982
FE6AFD0D09930172
0829FFF6FDB1F637
0AB002ACE54C0BFF
FDB9FF60F8FA0426
01E8FD0B007DF204
162A0065FF83ECE0
115500EA03E3FBD8
FFB101A707380612
0A65FEC205490025
EE06027BF01211A0
F731018AF383077C
F97A01B5DF37F073
1040FE43F4BB13D2
052EFF51F3A809EB
F82B00DBF45808BF
EE10FDC700DB0F71
04CBFCAEFE53F597
F176016FFE241367
F07702A21D78FF20
FF77FF8A02D7004F
EE67013F0D9FF954
EAAFFDAE03451171
01B102A8006D1483
047DFE670921FC81
153501FCFE6CEDAC
1B63FFE901DDF96F
151C017F16CD00C0
070100190567F89B
0D69FE110615055D
0298FDAE10DB072F
0656FCE50DB30140
0B2AFDCD091A04F9
F28BFD8906CEF531
E91F02CB03AD0704
DA7FFD1808450418
EC1DFF0805F50178
F317FCB601D6FCD1
0446FFDE04E8F8FF
019400D2F975F12F
EDDCFCC6F8750178
F182FF66EE421529
0729FF27FA3F0349
F13AFF31FB280ABE
1084FEEAFA7EE396
152A01790664E6F4
0DC4FDAAF0DAFA8A
10A6021CF3730FA7
EF15FCFD0844194B
03BF028AE52508FE
0E5AFDBEF976F5D8
08D9FEBDF20EF7E9
FFF6FF92049BFB96
09CF0218033DFDAD
059A0034ED98F97E
1E1DFD3BE9F3E660
154DFCEFF340E1C5
13A001FC02220276
F3BC02020B29FC71
FB10FE4E193C0FCD
F2F8FCC4F803079E
FBA9FE27F31303B4
1147000900160507
F18DFD6CFC24FD3C
FABA0208F9AF1114
FD57FDDFF2B8FFFF
FE1BFD8717EE055B
3E99FD94F7820A9E
EF6102A30AD600BC
CB9FFE1A0872FA29
EF56FE2F06F51023
E834FD73F067FE3F
EB9F00460E3D1335
006B009CFD73091A
EE2A0214FD0AEEC8
F52E02D20AA101B5
F38AFE3AEFF800D5
1277FD17028D0791
ED2201F2EE53FA6E
0CF201DF0804006E
09460301F5B9ED83
0EED02E3096CF145
2AFDFEB20AABE948
1BF7FFA2F95CF153
1066FD0D01E3EFB6
05450037FCD5F48B
05A8FF0DFB98173E
EBEAFDD3F7B80F3C
10E5FE69FCF70470
11BAFF34F0390F95
0C0D018FF8F7F282
1879FEC000C8E93A
12210024E65FEF47
FE5401A9FDB1FB74
F9DD02510DC102F9
FFBAFF27FF8700C4
FFED00A91051EE2B
09B6FFA9FFFCD429
0805016703C70103
FA5FFFE80C9A07A5
08AEFE5104600E69
07C5FEB2FBCB09B8
0917013610BDF05B
F392FE600A0C11A8
F81F00E1097A082B
F4AE005401DF0417
F80602080BBAF636
F86C00D0FBEE05D6
E96DFEBE0A42FD5C
E6EDFF6C08E2FA7E
F17C01A9FBEC0E7D
015E00EAFBC000EA
EE1EFFFAF67407D4
01A9FE5EF7ACFC4B
FDF0024401110384
FA61FD060435FADE
0232FCCA0F6B07E0
0427006200E104C4
0F410206EFDC08FB
09E3FCC4FAC3F17C
041B00EFF7010AA8
08E3FE090885FC62
073C0212F844F6A1
1592FF1BF67314D2
1C0A02C3FE9BF9D8
1228FE89FF0AFC84
FBBFFFA602F80A15
F8A80206F924FF25
E59FFF061113F2F8
E642000C09E1F3DA
F2810255045BFD71
009DFEB7FCDE0244
F072FD5AF6ADF80C
F3B4002419050819
0EE2FD0608EC0C23
0F050228101E062B
0547002BF1090C90
0047FF02F21F05D5
EDA7FF68FC8EF087
FB00028F0B522114
11F5FEF203EAF7F2
0A41FFD2FABE019F
EF74004602D6EF4A
07910035FC19FF9A
FF93FE3E0FA81734
EC63FFAAFFE7F568
F9EEFE98082B0841
1183FFA101A2F05F
0DDFFDA0FA03038A
0E8A01110EB801B0
043AFE7C075C0D15
019F0060FE800454
FFF6031B066AF0A9
FE0D0A13EF62FD2C
FF7E0649ED520397
033AF8C10066FEEE
FF8E08D6FEA8FF6A
0072F6DD05FBF582
0719010202EB0183
FE99FFC1F749FD5C
00D20E6D08E50106
05DA0260156804C4
FFF8017EF04DFFC0
FCE90884008F00C4
0291F86F047E03EE
FFA500130B210090
FEE8FCC81778FC8F
F96EF734FCA2FB20
0129FCD4F6B60089
01BCF96CF45A0834
06ABF665FE30FEFC
041AFAEA04F4FB1A
0046050F07FDFE4B
FF6A04ABF6BEFA12
FF290E7DFDECFF13
FE7200A4FEB8FCA8
04880409006EFC2B
F9C8FBE60A0A057D
FC94F536F18C0070
02ACF4D5F56AFFD6
0311F01206CE00F7
FEF6FCD1F32FFDAD
015006F91027FFE1
FCB8FC620B6BFA1A
FFBCFC56075700D1
FED7F4C00E38FF7C
FF19FCB206580605
FD5F083B1148FF2B
024FFCAFFF8EF9CD
FEFC0625FD480246
01CA0372FF4202A7
062A02D6FDEB0827
012204BAFB4E0142
FC8103B30716FF1E
FD5A0B2A06DEFF37
02D00236105F038E
FFFFF8B0F7C505C1
03BF0B82FFFA0054
0353F880F642FCE3
02D9FD9304BAFE93
0006F4C80CC6FD54
008E0595EA6F039A
00DF040BFE3FFCE5
042E129CF70EF813
04B60B7800C7F938
0421F24414B60081
FF0FF95507470130
FD31F9F9015EFBD1
02A10414190AFB92
FFDDFDA305FFFE82
FFBAFDC306A2FE2A
FEA50F3910C90585
00FA039DFCAB0530
FEAE0571ED36FE40
025CF9EE00EA0233
FD5CFDA600FA0219
01D70632F80103B3
042FF87BF8130A3E
FB8900B7E81C02A9
FFB8031FF43EF9E2
FE78F0990502004F
02B0004608680470
FF15FA0C08CA049B
FE6105EA06140052
02580F83017BFA41
020F09570D37FE38
FF10FCEC0E230093
FD7DFF2A06260138
FC6106BD02E500EC
FC4A053201FDFE42
FDB6FE4E04010271
0334FFD4036FFEA6
002E09A508DDFC73
FEA703FCFBE30130
018404C2FF030081
FF5101A6ED42FE31
05AAFAB8F7650505
01ABED93FD430165
025602B507400141
025108300855026F
FE5801B7F9F500EF
01550459012B04AA
FFC7FEF7021C0022
00B2FCA7237900BB
FEFA0091107B0158
FC1BF7BE0ACF0037
FD91012E04050067
FC9208900D65FA36
0296F76E181802E6
026A167EF0D9019C
00D10CF203CCFF0F
02E8FE44FFABFF4E
FD65F4910153041F
00D2FB0501CAFEE0
FE28F6C105A70009
FC01F7CF01E8F88F
FF19150E03220181
F764073F0A0BFDB4
0271EC6E0D30FE14
FC27FD52FA71FF0F
00B1FC0306C8FF08
004F0462FD3F00D7
F88200B9F95D01F3
FDC3FCC20454FB83
FF10F547EF73039E
0334FE95FCF00217
050305E10D7EFAF4
020303AEFDBEFC9F
FD8EFA620122FD7A
FE49FE5AF27003B8
02940CC5F6BE0030
01A105F80B6BF5C8
F9ACFF70036AFFCE
004C005DFF1E03BB
FC2DF6D1F6C7043F
FDD6FB1FF9AFFD1A
016906C00EFFFA96
FAA9EE6901A306DD
FE58FF55FF3BF77E
0532EFA1FDF0FADC
0183F2AA011AFC96
FC8CFEE0E9AFFE34
FC12FF4BFBB7F74B
005F03BF05BCF811
028805DF0140007F
0B070F030BCE0530
045C09A2F90B0877
00610C5D0098FC70
FD6E0795071A01E1
042A0AA7FED30410
0F56112213640180
081C0F0F07B204D7
F87DFD7B0F4CFC8C
FF4EFAC108B1FFFD
0575F961F7EEFBBB
0AF101C30730FEF1
074F0542FF0F0472
F6CAFAB3FBC7FC7E
FF7AFD4503A3FC74
018506B20448FD85
04E404FF08C6FCC9
06FB02D50BDC02A7
FC6F05EFFC22067D
FE930A340452FBB4
FDB1F9B9008A026F
FA85FCA2F4670163
FC3204C1F76FFF91
FDC40162FD220508
FEA403A6F4E7F9D4
FD7DFD6405D10308
FA040414FCFDFD53
FC6DF49DECF6FBA3
04C6F6A9012EFE93
FD2B07090F9A0196
010C02AD0E9603A7
0153FAE30298FF4F
00EDFF1FF321FC40
0343FC44F8E9F818
FE9AFC3A030DFB2E
FC54FB7401CDF969
FBFC02310678040B
04590DCD01BE015F
01C7F91E059CF9AF
FC3F01C306E500F3
041F04C5FF79FB0E
008DF608F89F030B
048F01F402390657
065B03760AE9001F
FF88FDCC00EBFEF1
FB7DF2D00374F88A
0569F3AC058BFD57
003E01C8FAE9FC52
FE22FC5E01B8FD06
0097E914FF2C0729
08EA00C6010702EA
0E51F1E707090C72
0376F94FFA870579
FD920639039AFFF5
F66CFBBA0548FBF0
0DD606DA06DB0144
0F40F63207FB09A2
FEF1F76405440315
FC9F0960FA0903E4
EB53FE0F05DAF3C9
021D087502ADFB90
0C7F0D3502560B01
FD0D0B0F0BC7FE1B
00E7FE4E06DDFFBD
05B81F99FA810715
017B19CEF6280192
07F40BDCFA500B03
079108E3F561046C
06BC009D060D07D7
003A072EFB75FDAA
FED001DAFACF00C3
FE770D4BF6AC02AE
FCFCF876FF15041D
008DF54AFE5DFEDE
FFADFE63032703DE
FFE80BE6F37EFF57
01E4019C02CA0821
0045FBDE031E012F
0145F578F585FDB3
FB96FBF7021AFF32
FD740C67F263FD18
FF650B480A5DF9D4
FD0B06E9084B00A7
FD200318FB18FB66
01BA048006E10317
0345EF8FFD46017B
FEC3F9EC0C5AFCB4
0033FDE4FE06FD4C
F9D4FFC90576FC42
0018F98C01F2FB4C
FEB0F26BEBDA0138
FDC9F721FDC70881
0078FC48FCBE0452
FD53FC3BFB72FEDC
00B2F6F2030FFDD7
FF5BFB9C1093FE0C
0230F86609B5027E
FDBDF4CEFFD7FDCE
044BEFA6F8EAFE42
00290830028EFCEC
03280A560B8BFDC3
0467FF9C0B5D00ED
01C30602F9ECFE9E
0223F9D603F8FE0D
FC9408390AB1FAD5
02A408AC006F0422
043D043E06F600B6
036E08FBF7E802A3
FFF004BDFB17FF6B
FD7D0054125FFBAE
0296034EFF4F0233
FF130996EFB1FEF1
015404EDF7790459
021E008DF5F802CC
FF51F141059AFF72
0040F944005D040E
FF07F741F19A04CB
019CF81900D9FF32
002702F3075AFB49
05270052FC7C028C
0210FF8DF9270006
0258FF53FD8A03A9
059401BDFCFF0116
0041FE73FF0F0302
04B701F2F8270054
060801D8FC3600F8
0801FFACF4DB024B
07880310FBA1087C
07AAFFA0FAC907BB
02FE0403FE7C0693
09400514007C04F3
099600B8FC8C0297
065B0787FD5B0517
083701A7FB2404C3
000D060F00C80607
06B30A47061D07C6
09AE047B0802031C
070D02C5051C0487
02700407021E03D4
01280076FBDA0364
02EF09300125006A
0492027807DF0470
044F05390268048F
01BE0016FBB1018A
F8610A41050FF606
00A3098B054EFAAA
F4EC02F40A50F97B
F72F09DFFF52FD15
0D12FA7A10C40D46
0342FD87FCB1F846
0175F019F6200214
FFC726190C17FDAE
0635155BF3460280
0DA5064D09D115A5
F67CFDE41493F6EB
045B146E192B07A6
FBB7086B16CEFB67
04A5047113FE0767
137505E2343B0AC0
F491F8030036F907
FFB6FE06F8DD06D0
F2B406BCEEB9F7B0
FB0B15C4EC2002B8
0245EE371E25091B
FFD8F550FB38F8D8
FF86063E17C202A2
01B60F8BFBB70657
0048EDB80A4908D1
0097004DFB100E67
FB400FEEE9EB0363
0238FDA1E439FFCD
00AFF1C4F3120329
F9A4F3B60DBB0806
F75916F907A6066B
FFE3E248F94B0B1B
00A0DA870530088D
FE91F30AEF6E032A
FBFE128AFCFEFF09
F4210C000230FF5A
00D80661FC8E039D
FD31126AE76302E7
027F04C5E4DBFF66
FDAB0A7CF367F625
FB911238F78B0263
FC8EFBD2131BFE93
FC0C02DAF8B600E7
FDDBFB35F2510A7B
004BF7E1FB95F4C0
03B3FF550124F758
FDD10028084E05D6
FAD70182F8D700A1
FF89F67DF6400872
009B05BDFB5E070A
04B413E901ECF5E4
FCB2FEC60580FA32
FE0700C3017802BF
0191FEBEFD3205D9
FD260488F6E70627
022DFA7808B1FDE5
010FEFB60C69F7CC
007AFE0108DFFEE3
FE0BFE14056CFF00
FE12FD6B039D0405
039BF127EFECFBFD
007D02790B660358
0016F80301FE0406
0165EE6CF5240082
FB3F01CEFC990497
FC7301C8020A0553
FD620584087EFFD6
00E60BDDF7FCFBD8
FDD5EF20EBB40476
0056F35C04E70073
00CE062BFC6DFED6
FFA30202014F0D43
008409A205AAFC03
023907DDF02DFC95
0118FBEB014702A6
04CB06D7005E013F
02C3074810B8088F
FE0B03990E1F0085
FE3700A1FBE60302
FFAEFB5BFCDF009A
023CF9390CF60188
00220987FCCC07FE
FEB3014C05A4FE14
FBAF03FD0AEC01DB
FF990276FF6300C2
F90EF79B00BEFEBD
F9CFF817EC3E02B6
FC6AFF2201F0FA97
FF27FE24017BFEAE
01AAFA4BFFB7FB6E
FE9DFAA8F66BFADF
FEBEFAF9F24B05E5
FD2705A8FEF9FF51
F900F972FD00FCEC
FD56FCB605CD021F
00FCFF8AFDA50163
FDA1044D0AD2012D
007B070D0C7E02D2
FFFBF542FCE2FF39
FE98FD6AF7CFFC8B
00AA087CF70FFAC1
FF340832058FFCC3
00090821010CFE1A
FD50F771F77B0167
00A2018904D501C4
FE09F2710214FC5E
0296F941F6B2FE96
035D006EFFDF0251
028BFC420088033C
0345FB55FF58FE9D
0134F7C2F14FFC0B
03870837FA55FDC8
059AF8FCFF5DFFEF
0453F91BF9D502F4
FFD9FC06FE3201F0
02C2FC2DFA5EFD2E
01760484F692FC9C
03B7FB090517FFD0
0205F8740088FE12
FFD602B40471FEBC
FF6B02AE08AF00F2
FC74F885F4C70559
020EF409FFB603B5
03FCF8D90249FE71
FC59045C0314FA00
FC0A094EFC620168
0238FC51F913FE5C
FB07F2D00231FCC4
00BB023B01D2FFDF
00D90466051EFD20
011604A00845FE63
FBEFFDD7FC79FD1A
FF07FB4B023B0055
FDC8FDF30154FD1C
003B0854F26CFD9B
FDD201A305AFFE8F
FF25FD4109F5FF47
0295F22FF01B027A
0229FCE3F4E5FCFB
FE3D04A4F43E0140
0097FE63006903D6
00BAF4F30FE7FE28
024DF640FC650374
019304BCFF150101
FF8EF118F6A600B6
FF2FF93702FB0069
0169FB800326FFF0
0105F5220A8503DA
006A017101AF0140
FE16F56BFB390091
FFA5FA5F034700FE
FE7EF76FFB94024B
F7B8F7F50839FAB2
FE27EFC9EA82FEC6
FA49F50DF8530566
0158FF9AF8850B84
05B6027A0B090072
F960F8510A42FAAA
F930FEDE030DFDCC
F92CF1E705ACFB8E
FBDA0A4903D4FF15
04D7F5F807F2030D
02D1EB441D21FCD4
FBA20FB30275FEFB
FFCDF2E500F701A2
FFAC1042FC4305FA
05D50205091F01FA
01AD0682081A0021
FA5D064A0433FFE1
F983FBA4F4E7FA71
FF64F97F023B038B
FA540CA9024A04E0
0397011E0A760B46
00D2F63103B10CDD
FA2801D7F74B0412
FDE2096B03270023
FE900084F883FB1E
017F01E8F88E01C3
FF1AFCA2E5930C39
022801C4ECDD0D8A
FE1601950037FFE8
FE01F834F9D40030
F9E6F118110901CC
FE77FD40144F034D
000410BCFF4307EC
00CEF542EBEBFD62
FD761CCC16F9FA21
01690D9A05C7FE14
FC53EF5A08F305D2
FE010718FF440173
02DEFAC7FA31083D
F77CFCD8FD14FE9D
FF400C1F02E5FAD6
0363006D00C904C5
FFD1FC77FC9607B2
0706F5E8E74E0B2B
FB400827F8C901CF
04ED04FE0C8302D3
024406D2079DFA90
FEC409380A1003C4
FA99162D09D208BC
FF4AFEB2FC1305CE
FA1D1A48EE91FEC9
FC4E05FA0277FFEB
064A08CCF20C0009
05A1EFB7E17201F2
FCA1EF21FD2E003C
00CE044D106A0044
FD4603C812B1FD46
01F6051B03ECFFE3
014AFC790C94FF3C
0067FA3A04BCFFB0
03490DAF0CEDFE9B
F9E800D50834017E
FF0003A00464FD7C
02EC08CFFAAFFD43
FF75F47406A3FA06
03AAF4B4FDE2031E
050EF399EB3D0687
0419F6F1F4510246
0050FB59073E0042
032402D90A62FD76
FFB3F4AF0F240274
FFBF038D098C0417
FE4A03F404C002DE
00410CAD0656FE4C
00D6FFD90032034F
04A7FC84FE7CFF42
039E083AFB9A0486
000203EC02A302B3
0245FCD9051FFE9A
02C5F9D1FFFD0295
04E7FCD400F802B6
06440178F8C3050D
056400C901B803C9
0522FBCDFE30FEEE
04C803DB01BA031C
057900F1FF660594
03C9FFDBFBF6013D
0195FC1BFDB400A4
01B1FAB9FA8A03DF
026E040804520001
019900F600BA0214
052EFFC90956009B
050401C0031E00C3
FE4CFF3CFEF000CC
FFDE03BC00D80245
0280029B0CB803BC
0284FDF104DB0247
02EDFF17FDA3024F
FBE0FE5403BFFF29
FC9CF81AFB3AFCCC
F9C6FE030776FEAF
0084072D0E30F673
025DFAA1FBCA02D3
FFFBF38C0AB50650
FF91024DFB43FFD1
04CE016601EC0570
02C2FE01F809032C
0016F83203F90008
FCC6077E0380F7ED
FEAF053005C8F6C1
041909A118B4F6C0
0320F358FA88FA11
069A0256FC6FFFAA
F8AF0726FE09F61E
00B003DD05D3FAE1
F74B01BE10A1035F
057D031202F60251
0398118C00E3FA5C
FAA7F4BBFC9400E0
047A0718F3BFFB23
0630FD19F09EFFF8
02CAF6C6ED93035E
02C4FE61ECBBFB1D
FF20FC91F279015A
039FFD0AFCCC006B
FECD01CEFDA0FF72
0317FB80040202A6
0563011C00C7030A
0621F954FF8C046E
042FFA26F7290237
01A5034CFED3004B
0444050DFFA5050F
05AA021B011C0467
035000B0FED504A5
065AFD25FAB400E5
020E04A7FC0502EF
01EC02A3FC3600BB
059F0800FDE5083D
05CBFFC900B20046
029B004FFEE2FF9D
01530115FECB03D4
00D4FC06004C00ED
02C40457026EFF4B
FFF8FCC000E9FEF1
0132FB15F9860168
013803E4FD6C017A
0151FEB00867FEE4
052203C80531FE40
006AF428FE10016B
06AB047BFD2BFFFE
00C505BE034C00DB
FCF702970F80FD3F
019BFD9EF4F00112
059A0A550A5A00AD
017B0466FDD5018E
01FAFF8F046F03A8
004D04540586FE53
FD45FADBFF4CFF52
005DF3820426FF45
04090EC402A10422
FE82FF540061049C
0300FE6D0D7D01E8
F915F87F0644FD75
FB7FF682F445FB7A
00DDFF97FC560766
FE6306C509A7FAA7
0084080D0BDD012F
02DBF2D1F505F8CC
01EBF55DF5D6FC47
0176F16E01110209
00A50DF90ADCFB60
FE790B4B04FD0328
FEB4F0A3FB26F9E7
FF42009601DEF97F
FC93FDC0060A0064
FE8B007EFFCD0016
00C1FE8AFBDF028D
004901A901330209
FF4CFD150A31FE18
01CCFC870024FF68
0075019F02480061
058000D5FB9900B9
003AFB74FB2A0037
00D6F793FE29FF97
00F90057FE50FFD0
0120003C0029FFEE
0244085AFF43017C
02ECFD6DFD390270
0251FDF7FECA034C
00DD091600B5FB06
FFB6F29EF7E9FD33
FF58FAC0FF40FEA2
009600390551FEB1
0000EE9EFD7B03C4
FF01F665017EFF09
FFCCFD58F953039A
FE3E0B250910FEB6
FDA4068803FFFE60
0040FAAAFA620057
030804690AADF5FC
00030675022DFC51
FF21FB0BEC4E06ED
0161F33AFD4C01C5
055EFB7BFA98F70B
01E3FFB60241FFBD
0176F635079BFDDA
055B03551F6D0773
FE75F23409C8FB58
0115E2A1EA60EFB9
F72B126AFA8B0F4F
FFAAF240FBFE05B4
0259117B1721F945
FE69F023DD7FFE8F
FE1BE992E762FDC1
015C0267ECE60738
081100E80249FF28
FBC607B2F4F000C3
FC60FCAAD8D20403
033AF15A05ABF7D8
F7560CEFE0AEF55C
F4BB047F020AF584
04770557F89BFE82
0515F996F2CD0E6C
F913F9DE051CF187
FEA9FAB7FA37FE93
FCE5F53DFF21FFEF
FC8CF82F016E00E9
FFB8013409D203FA
011EF3B40051FFC3
FA5A005FF9790128
FE6CF8C00461010F
FF41EC73FF620291
0527FE2205350377
FF44F63E02F0FDB6
0171FFF4F0FDFDE2
FE1C0517FF83FED4
043E012CFDD5031B
FFB60A3500A502FC
01850343032101EF
0158FA66F3ADFF7C
01290780004B03E2
FFFAF4FFF6300130
00AA0284021BFCF0
FD34FE5F0DC801B5
FF94048100A90152
03E907F004430284
FF5BF524F7700261
FD9306D9FD300324
0091F7FC083AFE93
FDEF0E6A02F402F9
FD020C5C06C700E4
FDF3F43C042300EA
FC30F1230789020D
FF2E0627061204F9
FD9804D603CC02A2
FFFB005B0FDF03DC
FFD5F2FC075100DE
0052FC6102F7FFE7
FE900A2AFD3BFF96
FF5AFC0C007C010A
0211F4E2F8660315
FC0AF1FBF44FFC1D
011008DBFC2FFD50
045C0CEDFC41FE50
05DC037106A1FB27
FB91FEC5FB7C0173
FFD8F4DFF62AFE0A
054DF347F20A0180
0196FDEAFF8CFCE5
F97F06FC1CB2FDEA
FCC00DF505F8FFA8
FA3A097C00B2FED2
03C90658FC6AFD45
FFD5FE1D0423FF66
FE53F58BFA4FFD47
027F04AF079C0155
02E1078A0F100059
FF95F90EF6EA0248
FFF0F93C0970FE24
FE5E02C8F14D0139
FC23FB36033D025B
006606350AB200F9
039900E5F45800C9
00A8048000EA0250
035A0319FEDF031B
FE7C04B6F47CFF94
03BEFA9EFD09042E
028FFEB4F2E801C2
0231022C05E4FDEF
018DFE5E0EC3FD72
011705560D5F0250
0058FFA2109FFEEE
00FE018B06D4F9CB
00E8FE280A1DFFE4
FAD5FF98FADFFDFB
FCEF0931033CFF35
01D907AF06740329
034D0341F24101A1
F956F2F1FA3E0084
FFA5083B0A1800CF
FF2D002506E2007F
F86506DEFAD2FB54
FEACF6AD08F7FCDB
F947D777E86BFE5D
0587FB310E00FB1F
01EDE840017205CD
0216F1A6FD8001E7
FF18FCA504A80B49
00CEFF02F3270E9A
FDC5FF4624020612
FCFC0A5B06760B58
0192075F095EF9F2
FF43FD16FD3AFF54
F101F95722A90746
FA99078D0152FE28
00351C410E3B0721
04EBF449F9DA04C2
04BDF5B70D76005E
E16E1A3E054CFD5F
0194FED2FC5904ED
07550BCD0599FEB3
003B04FFF969030D
FE9D0CD8FC1F0294
00FB031BDE7C1271
FB5A10EAED720008
FB33FA910478018F
FC4F0193F0DFFEAE
FE71FF490CF6F821
00C0FFC2F5F3041E
FD1B0F3E00EE026B
017400740A2AFB25
01F1020BFFEAFBC1
FEEBF3D30B78FB19
FEB4F7520E4601AD
FC9BFECCFDBAFFF2
FF98FC46FA8602FA
015C0248F51D0186
00F50794FE3001B5
02AC07261652FE38
0292F444FC17FDC0
FD51F822FA220380
FFD2FFD1F76E0487
00CE0323FE400060
01D0FB490736FE96
FFD900DBFE3D00F5
01F5FFF103DAFFC5
001D06E3FE4705A8
00F7FA86FB080390
00330226F9BF01B8
FC79FE160D0E022F
FD13FE0BF364FBE4
049308570215FEAD
0056FEFDFCA103C5
FB84FAE3FB7CFAD4
FDC4F4A606B10592
02420475F79A0329
06A20F9D03C5FF6B
062EF655FE8404D2
FE501051FE6FFABE
00060C1C02FBFE1F
00C5053A014E0064
06F602410A8B0362
01E300FCFDC4027A
FC7E0423FF5EFD9B
FF6A0227092BFC61
FFE2FB55FE92FFD2
049C021BFCF80797
03F7F9C3FA4102A9
FE66F60EFE84FE80
FAA0FBB504D6FFC0
FD1EF806F173FE7B
053F03E1F6DD0327
FDC5F805FD13015F
FA71F3360010FB2F
FDF4F13303A204F7
FE4FE248ED670311
03A80234F727FF13
FFE3047A092FFC81
FC0EFABD053AFE4F
01FA0305EA850978
00CB0814EF2705AE
02260609F350FF10
04D3095815B70650
02F8F5CCEF9CFC1C
FFD800B5FBD3FBC6
0269160BFBDCFA5C
02F10B51FD49FC14
02E803A3188406DA
FE73FD40FB9FF58C
003BE23EFC4F0623
FC00F89E05DDFEC3
0529FA8B0714FC9E
00A0078605D7024D
FB12EFD70534FB4D
FE180835EF10F984
0596EB90FAED0332
0789F9C4DED3FDAE
FC0AF42902A5FDE7
FC6B0662F83B09C1
035503F7020BF878
FFE9121BFF54FBE5
06C412CC0D0DF953
027A05F306FA048F
FFE403720211077C
FF67090606A8F71B
FF140FCA0F09FDDA
0B6514C8F80209C1
07440497FCF10950
04BB0087FB2D0385
FCD206F5F438FD30
09C80D85F5C70454
0F26F8DAE6C70594
0DA4EEAEE996FE95
073C0416ED53F71F
F6A910A2FC7DF177
FCBF19950C51F9F6
092B10AB0D440042
032DFC5D02210254
FBC700AE0255F450
FDDE0C110329F92D
0C19032000550EF1
FECBF95DF11CF1F2
F660FB7600ECECB3
F856F5C608680500
013305090323FF5E
FDECF46A07CFFBC9
FE7206B30A3F0268
FE15013002A8FCC0
FA050334FDC6FC6D
0005071C05300321
033804A2FF0F0078
022A0C35F76901E9
00950C8EFACB00BA
00EF042EFB0EFCAA
0057F7C7081C0001
FF7EFC4D01B201F5
044D06AFF6CAFE95
00FAFA0BF989FD6E
FC0FEB5903E8003A
FD8D04650146FF6B
FDBB04CA0267FD00
045D0D1C058B0211
0117030C0128030C
FDA2F632FE80FF51
00F600D1FE13FE41
031203CEFE57FD11
FE8101CF068003D9
FD220287052C0076
008606FB06EDFFA7
00B1F60D007104A6
01F40CCBF29600B3
00D70221F828FD17
0315073D0507039D
040101BE05C2FFE4
FFD30188006E0077
0075FA6DF960FFBB
0113F7A4FB6C0116
010405AD069B0194
025B011F075B0009
021808BB0A97002A
000EF63AFDBE0162
00C6FC2006B102A8
FE370368037C0175
FC32FFA3FD5CFDF1
FDD90103FF680220
00F4FC09EF5C002D
02B90044F6790207
027001C0F3620615
035CF8FA014901F5
FD5A0C8E10C4FAE1
FC0501570206FE02
01C705B204B801F8
00A00DEE0400FC9D
FD6102DE0F50FC4A
FB62FF820838038D
0694022409EBF717
FF6E0054FFA1F880
FF1A03820F19FD7C
F9EBFD2A1551F889
FA830400FD0902E0
01ECFCD9089FFF69
03330861FD61FE29
0238FD4708870023
0283FC45FDED0142
F9FD0EFD04830552
00F9FB240804023D
00EFFB5A073AFF1C
02AC00C317DD03E7
FE30FAF10504F933
018F00110C52FBD8
FED10219FA4A0194
FE79EA400771FE3C
0578F652064702A3
02ECFE3A0797034A
FF32F8C6FCCDF7BF
0043F4B2F61EFF5A
02BFED5EF8D70397
040EFF41040A038E
03AFFC77F7760162
FC38FBF40DCA013E
FE3701F6F012FD08
FCFB0519FCC8FD3A
FDB907350AAFFF6F
FC90FE2A07020164
0031F7B4F910FF55
FE4AF3C6F10CFE07
01D3037EFB4BFD74
FD210805021FFE49
0009FFC1012EFD20
FE57FDDBFF53FCC3
FFAEF1B0F24F02CF
FE11F6F5FFAAFDC8
0266FD1D05D3FF67
013FFE780C4101D8
00C5F9C2F4AB0282
FDD0FE11F7FEFF85
0146009502CE00C9
FF9003F20587FCD1
003F044501720204
FF8F02C5FC0501E4
0406FF7601F8019C
0417052A09420023
FF09FD2E027F0069
010E0909F824FAFF
FE68FDA2FA6DF767
FAA5069121C5F947
00BF08640E66F55D
F82103C90239FE58
FCAD0C4FF64203BA
03191210015AF23A
074105610860FEF3
07560CB6075A0E09
0022FD0C0A9E0B6A
06750B0910460469
FA2B00610FE9FBCF
053F087616300273
089F0AB808EA0095
09C0ED2E15C600B2
0523F8D70A47FF61
051B08691112090A
051E009D0DD50B3E
06B508BD1074FDFD
0045FE770A580055
043A0F690CAA0670
FE480196E64FF730
F8B7FF41FD0100B9
EA9D21ADF782F276
F00CF81307FAFFC0
1714071B12A2125D
FDA000740DAFFAF8
FF99F8D9F469FF4A
07BE046300C100ED
046E09CA0B3F07A2
01050C53006301B5
FE11FD15FF6BF763
FC23FFD9F9030045
029E0664FC45FC10
007A0462049C04E2
FC790D370072FD44
02E1F7B1F699FDCD
0007FB07F4D804E5
FFF3F062FDA9FED2
03B2FA29FE4C0112
021AF8230BA30577
FECB0CB7FB1CFC8C
050310B0FCA6F976
06330500048C01E9
02AA09C901A100A6
FF76088FFA7B02DA
F9D6FC2607130485
0221FCAA08F9FD22
07D2FED80B2E02F0
0015023905D605E6
FE3DFDE8F743013E
F98B0E2B044FF805
0578066EF791F836
FF080404F303FAE9
00E50588F834F41F
04B9F7F1E47AFC51
FBE802480F870210
039A0022F8C80001
05A7F6FBFF8B059E
FCC3FDE10175063B
04B1F94702B3F3AD
FF10017AED4F00B1
FCFEFC67E65202B4
0897FD8C035B0752
FBB608A7F3510901
01FD0FAEED1F063F
F967E0240B04093B
FE6DFB72F935FBC5
094009D417E3FD8E
F5F4F7EDE882F373
FEE6EF6FF93CF6F2
F4E0F8FAFF7907A4
FDA3F66E187F09B7
0057F7580CC509D3
F9C70407FD9E11A5
F5D70C59FCE3FCA7
F728F3C8F7920157
05CD0279F0DDFA79
092E085F1A2E0463
F4ED01B61212F5FF
0A92099FFC8D0815
02CADDEAED6702FE
03FBFF85F4411662
069FFE0EFF49077D
FAB4E4A0FA99F86B
FDD7EAF0080707F5
F85502F3F145FBCE
12F619E10351147A
272A0B720642064F
F7A9F960F535F075
FD19F42DF2CA020B
F25AF9D3F21EF695
0231EE5FFE830D8A
1B7CF9670E440848
F60D047C0D52F946
FBA8FEE40537F6AE
03E215E90EB3ED57
075AF100E888FCE2
0EE2F48A0C81F98D
FA56054504D0FBA2
F6B7E8E2011C0215
025C11D6F17EFDFE
FB220A05F9460047
FC700A7CFB7502FB
006A0B62FFC80185
FEEB046BFCC3FEBA
FFC5F71CFB0CFE05
FDACF6BB01BDFFA2
02B307120120FEB4
FC1AFF050535FCBA
FC6E019C07DB019E
FEA6FA390785FEC6
048BF448FF3FFFF5
02CD0557FB8EFD37
FDDDFF7A05FB00FB
01F40150FFDE027B
FCB8FD8902E6FF43
03DBF608FD1CFE04
01F901B8021EFD0F
017501CFFCD30067
00F10A88F6A001E5
FF450A9C02A9FC8E
009BFB66F99AFD5D
045AFEEDFC79FFA1
0596F97E02A4006B
034A0584FBD8FDC7
FDD3FB44E69311BB
0020F85AF44BFAA2
017DEE6FFEBE015E
033704BE0A0000D4
0255006E07130234
F85F0EF8FEA4F499
013BFE61F94EFAFF
06C4065803E90936
005807CA103C01E2
FAB5153C046AFE8D
FC17F1E41937EDFC
FE10FF67FE6CFE78
062EFE13FFAE04F3
FF27FBD807C0FEEC
FF460849050202F2
06D0FD9AF97FF01A
04AEFF20017E021E
00CEF6BAFA1AFFC7
FFD6F873FDDDFD8F
05E70192F4C2FEFD
00FEF6FA00ED0631
FAA4F54FFC470955
FE39F97805FC0079
FC630397096D07B8
023E0C1A0A7AFE05
FEEA088115F9FEBD
005D0E25FF4BFEF6
FD3F0566F5BBFC75
FEFBFE4D080DFDD5
FDBF0A1E1184FB12
00A5FC6D091E0790
FECEFB1FEF6F007D
042BFE6DFC08FF15
00F104CC0B9B0121
FD1204AE0036FA11
0176F554F9E00258
00DBFB0BF9B5FCEC
037BF4E5F8FF01F1
057BED78053EFFA8
FF37EF33F352008A
FB3306E0EA3A00DD
FFCE02A1FB71FE60
051900E90005FECB
0495FD6EFDDCFC78
015E02C2F44C0259
FD03F58EF5A2FD17
01C10388FEA502A7
04DB0712073006FB
0159FA62FBDCFD43
FEF1FC14FCD0FF3F
00840AD7FD49FBD2
00F602D6FC2EFDE3
FECE04B10415030E
FE8903810382FD4C
00BA0340F988FA14
FEE7F470F157021D
FF04097203A8FE42
069603D9F98C0260
0263F868F378FEBD
01BFEF6DF42CFEE9
FBC4F95D070CFF6A
02C0036E0AA900D2
05EE04DCFAEFFCC3
00F10354F7B10048
FF3FF770FE83FE56
FE5404F30330003B
FEDBFB67FD5D0510
FF9BF67AFE1C0339
0244FC0D00E500BF
03CDF7B6FFF60166
023309F100D1FE6D
0073FB0203450140
FF78FEFE0A530104
FDBEF92BFB4DFC2E
FC4DF271F9DBFEB1
FCF11C10111415A5
F22404BEF8FDEFBD
FBABFCFCEF96DDF4
035601B3F1F50CBA
099CFF17FE03FB05
0157E824FB61073E
FB79CF14D1E5FDE6
0F59E966F4CD0429
16A802FBF8331051
0299F837096A060F
F71C08D10D91FE17
FF4A19FE1823F638
14B609E707C8029C
147B0700FE31065A
FC59032907A1FF95
FAC5F734F7930977
096DFD44FFE80BC4
1211009BFD610861
0468FC9D05970445
F7EE0509012C0497
FDC80AD4EE5A0314
04511773F0D409BD
FF6A0B40F4930540
06840F10FFAC030F
052F0506049A0AC6
01AA0274F2ABFCB8
FCB8FA4CFCEA0096
01AA0FB804ABF7AF
003BF6520EE0F6E7
FEC700A700F6FDE2
F91201360C16E60D
FBF5F9CAFFEDF80B
0756FD4C029B000B
069B09D2FEC004FE
04D8057D08A60160
FA37261E029EF105
FC090288F65FF53A
06A1EEE60872FEDD
0D590E54F3D906D6
09050910FCEEFC4D
0264F553F79507BA
FC39FC79099C04DA
0BE907AD0D1EFC5E
04D20C19FFA7FEC2
0417FE54FF80FC4A
0227FD05026E03F8
FF1E046B0B8F0690
0670F5C00367FE61
018903F1FC5DFEE6
FDA600C6F84F02DF
008B0203F6A101B2
006CFDF2EA38FEAE
045A0A90E5790055
F7690B560507FD4C
048A0DDBFC1DFE33
056BF7BEFB230846
0F3604D209E30026
064CF5B2EFEF017E
0915053A09A60560
072FFB2EE80F0330
F9BDF65312A100A4
0667F86EEDA6FEFB
0131EA4E18C00315
FBAA02ED13EF0584
FD8CFD1E0B060517
FFDA0847FCB5F824
FD77FEC7DB14FD6D
FCB3F8A8F5EE025A
F93CF2C7E2ED0179
FF851681E8A20129
FD890EC3FEBDFFB3
FC9A1072E58CFD30
0215E1B3051C02D5
FFDF0205F9A90217
04210F2C0278FE2A
FAFFF78AFCFEFC76
FAC9FD58FC9A03F4
0247F94BFDFD0104
FE20FC9FF99A0349
02E300CDFC7301F3
0005035801FA016F
01F306AC02E806B3
024FF84E0202069A
00420105FF600212
04DC06D505790301
01EFFC5602ECFCA5
FF22FC31014101FC
017BF9600354FA9E
FFA4FCDB01CD0025
04D6FD2001E901AB
01370CE00320FE8C
FD7A08060379FA01
FD8FFA640145FF61
01ED05FD0406FB82
FEA0157D02EDFB96
03C503A3FE1401C3
FD0F00560891FF19
FE6DFE240E28FC77
FF7105120DC1FA5F
FDCEFF94F7BAFB79
FE77FF530A0203C7
0653047308C9FFDE
0D2407F3FFF70202
056206A1FDB10408
063801A2FDC9032B
0234FA02069E00EF
03B6006F0C5802D9
0D25056A03890561
0AF00603FF9F0903
07EF0095F6E200D8
0136FDA100C400A9
0514FEF20DFF044B
0DA4FF9109300458
0A9A02F401920330
06C00469FADE0389
FF33FE50FF1E02B5
029CFFB50744030B
03EF01350C9802D1
067D04EE021C03CD
0487058B024A0251
01C8FA10FC9F037D
FD6C012E012900E5
0150FAE1038902A8
0707FE6E0261059E
047DFCE902410052
002DEE0703FFFF98
0486025EE0DF05B2
0118084AFF3CFF35
FF03FED6FB4F03DF
019BFB7BF88B0284
06F0E9AD06DD020F
FECDF482F94B0070
044D02BC078FFFCB
FE1EF91700BE0411
FE82FFB303C9FF1C
0057017B000E001A
FF29F4AC124A0084
0021F6EF09E9FCCC
040FF69CF6E00787
FE34054A04040122
FFD3FA7CF71104AA
FDEE04F7FDA4FF43
020405BDFC140227
05000677F1CD0343
01F00A810A47FDDF
015CF483F49B0311
0442058E1566FE92
034D010D0DF1FDEF
FEC5F8430776FF37
00A5066E0AEE02B2
FD2706D2091307CC
004BF168060E0370
04B8F2C70C5002FB
FCB000E0FD30FD67
FA8001370699FDE9
FB2D02360437F8E0
F96106E9FCA5FD41
06C511ABFD5D0012
FE0F0E47F5DD0266
FBE8F34C0456FFFA
006005CA070B014B
FC2D0816FFEE01A9
051A04700CB8FF74
0605F84607770497
FB910327078BFD14
FDB30898075A02FE
FFA9096E002EFE71
0667EEFD0EE0FD23
03ECFD3BFC5FFF1E
FB4AF85E023D05C3
0779F91C1A02068D
025408350627034F
FF42EEEBF93CFEB1
0164FE9EFAE7F519
FEDAFC7106A30955
FA7DFD1A01BCFF98
0359FBFC05A6FBB5
084DF736F73902DF
0112F59212D408AD
FF02084BFEC1FE40
FF92FD9AEA6D032D
FFF30B20F50300FA
02A1F9BBE77CFD37
0404EEA3F584FF04
03FBFD35F79EFDC7
034FF6DB085EFF01
04B7F9BC0B9000B6
0603004E0147FEC3
043CE6A7F430F8AD
0576007D072AF77E
058AFD82F6DDFED1
04D8FAA9FA3B0274
0425EE71F1F0008F
0369EEC8F28FFF3A
0225F788FF8307BA
FD610EAEF37AFE19
00AF06D5F328FB8E
0133FE32F18FFBE7
0443FE8CF6FBFD58
0196FE1AF4A80832
FD8902060546F96C
FF9E0113FF59FEF4
00E7FB51089E0042
01C406CE157BFCA8
FDD3FE02062DF966
FD29045604B1016F
034DFA90FCE404BA
027007BBFB3B01D3
01390D08FCC3010D
FCBAF1B5ECDCFB00
04300A3BF80A03E0
01E1FE15F7E802EC
0314FF27F614FCCF
028009FAFC39FCBC
FCF400FDFB0AFF9C
02790AE0F414FB33
F9A4FB11FED002E8
018BFC470663FFB3
00F5FE0E084FFC23
FE38FECC0731FEB6
FDC6F38BFD19FD4F
FDE80A540664FE7A
033AFD09F6CE0474
041DF6A906750436
FEF8FF13F5A0051A
FBD3F896F926FEB2
FA16FE81FDC7F94B
0264039B08CD00B0
FEA9080E03CB005B
FFF1FB130049FEE1
F99DE68AFF47FE3F
031CF936F606019B
05EBFB3FFD780450
04B6FFEA09D1019B
0348FDF200120401
FDDE0CFD075EFCA4
0133FFFEF63001DD
FF34FE1F03D4013D
039505F1F836FC50
FC3DFE87F29EFEE6
FDB3025A097DFB11
018A0F4E0038027E
0410F79C06EC00B1
FDF6FAFF01C500AA
02EDFD4E06E9FCBF
0160FD96012BFE03
028B0438F4FB0591
00ADF4E2EED6FFC7
FDD2FD4BFF65FC40
0415FE55F89502BC
031CFE28F5C20A6F
02FFEFFE0DFBF4EB
0B75EF020A770132
09EF0BE2D7F1FDAE
026F03C4F6AB034C
FCAB076BF3C70635
FC18F5DD1209FBF8
0C71F87010F205C2
0367F16BF6390D6C
05B013E5024C04F7
FAAC02BAFE1D018A
0872FC8D1653FF9E
11070687F714FFA5
F9350D3206BD09F6
EB8F05A2F5971138
FA35003E01410158
075B0BD61268FB8A
152DF6B30047FF7F
0067047C0C78F980
FC46101511F912A3
FF7E022B01ACFF05
06F714BA0D15FBC5
097EFF0F0ACB01C7
05D6F99DE9AD08BE
FCEEEE2BE0BE0E99
FBE30CCDF7D7FC91
01C7F767F99201D7
FF6EFC42FC0A001D
0081F5630A3DFF3B
0092FEF6FAF20349
FCFFFD1C01BF0241
00C3F3510082FCE5
03DBF050068C0121
001AF847FF640296
02A10D9AFA6600AC
042EFBC509E103A7
00E2FEDA0116FD9B
01E9F66EFC71FCF2
FFC0F77AEEC7FF92
FD9606EF004B0462
01FB043CFC370467
FEE8065600B10058
05550B4B0C610287
FED70574FDABFF55
FFDD0613F71400D1
03B2FEDF06F7026B
00D3F8B6090EFFB4
FF5C0A5AF8280201
023F019DFFF105A5
FFE0069D0013FE28
FF9A097CFD34014C
FD30F9AFFBEA0538
062BF9AAF64B010C
01BD029BF880006E
FE25053DFC2A0A70
020205C210B5FE52
FC53F703107EFD7B
05AEF435FF140171
FF7C0A05FA55FF6D
FE34036CEDDCFE4A
001702E40B5FF8A7
FDCAF56A02A80380
026A057501FFFE7E
045F070AF9F20B84
FEA8EC1CE5B70754
017F0C04FA04F9AE
FE56F3580491FD6E
018C0509032B04A2
0115F913FB0A011B
FED0FD92F9BE0366
FD40F9C6FE0BFF3E
019F03D3F60903E2
FFA6F457FB77FDB7
FFF7F30AFAFDF56F
0042F3BBFA620972
FF54FD6C10D002F9
006EEBBA028300FE
FEF303C00AD5FF80
FBD9F7ADFBD6FE23
01FFFE0EF4350177
FCF304511E480008
020B01D805FF0088
FC7E02690B46FFD1
FB0400121141FAD2
FF35FDF300A7FAD0
FF8C0C5B04E40317
FE190F30E3A6F877
FDB713AD023BFEF9
FCB2121E05CBFF95
FA82050EFF01FB42
FE15E6BEEF9501E9
FB56ECC8E9170009
FB45FBC1FDE20347
FDFC02020734FD0C
032FFF9FF4D300CA
FD140783F8BEFE2B
FFF9002CF55AFE26
00DAF38D105FFE43
001102671604003E
03160631002D009F
FABBF61DF93702B4
FBA1F6B9110FFF33
F8AAF6F2DA0E0801
FEEBF7DEFDDE05AE
02B5FA68E0C1067F
0C05009B048105F6
0795FBF5051903BF
078E0103DE8C062E
05E0F517FF16008C
FC83E2EEFA90F920
0109FA40FAF0F8B8
F57A0AF40B14FACA
FF1B0F3B0F4CFE18
FD74F0D9131800F8
001DEB4107F600B5
FB57FDAFF65A0C2C
02CBFA0C0AC5FF5C
FFD20FFCEF79FCB3
FA8E02500B9FFD57
0072FA2FFD3BFE0C
0040FCBFE6DFFD1B
FF01010316D7F942
FF241087FD4DF9DE
F605F4B50623F48C
F70EE118FB23002E
F9560439F6F9FED8
0440F7A1F6550253
FFCBF423E8AD0459
FEB7E9A4F151F6C2
F9E3EBAFE888EDAE
0038F61CF3A4F97C
0911EF1A024205BE
01A9FAC60473FF7C
0AD3FB5FF46C048F
0295F4C2FBE1069C
F9D3FA24F6ACF8B0
FE1DFB35FFDDFA67
0EF313BF08310311
1044EC2BF6C3FE9B
FF72EE68F6FCFC12
F5D6F572FCDFFD86
FFCBF9860C5A03D4
0D32F88AFDD513E9
0B6A0A5FFA390611
FDD00651F732E5D2
F686ED4BE8A0FA57
F7A30CECEE1BFF0B
03EC00DA095C07DC
FC5B0A33ECD6004F
EB550C28F828F34B
FC62FF200B48F73A
006806C5F6CE0408
046F114400E1FE58
006605C315A4049D
F91201BB0DFDFF35
FE32F792FC78FC28
016EFA36F82C02CD
037BFF39F1D402A6
0061FDA9FDCA0079
FCD3FC6BF96E038B
FAA7F9DEFEA70038
0468FA2BFD270025
0746FD23F79B0533
013DFD98F7EE07A9
FD81FEBDFBFC004A
0140F012EB17FEE2
F755FB5904B7FE4B
0052F750FB6DFA39
FF710749FBB806C1
FF20072BF980FD9D
0391F0C8EE4502BD
FAC7FCC60F450003
FDB807A40580FFFC
018D0904F8A1027E
FA5BF7F7F871FA01
FB520263FFE9008F
FE0BF56D0124FFEF
038410B6121C05A4
FDE411FDF7A800A2
FE4610ECF99AFC9D
01491342FBCA04F0
01D407D8F585FAE0
FF790077134FFB48
FE89FB15EFAEFFDB
02E5FD5EFF98FDA1
0038F68DE566052B
011BFD2DF945FD2B
0254FC53FD5B02F0
010DF910ED22024C
02A7F53CF77DFF8C
FF37F827F244FEBE
05B51478FB52FFF9
04B10E0D0438048D
02A707A3FFBAFE40
0083054A023FFB3A
00100FD6030FFD5E
02B20FF9F8CCFE62
046108560D4B0317
FECC167B01B3FFD9
FC8302560BE0FAFE
FEA20A0E1160F956
F9B5FBD20571F7F8
F1E6F5381092021A
EF32F54703E906DF
078F1513FC8EFE61
F71B049707D9028C
F06AFAB5F6A2E7A1
F7F3FE8DF4B1FAF0
FFE206A8F0970087
020C0035FBCD1550
020801BFFFF50F50
0834040B009CED45
1539F35404E305DE
05BD1AEDF596F139
172BF14D03620EA7
0A7AF8420450FCA6
FAFBECD3080FF9C4
FF3B0A7107B705A0
F6B710790801E137
FD44F565060FEED0
0449F916F7F909FE
F8A201E4017BF2D0
FE1D0B59FBC9DCD1
F7311363007FFF46
06700801F8DBF686
F54B069AFAB6049C
F947F837FC49F8F2
047CEC4FFFAA014E
FDED09C7FF9B09C4
04430865FAEEFC93
FDB6FE38036F0210
0464FA2B0076F2EC
11CBFE73FE690324
FC91F210083402CF
FD88FF37FC0AF658
FB6D015102CF0F5B
FAABFA4AF8E105F0
F84FEE51F823063F
FB83F5EAF075F7EB
00DCF9E1FA86EDA4
F96A0B2D008E091A
015F09E70E72FE26
FA7B143A0C7CFF9F
FE8EFC6A09F80BA9
FFAC03A205EDFF13
FC6305EDF67908D9
07C70324FD33F924
F6D9067801B901FF
FACDF4E006C1053E
F596006106BCE753
085EFBD1009FFEED
FA880AFF0175061A
012F0000FFD20C23
038708CEFD980602
FE21FD0103D1F9FE
F779F8D8FBA4F81C
FA45F4D7012FFDA0
031BF570022BF99D
064104E10017FF5D
05EA0829FBCBF3FC
0AAB0CE9F50CF2FD
0326F3DD05520266
08C8F84A08800AFA
03D3FB91FD5B0AD8
02A6FBF6FF37FF01
FF95FEA0F740022D
F4D8FD8910E3FFE5
FEED0CAB06EDFFF3
F2D7029304B9040D
FA34FAF80286F89F
FB90F2E105870BA5
FD91097C01C5060C
1528069BF702FE49
08840372FA5BFA5A
0104F911FD58FD8C
F90901D401D00588
0593FD23FB7E0C5E
052F09F200BB0002
0623FD10F819FF4D
05FA02C0000E0208
00BAF9BF07F7FF47
0732F6D90300FB4C
0A83FD40FFA50908
0A040423008C0A38
FBA30337FFA3F6E0
F7C40E87F6710072
FACFF733FE43FF9B
F6AF02B7FE9F0939
F7ABFEC6FAAFFF30
F87EFDFEFC25E21D
FEA6F9DA030AFDA7
0ACFF273048FF54A
F4D4FB9F11BCF99F
F84DFFD603670664
015D06D902D607B1
F9C6F3F709F80D28
0B4EEE7E03DB0927
0060048A041AE518
00C0EE620013FD20
018E024AF850F3C0
02F2073EFCD807E8
04B4FCF2048E03F2
04EE09A7F46F04C3
06BBFD6505500241
0140F8F1F931F0C0
0B22042DF7600378
04EAFD2A04DE0746
F9E10C87F4AD0CD0
05C9019EFD4AFB0F
FA3C04810285FDEF
04FAF8CF0717EA66
0BA501AC01BDF44A
14B51465FB27F213
0B8E0088021BFEEA
002D04FFF9B1F384
000E0142FE18F735
FFAE2082FB7D0868
FA6A089E027BF884
00670006FC4EF1AA
F4C004F8FAF211B4
EEED020A0045F02E
F6290A4907D90E9D
F46A062F0D53FFC5
F9A4008E07A2F20E
F91EFB2D060D0CFC
F493058905F90248
F8390556163A0713
0703F4AB168A0F9B
F156F8900B7F02DE
1308F3B412FBF045
FC370371FED4051A
FACBE56EE4490468
FDC212F1F176018B
FF4FF4B6EDADFF64
06FE0EBCFBDCEDFC
FFEAFE6B0D24FC82
0277F728098207B3
06C2F7740CFEE59E
0E49FCFB09DC0F46
0D86F7AC0C350142
012203E6F8DE200A
035C09B9F63EFF46
0157F23FF5E804D0
FB5CF969F3E00CB6
04BAFFC0F4B6047D
FDA10305FFBD103B
0179FCF20268F40E
08270FD0F8B4FE29
03240707FDC8F2EA
FFDCFFC2066508C9
015A0AEDFA0BFE57
03DAF790FA010F47
01A800500DFE01EA
01FA067DFC1CF1CE
07BEF9B0ECCD09F8
F714F7330E8BF7B7
013A01F7FFA1FEDA
FFB90C390159FFB9
02C400C30249E541
02F30B5B09A409CE
FC38FCF9F9ECF9F2
FCBDFBAEF456008A
0553034AF6E00426
0FBA031FF18EE3AA
F5ABF1F2F909088D
04AA12CD04E6FF2B
F4BDFF270477056E
F73808830CFB040A
FFDBFDE5099F0985
E769FBED0D030CB4
0CCAFF9E03500458
FB53FFC4F7E7F4CF
F9910DE200DCFF1C
0810ED670251FF64
030DEDAB03FB0BC4
031804CF0128011A
E6970B830CC00987
FBA000CB0302FFEF
02BF0C7B003E0894
084002D6FB45F2DC
F60EF30803700FFB
0EAA062100BC1B0D
09C2F04EFF0BEAF6
FFDC04E6F8F10E87
04830B87FF1FF86C
FDB5D922F7B004E7
F8B20044FB87FCB4
02A5FE83002A0175
FECFFEC10ACAEE6A
F7FD018F0ECCF42A
FFCCEE80F476FAFA
E1C5FE0203AC01CB
EFBC077AFF26E9F5
0417FE7C07CBF23C
055FF535F95ED414
FB6EFB63EE77F32C
F84F1441F291F934
01900313008E0E09
04E8EBEE0925F965
FB910553FF3DDE7D
01E3F5EE03F00D63
FA02FB10FCFA098B
FC78E59703BD03AF
0560024FFD8CEB51
051C03E0FCF01C31
026D14540951063A
F55BF4BA106B01EA
F3FAF160FADBF8B7
FBAAFD23FA5ADB52
09A310CBF67E1DE0
FE520499F41EFEE5
0898088FFCBEFB14
014FFF17045121E1
0408043CF460C688
039319FFF6CC1283
0252FF6EFD70FC3B
13B203DEFD08F26B
07A4122B0F68EB68
FF8000AF0E2CE6F6
FE1E07AE010415F0
FFCF08CEF4D6E924
F4F5F67DFA57EBE0
F654FF16013F1C94
FF3D02A60838EECF
0700FCD7074C1808
F5D5063CFECFF71B
FB48F8FBFE9BFEFB
046DFE4B0382FD49
013B0BFCF960027B
F5F902EDFE27F7D0
04ADF8960135EF1B
033703E6FF9EF062
FEFB0A6DFD9CF521
0692F923FC800765
001D04ECFA6F04E7
0441F67EFA9F0395
FFB50760FF69FABA
005304430216FC98
017AE978FE751278
F92A0607FAD8044B
FC17046503AA089D
035C0BE1F8CE083E
02280493004DFEA0
FDE408C0F807FFAB
F9E00C2B0A7208C2
01D0FDF1092B0093
063EFBE604310AF2
03AFFBF4054D0334
06390121FE8CF57D
0485081506750B66
008FFD4001CE03AB
0450FF2BFF2104EE
FDA5FAAF01C90492
FD6DF965018B033E
FBC5F884FD040438
FEB7FC1FFC090155
FB22FDD60033FEFE
F840F866FC67FEF0
FDCDF596FC49FCFC
F8EE05C4FE1602E6
039DFB1202BC00CA
0483FCB60164FE35
0076F7E100F8FD45
0156F77DFF19FF3E
01CFFFC00225FE6D
0145FCA1FF6FFF4F
04E0FBBC0658FB65
02BEFD0707BDFFC0
0397FD9A03AEFDDE
0184020005D9FB1D
FD7DFC8DFD0E00FF
FD7F041002B300D6
01E20281069500AD
FD77FD6600A9FDD4
0253FEE00488FC97
094AFE9C026BF7CA
FCA10359F5C40CCF
197AFDB1FEB9FFD2
F92DDF7A0773F3B8
1F83086208D0E7C2
FF5EFE5F0148F306
F3D807F611AEFB62
1029FF33E3D8F824
0525FA60E9E5F156
FCDCF223FA0EF25F
0045FCE8FF42FF9C
1C8BF6FCE0070F53
F4D6F3F51FFF0EAE
0953FD110A86F232
1FB3E9C00A230024
EFA6F4F00364FF66
F99FFD85F29AFBD5
FF890592F4812066
FE5AFA7AF9BB03A7
FEB1E516ED2D08AE
08C0070AFDD0092D
0536006B0174F56E
040E005F18320517
EEDF04E00683103E
FEABF14B1003ECEC
FE2CEC38F3611336
F029050AFA37F6E8
0075FFA40BEFE3B1
134202C9F16FEE3F
F8C6FA8C020B0CE9
FA7EFD9F1A2AFAE3
FF56F953FBA00890
F849F809F15D2C92
F969048B09B003A9
034D095A0CB4FEDA
F1B3F9F0FDEC0E73
EDD5099B0AAD099D
04F1FD4FFCDE0EA7
0D4B06B614DDEC94
00BAFBB7178AF418
077FF2C9FC9DF4EC
095AFE0001E7EEEA
FCEF0557FB840246
FC0E11ACF4C40E65
05BEF7ECFB8E09C2
0426F89EF0D00374
0E420B1AEE191715
F4DFF31E056803EA
FF55F61BF344E7A1
0EE00BF801A8F7EB
F7A8F63F03E10BA0
F77B02EEFAFDFE50
055A19EDFE9B057F
01FAF231F780100B
FFE6F3BEF7370194
F3B3F5AE0035FE76
F73BFE0D0967F69F
0563FF8503CBFF37
FF1502D100EE1061
FC57F31A05A0FFD3
098D0DDAFCA4F665
FC7AF7A8EA6E0044
F917034CFB52F148
FB57074D06002276
FFD6F0860712F391
03C6176608CD0036
0B86E9E8FBABE268
FB98FDD8F9C6F492
02F4F853F17013A7
FF78F74EF99DD78A
FB19EDA8FED20484
0A73F3CC077FF867
F56F139A03E7EB17
F527F59003870836
0F0AFC2E04B8EB5C
FF42F3F6F600FF8C
FD52ECECF29C031F
F91EEF32FD0FECEB
FC0008D1090A0701
03B4FCCEF94B0E7B
FD9A0DA1027504FC
FF29F778F4E80FDE
0DB0193C001806A6
FD5306540C91053F
07FA074F020103E8
0B8801FE08950C52
06F5EEA605D4F84D
085D0AFD0BFF00AC
F8230F7A109CFD40
03C801D7F7800061
FEC3FA7F007F05D9
FCE4F491F614F8E0
03D0FEEEFE44F497
02A70D600AAA0226
01930B06044FDB36
FC450FE80B4AF5EC
F16BF0750373FF08
FB86FFFBFC79F2F0
05481679F940F512
F87E10A1113EEF3A
FD60F267F7300464
064E0A4CF82B0597
0683FB9702000588
0A0EF60A00FD0053
FC4908B8039D00EB
00A4F61A01C506D1
FB6C02DAF92F002F
01ED0A81F8BA017D
0312FDBA00B2FEE0
FD9A09310719FE25
033BFA42FDE30113
F972F4D6015BF878
FA74095BFDA7FC73
FF8100FB000C035E
FB480C8503C2F5BB
0A54FCF5FC80F854
0567ED7AFC2FFC30
FC9E0839FCB7FD39
FFDAFF4C020FFBA6
FF3A007AFEEFF4F2
F8C204870920F395
F8D30796FFBFFCAD
F4ED0EADFBE50839
FA3E0A97FFFC0684
FE4DFBF8022C0F2A
FDAFF7C90611FAA5
FF3BFE4AFF47EE7F
FC2F0151031CF4D0
FA2BF830FF730B8B
0BC6FA19F8C10A7F
F86F09A5017B0102
FEFD0D320179F61D
FF85016400D806B7
0068FCBDF78A039B
06FEF2D8FA80FDDD
00FCFF6503BCF6D1
0F8EFE7600E20542
052F0DF702ABF881
0378FCE20048027B
007DFBFF0234044B
F82C07B0FC5BFF91
03F91984FBC2F979
F7E31574FD4FFF49
FB6809C608E00189
FA900BFC00D20EF7
08B0F2A4FEE70242
08F3013CFF9BFD7D
FAC8F9ABFC31E180
042600ACFCB50F3B
032300A2F8270932
01BE007CFDB3F186
F59900410C1A13F9
F9430A37096FFFF1
F4DF04B3002FF834
F8B7020DFD5CF62C
0012F9CC057505E9
069C028D002F0827
FBDF06F5F95FF8A1
F99303F802950668
F2E500ADFDFFF559
0097FB4B04EF0053
005207B5FF8806E0
06DC071105AE0686
FDF0FEAB087E0B70
FD080C0006D504F0
0C7B022203EAFE38
05FB0566F607F511
0E08F2E9F7C9F949
FD26F468F2610148
0397FD3FFA9A0BC7
02D604BE050701DE
F34BF63403A7FAC0
006BF6860799F84B
061806A306B2F885
02BFF098F9D6000C
FBE700CF11C10362
DF75FCCD00B306CD
F12105C1FA80FCE5
FD1307940DE9EEE9
EDB7FDE11739FEBB
04A10124F4C7FE09
000107DD030A00C1
021A0916FE80F5CB
04B00F200E20040F
F3DCFEE4FF5AF4EE
007E014EFE030632
02E2F84405F60570
F866FEB2FA340983
03B2FB240C5802FC
F84D0AE90CD40622
0017031701E81A17
0D2E070C0B730C5A
F9D3FDFE08BC10EF
1047F4B3047DF55A
03920899FC8DEAD5
1110F837F433131F
126AFD6EE7F1F8D5
12BE00A2E74905BE
0298F192EC3EF225
0E720923EE52EB30
02A30A8AFEA0F118
003A060EFC6FFA86
0731FA37FD03F318
FDF805ADF5940B9E
011CF99CF9B9F853
FFE6FEC9014AF70C
0B430856FCD00DC8
F36204EFF4A2FD13
F57415BE051A0464
0002F664013BECBA
FD5FFCE5FFCA0767
0A8309E10CC70E1A
01BCF5B319FF1191
F1B4FFE7089508DF
01C4F4DB04F4F7EA
F8540F40F8BDFEA5
F9C80BFB0BA90999
F43CEB9609B806CE
ECA3FE99F4CB055C
02F1FD58FD5DF6D5
FA1FF6F20157F9AA
0D3A0390FB6F0157
116CEB540180FF2C
FECD01D7FCB20F6A
0D6E037DECF7ED83
0541F734FE98FEC3
FEC7FA23FE76F7C2
0161F72F01D8FAD6
FCD7001C0048023D
0016FABB01160903
010E0071F9B5FD78
FABCF3BEFA61FE98
005C013EFBB6FD52
025A053BFF0F0489
06B302D4FAE2FF6C
FF93F7AFFA6AFEC3
03C9FD05FDF9FB41
05060482FF3DFC16
028C0BCAFF8EFEDE
00FC078302740153
0346037F00ACFAA4
0141018300E3FAF7
FE380982FFAEFAE8
FCCB090CFE2CFCBA
00840985049F019E
FE9806A5FD58013B
022AFE31FF87FCAB
0431072CF862F8D0
032806FEF69106BD
FCEC07D0F9FF07E8
FE0401150712F809
025001B7FADEFC6E
FCAA009302AAF376
FC5E06620ABF148B
FD160052069914F7
FFEB112CF745FA6E
07E3F7C70376F5C8
016809D6018A1C70
F8991D0FFBBAFF7F
FBEB06B20AC10345
FB94FBC7F9CAEEF0
0D770DE0FFF70F86
FFC40150F7E90698
10BAE1B5EC9BF2FE
F7910BD3F8CDFF6B
045407340C3105EE
08A8F29FF6F40ABF
00D615EDF9FE10EB
0746E20607E00822
F9560EB500F3DF90
F5610A870F2FFFBC
FDA00CDBF77906BD
FFEC0D76055203D7
F98FF0A70B632727
E988FD690C45DA99
00F104D1FD1802CB
0252FF8E03220074
02B4066801ADFF5E
FCF9FD56FFF40110
FD4A045FF6B800DD
03E40CAB005005E4
FD8DFFEFFF1A05B4
FDBE02C4FDD400FD
FBF2F812FE91FB69
FC5BFC93F6FD024B
03B405A0FE3403AE
00B6FDB0002DFE82
00ABFB230047007F
FC5BF6BFFF9D052F
FF84FEE80363FE44
01DE0518027F023C
FFB60129002C02F2
02C5FA8202E4049C
FC21FB24026DFC7A
FFC3029906CBFE05
FD2BFEB900F2078F
FEE0FD0FFFFC0475
FE84FB34FFC6FB36
032DF8BF0223FC46
08800083FF5202CF
FBFE0A16026006BF
F341029BFD54F562
FC4709A3F920EA9A
F804FDBC01B0F2FE
F83CFCC6F9260CB7
FE051C7205920322
066FF0C4F436FC75
06D6EFECF5AF083F
01F20652040BF7C1
0B1C000CF9990155
024310C804DE10A8
0826F2C91052FC8E
0512EC340F81FD50
038F065DF949EDB3
F067078FF3B60E8E
0236F32502810741
06D5FBF00874E1BB
FAAAF0B0049700FD
0105F3FCFB52E2E6
FB4F012E089A0ECB
FDEB16270636FA2E
014CFE1E0267FA1C
F1F6F2DF0005FAD4
0B9809D90B58E4F3
076D0829FFF210E5
FE04FC6701EB03B8
06C4FD7903DAF886
0331FD09FAC00465
01DEF47DFAB9F8E4
0786FC97FEB4FF9B
FB54F973034BFE5E
004F03E30146F9B1
03C4F7D6FE7102CB
FF4D0157FE0B04EE
FF4EF907FEC8FF35
FD26FBA1FEB60050
046EFFDD0077F4C1
01EEFDF400AEF8D4
024A0BDE03CEF5AC
046805710ABAFAC2
FF0DFED0FCD40755
0269FFB2FC1F0292
012DFEFBFAC106E9
FDFDFC92016802D8
00D2F8E0FF05FBD3
F72E08D8FC790F9D
F5F30E1600A905D4
FDA60CDA0318065B
F81103410661F39D
05AC02C70524082A
0422F4DEF6F608B7
F1BEFEEF05A2FC7E
07B0072003870AB8
FAB8FF26FF430133
FC2FFC6BF937FAF0
0E680DE1F78E0BFE
0347F77B05E7ED29
03430ED7FAAE0EC7
FAF217DBFCBBFE10
05ED037D03FEF6CF
F59FF2EB00A11588
E2B1159DE41CFE0C
0F77EB330B6800AF
EECD0045FE4A0389
0539FE2E04A9F894
020D0194088E2ADC
F7EEFEFEE844F03A
1E6AFE0F0AAE1109
F4D0ED86F2FEF912
04A2F7D20227FFFF
FA860D09F511EF0F
FD051E0A00760C7E
05FC1D8CF6F1FC15
EB5A17C6EE171AB2
FFF2FD1EEDDEF86C
02D4F978FFE4FF95
FE6500EF006EFA1B
023DE086FF79061C
FA1EFEB6FA25076C
0321051DFE38013A
FE72022D022F04C9
FB990C61020B0300
FB30FB3802050432
02A50C29043CFCE0
FFFB1532FCD80086
F8D800B4F5110362
FBD602DCF9A1FFBB
05F2F899F8430204
01810207067DFB6A
FC1B075904E203A5
0221FF64F68405B9
0367F645FCB8000C
0845FA35FF44FC72
019B066E02B2068D
FB08F6F602610006
FB9116D6F446FBED
FBD600C30A2BE741
03EB00E5013BFBCE
FCB8030FF9E10919
FAD10211FD92F81A
008BED50030CF536
03590059077FFCA5
0170075FFEC60D9F
FD900352F00415B9
00D4FF4FFCFDE65A
0B6EEF41010CF6DF
0C3AFBF9FFD21952
0CB80F1B02B9FFE4
FF7E08C9FF950B80
0043FF16FE37F289
FC8EF66CFF04FACE
FC2CFAE80503F5D8
FE52064907B5F9BE
0360F19302260B53
034EFC11FFC3F7E5
0363FB0EFCAA060D
0126023D0AABF0C7
04120367FBCEFCBA
FA75FB41F761098A
FD18F5810EBC009A
096F028F0A7E0167
F318185EF7BBEB56
FC50F5BB0E62F4BC
FCE6023101E3063E
0608F60FF93801AB
F7ABFF0E062B1061
FEE0EFC4FB0DFBC3
FCC905E0FF5EF7C7
FFB4FE48035DF157
01AAEFA007EBFAF6
F5810E9400F90477
FC94FE49F6C6F595
F6A7FA00F8EB061C
F1E2F94A0229F9BD
0111FF27FD8C024D
0F21FC5C017F0B87
0B36FD92F8A8FA11
FDFF04CB0044074B
FBE00B00FC0A0887
09F200D0011708A6
01CCFBAB085E009C
0AE600DB06040275
FD4A02BB00730151
F7590AFAFAB9FC62
FFB2FD03FB5300DB
FFAC09BB080EFD30
FC8FFE14EED9FA2E
FDAB084104200223
0C72FAB7FA8CFFB8
FC08041B0069F443
08E708010B57FA1D
E7E500F7F0D90B59
07F9F9E808E710DC
EE22F88D079C0EDE
FD5807061E570D8F
060AF0D8F7AFF7DC
F0F6110A017CFFA1
0C181539F219F2D6
0D51F476F7D3159D
098400FCF64B1C0F
F06208381F430AE7
F1B708DAEFAB0CB3
F49D008F0D60F77F
E5C6068B2C161471
F137F11D0273F87F
0241FE7DFD5813AD
02A4E892045E123E
EF1B09BDE5DD1733
FAC0FA4D04AFF5EC
0250F277F220DD79
002A0FFE11730797
0691FC9200241293
0C3CFA1CFC94E9F7
0223EF24F9101761
049708D8FE7E05B5
FBC8F695038B08CE
04AEFA18F770FEC7
11AAFFC8F2EB0B88
04E20492F3030138
06C7FEF804CA0591
F440F8F0FCD201AA
0065F7AB05F4FB9A
0CF6FE5A10B50295
050A0757083CFB52
0275FFE90A2B023C
FD2D001D0CE2FD96
FAF3F9C1FC13EC70
FAD501FCFB26F6AB
F9EE03D9F57905EC
F8A90455F4560409
FB8B058AF7650261
FF3FFC2F04C8F491
006B021BFE85FAAD
0353FB34105C02D7
FC3DF9FB11B7F73B
078209AFF7D5FDC6
01CC1733FD9E009A
FC4809F1FF05F46C
F6C30100FC950AF9
FA110629F77C1802
FE540F91035FFFCD
FAC4E9E1FB2DFB4C
0332F977FE491C7E
FFBAED9F034A0A40
008AFA4CF77A0202
03CF008C02100962
096D019F02EEF5BE
1042048FF8DC0093
04B6FF6BF708F782
03E5FAC40287FC15
00E0FBAC05EC053C
F9ABFB22FFBD000D
F9910F91FDED017A
F4B51209F83DF148
0376097307BAFCB8
0F25F26EFA781263
04520E4EFE7C014F
FE0F1CC60506FE55
02680F24003BED3C
0275082402F70576
FDEAFBCCFA3205BC
F8E209980402F805
F41A01A203CBF227
FC46080C0D78F687
FAFFE6CB07940F5F
0207095CFDB51D2D
12620883FFE50877
06EA0BA9118C02D2
F6BE095F12410194
FD85EBD1FAD6036A
F90A020610B7F705
13B50AF204C20746
0A32FB07F8B7F8DC
FF13EF5DF5C80C47
FF0D076BFCE1123F
0A4D0A7DEB16F5C2
0C18090503CCFC44
026FEE1A0057F42E
FA311669ED36ED7D
13DB0B21ED93F9F2
F6F4FBF8F3700302
F4ED1018106B0976
0589030F0D560F73
F788069EFB490D36
0213040DF7B120B7
F494FB4B00D0FDBF
005EE55D103EFEA6
07AFF49416160353
1872F704092CF014
FA99F169015CF8DB
F24E025D07EB0F0F
FD12FE980399F8D7
FA8CF634FABA0676
FE49FF00053F03A7
FB2D0D3800AF0050
057DFD400520F5E1
FD98F1C2FDF9F8F4
0195F52C04A4084F
04250C9000520C94
10C00492F79AFC2B
119900F3F931F47B
FA94F1FFF1D10B5A
F9C1F9DCF128F907
02BC0835F41DF26B
0AF30D6DF80CFE3F
FC9E06AFF5BF02E3
FAEB0464F727FECC
FF48F646017C02FA
06C5FB980359EFB2
056CF736014CF424
EFAB18510165F863
028908DB064AF583
F7D719A208AEE3CA
EB5B04C20B97FF75
DC5404BD0D353EAE
005FE8AC0521002E
0343040CFD6CF87C
065BF6DD0037F97D
06E6F8F8FFB0FCCE
F9370CF6F80AFBB4
FCECFED702F901D7
FD31062D0029F85E
00AAFF9F02FA0CB1
01BA001D047502BB
FF1704A401B91086
FEFDF22DFBD6FCD6
0242FFF1FDD8F726
053BF4F8FC7205FB
FE8D0646FDE50AA3
FD9E0323FD8808B8
01E5F4F1033AF72C
0621FEE501EAF742
02AFFBEDFE4CF4F3
FED4FD5C01ABF893
FB110B3B0078FF67
FE3EFD2F031EF7F6
05260433FC8F08EA
0213FA4FFF3A02A5
042A09B20473F80C
001E0BACFE1AFF9F
F8B6FCAA01D302CB
FDCBF7F7089708D8
05DDF686064CFDF4
03E2FD620466F9FD
03A3FFC1FCB704AE
FCB41116FBFB00F7
FD6A089DFDC2F69C
0286F483F5ABF212
FB85FC22F4E2FA77
F3F7FFE2F28B12FD
027A0461FF4EFA37
0353FCC7012AF7EE
FC9907A2FE83FA95
FCE7FEAB06AA0732
FC7C03C7FF670198
0103FD64FE93FEED
041EFEE20C8306E3
01640F4F01940D1F
FF9C0B35FFB10A92
F7170157FAD203E7
FE1FF253FEBF06BA
00A4FAAA0753081B
01C7FD98FECCF836
04870F1900C3FAB2
0026FB4CFED8F69C
FB94076B0938FF50
0A3106CA070B0130
FC46F416FA6EED9F
084F0F5DF45D0B8A
0D80000306670970
FB6CFEA3F4A60935
FE6EF8F9F73CFF3A
FC88F919FEC0F959
01B3FA9CFD3EFA48
F921056D0EA8FE82
FC620E26F9E3FC72
04A00132FFBD0119
052004050E69FDFF
00ED06E3F5A01C53
F4EC16B0F9AEF217
02D1044409E5F9A2
0C64FF0D055FF266
FEC708930443F0A0
F3100472061F0EDA
F8D7F23CFD09EA16
FDF002D7FBA11780
F66B0E58FBC6FFBD
099AFA580A31ED7C
F70B0157F8940F14
FECAF84207F8126D
011DF62105CC00F5
09D707C901D10549
00E1F7BDFA5FF20C
0070065BFE8C06D7
F83A0804FE0C0204
FF790DD0FEE5FE4A
01E50A39F98DFCB7
FFAF0158FD4AF91F
0088020E073C0859
F99D00B20598FA17
035A04100D2AFE5A
F7380F760482FEFF
FCCF0299090EF6F1
052B0B38055EFF44
FDF2FD2FFFBEFDEB
0058F9960A080334
F74B025307B2072F
F891F3DCFB88046E
FB17FC8BFC77072D
F78AEAFDFC130104
00D1EA7FF8110BD4
05E2F5D3F62A06E6
0A89E94AF523FB61
09170150F9C7FCA3
06CCFCD90037F1F4
FDEAF7DBFF8705A3
05D1045F0123F795
0836F03CF6B60528
0521EE0BF5BA03F8
048CF188FF88FACA
0398EFD4FA6CE9FB
FC2F093103FA0101
068EF2BB1053078D
00CAF1AB08CE07AC
FF34F080038805E0
FFF0D717FDB7F077
F9F4F9D2059C055F
055B0580FB78126D
F7CCFAE8FC5A0DF9
FE97ED43F85EF80D
02B00C6D0193EA9B
FF3F0142F6070350
0B1101E7F0FB09FB
01A10C040B6E1FAB
0660EE0710A4E2F2
0ABF0F0DF8420421
120502DFF992E118
0A32F5CC049A1907
F580FC17F9710F54
0E060628F544F93A
031FF3210333FBEF
FF2B0C31FE16F6BB
037608CEFD9EF428
F9E9F32601F5F0DF
FF32F85401DBF82E
FDF7F98B0203FA88
FAABFEF7040E069B
FA1C0B51FEAB08EC
FE05F7670028FD0F
09F8FBEDFFD7FDAC
F293FC340454F07F
F56FF99DFFEA0035
F280FAC4059B0703
F366009508670296
03E700DC01150321
08300A9EFCC3F914
FFED0044FF96012C
FBDA0454FC8A09A7
F7F41154FE08FF24
00060438F9450376
0356F94AFEBDF8D7
0F13F25EFF5EF3F5
0A7200E2FD5F08D5
0C35FD62FCBB126B
091008DDFD721711
F453044AFCFFFA3F
0CFF05010F670147
FA40FE6CF93AF3C4
F6770F5B0E8EFC45
F5C3F84A019A0F3D
F3C1FEDA04D1FA97
FC34FD0CF77B010A
EAFBF178082F0513
FE2AFC85000CED5C
063C05B000EE1410
09AA059F0485045E
FB651821F57B0346
FF860428F75BF17D
FF0F09F001B6FD1B
069EFD5B092EF964
13B20CA1F05CE9A3
FD7E1F56FB7101E3
F90502620A25F439
12660596F086F580
0969F7E6F2F10568
F371DADA0B3E055C
0D51F0FAED8B0889
E39400EDFF07F7D1
011403261053FF50
F854FBCC01C609E5
0215031AE7B4F875
EE4EFC630E510196
FDBDF75B144028A9
F7470185FAD5F74A
F680F2A11380F260
F105EE661374F37C
DEE50FA1F030114B
F5C6EB2BEB23E173
09890E170ABFCA81
0DA415730434FC61
078F0F68FEBEEDB4
0DE527C90193EAE3
0E9F0F240180ED80
087A0B63F175EC52
F73117CC0B0E048E
F07A2103F479F24D
FDBA1EB5FB83E549
F36D23DEF2B110C6
EF0E04D1FBD60369
FC53F757F4F81E46
0001EE6F071C0654
0BFF1642FE9006FC
18D90F39EE09D8A5
0D261069FC1EF546
FE86FB0908ED120A
0569143FFE46FE7B
F7540B7A043CF7E7
F5C906BDFE9AFC40
FBD3F7C1060D049D
F961FAB70535F9B8
015103E5FE9006F5
020F0B0E021D0046
0132024104A5FCE6
FD51F84A0458FCCC
FD09FA56FF8C00FB
FC3FFFE7074C0811
FF7A09C80387FB01
00E3FFFF03380572
FC2FF36204630594
FE65F8D5FB41FF29
FD0101EBF640059E
01CBFC2BFF720077
027CFDC9F98B0299
FFAFFC05F77C058A
0311009DF0FF0490
00DAF4ECFEB9FFD4
08F2FB1900570163
03D0FDBBFF6FFCAC
0348020CF6E7F98A
08F1FCA400A5FC6A
F62700B00745FB75
F4AA0701F38A05B3
0D6B00C80707FD77
F9F30247FAB6ECEA
FE94FA53028000A6
0A5A039EF54A02F5
098EF7CFEC05EFDC
F8D606CBFD69F0FF
F87A0587F92AFB49
0C0EFE1D034E03A3
FA3AFE9418B00058
FB1900DCFB18FC01
051A08B40B18FE40
F062024C07030233
0378FDFE00F5008C
036F06F80BB002A4
ED98F27DEEDDFCA8
0A0F0943061AF850
FFD8FDBB013807A2
F88AF4B003580724
07171428EF99FA7E
F8DCF846082208AD
031409640457F7D7
004BF940F4FC1336
025AFAF1FB62F040
0840F603FDEBEED5
0BAD02360AAB0176
F877FD9AF989F179
F88907EFFE87F811
081FF2AEF9F9FC64
F8BD029B04D3F9FA
061A048EFF730934
FA9CFECA0A81FC58
FA7A01C3FE8A0520
0762005F030908CD
0297178501880323
08710C61F3AA0D5C
F67807EDFE0A01C7
02700A7FF98EF7A9
0CC3F367F6771464
FB9C0B960D5FEC96
0C0416DEFB9E13B7
0EAB02E0F8BCE2AE
06D1FBAAF9E70AC1
01E5F2BB00F40964
FB00095701CBFAF5
FBDF027D09A6085F
EF75034F097EEE6D
EEA5014302CB06DD
FB6AF3A20BCB05A1
0345FA5401D4FBA1
03190F13002FF918
FFBC0381FEECF70B
FCE102BAFAD2FB6C
FD53FC3F067FFDB9
0261F106F912FEAD
FFDD0D50F97EF681
021501BC00410384
FBBF020DFF8504C8
FFBDFE81035E05B1
FD51E92D03E10388
FD61FE0F04F9FD76
F828FD2A02720A43
0248FEF605551258
0270FF8D03BBFC96
0258F133FC8EFA2B
016700B7010D0057
060507C0F92E08C1
04A106E7FA8505C1
FD42FC3CFB51023C
FF570062F6A206FE
026206EAFDFEF495
FE2D0F770212F58C
FE720477024903C4
00D502F6027708E1
E6040844FBEC0F7A
2137B9CDF0DA1294
C3E6FEC41924061A
FD9D0291FC3C1B38
0C7DF14AFD380527
C811C459010600FC
DEE8DB630753071B
051F1BE7DFD0FFF4
0A880363ED0AE1B3
066DF25A0B67DE0B
FEEEED1AE26908FA
FC15072B055104EA
E11AFC7DFC5CD25D
F377037C09FF0A5E
0440FD08F9CEFF79
F369DFBCF1CCF4B7
017401DEF74E1006
FB30F1F2044A059A
F3EC020302FDF4CC
F4AEF2CE0874ED74
0653E215050CE0F0
0BBFF43104BD0E69
0055FD0AF70EF7C0
00350B83E025E791
0E8D09B8F622FDB9
F1D81744EF05EB45
089CECA00A450C05
06FCF8F0FB25EC18
0DCA0B55FD2C0220
F983FEC504F306CA
366D0CF8F1330D86
F990F05F0031FF30
FB0100370C2CF7CE
03BDFD8C088FFFC6
F30601D70192169A
F434006B0D98F788
FA75E1E90CEE0667
FF27F29DF8B0F445
096EEBE701090348
FEA9FE2CFFEFFB2C
F4420300F08DFD7D
1124F8860BB0FF9B
F92EFB56F6E4FC83
0BC8FA89FFF512DB
01F50139F5ACF349
CDFCEE7702360D72
05B7F1F404390C9F
F95CF0F0FBACFB55
09E40B17072B18D1
FC7301AA0FF9F9F6
0049F113F7FAFE63
FFF004D20506EB87
050004A3019603C3
12EDFE16F0B00451
0DF6033C07350405
FFBD115400F1F7A5
01AAFA2DF65DFDF3
FCD91674F7A01138
F63912D3F6CCF5F0
F3E2042EF8B0EF4F
11C8FA6DF15CFC06
FB9E0A3908D80A91
EBE10A7FF56C0719
02DAE98012CB0DD3
FA6302B5FF210226
06400AA2FEAFF97F
E912FCABFE700CE1
EC800CBEFD360EAB
F2EAFC94FBA209F3
CDA90F57099FF5FB
04ADD6D31324F17A
0D6A0830F51EF8A5
1E65FEFEFC77EDFB
0113FF4509D00A6E
05F60A06FE470678
FB920E7905D601F5
FAF40F6E0662FFF1
F28A12840764F5E6
F52B0AB00B47018D
F44D05250767F8A2
04D6008CFB0902E6
07FFF6CCF5B5F912
FFD5F169FDB8F501
00AF02E60101F9D2
04ABFF810840FA3E
F7FD009208300C7E
0671F70F050BFF66
0715F68D00E603FB
052502D103A11680
048AFF91FF8108C9
F9B2FBFC0264FDC4
0B50FAD8FF2C012F
09C404A3FA06FF91
04FC065BFCC8081A
01DDFFF6F97D0411
F5460648F42FFFFF
022EFA7FFF9C0585
056AFE9B024A0275
FEE20916FDDE0401
019D00E7FA170040
02C1FB95060D0002
FDE3FD1303960555
FF24FBF7FBCAFFA8
04DFFF15FF4D05FF
026CF8E9041B0773
01CFFE50022800D3
FF0FF855032200C3
0345FA1600B5FFED
049FFCCC021F0250
063DFF5F01120231
FAFF0133FFD2FB4D
FEDCFC6B03F8F8B1
FB86FC1E02F0FCF6
FFBAFBE302ABFD8D
04BAFDC30637FD1B
FE300123FEBAFE0D
0151FFF4FCD3FAC2
FCDAFCE003D5FAA5
FD65FE58FD4D00D4
066DFDF4FE07FF7A
00620BD0FCEAFCC0
01C40647FF38FA28
001605FA04F7FDC7
FA30029DFE9906FC
FAE5FF04F8610243
01DE01C1F3B10FAD
FF5B01A8FBC6F8E2
084102A9ED750FD7
005E066305BD1068
FCB70032FA8E09A4
07F11280033BFA6E
0B68059F1610F17F
08E3F8020A0002B7
F8F9FB450A32EBAF
08E3FA9003BD02DA
FA6D0436F6980127
07F3F6F6FF6F0630
FA16FBA0F4B3FF6E
FA6E0A2FF69CFB47
F3A302BDFCDC0538
FA0000F6FCDA00F4
0B9CFD920518F8D5
FDCFFA7C04D4FD8D
02EF0E4508AF0780
FD9F019704E8FB98
F6580266F733FF4F
0630F080FBD407DE
F8A2F20E00D7F0B0
006D095605C9F9FE
011AF980FD6101FC
04A10D52F596F151
F80A0358FD1A0060
F8030B41FFA7FDED
FC5EF9E607AA0AF1
F1D6FF3104BA0CEE
09FFF098F93AFCC0
0B500CB401BF0FA0
00EC0894018FF3D6
04500213F8FAFED1
F300FB4BF6BA10DB
0444FDB9021B0336
051A091AF6A40019
F7E7F2D60F42FF2C
01CB07E6154DF216
0A2808F4FA3EFFB9
F845FBB2FD3C0AA8
F901FDBB09B3F7F6
ED13F5F6FDE2FA23
FE92024B04EDFAA7
FF46F3B6FCD804D8
FC200CC6FEAAFA62
12BFFC0A0568093E
FBC30A350872F80E
11A612F7FFB8FAE5
F35D00DCF356F2FE
FE1D08F60090079C
081AF321F290F9CA
0B6205BDEA8C0C02
026DE783F6ADE5A1
0ED2F6E7046322FD
F3C203C70013F648
FB28071EFB44F10C
104F0FB3FF52E70F
222101FE0188FF45
0C3C06CEF567FEB6
FFA3F06F01A70251
F711EE540BA7EFDD
0205103616C6F833
D75D048517A7FB78
E6FBEC13FA4F0CF4
FD950417FEF40740
F2D4F80D0A23FB1D
01491321F76D0FA1
F5FE05FD1439F3BD
0D7B0379F75F099D
10D6E250E7A2F683
0428E792F113F508
0CC8F38FEBE81798
0847F71CE67EFA60
FEFAFF20E2470C37
FC04FE67FF871068
FE26049FFB8CFBB4
FD4CF4A8F978FFBC
08B1F3AC00FE03DB
0819F28BFA3A0AD4
FF2D053A1287FF13
054F1A860CDDF8A6
EF620615FDB7EDD0
F6EBEFB9FB11F521
01560102FDE9ECE0
077AE82BEA53EFD2
0865F9F8FD86009D
FCC2FE44F6042552
0219144FFD77FC39
FF9618D1028AF847
0CB6F596FA3FEA5A
07CB1499046AF5FC
04410BA8FAEF140E
0BFCF72BFA42F1CD
039EFFF202B706A5
FD7115D0020A055F
008A06F904A5F9C9
0006020DFFD71144
FB16F1CBFF44F8B8
DB83F64C0C6D16F7
FC86EDC4034F031C
F8DA02D1FB94FAC3
FE9C0283057F0371
084F01BB03EF02E2
00C4FE9AFFA70C2E
03D00F6101870267
FB35FD80FC6DFDDD
01911125F9CFF6A9
04C401CFFA9A0581
00AAEFF803590B6D
0A8C10FB0A41FF4D
FCF0F9F006E7F200
0865F3D0FA73FF46
0050FE78F7000A51
0614F6A607EC0C26
FD0D101EFBB00914
FC5302EDFBA70B8C
032EFB3301BD0F46
018D0751FFFCE950
FD58003BFBF9FA0F
058A0EE6FB07F27C
0373FFCFFF4E0142
081303820903F5FD
F92303A9F948F6AE
F118F717059002ED
FB3E1006FD2B072A
02D3F73801DC05CF
01B7FD18FE59F442
12D8EBFAF55B1806
0E630B91F631E230
030EFA460BBF0486
EEBBF9BF050AF14C
F2F40D861EDE021E
0263FF4E20FE1375
EEE0F3082AB7EC13
1147F9D0F6650477
F791DE93FB4FEE1E
F7D5E7A2E8140A7F
E0000A09D4352021
D250FC42D546D9CC
09D2F44AF92E0D10
FDAED4431EEA073F
12DEE3B709B1F50D
0726F0A52545FD1E
2EF1F5E620178483
0506FE1FF3710C69
FB09E36EF466DD3E
157408BCF46FF5EA
18DAED06EDBF0CE7
1052F903EBA29086
04B503C9FE9E0B90
FE68F6BEFB08F6B4
F7A20372014B04FB
FE60053CF8AFFE86
FB26F850F94807C0
011A09B004FA0692
01800CF30AD8F584
F6220669FF27FF4E
FFB505AFFD760200
FCBB1831FA9201B7
FEEDFEDD02530D87
05B90CEAFCA8F201
FC170584F838F52D
FDED08ECFF6B054F
0218F8A00A89FC9E
0624FD03093D01F8
0616E99C0729FCED
FE0B00F6FEEA05FE
060DFFC0FA67F327
00B804CE032BFCA7
F8790638FBFBF88E
05F5F8DCF6BE0E78
FECFFEB5FE261575
06FCFF3900D5F978
FB04F33309E8F5C2
FFFD081C044BF7EA
08840C45F70706C1
FACAF408F659E018
076B03E0F72CEFB8
F6D30ACE008DF26B
F615075B04EEFFE9
F8D0FAF2F5480E4A
F6491B1307F30253
07AB12DF0A4BFE90
FE0EFC11067A07DF
FA58F508FE7901BB
07D71001017F02A9
028910990EB70273
F22A141104A60761
EB14054A00610130
011BE32D09E7F9FF
03FEFF44F0C3EE11
FB6EFE7FF02C0589
04D3FC60F0E50004
1367013B0449FE90
09250153051DFAAC
012AFFC401100BBF
FD4F05CEFEF51168
02CC0CD1F167F7E8
05B1FA310B271918
FB64F4F3FF7DFE03
FEF1ED8000D40855
0499FCC2F66002E3
04550167047BFD1A
FDFDFF6E07ADFEC1
FB0AF4EB0277FFE0
FCE7F90E030608A8
023406C4FF80043F
07EBFCFEF86FFD7F
073BFAE40041FCA9
0D76F443FB72F4F3
0BD506FDF77BF8E7
12250510F54F0192
0A8CF729EDCFFFA2
089D01E1FA7F03B2
F6D2F5FD0C30E663
FC6E02B1021CFB2E
FF14FFC4037A0EF2
F61EFE90FB110047
F37F1078FE210848
044B000E02A2FD6C
01DB0A0BFB48F92A
042CF9E70D94FE64
F252FD121877F4B1
F86E01EB02F00535
000D11F90575F661
F85D029C09E91EA3
052FFBD10CAAE459
FE3F0775FC860B16
CEF90ADE0136FE2C
03A708CBF42DE4E0
020AFF500896159C
0F18028EF8D2F48A
FE4D03590D040F99
E412F5AD1F8A0410
05ADFDC8FE01FCF2
FC17FCE30782FA2A
0BFF0A73E241E2B5
0D4FFF87DB442112
04170983D9A41730
FD9C0B55FB58FBF8
F1D0F8B60BA5F00F
F3A7FBCD0BC0FC79
EC60F2720D90FCC5
0793FF652021FBA2
0A9900FDEC0900F1
F77FE987FACB11BB
11ADFED3D8150931
1943FC74E46E0154
08A80021E3F507B7
01510716FB0700DB
0566FFEAFE4F1100
05D6FBB1FAD40DB4
01DEF8FB0828FEC6
062E0F0CFD140A85
F9350F5C03E8FA4F
F3D906DD066E06DF
04FD082903BA05BF
FC7310DE0F7EF9F6
FAAAFF5F08550A2A
FBEF0F26F5DC0CB7
F9DDF44C0902FA2A
137CF60600350CD7
F8AFE49BFCD60299
083AFF3AFDBD150E
F4A40DEDF5F80A7B
F1EB210C1103FB7F
04D0EB000F49106C
D981C7370DB9FE8E
06DDFECC08FFD6EF
0583FC20EDD0F4FA
01B20CC1E69600FB
0DFCECDEF90AF548
E722E7FAFC01E5EB
0C1CEFB9E895EDDE
0C640C52FCF90508
0AD3F472FFEA0847
FD4DF9670257F2A8
0E2705F6010FE42A
FEA618100330F015
022CF66B024CF21D
FA32F7C8017210D6
F9A6FB26044EEE45
0395FDA7F717FB95
FD7400A3F9AB0561
FAA016210AD2EEDC
F446FE8F058C0552
F74A05400652EC9D
0630072906B21645
F543100B0A3E05BD
060FFAA4F2ACED8A
FD5A03F5FEB51266
01FC09DF0025E249
0B7FFBF3F669FECA
F7F7F84DF3CB0C2D
F88E0106088E04B0
FEB7F288037208B3
F842EF5807ED0231
FEDD0CDCFD030DF9
055703B409C703F5
074312EAFBC50484
12500E71FF3EF0C3
0445F8B2039508B9
F60A0229FF8FF150
FED4FB77023C084F
00B3041B0287F951
FDC60C0CF8CF0AD3
FF86FBC303C70B1F
F5480DFDFDE40691
004A1413FBA00C4D
FA30FCCBFFF0FB8F
08140E7C0AA1ED69
FB2BF16DFF36EE70
02A1E9D407E3FD5E
043DFC450748029A
F7230414070D0090
F23AFE27070CFB83
E8B7F9CAFF30EF25
0887F9B5035AFAE6
F8FEFEB1F979064B
11090E46F427FCEF
08050233FBBCEA3A
F7A204F7FB2C144B
09EEFA73F401FAF9
EA0CFC5E045111B6
F81FFFDAF9D30B04
0F21FEC201740209
0F4EFA7701F10067
E4681014023EF877
FB03090AFE980970
006B073C0545FEB2
FDC90B12000BFF3A
11C90C8D0BFD0153
FB8FF61E0563F811
FE5F058AFE1203FC
FDEC0BB7FCFCFEF9
F5C0F88D04F6040D
0C31F048174C01F5
011AFE07FD48F76D
F32AF239F876FDE6
F5B7F3F1F66C06E5
F165F2AB0130FEDE
03DFF5D208BEFE23
0DC9FBEFF8B3FFAE
041E020EF9A40B73
0D45F281006B0308
EEF60E0905AAFD1B
F85F01C50FC8F76A
FB7EFBB800120519
05A70314011F0692
010A13F4FC6A038A
027B0DB3FD5C025D
F780FF5D0847025D
F03AFBE6FBB9FA7E
FA2811EC0861039D
107EF9000269F7ED
F8CAF8F0FBC5FD1D
058CF8CAF844FBD8
069DEE04FC20F0CA
016205B4FA1F01B4
05B8FEEEFDE0FF77
FF34EF00018EFA3D
116906F8FC7C0A85
FE1E00F0F510FC81
FE6C09F303560ACB
FD1E06E4FADDED69
028BF5E9F2B20241
079BFF6EFEB5FF9E
F20EFE1EEFA8FF73
FF92EC43000109CB
FEE0FC5905D4F08A
FCDCF7E5046C05CF
FF70013012640870
0563FD580AC8F3E5
009C0C7F0791FC09
0003060C016BF572
0870F6B5000EFE13
0457FB75FF8F05E3
F5EEF7FD009B0278
F7F2F9E2031BF26B
F9330D0DF9C2FE29
F59DFD9CFA71FCC7
FDAE004A01D60942
07E9023304B70483
01E70F2AF9CAFA8A
0ED70820F2220203
0B3CF612FAACFFCC
FD82077708C00037
FDB80BCBF9410015
F95A0342F3C0EFC4
13730307FEEC01A7
0DAF0641FDBF01E5
043DF2F908BAFFA0
03CBF5F805520A2E
011B0F72EA70FDD6
F0E1F1C5003EFBA7
F5A0F7CC0614037D
01300582F87A01D6
FAAAF4C1036CFD8C
FCD4FEC4FBEA0210
FC50FDACF4F5F791
097907C1F626FFAC
FB6413191BB8FAAF
0F52FA82FCE1FE6F
FE34F8AA055B033A
F31AFFF3FAD0025C
03B5F151FFEE02E5
FE7FED000E45050E
067D0263FE1AFA48
EC1F04E4FEDFFFD4
FD7D011F036000B5
0B5DFAA0F4A00154
0090F1970071066E
000CF89BFEE40921
FA45F5E3F4D0FAE4
FB7A01E60EEB0657
FDB900A8FDFF0640
0EB0168EF86E0407
FA3C07F3047502CE
F80801EF06EFFF53
01EC05A908430290
EBA002D7FB84006A
00DB05ABF873054E
0209FEBDFF91FD1F
0900F950FD1403DD
F68AF9D007C8F58B
0FB6066B07A2FD6D
F007F98000D1FD3B
FEDEF3B701D4FD28
0932F849F8EA08A3
00910BB90B81020E
FC92FA0FFD03F4F6
F9E10A83F49E01F5
049304D5FF7A05A7
02A4FC2EFE910777
0FCFF4A608410BF2
FBBEFFE6FD75009E
F10A0407038EFB4E
F830FC5C00D506CF
0188EE40FCCA085C
FE25036A0D0302EF
0B5C075EFBD3F888
FE57FC4BFF700503
F7AEFB6D04BE0621
FD39FA3E00BAFFB7
064E032C039DFB2F
0C75F32902B4007B
EE8A018E09D3F744
F0A9FD7AFEBF09F2
FF18F887FA3DF93D
F999F8410179045D
072303C9FE6D0200
FEA40FB4FDDBFDAE
F525076DFE41F7BE
0E4DEA7BFB58F8B0
EE60F7FAF5CA0688
0F33082903D9FA24
01A8025301F5FA84
FBEB0FC0FDF5FAD1
F12C1388FB5DF027
EA01FE360324FE42
1701F12FFDCC013A
EBB5033105630593
10F8FC43FB49FC66
038205FCFAA1F866
F1B50AD708070182
0A3E0C0BF44BFF7F
046AFE8E04AB00F4
0B47FED7F0A2FFDD
00581A2505590704
06F3F5FC04F600E1
04640AE7F641FA1D
F60FF8560348F6FE
069F04A0FD39F810
026EF35BF52201B0
ED5EFF2B02180457
00C4E681F14EFB3A
0054F9EDF38BFF63
F5860C11F9570D6B
03311115FCE70108
FA7A0A2C0B6C0704
065A0245057EF427
0763FE83FACDF9AD
01B402D404DDFEA2
08FCEE30F7C40F0F
0145FD0805670403
010A0244FE1D03B1
0BF6046C0545FFAB
079E02A60C7AFBE5
0716F56603C203A9
014401990AF3FFEE
F9B906DDF6B3010D
065106E7FE47FDA7
F70AFCE7FF06FAED
022AFFE70074F9BF
F9A401700CAE062B
FC64F891FCFAF84E
02D6FB70F561FDCE
FC81063002ADFD2F
0BD7031DF7FB0915
07E50645F47D029D
F8DCF01BF9C4F9E2
F2F5E294FE0EFB7F
0DEAFF4F09D50B46
E86DED0BFB9B008F
FFEC046CFA8009DB
074411C6FAD0F85B
0AB61FB6E74EFCD2
16DEF6DEF4F20B67
FD791BD5F93FFBC8
03D0F2AAFEDA0236
1FC6F3A6193301A0
05131887F74CFB98
16D80376EFDCFFCB
112FF30B0B52F663
1900FF4FF1C8F300
0B8EE5C11330FF10
0FAAEE85FC36F619
05350D3403470144
0B1C08E0F7510AD8
FDC805B5EE16E79C
151C006A010702A5
06F7051BE5E7F7A2
24F6F4CA0A6BFAE8
157AEE6700DE0004
E6AEFFB7FBF30295
1094F9F1F44B07E4
019604030F2B059A
DB720BF80E6AFE96
EC5F1428FC630814
ED8AF748EE5DF8F0
0C010837F06A065E
1634F2CE0B33FF0E
F07CF7F60F6BFD55
FCF2071EFBBE0552
F4C608DAFE89F8EE
07CAFF1CF531012C
0CDCFE0505AD05CA
0612FF070F17018A
0009046D043CFE33
0266040E01970FEF
0DCCF07B035709E4
0031EF61096003CD
03520046FCC20069
FE570693085A0035
FB1AF7FE041704F2
0FBEF910F9FA0B2A
0ABCF27C0430F105
0802FE470A0CFDD3
04D5FBE10D6700AC
FE5CFE54F737FD3B
F3D905C6027DFE98
0FFBFF640DB3018B
F2BCF9E3006A0274
0A1DFE3DF75007D0
0A90F8C9F839FFBE
FD06F92307D803F9
00FFF570021BFD24
F31CF2D9FD950493
04BA032DFAAF0055
0612048FFA070497
FFAC0155042E01FB
F6B10AF70498FD4C
FF631626FE95FDED
01541B2A056AFBDA
087A01E5F8E205E6
07DB022AFCCB07D7
FC9E028C02A8030F
02EC07C8FD760351
FAB60A350297FE39
0427F2D4FDC1093C
01B8F660F782FF7A
000EECC7FFEBFEA1
01C6F7EFF7F00452
EC77E554020CF825
FD3B0A57FFAFFD2B
FECD0349F3830009
0B88035CFE16018D
0375046DFBE3FE18
FECD027FFC8EFDA4
FE49FE5604A4FDD7
FC3BF6EEFC8EFD41
0428FD8C051F064B
FB20F834F54401EF
01FFF602F5560233
F91E09F503130570
054FFA39035F0584
FAFAFFCE15FF0634
FD5F0496FFC905FC
FF1D0A22FBF80465
FC2C018BF886025A
FFEC0436FA3D0549
F932006E085008EF
FC01FF08FAE90454
0122FF4AF69F032C
FFE100C3F8DA036B
00470118FB89FF42
03E1F992FF100362
FAF7FECFFB2602A6
0291FB87FCC10119
F662FBB70FC0EDCE
019CEF070FA80A47
FADAFDF905F5E9A7
1560FE3E0B28F2FE
162C0DD1F0280AFE
08E4171B1154F753
058706270CFBEFAA
F929FEA309C80130
FB2EFE0A06AFF50B
05C60C6FFA810E2D
F82D060801220D15
09ECEBE31F5AEC52
07F107980B37F087
E5E104FFEC98F5EC
EFE0F2281D471641
0D680F03009B0E4B
060BF3E1FD8201A0
EEB0FA0B20D50464
ED6B0962FDE7F3F8
F1A2027402950646
E0AFF75A02A003BA
0826E35AF0E21744
F3A1ED4702C60617
F68FE947FF13F452
FD78F5E604C0EE58
F6D7F4FEF24908C8
05AEF5C8EE3A0795
0C9B05600D320CEE
1077F5E412EBF1C3
FF32E3790A86EDB2
076ADE2BFE8EF4FF
F6FDFF4EE5CCF5EA
032FF0A5F973F353
E89A0EB2F8BAFF03
FAB4E5C109D3004C
145006B30ADAFEA9
FBF8F9ACFF6AFE2F
0B75FE42FEF8F4D8
E36EFA1FFDA9F444
157B00720232F3FC
F1762346110502BC
052006EBFE89FAA3
0B790AC408F70901
EB0D00C9F2230C0E
F58DFE90167E01AF
1300F19A0D92F502
DEB406A7F5FC0008
FE80003B009E08C1
0944FFD9FAEE116A
06000492FF37106C
EA5E10650A210240
016309E407DFFBC7
FB6D121CF510FC6E
1421FAE1FE40F735
149CF64D029000DF
066DF1E7037C03DD
EB35F8EC024DFD3B
00EBFD72EA5FFDC0
FC6BFEFF05B4FD20
FA3AEF1A083001A5
0E1605C3FCE3FF7D
0E30F8C21598FD84
FB6E0055FDE70776
FB380AC9F3BB0168
052118200060F944
0005003CF37F07AF
0DF90A180906FFB1
F7C9F7E30825FA8E
FD87F81BFE310331
07080526063EF26D
EE100219FAA3FA72
F45AFA65F7BEF8B6
114806E2FE6F012B
0BB1137A03A608B3
15AFFA4F0CF4EB57
02ED02BBFA0CFDBD
28BDF8AC0471F9FA
F65BF39D0198F84B
EDAE0BB7F287024D
13BE042DFC58FDF5
01EA05EAF4F5FD2E
14FF12DCFEAFFD9F
FBFDF8590C0DFD98
EB07F41C0A8F0370
02D0FB4EF859F940
0BD40697FF23F6AB
0BB3FB3DFFD70699
01E9EE59FCF3FAC9
EC99F64F0F0FFE0C
EF691306F74FFB18
F96EF32CFA3C005A
0387F6E5010A0380
FE84FC57FA4D014E
EDE3FC030115012D
03150C98F596FF77
F0B204B5FCA707E1
0486FAB5FF7E00DC
F9F91469090A0703
F8100DE3FBDDFE05
0A730336F09FF9CD
1142FDB602FB012B
F7C6FD9E0C7CF797
F9FF0C64FD5C0548
098AFE2705DB01D9
0C2EFED0100001B4
10AC00C2055CFEB4
FDCFFDFC09D0029A
EE56F647FFA702B9
FB05FD5AF3880593
0553FF2307ABFA2B
09BD0209F6850113
FF8EFE520445FB46
F6BE03EC0EE8040B
F8780845FE6804EF
03C0FC31F965FD35
FD5202E2FED10460
FF6AF6AA0574FBFF
FBA208690878001A
F94D0BAAFC5C08EF
F687FF5BFE7A0202
F8D0FE9601ADFFF2
F9A4F5FE096705D2
0D6BFF8D08BEF9EE
FBF8F98700CB090C
FC7F07E40667FEA6
019AF061FDFFFA76
F6C4FE370119FB7B
FBE81BAA02D90434
EEFCF93C016CFE50
EE3D0031FFC5F7EC
069FF8E2FC940377
0D0BF9A8049AFB69
FD85033F00AB0304
FE91025F04CCFBB5
EEE500FEFCC3070B
007500160265FF0A
0893017504CEFD80
EF670B2600FBF858
FFC00F33007BFEDD
FE040F2300CA01C3
FC11FBCB029FFD98
FFFF0301FF13F69F
F6D7F0EFF8C2FBB4
0027FA5DF682FC95
0A39FAB5FFC2FEB9
FFCEF80D097C053E
07A8F893F8F3FFE6
0BEC08D2FB6DFF3D
0C46039AF7C5FF55
09DCF6D80B4305E3
FCE005BA04B50359
F981F4A70007EE74
E966F853084502CF
02C7FB0A0E3AFB29
0BD2001AFDE601F8
FC57015E11F40D74
FCDEFD4EF6CCFE27
09C7023C0F07F99C
1374FBD60F6FFF3D
0A5807160B4CFFBB
FE31FFF8059A0CE9
F2760973044EF439
056A070E0A8BEF10
FA54F53AFAC3FB56
FBFBFD660B48F789
0168FD62147C0936
EEC1101F0AB9FDDE
049B083A10EEF696
F78B0DDE03CAFFD6
FB1E0EC300A1FCAA
024AFCA5034FFECB
037AF93C0A640ACF
F528F462FB85062C
F89FE70606130119
0186FB5012800A00
030AF08207F4FE4D
FEF604E00130FA61
0A54EF94007A0243
05A5E4CFF3A3EAC5
FDBDDE7911D3F494
0871F6C802B3F8D0
13DFFB19F5F80806
F931E7DE12E205DA
EE0D0971037FF5CF
00E01188024CF440
0C7107D4FECDFE86
FE670A93F91A052F
0D86061108EF0C95
FC91F807FDF1099C
FD2019031911FEB1
FD68DCAB07A5F8A3
03EDF7ECF66BE95E
FB3AFDB602C7EF7B
155FE6EBFD04F88C
061FEF4EF908F4FF
F6982B5DEF0206CB
0AE50A9E027E0415
0368EA530B2201FE
F8F8102D102B0126
F92114ADFDBBF686
0826F210FADFFB89
F0DA02D8FF3DF893
F4E10394FF73FDE0
F739F79C04B6FDE8
0B2E007CFC03FA5C
F9570E78085AFD82
FBA4FB32076A007D
1012F4AAF67BFF9F
F32CF8ACFF68032E
F97C0D5A025FFFD1
08ED0036FB42FC6C
1077059DFD84F677
0B1209FF0349FE10
F3B1069CFC05FC7C
F7320DFCFB220394
FF49F27A04AE0A21
F5050376EE6D00F6
1389061400D8FFB5
05F10297FE11FEAD
FEB60143FC4106C8
0797038C08EAFDE6
FBE9F7F5F01DFE84
F2D0F565FEA600E2
053DFCFE019C0106
F8F804260737FEFE
05AA063E02F700BE
02190336045306DC
03E705B1012D05D1
005D07C0027800EC
FFDE022DFC77FE9E
0514F9CA00A601EA
0275F9F5057F0399
FD3DFE740136010E
FCE5FCA9F750FD02
0878F33AF6F7FEDB
0576FF3E040EFE3F
FD59FEE20FEF06D9
F58D089D06A90073
FA780A5CF3C00461
0A8302CBFCEDFE62
FEB2036304680268
FE5BFBA80AFA026E
FFEFFCCB05EEFEB4
FB5CFE84FCDA01A1
04AE0468FE1BFFB3
00F100C1FA82FD22
06CEFF830112FEC4
063EFB890819023A
FFF203DCFA3C016A
FBFC024A0116FC3A
F1EFFD0DF921FCA5
0822FFED0F04FB83
08200622F98300D8
0539F99706D4FBA1
FB2BEB55019DF38C
034C1009F085EC3D
F8AFFB1B1614FD57
F7631199FAD908A9
07FA07CCED580635
0578F47C0223FDF0
0B1C066AF451F9C2
EF38F24021A5FD34
D14C1110069801CE
FDDEED8CEEE6F42F
0E0008E51B45FF76
126D0DA7EFD3FA3F
0D39FDEB1897FC6A
CE56F6D708260C84
E838EE7DF9630654
FA70F1C80E51F8B3
07250503003C0617
0B7B048F04BCFEF4
FC490B3AF1ABF823
EBAC191804980134
F6BA0928041E08EF
F86E01B704990246
02AC034AFFA101C1
09E6F85901C0033C
06C6FE9B05AD0041
0269FC2100D5FDA7
F67A07D80498FFE8
03CA0335FCE20352
0644FA87FD480436
00D1F96E0644FEB8
FED8F9AFFB8CFF8C
F6AB06E8FDF3FF8D
FD8E087BF7F50268
00D001CDFCE80303
FE8003CAFE1105D8
F98E006BFB9100F7
FB30FB0EFDCC02E3
F95C01BBF9E000E2
F9F7F7050431023A
01E6FA38FF1E04A9
FF30FE5CFADB044E
006004B9FC3601CF
FD820266F341005C
004AFCB60385FD71
009205BE0C2703E2
01D70271FA2D042F
FF300843FB17FCCF
0A3E00CFF85EF341
F01509BA0212F770
FDC3F60C0ADCFCEC
020E059EFE1F00D5
EFCAFCF4FBB206F4
0BFAF9C0F7F7FC30
00140311FA7E032D
01850C63096BFA37
FEC102AAFDC2075E
F8F0F06DFDA00823
0A9DF7780234FEA2
0E71027904930323
12C0075B04F3F6A6
01E0143BF04E0179
F63EFF23FB810504
05810435F8CA02BF
04F40791074CFFF6
0347F10205100351
F701E8CEEFFDFF07
E7D10A10FE88FD0C
0B85FA20FD3A07AA
0CA5FDB801DDFE94
FB740A400B3C0003
0963FEAE024BFA85
01A705F2015DFA9D
0202FF0209640734
02D200BA00E1FD3F
018D0AF6F3EEFEC5
FF390200F1AFFF5C
03F6FDF7045BFCB7
FDD0FB0B0AFF0409
05D2F6E10114FF28
0BD8F89DF90EF971
F5B8F684FD5A0374
02FC042C007B002B
FE09FEE3019D0156
0470004DFF3200B1
FD79FC99032A0131
F5DEFDEA0668FFE9
FB7305950307F8D0
0240093CFD41F897
01BFFD8AFA9FFE9B
FF18FB1CFF8F01BC
008DFA2C057BF773
F393039C0037FBF1
00FE0902FDF5F936
06C20625FDD4F5C6
FCB506C7FD88FEA3
F3A6F90506D10448
088EFA4DF3540BE3
FE5E2669021F02D0
04ECF978116DF9D8
F4C21874FF300797
04E0F88808C8F843
0925FC6A00EBEDCA
158BE8F5FD500881
0447F72FFC6602E8
F5C7F4BB05B80887
ED20FE5A0819EDB6
F6DC0A9DFCD2FA74
FB07160304960C5D
E2DB0B18F9000FBD
024DFD60034505D3
F6380D53F39003E1
FE87FFF3FDCCFD80
002003FFEF84FB3D
0671FAEC0D95F9E3
E424FC7BF2760301
0F22FF37FCE802AC
F22F0179F7B2F2F7
09F30F45EDA3F289
074DFC5610F6FED7
FF87F623E82DFD5C
0100F698150EF04E
0532047D0B83F70F
F2BC018C044D05A1
00CBF7DAF68301EC
00CF01A4FEC6FBB4
FC56028FF50103FC
F90AFA460E28FCAE
F46FF7C2F393FB70
074EFFD9F9DCFEA3
04FB02ED01EF0156
046DEF5A029EFE41
F768017B0CB20664
F01CFEE9F348016D
062D060EF682009D
09850A3DFEF80611
050B035A053AFFB7
F50DF071071B0071
021503B5FD0900D6
07870717FBBD022E
081D013900E9FFE7
0239F72CFB8BFCD6
F859F789018D002E
F8A8FF07FCA605F1
047805CB0285FCA4
043C08BDFDF8FCFC
FC5903B303B1FBE7
0B02FFAAFAB0F8FB
FA74FCAAFA0AFE4B
F804FCA9FDD6F5F3
F6270384EFD6F9BE
0584FF1403A3022E
0149F663FFF0FDD2
0A2CFE7DFCE703F8
0403F47200EF069D
F1ED0DE0EBBAFB63
07CDFF1F0D71FE48
0B57FF7302C404FC
01AD017CF8C60081
FF27FA2BFB26FD58
FE7A01D3F4D7F738
0C7202D803A00633
F3D104540CF708A7
0116FF5AFE21F930
038C037F0491F99D
F8D2F924F61CF6B5
0313FA76FCBC0896
007A04C500A50DB7
01AF091DFC070DCC
FE8600BE07F10566
F502F4ABF64CFBB9
0EA201CAEEB003FD
FF16008811DFFC3D
0FB404FA07800114
F1E3F89605E9FE73
F212093FFE9CFF4B
F9380010F8D50DC8
F582F475FAEA0B12
09B202B9FC150D6E
FFACF6E6021AFE81
02DCF309F987FACE
004CF62901AE05D7
F2C4006FFF8E073D
0C6E1DE4FE86021A
FDBF11CF03C8F88F
FEE60114F254F911
FE20FB3807E703B4
0792FCD406D900C5
082BF93307E6FC42
FD91F9CF0A0C01B4
0EB8FB37FB470309
F805FE4400DD071E
0151F6E40102FB60
04E8055BFEA4F5C8
F7CAFE770716FDB6
F42C03B6FC39FC8B
04A10336F28F02D5
F24EF6BB0279F2B2
047B0BD80F63EBD6
06D3FB0DF674F31A
2070ECAB0F77FBD2
122ACE280B1F0106
E27604740395079B
10A9096509EAF62E
00211799EE81F8FA
073F065111CFF33A
01D21A9403A40F42
F635099A0854FD2E
DD09EEAE1549F8DA
F601F4C7080A0470
E767DDA1FEDE00B7
163E034717220E25
EA8703F5FEFB0455
06A0138004B0FDA0
1A8E028E093702B4
F5AB104302780B6E
150E01332463E844
EF2BFC870150F4F5
F53E03D60A9C0980
047C0CB0F6B300C0
FE5402F40872FA46
12B911B10941E85B
05B5F759F6BB072E
F9150DB7F38300F9
0C7FFA55F2B5FC57
F0C5F60EF960F3C8
FFB90D79F0B1F819
FBD5FD1A10010A2F
FE0E088FF9C9047F
0868EF36008FFC1A
E578F7780326F924
FC33EC9AF1ECF559
F38B068AFF2309D1
09F4FD27F0FC0365
180C0725FF52008E
FFA81009038E0314
021B051DF74803AA
FBB2F60205D703CA
FE45F6F5F6B00408
0CC6F31D0057FA56
FF18FDB9062FFB5B
0170FEC1FE0EFAFA
071F095809ABFDF6
0098F523F4100A1E
0BE6FD6000D7FE7F
F31500DE047200C5
071702ADFE530017
FBDC0C9E0A6D0046
F8F20B11024F015A
119500B4FA55FF71
05DA026F0456F935
FC7203B1F522FE7C
0697F940014AFBFA
FA02F486030E08CA
05F0FF48091205AE
FCA501E8FAA80119
FABEFBB6F557FD3C
0E19067EFD6FFD85
E9BA0C1AFA70FB44
FA6808110785FC5F
F9D4F7B907F8012A
F022F02CF523FD0A
F9811047FE900266
FAE8FF69FBB80318
00CBFD7F01C0FD30
0B0803CA072EFE5C
F60B09DCFEFA0095
0C01F7D00A28FB5B
0949FDAFF7100477
0104FD9CFDDB0666
0320F4740AD8F5D7
FDA5F3D60480FE52
06A9FD3C108CFACE
1E7EEB31ECA0FAEB
2612FA8AF8E60049
FF52F0380BF3046B
02C5FE4CF81900AF
F2331770F4D4FC9E
0058F8EBF5900363
0D7800AC03230577
E6EB02FBFF540151
EFD81330F5D4FA7B
FF12E9CDF4510068
FD31F0A9FC8D013E
02B2036010A0FE47
DB5DF85704C2F95C
E6800408F16F023A
0A0D08FFF4DFF4AD
F3C1F42A01C9F56B
109D04021635FD03
E34E0760FE560549
F93C15F7F87BFA0B
156AFF0CF518F2B8
00E6FE7E03D7F630
13B60857F2D8F9DB
FA35F984F74FFB52
1C52037306EBFFC7
FF5608A8F5D80470
FAD80300FCC0013C
07380A6D090F0B3B
09C6148B058D01E4
069910D1F657020E
FD24F8CDFFDBFB40
0BF40B690B1BF5C6
FA7D0E920C8405E9
02040637EAF30528
06D2F96EFA160767
FB4015CD04750B3D
069402A31492F7D7
F578F07023B20B26
FB50FD91036C05AB
048F0740F95DFE0A
F36F06850B18F9D0
F45D06340DCB05BC
0FAFFF70083C021E
243B0241082DEC8C
FE8301600EEDF308
25380461F686F81B
EE1812B618C7E84B
CCEE1FC1096AF117
0F1A19DDEE52F325
1A8B1032EECFF7F6
14690A3207AD0194
F6AC036D0991FA43
F93F0BD90029066A
EAF61052F94FFC6E
E4491766FFFD003B
0D43F4B7FCB70018
FC260800F5DDFFD6
0881F63FF90E0541
FD17EB8E01CC0299
FDD802D1FE1AF7D1
02D8F12909830053
F04DFE3CFE2A00B6
1063FCB3F87D004A
01C4F6440A6002D3
0003F46D038A0078
08A6FC0601870063
FA04FDCA0499FF6F
05090373FD5CFDEA
0500FD7305F5F8BE
02C1FA94F7F7FEB6
FF9F008D05FE024B
F620066EFCB20539
FB440A12F392003E
087000BD05D5F4BB
0F6DFD5202A0025C
EA0FFFAFF85CFD45
05270323FF8A016C
F8B0082E04EE0743
FCE900190851FC86
0CC9097D040503B4
F24900610080F798
0C5104D208CCFBC2
00660CEF08650462
00F7FEA9FEBAFE88
06A809EC01CF051D
F89DEBC3FF96F8BF
06E1EBB408ED038E
FB9B016A04290277
05BCF7FAF7B70441
FB84EFFFFF310592
074F02BC07D6004A
008310F8FF49FF55
F87E0C3FF98201BA
00080772F7800411
F1A607AC032C0166
FC610641F46400E6
0CD6F59CF6C7F9E7
0749F427F9D2FB71
04BCF6B200980187
FF61F6D90E1FFB0C
F0B504C3F3E6F639
FC751746FC3911D6
0AE8037AF7DBF4DA
FD36FDAE0033F904
F476FC8DE3AFF073
FF94FB660AA5006E
0A40FAC507690EF5
07DCF6CFF2E7061E
FA63FC8C0312FE49
0605048DEF35EF35
FD3EFBBEF74901FD
0F5506760226FC0B
0B3900B3FEB2037B
03FEE2AF0D3006F1
F093FE19F42E04B6
FE3DED340A28059A
06A9FD74FBB0F611
016D02AC01990019
EF110486FD9305B0
FF2EEED8FA1F0BF1
F8BE0721FC4404E5
F1DD0173F5E2F780
0FF1F13505210818
0BE109D9059B0395
EC5A00BFF79BF156
0F8CF5B908E0FD88
ED69F95C07CBF8A3
1612FB34F809032E
05BAFE2F05CB05C9
033CF893FD930535
FC58FE05FC430A73
E64701F0F74C04DD
12090785F47D0030
FB89FF0F03D5037E
04EB0125FA8BFB85
FFF40388FED10359
E7C50AC701EEFEDE
0ECF0E9D04BDFB36
FAA0FE850043FFD0
F57DF982FEA1FE5F
0655FE66018F0D65
F944F9F201BCFF05
0EA7F9CDFC4BFEB5
F76DFB0BFAE70762
FBEAFFEFFC68FF4B
03BB0EA8F26D026A
FBA2041EF82B026C
110104D90D18FC85
FAF30920FCA706C5
06630D8DFB78FC33
F55B08950318F9B9
F9F6F622F37CFA8E
EF1FF9D6FEA70887
0BADFE4EFBF80511
FEEE02FB0098FA3D
029BF82A0C8C05DE
F30302D1F29FFCDF
F7030F8CEA0402C7
18C208CB0020F5C7
08ADF65F08E005EC
0CADFFE3004B0178
ECBDF52DFC35016C
E9A30140E9EBFF00
0050110F0313FC0F
174D06450955038E
F387F127FB350453
E69DE4F60399F5C2
F294EF800220F48E
F3C7EF6CF7ECFEFD
074BFDEDF80B078F
0F62FD251160F206
02120EDC11F5EDDB
0B3007F5F315DB32
D32400FBEA49F0CD
F93F0124052FEF2D
FAC6063A07A307AC
02F2FE3AFEC90162
032403B2F7DE02C1
F765F960009F0205
FB03F9FAFD820590
03FCFD3D05C1FD27
FFF902970BA7F812
00160771054604A3
E6DCFD32FB0E01D7
1415FE6D043D0065
FF7BFD7903420840
0694FEE2F8D300F0
04F8FB28FE9F028F
F2510318F8D9FFFE
085800BBFE8802FC
F5EE0063FF38F7F5
0C8209ACF7BAFEC4
06D2F8BCFFE7012C
0707FC2FFC9F0776
FB7606EDFE91FD8D
F59EFF52F8EAF740
0F18037DFAE4FADA
FC74FE8C016808C7
F9EFFE59FF5F05AD
F903025CFE65FA77
FFDEE018FE3F0B1B
FEF316C5EB5825BB
09F60FE7045A124F
FD91F4A01A2C033D
F13EF0D80615F670
FFD01A8716C5EE92
F6C615FBF58D05E7
04080E50FD8518F2
FE7D1A25FD5D12F6
05320D8709C80A97
03A7F684F3310CF2
F591FC7FF406FD87
1082E6E21B93FE15
0CF8F13EF911F20D
DBD3E5C6F355FF71
FF86E807F756FECA
FFF0F9E6DDA100CE
F677F7490B020B56
D972F41BFC070506
020D01F5EF350136
EDEE1172091D076D
FF3A0BEEF4F60300
02460432F0751017
09BF0749F564F55B
0D8613CB130609B6
036703CDF794F13A
195502D40FB307B0
FD71063D0AAC0C63
E66BF467FE8AE2BC
01E30B31FB7CF03E
F1AC09050C2F119E
F56E18ED10750A97
ECE10F20FB4CFC81
00E0E810067D02E1
F882FA750DA80E77
0D03003B09F8FBEB
E9F213EE166E009B
136CF2660E39FDDC
FC5C02CD06BAFA07
0298F074FF8F054F
0007EAAC03BF030A
E1B4F9020CEEF982
F0A9EF780DEFF99E
F532FBF002BB1019
0371EC86F0C307DB
0C33FDFD04C50584
0A85FE19F42D00E6
E5C1FE38F579FC6F
F76CFDF2FCAD0D82
FC20F32CE4E51014
EA3004300078FDDD
F5F609A8F9D400A8
1094FB17F5E8FC4A
042EFE18015FFF79
1151076FFBFCFDD9
E742F6C0FEF8FDAE
F2A9FF9AF1BDFFF1
10BBFFD9FD360528
0929F8E2060CFF43
054BF942FEEDFBE5
F07C0502FC76FE0B
FC89FE75F8D8FF16
081D0AC90D4FFDF1
0BB4F39F01FB031E
0514F431FBAAFF1B
F5510572F6D5024B
0236044C02DAFF4B
03FBFE9315DEFFF1
F6B6FE98033804DB
003601C9F79E044A
F9E8FBF0FCE80185
00A4077F095F0560
06EDF8DF0ABC02D2
F595FF3204AEFFBD
042302DCFC090365
00F7FEFD08B2F413
0803074701F209DB
0501004E01DEFC5B
E8EA017B06B70138
E61D08C1048702DC
096C0B0104A50F73
059907850A6E0B09
F192EDED01EEFDC4
00E5F0EDFA38FA3E
E7B2FB630036FB71
04950924FF870C66
099104610CD2016A
EC0B124402FDFC92
0D14EF9CF54F013E
FB3403EB067A0888
0652F173ECCA035E
12DAEF72009EF659
F2AE0FD805B7FA48
E061FC92F4040347
FCFEF1F3011A0B65
F863FE99F5600AAD
00F30AD308BDFD5A
04810634FD0A05F5
F9FEF3A8F484FCE4
F03902C50247109D
F8E60073FC1FFF15
0028085FED68096F
04AC03F9FFE3F972
030102200F59F56D
F9BFF9D3057402A0
004DFBB8FC92F57C
F1DFFCBCF2950873
094DFDC4016006EB
0590F11208DDFA65
05760D880256F279
04FCFB0FFFE6FEAC
00170CBA02B2FF68
0853FBF60BB5FE5C
0300FE4C05F809DA
0CEEF44D00D3FFD4
F2680EAEF74DFB4D
F67C0A6B030B0061
0C01EAE108C001A0
F4B60E4C0AED05C1
0037045102F7FBF2
FDBBEA73F19D01AC
072207CE0A3305FA
0BA1118A035AFCF1
E715FD2A0459FAC5
FD7EEFA7F091018C
F947004C07890060
0591FFABFFE3FD25
049600C4FCEEFE9C
FEC2FB240688FE76
FEB2033A0235025F
F2C6F8121520FADC
F8A3F89703C70166
F9D7FA9BF2A600A0
0858F810FCBF033D
FD06FE97F9BD0503
047BFA00FEA8005B
F791FC140DFEFD4F
FAB5030401D702BC
07A808D2004D0019
0856028CFFF7FED3
084A001EF5530670
FA71F8D907520269
FE10FBD602F3FB19
FCAF09F203E3FDB0
04F8FBA9FBDCFC63
00D00DADF21CFED5
F1840A37EEE8FEDF
028804F9FFA5FFD1
049C000002950045
0B78FD7AEFAFFB62
06B0F28DDDB3F95A
EF54F5E10B4F06CE
09DE140F0B1E0447
1B1D1D19F4D4F2DC
2A2BFBE81B7904C4
128112E70F6FFAA6
17170EC906ECF5A4
EDBA0A0E1631049D
F4A1109CFB98FB07
1FBFEACB11AB0050
14A3094B108DF3E5
0DCB22D51678FE36
05D8F48604610991
127B128107F40A46
12DC03C00F8A0653
FC3CFFF10003FDBB
FC00141600ACF91C
EEC2FB2CF0E710AE
FBEDF857183D02AE
0715FB7D0CD9FE9B
10460597075FF6DC
E93D06B000CAF93D
0230136B07D4FB25
F4F813B804AA00C5
0849FF8C0254FD36
0042DD0E075CFAD0
0A80F355FDB309CC
FD100AF50C1EFFCE
0285F13901F40D4A
FDFF0071F404FF08
F22214B1FA97FE99
FE4FFFF70340099A
FA9104F9119009EB
F10CF2BFFE2204F4
05DF1165FC36026F
F0E30374FA2400D0
FAB30CDB04CA028E
001309A5190505CB
F1DEF31BFC03F9AD
FE49F53DF88E033D
F8D2F4B3010401F4
F5A9EEE400E1FD5E
FCC9F4B10DBB0774
FB7A0123FD5AF563
F7C3054DFD9F0302
0BF2EC480DD00304
009803D5FF93FFCA
001A0F3FFF760CE9
F7E8029201B1F02E
E90408A1FAE4F46E
03EDF71C0362F87D
184DD69F0517FCAF
0B24E7D804C4FD5C
F936F4AD0459F761
D828EBE2F8F3F290
0604E89DE9ADF6F9
12921597FE69016D
EAA916CAFEE30AF4
FC2C134C03A10BD1
E31CEEDFFDD902BB
140EF6230071F1B3
ECED172FEF02FD8B
F95D064A02450984
1219E7B20C7E081E
EC091C0F15C9FE78
ECF9148A19B706EF
1736E7AF0516F26F
181E018BDE01FD3F
2A6F0BEFFBC2028A
17570A3601D6FB3D
FEEB04F30C48F022
DD1E01BEFCD6F743
EBE20B01F4C80C47
0BCCFC440B90F3CC
E28EF9BA0AED0D16
FA05FB79FC14F73F
0473FDF4FB3B0267
032BF8F3025C056A
0BC9F199FCC602C4
0253F78BFF8E020D
E8BD0DDA050C0466
03E3FAEEFAC00332
0B450517FE26FF1F
0C2501BAFCBAFBF5
F5E5052A03C4014C
ED730580073E08A4
03CB0632018C0794
087F0C5E09B10451
01B2098902A7040D
03B801B70A4E0545
00D7F6710403FEEB
FD58012E0E76FB27
F34CFE890902F894
F59003C401A4009F
FE530A78FDB2010B
08D5FA06F982FF9A
0008F6A10236F3CF
F43DF7FC04A6F46D
FE8E06B1076AFF08
F67205DEFC36F9D0
079C002F04A405A9
FECD002A0E9E0421
FD99FE750E07032B
F9CBFA25FC040033
0BF5F98EF27407C8
08490327FAED0516
0114003C049802CD
FE82F9320A1102BF
F72CF77F04AE0144
04F8F8C0FD0A08BA
0235034AFC38044A
03B6FF56FB1204BE
FF72FDC3074A0105
F4C1FD0E04A0FC13
FC9704E1035A05BD
058601860089032C
09270646F75005B0
02ABFDBE010604E0
0151FD080776FF46
F257043806540351
00B300E2FE6EFD60
0C61020EFC15FEEB
0925047CFF2208A3
FCBE0371FB9C002F
EF94FF8C099AFDDE
073A005FF831FFB5
04BF074FF40D0A27
1BB0FDA707910563
EBFCF7C313920499
FE470B14002AFE19
F828E459030DFF0C
E92BEAD1FA6AF9A7
06AEF4360DB205D8
0810FEC9046D0038
F9FEF6F3F889FC27
F178175800BF013C
05C6101FFF1CFB3B
FE16075812E10A21
060E008C0B5105D7
000A0610F7A8FCF3
FA5FFEB2F871FA6F
13E7F8820238F905
F8BAFA930ABD0A22
F6CCEF1503400972
EF1B00D4F822001D
F5F00873F83EF89A
004EFF75098CFB9D
F3D5014AFE1C00F2
0C0309ACECD3F941
FD7A0A13FADFF773
14A70497F7F1F140
E5110DF0FF7502EF
11F102B109490439
07E8F60401FB0189
FD7709080125058A
0D0F062D07D90382
F3190B95FD15F9AD
F9030BD70168099F
FBC205640624F6F2
08DFF59204810008
F92C0A3E0B9B02AE
F43F0A100525FFE7
F498F929106F0E22
EE4B0FF2025BF7CA
0E951736E8FC0651
FD38E878F2E1067F
04C7F3EAF4420A64
FC1DEA540B300774
F897ECA40F02FFAC
087B024BF06B096D
01CAFEE9022DF9EF
0B1E0840011AF9B6
1B9F0DDCF86B01E0
F455036D13B31014
0FEBF7B2025CFB06
0BD40532FFF0F416
FE2B1D18FFDBFF0E
088306900655FD92
FB94EE78FEAAF571
0D2714FBFAD204A8
FA37F89FFED0F675
FF31E7D7016002E0
FD42EF2D03FE0735
FCCCFFBAF90DFFC8
1913E9B1F5160A55
F7F61C9B0094FC06
0B961B97063FFE32
04460BA10DBFFC70
F7591ECA02A30A2B
099C133FF30D07CC
F856E45F03F0060F
F7E5FF3B07DA0445
016EE765FB180164
F3E9EB4802A0FD13
132AE23CFAFA004A
04591F70FD33F49B
F4E108E300F90319
0D3A00A50175F7BF
F1BCFBE2FBEBFF03
043B1A32FB46FC7A
04ADF4570C070995
01DE002F014F0594
0806F72BFFEDFD50
03A306E602840464
F8DA19DF0306FF3C
FE0C0225061BFE89
05A0F6B9FC1A0497
07A9009C0C5FFB40
FD74FC420193FCD0
EF83ED6E09DB0291
00360DECFE42FE91
0A240749FE8902DE
EA670EA91146FE19
06EB04E0FC5BFE75
FDD602F905080804
0111FED6F4E805F3
067AFC74FBEF004A
0B72EE34046D0599
F668015AFF12FE8B
EF02056706B6006C
FB61F7C7FD2704D6
05DB0579F5C204F0
FBF1FC70FB380641
F82AF618109BFC71
081A029AFD4A0258
FB90F6120EF30000
02C50457011AFFA5
F102087FF55FFEC4
0D32075A0327FD89
FCC9045CFF06F8D8
0C2FFA8C0685FEA2
1021F5AE06150289
01D0FB41014B00CC
0CA60126F813FE5D
0C6602630767059D
0052F6ABF10D016A
0FE3F085008FF85E
0DEAF3D90348FF46
F23903E6020500AD
F1C3095102A6FE90
FC3004DCF66B0407
011F120F002E0168
05DF0889FDE20B96
F38FF363F8320007
DFCE0790FB370078
E6540CA20A440747
F9EBFADEF51DF755
153E05030124FDD9
0384FB9D0B8A085E
F890F225FCAFFFBF
EABD0EF80266F157
03E30A2EF3F90432
F47AFEC9080F08DE
10130805F27E056F
1F4C30C2E7EB2219
FBE4FE06FEE2F61A
FC2DE437F2A107B1
05CAE9630E2207C1
F6A7EAE3F201EFE3
F5D4CEA002101566
FF95F050ED0CFC33
035F156F03B0009E
1C6401890D45081D
17C311A4E9E5F32A
F4B2147B1C3CF781
ED4EEDC1F8D5F951
0F1CFF0208F109ED
DF55F70DFF73011C
34410A9BE9ADF072
F658F316F990E5BE
F3960EE5FECAFF5A
14C2055700780BAC
12420B07094FF616
0B1AED9AF5EFFA7C
FEB8266BF5B6EE98
0F05F913059401A7
F5D000840BF7FBC7
F4BE0345F381FC33
00A8FF0AF6C7FC53
0B09015D0DE2FED8
159204A80251F497
0150FB35066DF67C
F6E3FE3DF321FEF6
03B4EE61F9D8FC7F
FD79FFA905BF0043
143407930A29F76A
016FF78C0AD401A8
F6F208AAFEB00110
03B1FCA7F82BFE94
081B003E07A40146
008E05C20B4DF8E5
FB0706C30067F90B
F1440DEE047803D4
F75A0C0DF86EF82D
FA49F91E02B3FA97
F30DF74B184BFDF4
12FB0363FA21FAB7
F7DA051AF9840224
F9E408AF0915FE15
FE33FBA600C1FCB1
0EFD0BFD0962F64E
0DB4008D0C71FEF9
EE94F47BEEB0FC91
02280E0D029AF9F4
0DE30A50F2FFFA10
03F8ED03F4E5F9E0
026DFEBD04D4F8BA
F4C1F0CBFF7D005D
105DEF8F0CA9F519
10A9F0C0FF7EF35D
005B0DD80703F987
EFA3EAB20B090457
F13F0401F5310033
F327066CFDA0F591
FE68027E0A35F8B8
09D12474FE2A0351
0442FE6711DC066D
F6B8FEF500E80086
E997145CE9B6FBD0
F3810E9CFD0CF894
041FE6B2FF5D02BC
07001DAB0916F6C3
1459FDC6016B019E
FAF30424FBAA0635
0917FC29F22DF9AD
0409055B0063FDA8
0EEB091602A7FE94
FF1C01D60035048F
F8E50A2F024407D6
FA4B0BEA0EE6FD7C
0AADF76204FFFE65
0BA9FD400DA006DD
FF7D034EFBA8016E
E9880944FAE7FB4B
F059F97DFD69018B
1096FCA81944FEC6
05C1010E03F703CA
F7CA143D05EBFA6D
F34D01ECFEF0FA3D
E76EF37606ABFA6A
FDCB0FA10080049D
FE38F339F8D9FCB3
FC06F644FDD8FF61
FD66FE02FC6A023D
E900F54004760097
FFE60373F7F00CD0
FEA2F762F905FA52
0684E75A0E8A0292
0D66F595FD6BFBCB
0CD80D8BF8CBFF03
011D031711C20C92
FB21EFBB0A33FDEC
FCBCFE96DD72F715
F60808C4FB16F441
F767061B0B8AFC87
F7D503BEFFBFED49
FDDAECF2005D091F
FBF4EDC3EEBA0207
E4A3EB33FE0105ED
16D1F64BFEFA01D2
F2B5012A14F0E52A
FF81FE7E0DD7EFE3
0C31213003D700C6
F83B1606078216BA
082100100AEA06D4
0476FEB10040F53B
EA60EF2C071703FD
FE89007B03391616
EC49F508037E1A8E
0311FC9F0CD401FE
FDB4011FEFCA058C
FC5AF90C12CB0946
04BF1ED4019AFF9E
FC4C054D14520AFA
FB731238F766057B
0456070A02B5EBAB
0F75143E0151074C
03D3EF0F051CE131
E66FFFBD0D3A0168
0CC4E4860A35055B
F7B8F01807FEF62D
F113F72BFB9D0AAE
10C7DC88F7FBFA8B
0A38D791FFBF0654
FA21DA41FF44FE9D
0BD6F40C091EF6D2
F6650B92F3FEEFC5
00410B4110C909AB
0C6D061104230CBC
F34CFC19FB65FA38
F61503C80EB4F8B0
F9C20B48EAB1EEA5
FFA501B51E2F028D
074CF88D11C1FB7A
1856EE93FEC109DD
0F4DFE890AAAFA14
E7360CFEF732E150
064F122E05E1FEC1
0FAD07A5E652EE1D
2F2AF7F2F9BDF912
EA1607DFFCC6082D
033B1597EE6EF54F
062115A0F76F0015
021EFFF9071AF90E
0BC1FD3C076C0A23
065B0442025E0DCA
FA35F39C019B03A7
065AFF2DF7AC0094
FA360124023C01B5
F3DB12700C8C032E
11CB02C5108F0B40
F78AFED005BA070C
0F12FC72F9EB0377
029AFB22F9C107AF
0718FD910415F61D
0ABB06FA0B76FDA2
00A4FFE806D7FD0A
FCA6F3C1037406D2
015305E1FE3104B6
FFFE05EB00F10439
FA89F5F3FA7605A2
06DF01C70BB3FF9D
F899EE7FFE80FF21
ED83014309770234
F50AF43E0767FFA4
E8FE0608FBE9F680
045B11C6FEED0506
F488FCADFF5403CB
19E902261043F819
FE500F58FF950072
0149E46505AFF09C
FE32EA33FAA905EB
F3DF00B0FF0B074E
14A4FC360B57F9EF
113705BF0E1AFC7E
05680904FE30F822
0B62FC25FAD50C03
F718109D06250434
16F2FA8F01CC06A0
FD8D0449083704CF
028AF670F663F991
FFA90016073DFD58
FA6CF8D1F91EFDE1
086DF8C80488FDF5
E57CF7D50ECA037D
EE5E0152F106FD3D
FF5D056FF8AC04E1
0B140D15FAD50803
15B607350AA8FC08
02D3FFA703B50267
FD6200A50326FD7B
FFBA026FFC5DFC90
F9F1FCD2FE35FB59
F9B0FDE8FD1A045D
02260A73022DFFFA
FD33031CFF5C01EE
FE2205F3FCF10262
036F033B02F800F4
031306E301E402CE
001AF7BEF78A0060
055D07E9FE9A041E
FC8D06F3006B0162
034D0763003800C2
031D13D6F9CCFDF3
01CC01A6FF94FCA1
FC0C025E02B005AE
FDBDF6F3FE860602
FDEB02C100FB007B
03A105D2FDA20565
0317F71E050B0261
FCCF09E8FB29FBAD
0002FD6000DE0005
FB4A08C00085FF02
FD520B250206FDF0
FE37FB030D2A028D
F75DF3ED0060FDAE
F9B906C0FDB6FEC4
FB7DF6AE009AFED5
F95AFE52FE95FDCD
F4180970FAFEFD80
001E08DBFA13FE01
00CD01AAF96200DD
01E80584059300C8
04E3FC9704100065
059FFF87FD20FEB5
018E015E030BFEC5
FFA3F4AAFC290128
0445010CFD9203E3
021CF8A20641FF51
00B2E8A7032D00C3
FE56F70CFED80417
FE22F5BA036AFF56
0128FC04FFBB0384
003BF44500230233
0355F63F029F0175
01FE016A017E01AB
FD55FA4103890228
0348FA010128038F
FC8BF95E06340391
FFE202CF059B0064
FCA103D3FFC3FB71
FA1804B4FE86F96B
FB5CF778F881FF91
F98BF4F6FFB204F2
007002D2FFEFFE97
059F040FFC0EFB27
FDAC03E3FACFFE07
FD0000F703910049
FAF9FE4605AC0561
FED706B6FF95FFC2
FC8BFF52005FFDB9
FF03FE4BFCC5FD1F
043BF4E8FD9803D7
03670079052A03E8
05FCFDEC04ED098A
F861FF2502FF00DA
FFBDFE88FE5EFB73
FFCEF59103650110
FFB30B0F00AC024C
089E02C301E10086
FC5701DA03150087
FF0EF5DAFE0CFB14
01F3FD3801D80067
00680952F965FEEB
FE8B0F420052FE00
03CA0386F45EFD48
FA4A0A5D0450FFC2
0134041501FFFDA7
FBBD105C00B60229
FF71056BFE32FA6F
FC3D02E50323FE0E
FDEF061207EF0082
00F7FA08FCB30317
016D05AAFD2D013B
FC2604CF0036FF21
01AE03A3FD3CFE65
02700648FFB8022A
05D80B22046E040C
052EFF4502A4003E
02E8FA8DFF97FF60
FE4711C9FC45FF67
FDD806C4FB1B01D6
02E4100C00A5028C
FEE10DBBFD76FD11
00F5062A0266FFCC
0067FCA9FE55FE10
FE820627FEA8FBDF
02B40A71FD20FC55
FD64FB1DF8750085
FF44F64300D9FE18
FCE8078C023CFDFD
FE271366F7D2F891
0073FC0D0271FD83
05EDF5B202A9FE7C
062A0E1C006EFFEA
FD52047AFF25009D
FD2404DBFD1503DF
055400D5096C040E
05F302CF0617FF21
F57C030EFED70359
FF61FD9FF9C6022B
FD83FA49024D0781
FCDE02CBFA620368
044D0E21FBBEFE1F
FB3AF9B6FE4A0919
FB7E0724FDD90040
FF4FFCD202500429
02C400450459FF0E
036D0D63F5C7FA3E
034506B009950037
0082033008580158
FE25FF0F00A8FDE4
037FF741FF23FDF9
02550490FBB60137
01CA158B0EF6FB5E
FD6602D0F776FAC0
F7DE0E43FCECFBC0
FCD30AFCF8EEF893
FC910714FBC5F8A5
FF45EAB5F515F328
FC75078EFD79FDBB
019705130022FF2F
0903090AFA2A05C1
02B0022C0173FC6C
FF2B03770230F93B
FF770B50037FFF6D
FEB9FF78FFA801F6
0C4305F5FED2033E
033001DDFB03FF50
01C105FFFA78FCCD
FEA909DD030EFD64
032800F801990152
05DE03DF000B043C
06BF09D4FF8A019B
0486003DFD2DFE62
F7BA04A3FC5201F6
FA3A006E046102A9
FEBDFDD000E10479
FA5202F7FA5FFECF
FEE8FCD4047600B5
018801350100027F
FFDBFAB1FD16003A
FFE1F864FD23FE4D
FFF4F062FF4DFCBC
FFB1F9B2FFE2FDA2
06F3FD2EFCF40195
FF99039CFA3702D0
FF610E58FA9903DE
00A60465FDE7FEA6
003B003D0C8BFCD3
FC6EF7D20629FE8B
FEB3F388FFED004A
01FA039F0007FD9D
FE5A0814FF37FD79
FD400402FF2FF92C
04D805DAFF1202D7
0205F878FC5C0069
0388FF70FF15019D
FFBC0945082C0341
FBF2091BF5820013
0993FDDCFFE1033E
0B370CBDF8690033
0663F1E5FE4902CB
0330F955015E0289
039704A0FF09FCC1
F7E50AE60BA0F664
F3ED06220123FFB1
FF55FD3BFE00F83E
FBDC014FF69AFCF0
FBC20359FE4EFFC7
F7810679F571FA33
07411098FA500507
0E9E0BB206220022
03AEF7C004C2FEA6
FC4705E4040BFD68
FE8A0590E702FAFF
094703D500070D1C
022BFFADF89005D8
FF98063E060FFDCD
FD6FFCA10D92FBE5
E46611D8095AF499
FF28062E05190517
053E005E0179046A
03070214FEBD00E6
090B059D01210305
F4C41A0AF17BFD8F
010902DF0022FEED
FE32FD14035EFD00
0769F40E02CE00CB
062BFC08F402FAFD
FFAE1357F85600BE
0778080405F304F6
0693F972026E01F9
FF77FA92FFCBFFD7
F8D101D600B60523
FB46020EFD5A025B
FEC404C7FF4C0397
0059FAE0FEF50381
01E0F710FDD0FF32
FB7A0BF1040A0103
0055FCA8FAEE027B
FD5F0A2CFD8A00BD
032900ECFE1900E1
05AFFD5F02F3008E
00D7127C054CFF47
FAAFF5D4011D0094
FE24002D00560117
02A8041CFB6FFF68
FDF1050202E2FE99
FDFD042901C3FEAE
0361FB1803CCFF98
05F50669038FFE88
FEF1F22B041F004C
FAC10664053A02DC
030DFEEA00C30248
00B70223F99BFEDF
FE900BC2F7B3FD6A
00C703FAFFF1FEF6
03F2F37AFC1B01ED
00F904C20162FBC2
FA0109DE0230010E
F93405E402CDFFAC
FF42FCF90247032A
003FFCC202F6002A
FF24059C030CFDA5
FC3E0499FB63FE8F
FEABFA26FDE7FF48
01A0005FFE9AFF38
0390FD58068E03A8
0293051B005E0113
FF3909D5FCF6FDE1
014E022FFFBD012C
FE6C047F02DBFEA5
006BFD7C07B602FA
FF0DF9D500D30243
FBD10C2F01BA00F1
FDE50131FE600273
FBDB0211FF8300C2
00130308FD56FCA3
0146FA6FFE9900E7
00AE048B033A023A
FEB90BF0039500A3
01BA0A9E08B70798
01D9037F061806BC
00CB048A056602ED
0085036F0264005F
018CFDC302FD06E2
06E60237037F090F
0552018B03B8055A
072CFFCF03FD06B3
0554FA46FDD70472
09B4F7E6019803D1
0744F8C6FF11087B
0805FA22FF2E0641
0564FE570008058A
02D4FF3801E00393
06E3F9FF01C601D6
030AFBA704A30792
02E8F97303FF0645
055801C500630214
03C705D503AC01D9
018B051A052006F5
03FC013304A702D7
013EFF0E00E904B8
02F2FBDD04670446
0DD0FC000E730AE1
FD5A144FFAAEFE8C
FD35FC12044FFF92
0A58011000BDF5D8
0CA6050DF64DFAE2
0141F3A50234017C
F5DE0C770BC2FAC5
FF6EFE340628FEAE
01EA019DF5870354
FEC1FE83FD6DF839
FD9A0A13ED47F5F8
03D70B050582F9DE
FA2AFE09FC2DFCDE
FEEBF9BBF9CCF7B1
FE7BFA2FF73FFEF6
EED90FB70020FBCB
0617FFA804E8FD59
F2B9F8180467FE3E
FDFD022FFB7DFA9B
04DBFFDFF873F573
F4870BC80CB0FEBF
107A0379ED300445
0999F8A30310FBF4
04B10BFCF9910057
FBE90B6EEDF0F57D
FE15FB58F9120357
0025011601D30667
FD2E090D023A0139
F9EB0BBF08A2FFE3
EEAC098FF8BA003F
073BF77CFEE4FEA4
FEB0FD40FB24FEA5
FD78001BF2CCFF3A
0388F578011EFF51
F930F514F584FE96
FFEE019D08DEFD6E
FE7501340496FFC9
FA9CF31AFB32FE8A
0478FC73F4CAFDE3
F83807790891FED5
038A0F96F858FD7A
069117C8052AFF32
024CFD620BDC005E
06E2F6B0FEAC03D3
019C14350713004A
0404FC39FA3903F7
0900FD0BFAE0FDF2
14B6FF90F9910054
0D53F11F046B0630
04AE067504CBFE6F
077FFD3E07F3FC46
FF3E0031FD940007
FCD1FF93FE7DFC08
FC7EF6BEF63200C8
0626F77802560269
FAA8F40DFB75FA40
FDAE07BFF871015E
FEB30BB1FB7EFDBA
0431F5750A36062A
FD4DF1850BD70766
04C1F98BFF15FD74
01D6F2D8064D038D
FC3BF667FD1AFFEF
FD2005E201CA01FF
FA5DFBBA0ADF0421
045A0C100522FF2A
011D019F03DCFE02
FA6AF24CFB16FDEF
0444FE01FDEF0031
FFDE06B1021FFDF2
FF1CFABDF858FF2F
FE12FE1E0288FC35
077009AC02E2FD33
07A5F70C016EFEF8
03D5FE270389FBB0
FE97F524078D0268
FFDDFD5F01D4051C
FA96F45EFE9302BC
FD320BA7FE8400D7
F9C9002402E80450
FBFE0A77FE7A0044
000DFC220227FF23
F964EAA505390480
FDA402F6F84FFE9F
FEE606B504DFFBFF
FB950600F5D8024A
FF100580FD660208
FE2CF3D80453FF92
FDA4F66BFEDE02DF
FD9408F3FA3F00F7
017C055D03DF0076
FF680B34FA78031B
037AF800FB5402D2
FD1BFE100A2601CF
F94B09F90BA201A9
014204E70DF1FFA9
FEA30218069101EE
FF15FFE6FA1E026A
01AEFDB7F993FC07
F7FD04FE04F70289
0286F30B0173FEDC
03EEFF7BFD5C015C
04140F3FFFAB01F8
0105FEDDFEF1FFC5
FFDAF4FAFEB4FE53
FD95FF09006C0453
FE7FF4C9FD7F05A3
02A30598FFE60237
04C40691FA26FF9D
FBE10DEFFA5BFC94
044B0475FF6C025D
0242FBB1036A00A3
01D9008FFEF7009C
0574018DFFEC0398
FEA70DA2024602F6
FF2207F5FBC3FFCD
0485FFFE04450172
019CFDB703D101DC
0336FDDF011D05BD
01E0F66C0296FB50
FEB100DC027A027B
0685FDD800A7FF11
FEF30207047F0437
02F31322FE58007D
011BF9A10339FA8F
FE75FD70FFAC00E3
FCAA01A9FC9C01F7
FBDB00E6FF6A0205
01CDF6ABFE2BFE6D
FC140C48F775FE96
03E6F54B017F02C6
FE0B02220026FEB3
FBBA032FFBE00309
FE0DF90CFCD202C8
00E9FE00FE21FF52
013FF58100820110
FF31FC8D001403A7
01F70D7700CF0011
0177EC4F01A7FCC0
FF5AF70DFAC60078
018F037EF7B8FE5C
FE5303D8FB3C02D2
FF050D0A0678FFB8
004EFC99FCADFFCC
FFF3030FFF7100A4
FD2F0134FD6E011B
FE930F2904F6066D
FE1AFD5A0035FC07
00CEF971F9A7FCA1
009902C901B4005C
0C10048D1018FC9A
00AF09CCFC97FCF0
FC0DFD99F92802F0
06DBFB0B051C021D
0CF00F90FB0609A3
008D07F2088E03D4
FB7C02960577FFC7
FC41F10607D9FA6F
FF370A6905A70012
01EA0A8DFAE4008B
FFD8FD6E01930816
02DDF8B802B20646
FBF4F97F00E3014B
01F50683FE6DFC60
F69A0136FCDE0160
0620FF92FF220328
029EF888FD9F03D2
00590CBD03F30054
02461684F9C1FCAF
FBA60BD20834FDE0
02BCF8BBFEE9FF85
0671FC44030E0387
FE1CFCF6021F0577
FFB6FB90F9580400
FFF408F6022F00D9
00180AD1FBC00316
05360833006EFCD5
005FFE34FE1BFB55
F761F14900BE04B4
F8FDF6F1FDE3F9A2
06201310FFF80257
07EA02A3099FFCFB
018001270EF2FF91
026AFDEA0876FFC8
FF79F488F9710021
00D40C24FB14FA46
FDB40360FDA1FF63
FC5CFD030E23FEAD
0424FEA005CD01CB
0AEBFEFF0390057E
FA310647FB0DFD85
FBD306CCF5C5FC29
FD19012FFBDAF7B9
FA25FC8904DF0278
F8EAFD16FD2D011F
FA66170A0CBCFD06
F9280C2B03F9FF4F
F78EF30A01F9FF02
FA2C003B13CE02DB
FAF3011E090B0073
FEB1F8D901E20319
00ADFBEEF9C4FAA3
0172014AFF05038A
0692F606FE93FE79
F95F023DFCA9FF4A
FD600E8FFD2BFADA
FC9D075602740015
FDC8FABC084FFDF8
0434EF82FDAF03C4
FF390132FF62FE7D
FC1A1523FDDFFAF0
010802E90753FC7B
FE5AF1840AD2033B
023FFAF6FE72FE1B
FDBB0ED2052EFDFD
FD29014DFB2E01E2
FE1A0343FFD7FFA3
FFDA016108BB028C
FDD1FC8201FE016D
FD69082200F1FCAD
FDD4E194017CFE55
FDD6042502D6FD0F
0285050A0433FEEB
FB0EF238FFEDFB60
FC61F14EF70F018F
FE9F00CC054A0084
028404B1055D0405
01C608C704270526
0053F65002B201C1
FDC70071FEA7FF8F
007BFBF4FFEA0301
044F01120000020A
070706F2FDB400AD
FFD4FFC4FF970069
FE9CFDF40007FD25
0589FDF4035304ED
07A0FB8703860623
065AF6B000AD02DB
00F9FF3DFD0F01F0
FF8B01D4FE7FFDE0
026C016002AF01C7
0221F94C00CE01B3
0228F5C8FD9BFFD9
0171FCCDFFF6032E
011102F2002BFD25
01DA025401FB0034
0197FFB4031904CB
039AF988010B02A7
008DFFD3FCE90024
FE340401F9580038
03A1FA28FFADFFF0
037CF98E03EA01D6
00A40820FCCEFEEA
036F0197FAE4F658
02220F39083CF5A3
03B7F7720177FBD5
0663FED2FFF40230
0439081E00600928
0341097BFD5804A7
078F032DF1ADFA50
FFA8FEF20177FF01
0467F7FBFCC6FE5E
03EA0575F63C00CA
FFC015630EA70118
F61FF961FA88FDA9
052904CC026303C0
0967FCB8FF2905AF
075904E60A7706ED
0A0C0B9F08B0FC36
F22BF89CF9E6FFF9
09020DBEFCAB0104
0776FEF5048B062F
FB9BEBBF03050701
03B6FF0EF691FEF5
0C5DFF7BFDD900D6
FF270029FCD702F7
FD6F07920439FF57
012CFD7AFFBE005A
009DFE64FFDB0307
FE7D0572029404DA
FE41030AFD6F028F
0449057D04060231
07C2FCD9016504B7
04A6FAD90196FFD2
0498F846FFF80285
00280105010A0185
03EE025102100410
04C3FAEBFF4006CF
0705008A018A0243
00BBFE5D021904B0
01D50018FF3D018F
020DFC57FDEE046A
0292FC3BFE8F0377
015701FCFEAB0443
FF0304FDFD0901B7
01C40297FE10FEFC
FDAEFD22003CFF9D
04F8FB73FB2E0066
039001F5FF9AFE0A
0024F7EC015A00CB
0065FDA0FCEE011E
0106036FFF38FF2A
0155087FFCA4FDA8
07F8F8D0FE0C00D8
025EEFD2FD3D0468
03F2001A0434FFC9
039AFAF5094B0524
FFE10731FEAF0041
0213FC1FF72FFF73
0275FFC40589FD69
FF7CFEFA0378018B
0562F94805A200CF
FC6FFB24021A031B
FB5A0E2DFD5FFF86
057C109F093BFD87
0169FE4802ABFDFE
064DFF6A09230397
0135FB6D045B0193
FEA00C5603AAFC6E
000D0503FD2DFD0D
0183FB27F4AD00A5
011704FA04A3FE36
01CE0582FB0CFD9D
FB5F009202A8FF4C
011B0507FE70FBAE
0259FDEA01A10053
02A10842FFF4FED6
FD46089D042C01AF
FFDAFD310081FF10
0199FAA6FF8CFD34
0164026EFD25024B
034CFC16FC8603CC
06B905800428037C
FF8DFFC000DFFEF8
039CFA2DFD6AFECD
FFFDFEE3FD66FE1A
00BFFBE8011102DA
014BF9F0FF37FD61
FD6F03CD007700CE
FE040071FF69FE10
FB89039D0095FF3A
FF5A034401F6FE08
FC2C0403005CFDEC
003D08DD040A0167
015F0A1406860043
FF3A04670275FF56
006AF9C6FBFB0020
FC3AF631FEBB029B
026D0806F9EF01BF
058FFCA0FF13FC7A
FE2900FD0184F91A
0A50027B038600F9
00CDEAB3192E013E
0082F70DFF620190
FC03081D016FFEBB
FE60FB4706C806E0
0071EC750949002C
06E4FB90045401E6
00B400B0F5E60455
F69D0F8F1129025B
0A1FEE7302690384
FF72F138FEB0FF13
FEA50854F40E073F
FE98055F01BD05B4
072C07B90E6902BD
FC66EA6B023FF8E7
FD9407F0FD32FBE2
FF1F07BEFD6C00F5
FAE8F631109D0BBE
00460174F588FD31
010E0B8BFB60FB81
016BF8CBF812F562
09FF14AD1278FD60
F788F71F17D7065E
F8B7FF13FBD5F878
0067054DFEC00105
032D0932FE6B046A
0120F83E06500444
008CF418FEDD0096
FCEF0ECD0405FE3D
024E033201470177
FFCDFC71FF90FF4B
FDF5FF4BFCFB024C
00D8F83EFBE5028C
FCAB050704D9022E
012A06BE0138FE8D
011A097DFD090216
046A0D69FA7CFE21
0375FA5C02030293
0386FD27022BFEDD
FE0B0315FC51FF25
02140CFB043A0218
0277099A002A0299
008F012AFB4CFE9E
FEF8005E06BFFF95
FF80F9D1009CFF45
0191026DFDC700C5
FF0D01D7FF67FD69
0029FABC007D02D3
FF62FDECFC65FF8B
FDD6FBC4FBE3FE24
FADD02B0FCC1FC1A
FAD30A51F8D1FEDC
FEB600E7FBA80201
FFD8F480F8C6011C
0011041904F5FDCB
FA9F018D0122FE96
00DDFC8DF8D000ED
0027F726FC57FD56
FBDC00DAFDC1FF33
029B07B40035FE5E
FBF200F5FD0DFBF7
FA3B001CFD94FFC7
0111F8FB006FFE1A
FD17FA55031902C2
0622FB55FA49FF93
033AFD11F97BFBCD
0335F64FF81AFE88
01A403C3030EFF72
039DF7AD0572FC85
019BF4DDFC420145
03A4FCDC03060010
014EFA4703090686
FE890216FDAE0427
0002F860FFF2FF09
030F00DCF7CFFD07
03EA0BF0039B0027
05950081FFEBFF6B
FF2F010F00CFFD38
FF45FB9C0011FFE3
044108350186FD86
056E03E502D9FED7
01EEF8E1F959FF9C
031CFBB6FF2FFD68
04D503DF00080156
014C07DDFDEDFFF2
FD0C03FCFB9C026A
FD98FC3AFD5502A8
FAD3FF44FF77FED7
FEF5F633FD1EFD32
FFF70D2D0207FE27
FACBFFEC06ECFE52
00D30793FF8E009A
006F06F801B00004
FCB80655FEF0014C
FD6F02B8020CFCD7
0285FF86FCF9FDB0
063501D9F9B00266
FDEE077900E901A5
00C7073BFDEA00E1
13AAFBDD0A8D0260
05A80BC8119B02A3
04120455110BFBE7
FB9D06ACEC9600A0
03E7F5B1ECE0FB24
12BCFB6D00D100DA
0968F1DA06EE0372
149A041D04EF0312
025701A3F6A00059
FA12E883EF9306E6
02C60449057C042D
05AFF4C70B8E08B4
0AB1FCDBF191036D
F9E716C20018F72A
E5CFF9BB07BF0087
0D9FFF30F6B90584
0C8001EF0FB207CF
0522F7E7FB4BFEFF
014907360D2905EF
FDF6FFEC07C70443
02F4F83CFF68FF64
10700243F8D3FCD3
06DC02C0F740F63A
0BF502C8EFA1FF26
07DAFE870D6E0081
00DAFEE4FBDC02F1
0354F53DF5810178
FC10FDF0FCD9FC66
FC80049204E2FD8A
05AC0CE401580403
0110F93DFEC20159
FCCA09A903A8FE2E
FC5802F0FBDCFE39
FD6CF4C60252FFA5
0166FD35F946FE13
01CDFEC1FF0BFE22
018E03F4001305B0
FEDD01C2FFCBFDBA
050507B8054302B5
02DB041E04D0FE7E
FD980623FE7A0087
FE2BFEE4038001D3
022D08D301C5014A
FFBF04A8FDFCFD4F
FF4306B1FCBBFB83
0147FF63FD080195
032707B1052301F7
FC1E035C0344FFBF
FE5DF81001B5FA90
FCB3FE10FB98FE5A
0169025804290331
02930BEE029E009E
05850581FE72FB73
FEBFFAEA02FEFDF2
FE1EFE38FDDAFF1E
0099FCE100CF00F7
01C7030804FD0539
FF3203A5FDEF02DC
FFD80513FDB60209
03D3FB97023A013C
01E203CDFF0DFCB6
0266F6A0FFC1003B
02FC03C2FC7001AF
000807A1FD61FFE2
015C00C805B0FEC5
FE2B01AA0110FC41
015BFC0404B5FEB2
043E05F4FF1F0316
0288029EFD9BFF00
FC3002A102B502C2
019EFAC0F6A7F9CB
02AB02A4005FFDE5
02B4083800B80378
FD6DFC67053FFDC3
044707B10309FF5D
FC1EEE7408D7FBA1
FCE403260044027F
FA85FE70F7DDFDE5
FA8101A403B1FC58
FDBA0C58FE12FE9E
05F0F6F20542FEDA
01940B36020500C8
06AD0092FF7500EB
01FA06330936FD6E
F904FEBBFB130092
FDD900A4FBF8FD71
F3CB0C33FDDAFFE3
05260416FFC9011B
FF5D067C04BBFE0B
FC6BFBD2FBCE01A5
FDA8FE7B062EFE42
FD77084D001CFCA5
05BF01B808AF0163
05770754FC5A01A2
FAC4FAAA050A01B0
FEE60E6900020210
FB55FAF2FEACFBD9
FE51F390F6C202B7
FF631094F8F9012D
0321F96C08A6FEF9
F6A1FD56FECCFF81
FDCAFCE8FCBE0221
03530E960A37045A
076507850964FF69
0441014C0146FCF3
FE8D060CFAD6FF7E
040C01D3FBB40A26
0B3D02C400600DD6
0C8B02CAFF500564
06E20DEB01E2FE87
FA03F213FA8CFDA2
031EF264028E0648
0805F3F207750891
FA8AF7DFFC2B021C
FD5CFB7EFA42F9F7
F80A155AF2E4F530
F81B0BA002CD022B
FFF2FF6DFC37002F
FF9DFDC1FFBFFB0A
FD08FFBAFA3EF6BE
0608FDC1E553ED9F
FBC80D20F9C6E543
FB720C2FEB01E2B3
FD6D151EFE70ED8B
01F9043613D7FA8D
FEEFFD98FC40FDEF
0013FB3CFF65FF31
FE72FBEF00AC00C1
FD6006D4FE38FE1E
FBAF03ADFF590051
00BEFA5FFEBC0214
01B8002B01F8FFD5
008EFCC8063C05A6
FF1CFA9DFE3CFF30
FC9402DAFD74FF36
009AFADAFEE3FF93
FF16FF8EFEF002FC
038C02A2007103D0
04C606C3FC28FE51
004A006AF9C90318
0197FE6FFBEA0297
0604FABC009E0186
FDEF042000DDFEA6
FFD3078A00840392
FED0F608FF16FEC4
FE2709E4FEFE0074
FF73F97902F8FFAD
FF6DFDBD002501F6
FD8CFE86FDD2FBB2
FB80F35BFB9CFB36
FF62F15BFDDFFC5B
FF42FE07FC0B0159
026DFE970429008F
FFFE02680073FF48
023DF8A104C300E7
FD92FF8CFAF2FE25
FE0703B1FEBDFDEB
FF22FF1DFDE301EF
048901BAFE8A036D
0246FCB5018300FA
FE330040016200FB
02C204A5015901FE
02F5066101080605
0004011E01FC0118
03F008DFFB20FD01
FF800768FC49FDFC
02F6051EFF28017A
043B01C8FCB0014D
FDF4FEC500D00338
FF5DFB4B00D6034A
FDEC02DEFA6EFEAE
FCEAFFD90128FEB2
FD3F01850020FF9C
FFB0FEA403FDFFAE
FAF9FA6FFC490187
FD8E0BB4FE93FC14
FC3F09AAFD16F70E
078E0427FB0DF8F9
0888083A0269F6F9
F948083EFDF4FA0C
FB9B02C6063EFFE7
FB12FF910146FE1B
FEFBF979FC700335
FE89FC46008CFDB8
FD76FF3A019802D6
FC2F014C0055FBA6
F7280322030CFEA9
021605070358046E
056104200176049E
030EFA21FD390181
FFB4087FFD20F9A5
F5C00CFEFFB2FB5F
00CF0509007A01C1
FF64098C04A90312
00EFF80C0971FDE1
FFCFFFAEFF55FCED
FE04F7BCFB55FD50
0104FCFCFFA40044
008C09CFF8D1FCF2
0070F9DEFB5FFFA2
012AFD02028AFF9D
FE740365FA9E0056
01160916FC60015A
02E604E7032E008D
FE62F7F102FB00FF
FEF3FE820182000D
01E8FE4603B90291
00C8FAAB00F600C4
02B1FE2BFF20FC0B
026301DB00FA00D2
F96FFE8BFD300005
0081009D03B1FEC2
02E702E30028FE2E
FE45F6E905EE0219
FD4DFBA20388FE70
04BCF5F102180453
0433F9FA03970502
00A3FC90FEA50282
0295FD040190014F
FB49FE8EFD8DFB8B
FC90FBC2FB1901C0
FDF7F911067EFE96
FE2AED95FEDBFD89
005BF957FCC9FDFB
FD4A09740230FB11
FA31FA90009CF986
FAC4FDE5FE09F99B
F9E0030807FBFE06
F3DBF3DCFFAB0413
FF74F075068503E6
FDD5FD61F73F048E
0369F314FDC90606
0783FB6A09BF0574
0171FEB407BFFDA3
082C03DC0381FCA7
0358FE22022A0BE1
0B55FA71FEAA0DFB
04C60451F96002B7
02381265FD0E005D
03E6097D07D50088
F91DF8A309B312F3
FAB706CF13660421
F7A0082207E6F7F8
FBCB07F2F7C7F85B
FB8A161A0DD90224
F87804DF01D8F19D
F4C11C4D0408ECED
0087245C0935ED08
01EB0B54FA110320
F9BB069EFCA2F2A0
015CFBAD025EFD4A
04AEFDA901C5FFF3
01420B8BFF790045
02E6F96602A20188
FFF1F572FF7902E1
FDC1FCA3F8C3F84D
FD2AFB62FC15FC4F
FF660B4BFF83FFA6
FDAA007C000AFE64
007703920122FFAC
FED309E1FE1DFD16
FBA7FA8100F80103
0139FD7402EA04A5
FF2500B1FF72045F
FF37051A02570349
FEC00D49FC59FDF2
FEF307ADFDE0FDE1
019AFB57034AFFA8
017B073E01E6FEA8
00E20243FB9C00DE
FBA9029E0272035E
FD54FE4AFCCBFF9F
02A7FDBDFB2BFF80
FD2A03F1FD0A0200
FCF9FEC4FBEAFC9B
E84104F5188700C1
F6E610AA0A7F0902
FA630DB511D00AAF
DF0407CD0A6F056B
FADE0D7E135AF76E
F3F9001BF402FE89
08A10ED0ED41FB0B
06EDF8BBFA8FFFA5
FF9FF1F2029AFBB2
FCCFF077F094F13B
F60905E5F546020E
FE47177C087FFE8D
FA0EF5A303670614
F12E01100CC5056E
0DE203D8FFBFFDA3
F70D08D4FE570106
FEA710710A9EF75C
FA6D120707F0FF03
0036F5E3FDB1FB3F
FF5808A6F50EEBE4
0718FDF4045BFF3E
0969074E01F5FD10
FBFFFF1A057EFAFB
F948FBC20F6C07DE
F9E6FE3D02780682
012C1F06FE01EEC8
013203C11144EC7C
FFED0265E8EDE9FA
F062FE820863EEF1
F92FFFA20F16EFD8
F85B0A570057FD74
F951F06107260E99
FF4D04FBF76508BB
03ED0680084E0270
02170F74F8C209F4
EB60F68F07220062
FFDCEE1603F70732
145D1301F82A0BE1
FA3D0E88FD810136
FC1312DEFA33FBA4
F47B0F2507ADF96A
053F02560DF002E2
0835165707E40769
047C0CEF0B13008C
FE26EEFDFF3DF014
005C14080484F5CC
FEA0F963FB0605E3
F2710564FFB8F445
06D90E220798FAF8
0D21FEA2005FFE9A
FCE0FFB6FD72FCAB
04BD0334FA3B0016
FC97F28E0412FDD1
FDFAF45FFE0BFCF9
00EC0808FD8AFDE4
FC360369FC5DFEBD
FA7307B1F9B2FC8D
FD90F68A02CFFE98
FF60F72E0230029C
FD5B065B03B5000E
FD70FC88FE5AFCDC
FC7806EC0009FE75
04EC0BB0FDC9FE5E
071E01D60BA1FFAA
0225FC6C00A402BE
FDC0FB23FD53FEA3
0320012E024601AE
069EFD84FADC048B
031C0FCFFF14FD97
0363F8C60142023C
FB5604B601CEFC94
003802C103B3FD87
FD5AFA1F06060321
00DFFE7DFA8602F5
02FEFCABFB2F0018
0034FF530554FB17
F750082405020118
075CFBAA0107FB8C
01C2F25C03C9FC6D
FD1BFA900604FED8
F9F4066BFA44F5B7
FF250C670597015F
0269F45DFB7D0166
00B3F64AFB1CFC1C
FCFF03B7FABBFC0D
FFCD038DFA030245
FC96001CF8130305
00FE00FFF8ED0430
062808CFFF840337
0625F9A5048203A8
F95011F00251FF63
F84F00A103D7044D
FF40FF83FCEA0111
FFA90340FB2FFE53
FFAFF9C6F9CAFD80
F7F3066304D9014B
FD39FD5C09A805EF
FCF2FC1B07AFFFA3
FF34FD7F05B2019C
045C018F02FAFE87
0026FBD9F9EDFEFE
FD86F229002FFC8B
FBD7021300A9FF5A
FC07FEC404BCFED4
FAAD03E9FB49FD25
FFCAFA73F6B5FC26
01A50BB403B5FA2B
053704D50411FFED
FE75FF8F052EFF30
FE69FDABFAA90163
FED4FCA5FD4C0241
014D0CE0FA8F046B
04EDF4B4FA8B00BB
02C606A203C4FE62
043FFE30032E00D9
01E6FC3BFEAA0186
FF6FFF8EFC5300A5
FEFFF9E2FC500304
FF070174FA99FD93
031F01200005FC96
FD67FAC8082C0026
017306E3096400F2
FEE6FBF903F70338
009805BD04D3FE2B
FFCDFCB6040EFF03
FDC90550FF67FF37
FCE710A7FCD70017
FF0F073402F900A7
FBEC0B6B0374FE58
0245075AFFAAFEA7
FC0FFCB1FDA6FF51
02E2078D002D01E9
05FB10AF04880207
028EFF8E0125FEDD
004B0138FFCCFDBD
FEC8EF36058F02F5
0353F9EEFECCFEDD
FFF8020EF8D6FFD5
FEF4025A0506FD0A
01B3045F083AFED8
035DFAB204320151
0367F314FE080050
FD06F85EF8970028
00C3091AF9FCFEC6
03FC03240191FE08
00B10AC90314014F
FD420581071F01EA
FD44072003F4012D
FCBE0421054C01E9
FFA40C00FF3B025D
0BAAE0090CB0F757
F2160C1D070AE79C
F6C20C3F0EA2FDA2
F1E6F8D103780224
EC82034BFC87F615
0012EF00FDBD0267
FF9DF2A2F28A03B5
078EF9B6EEC50E4C
09AC0266EEE40389
016D0B76F8ED0794
FEF5073EFB7CF5B7
05CA1A26F669F8C8
09DE0A67FF400D7C
07A3FFE2FE990197
05AD02CD08C306BE
FB0B0A790288F764
F816016AFDA903B8
012DF80B019A02CB
FD97FE9E0697FEC6
FD7F019002370245
00CBEB30F588FB74
FA5EF0A0F462FA82
FEC6F87CF59F03A8
FEACFF85FEE4FA99
021CF8200A9608C0
FE0C0534F4F2F2A2
F43406850067FB37
FF11120E0942FFFA
0578FD3000E0FFA8
FCEF0BAD019F043B
FA5700EEF8EAF145
FB601324F9AAFD2C
08ED0A87036A0532
0775FEA804DE006B
090B072104C7FDE7
0088FE460270F8D6
00A807FD02C4FFCA
0099F9BAF62105D7
02FB03C4FAAE013B
0753056EF9ADFD32
FF97FB100E45FC96
FA7A01040AFD0126
02020322FA3107C7
FC50030F022FFD04
FE4500A0F397FBB0
00150287FDB0F7DB
FC190414FEDB0206
FC2DF85506C403AC
F9D3016F0AD90471
0403FD50F910FCC9
01020D00F45501AF
02880093058BFDBA
03ADF651045DFCE5
FFF200F300B8FB55
031DFF32F4F1FCB6
01D30172F85B01FA
074AFCF0FA370630
097ADDEBFE56056D
0AC90438012603D5
047E0543F8CDFBE8
00141D39F7960100
07D10F3006CAFF29
0190E5D40A50FECC
0224E653044E025B
02B80047049B054B
FC8106780618FF4C
0185029DFA38FDB5
FACF017D0353FCCF
FC09EC89021503AB
FA57FBE102EFFF61
FCE30A37009CFE8D
086FF89703D202D1
052FFEA9F8F601E2
FEB209E5005500B3
0054091C03F3FAE7
FA34075102DE0253
04EAFE8AFD18FF95
0034029A04D504F0
FE3F053F0578028E
011C009B07A204FC
004602B0028E0004
04D60178020E02E1
04CAFE8100840406
0358FCEFFFE6FE55
0480F72303140253
FC9BF8A0FC37FE9E
FE5306F4FB9DFD46
FC8705ECFEEEFD4A
0377FE0401A2FF61
0318FE8304EA00AB
01D4FDC201AC0362
04EA0E43FD66FE06
008AFDCB0071FDC3
FA57FC7601BDFAAF
FB69FEF9FDC7FF83
00480349FFCF04BC
01650781FFB1FE3D
0321045B0295FCEB
022FFF58030AFFCA
FFED0382FF95FC5A
0046FADF006B0604
064DFE8AFFAB07CC
079D0D7603140610
07E9038A01100256
05E0095805700107
014BFF50FED5031E
02FCF10D032A0873
09B6FE99FD1C0598
0645FC5101920688
06CC0644059401E0
007800F2FEC7FE5A
FF49F3E601DD0678
04CEF2C1FCC20912
045BF7EEFE530341
069E0622021AFEA6
007002D9024F00CE
0343FF00015000AC
0810FB9D02BD0895
030FF21E00E70217
046E050B016100EA
00A1092B02A101E1
FEBC06FC03FB02DF
059EFF1E02900497
00DDF31E03950427
FEF400FFFD780104
FF9A0903FF4C00A4
059D0DDD0488FD05
00F006280361007D
FCA1FDE50356FEED
FA8D08CAF836FE6E
01C2FF26FA43FC20
0061039FF8CAFF8D
027B107801E601FA
0363FF2F032EFE61
FCCE0325F9EC00B2
01ED08470213FFA2
FFBB1263FA1A0548
025F0B5FFC490470
05D40A71065702EF
075A0875063C0388
FAFD0AE700D00394
02C5065AFA810014
06B002A0FF59021A
FF320677041AFF94
005A05B5FE6BFB6F
011D097C0136FCBF
FF480C0104F1FA60
FCCA0280FF4FFD2E
026101ABFF8EFAE6
01DBFA10F9D6F8B4
021B00DF059A0014
052801730088FB8F
FD0A078DFD1F0009
0065FDE7FD240348
0438F46EFE980392
058403050829006E
FD8F01FAFD8DFE88
03190FAF03BCFDA4
FFAFFD2505B3FF4D
029CE81E00250310
0100F8FDFEDE0063
FFFFF745F94E06EF
00C1072EEFA303AC
00CE0208FCE3FD88
018CFA45F8C10416
017B0724FEA8FD64
0690023308B002A5
055004B3FD7EFF16
00120804FF44FD9B
FEC3FE2207D30070
00DB01F8F085FEEA
FF700564FF4102C7
FB30001D049C01A4
041008D5FAD5FA61
02BF02880801FD0B
FDE60541F8010354
04C2FF9CF607FFBC
080EF751FAD90213
FD4201690454FF71
043CFF4AFC77FEDD
FC7102860310FD28
01AE06AFFBC5FFDF
0322FD70FD71FDAF
FFD6F95BFE85FF65
082909CAFD14FF3A
FB42094D0CECFB4D
005C096404BE01BD
05100F8204BDFFFC
FEDC00090328FD82
04EFFCCDFD4DFE40
00E5007EF99201D1
074301D1FF800187
001BFA72059300EF
F8360013F2B303A2
FD3BF198FB39FEB2
FB7EF53BFF55019E
F8BFF500FE690086
F8C8EFAC060300D8
F44BF3310068039A
F578F224034401EE
038EFCEFFF0EFD94
05CBF926F8E2FF97
FFFE02970667FBA6
028303B9080101DE
FB50066CFCC6FE04
0245FDECF7BC0276
FC83FC6B05130114
03BCF984011B05E7
0199FBFE0477FFDA
00830124F99F034C
01E402900148FFDD
01F103EA013B0168
FE2AFB6FFCA6FF17
FDD00CEDF8B7FE28
FD3FFFA2073A036F
02A207B5FB0CFD34
FF3E026E029401B0
00C9FB6403C3059B
026E0572FA0AFD1B
05AE05B7FF46FE9B
01DF036601760505
043B0986002FFD67
041AF81106A0027E
00FE04B402010321
0548F88CF953FB26
FE0DF2110018FFE8
FDE107DFFF6A0201
011C01A6FBD80035
0219F9BAFCA5FE34
00630272FF2DFC08
061DFDE5026800E6
FD58ED11FD7A055F
04A501D8F4950597
02FB0A43FEC50144
02EFF5C301A7FFA0
FFC5045009B100FB
00FDECCD04C3FF2D
FF13FFCBFC84FF33
FDF011F3004E0003
030101120398FBAD
0283FF2FFA4AFDE2
04460A48012900D5
0111060D08860385
01EC060B011304DC
FEE708C7FBE9FD01
0462F47BFD44FE59
0042F880F550FD64
02B7FF87F9FB010D
0079FDDDF9A7FFC3
FC03089BFF76FFBA
FA75F9B0EF77F861
03130968F7ABF905
09F61311FC2C00F4
F924F97D09BC0559
08CC1ADFED9CFDC0
FDD102D8031FFA9D
06B5049B0169FC49
0FD00B97FDDD05B8
F37FF7E9F9ADFABC
FCC6E85CEDA1096D
F55601160EF000CC
049604DD0878FC9F
10331F1BF1D90844
FEE619BD020FEB23
F614D1E20A1CFE3F
F8DB00D6FE83FC9C
06F5025C02FAFD79
02E509DE014D0B16
F74D0B76E58DF02D
E9CDEFD3FF00F78F
01090348F9FBFF4C
05300B06FADAF6D6
04CDF9ED03A3FF5F
1128F51FEF19021B
FFAEE9F6F92003AF
005100D800900145
FC5F03C1FD54FFF8
01A5F13BFA3302AC
FD7CF4BEFFDC0016
FD7EFEB903F9FEC6
FC55023E04A904C0
0117FA55FB57FCFD
03F306AC0009FE5C
FDB3095F03330284
FC5EFC74FB970263
05120F17067C0090
FEEFF56E01A10196
055EFCA6FF0101BE
01790BB600A70044
01F40B63041200FE
FDFB05530010FE96
FFB7F5D000C200ED
FF6DFEA4FDBB0394
024700FAFA9BFFFC
FFE606FFFDF2FE5A
042308F70102FD3C
01AB06AAFBD1019E
01C607CAFF84FFAD
01330039023A00B9
02780506FD81032A
FD33084D06FE03F1
04ECFCF5FFDD0477
0454FE3B07A1FE6A
FC4D0347FED2FE32
074202C306CF003B
0335F95B090EFFB7
0328F80700D4FF3F
FFCB070D034C027C
FD73FD76FB8C0344
02C9FAC1F29FFFD5
0263F7D309C3FF51
FF6DF3C3059500D1
02A9077FFB38011B
FCD602F60564FE88
F8EDF18E03490433
01A70AB60426FCE5
063903C9FDCFFF2F
070EF56D03A4FF9E
0425053DFDFE00E2
FF26FE430379FF5F
06A3F8D8F9A200E1
FE160A6902BB06A0
FD43FAA5FFEEFAE9
0789034CF597F95A
03700638003204E1
FEC1008D014C042E
01ACFEAC02BA0445
0214FC9002930278
FDF704F805890404
029F06A2020000ED
FAD10293FF63FEDE
0627001FFB5901A8
FB40F00E03CFFBEE
FD22F8E6FEB70108
03D101A8F4D9FD46
00E5FC90FEE202D8
FE110505FA1AFE22
002B05990363FB89
FEDBFA71026F0282
FA8DFE37024B028E
00A0FD7D036503A4
01AA04EC01270258
02950B44FC8500B0
02D6FAA80665004E
0105F9B4FF77FDE8
FE77F73F06D7031C
FC90FD0D0767FF70
FB730FEE0378FCD3
FC26061A0008FF44
FFA0FDD0056FFDC9
02BDFC0A09FE0799
00C407D516A00594
FB090989FED60852
F78503BEFD400879
F7EDFDF309F0063E
FCA1042EFE7E0767
F569F3F208BD0399
FD2DF9BCF2EF01BD
FFB911140034FF4A
FA560D1EF9BAFBC6
05F817BC02D902B9
00BF020DFECCFC09
0CE8FA6BFD86FA7F
0AC60D8B06C7043F
00620E6005FA0378
079209F901DD0BD8
03BC0F2B0C520631
FBAEF1560F050144
F635105103F2F88F
F979088F0969FE66
096DFC45027C099F
01F30309FE40FE64
FD83FA97FAA2FABC
F3CC213603AF01EA
05F4F363041FFB44
02C40CF4025FFFF7
032CF2A704A10550
018E083905B7FFC7
0A340A55FF510031
02E9FF55F8BBFBD3
07D210BAFE3DF734
FD9CF91DFC080160
0169026C09470F2F
05AA045B09F1060E
0318022906E9FFCA
FD0D0B8D07B4FE13
FAAC03F0FCD807FB
0254ECBC06950D29
079F0170FBBC079E
08B6125900D4FB4D
FD560BFC18FE0594
F95C0F900E2005CF
002CFBDE084D081A
F5B8FE6AFB230868
01D304EEF7BBF7C9
FAC9F8CC02140669
FE2905F301F6FC93
01ED0E55F64EEC2E
F5D50917087CEE4A
F5AC0B43F47CFC11
06A10BF701ACFF44
05C4F83FFBF900EE
FE93FC9AFB37FFA2
FE8304B3F7B0FDCC
01B2FFEC0210FB1F
FFEA052A04E202D0
01C6FA17FEB1FFCB
0280044D039BFF64
009C0297FB0BFD67
057FFBC40814035F
FFDCF597FFF00345
FBDE0574FD020385
FB5D0926056904A7
FC62FE2F0371FFF9
FA5703630381FBC5
FB17061F020AFC38
FBA607F60424000F
03EBFE1508CC021E
F844FCBD12BD0496
015106240D59006A
FFE90A380A89FC88
F813121504880310
06FBF69FF79BFDF4
0435031F0037FAD4
FE9E0E9AF802FF63
FDD4F3F0049101E3
FEF8F9D800D201A9
FFAEFE2B00FAFF08
FFD6FF2805A50554
FC8702420351021C
F9CCF29C0465FDB3
FDAF125BFC3BFFB2
0507FB4AFFD2FBA1
FE6FFEF20A46007C
FE2E07CAFF58FFB8
0341EE3400AC010B
031F06C3029FFF39
02DEFA0BFDB201A8
0589FC0403340132
05FCFCB704A6FE6E
01AEEF780107FD23
021700ADF51A00B8
010CF9FD013403EC
F8CCFE40026303C8
FAEBFFBA0212FDBA
F9820698026A0133
FF99FA39FC37FD04
FD72F833FD94FC81
F8A5022907B705D1
FC8C02C300EF04D8
EED6F82EFBDB0967
0AE9ED460875076C
0FB0F870083CFE4C
FF0AF30B0D33FA34
05F8056F06D1F844
FC010AB60905F646
F99C0118FDE7FA33
F8A0FDCD095F0034
FADFF8F8FE15027B
061F102DF887024A
F5E008C0079FF9C4
F685029BECBFFD11
F917F28CFF89033D
F4F9F0D3ED63022D
FB8A0F0BFE90FDA8
F2F806A4FD1EFF28
075508FEFD4904C5
056BFE1F17210993
ECCBFE5CF87B0868
F61D139EF1A9FFE7
057EFA0FF638F57C
1AD5EBAFF8CD0341
0207F1771013FF77
046BF32C04B6012A
0ADCF56A0CD908D9
05FE13A7FCD70B8E
EDC6F7580E9C097D
EB450682026D0823
05850FD4FE5E03DB
02DB05380BAC0FB9
044F02C4FC280A9A
EC7CEC3FF7F304D8
011AFE9604D30052
0C0602D50DAF0111
DF3FF4A3F7050002
0806FDAB0DD2041F
FD75FE29E831048B
01A3FA40FE61FCCA
035D055215FDF59A
ECC9FF00FDDA0A44
FA4A084FFBD600CF
0ABF0302FB0D0138
F61FFF57FF780081
0B580A1400D8F6B0
03C70342FD0B03F9
F7A6014AF5C4F85F
0944F882014F02DF
F97EFFF900B7038B
12F2FB08FF4D0324
FA4BF426F009FED3
FB12FCE3134DF7A1
0888F33711170267
006A0B25096B039C
083D0004FAECFD2B
F565FD8A02B4070A
FAAA0DE90653EB8F
032005D9FC54FEDA
F82F087EF1C80739
0836002501250900
0AACFF5CF49B0038
0067F7D2040DFF30
0766F4C0061408D5
FEF3F87201E2005C
086AFC6A08D40891
0388FCCBE65A0273
02290B13151F0DCB
F939FE811324021A
F89AF82E1D4007D4
05BFFFD409430649
F8DAFF8A07C203B3
EEA602FF079505E2
0845F420FB0EF9FF
0B1BF07A05440474
045A120715B4FE5C
E83708E8FBA8079B
FBA3042008C2EFCB
FC7F0100050D079E
FD36F7BE1537FEDA
0B90022904E4FF60
01A902780D0EF290
F48B03C8FB9509A8
0A43FA3CF6710436
F790F454FE02FBCE
FFFA0473FC5C03AE
01CB07BC04F90186
113305680A0D0250
04A4FCA8FB3FF7B4
FF97FBDAF16A069C
FBADFED7F67005F2
FDF007ED130B0051
04D0FBE80C000DA7
0205F6D3FA19F9E7
0FA9F3A0FDD90489
087DFA19F8D8F829
06620558FA43FAE5
0484089E03BD0B06
EE9A09CFFA8E090E
F903F942FD2B0812
FB70FD4B0C3403FC
EC99058F03C9FE24
FD69FE60F6ABFEF6
02C60483046EF1D8
0365FC6F1156F710
F46E00BDFD1708BE
F5E2FC750417020B
FFF8F96FFBA4082E
F8C7029F0137FEC5
047A09DF0C2200B0
0DB4054BFD5C064D
FB56027BFDEA0853
F5D9F8220008023F
00C30284FDBE00D2
00910E4F121F02A7
00E5FE63F9D50285
044E033605B005FA
F562F826F842019F
03BEF8ECFE28FF9E
00B902F30DCB03C6
F975067EFB7BFA97
FE4FF6C30AB2FAC9
FEE9E758F65EFCC7
F295F041FFB2FA70
0AC60B4E0247FFF5
F86D0ED50B35021F
F645F11E10DC04DF
079D11750FF9FD18
1C4D09EA029907DF
0B071433F1940938
0AF306D509B50C94
20BAFA2503E2F7B7
F8DD0382FE61FAD6
F5D2028A08E8FF05
08180B5DF2A1FE0A
0962110F0F1B0021
0FB909BD045BFFA5
05FD0CE7018DFDCE
10A2FE6D0C0903CD
02E6FBFDF2160030
0850F993161305E5
1019FC110FB3FD7E
F4D80F4C04DBFCCA
F9C009D8F3EDFFF4
04A30DEDF77700B6
09B6F66606230386
05BE08831A26F52A
07F70580F21B0A90
0753FAE5F5890A72
03E0061E03480D9D
FFF5FB4600BC080E
05B8043C03D803F3
FDC40144F7271193
0B0FFC1B085CF3F8
F7100685FD2DFA85
030AF81B00C607AA
FBB9FBFBF1DE0549
F9E4079EFFF400DD
017303060E190534
F45D09530BBC07EE
0E2503B708960460
0380056AF606F5D5
FF26093BED5002F0
13F5FF0FF6FA0402
04D5096AFC4304E7
00CFFF7FEEE1025D
0326F4F30CC30004
F917FD21F37300FE
F4DFF7CEFD21FFE1
0A44F7D405D6025E
F0EFFA44065E042F
FAA3FCCB094CF269
FDD70758F6C9015F
FAFEF5571025FE0E
FBC1005705AB030D
100003ACFC7402CF
FDC5083D08D6FC82
FEB7177507400DE2
08FD024D00D6097C
FD49111CEA290126
021B04F7F64FFCE0
0A0301F60258F482
16290A3FF60D0F0C
FAD9F607F4E20AF5
0A1405BBF3460960
FE1AFAD002E8FA7D
FF63E669041D0172
1B870E55E80308E0
086EF726F34AFCF3
0AF70D55EEF807CE
FFDA0379F5EE0788
063AEE7DFB4E0200
F3F601FFFF5E1ECF
11F4F2E30877FF76
13080794FCAD03E6
09B9037600A609B7
FE94FAD2F902034A
19410405FCB71B3E
1D60F4D513B50972
11710682FE5902E9
07450718093C07E3
F57BFF470436FD73
0424FC32118A1EBA
130D01CF00EDFFF6
105A1092033A05A9
0457F088FBAA105F
FED9FCAE0E2500BB
F939F644ECF00602
0570EFABF5950393
1A7B00720D3302F3
FDE0FEDC03B8FFBA
EBAF00BAF9180014
E9F7F498FA9603B5
F9C2FAE1F54A0422
FEB1FAC0090AF883
EBB8084C0A050004
052502C3E4B5F2A0
027706400E5B0166
00B80B4BE2860C6B
FAB60317F5B503EE
FBB8FCB812C90245
070003E9F733FD52
F999FFC4FEAAF721
06610A61E9B800E0
FE43021F09220009
01A4FB32F33003C3
ED6302F0072AFDBF
FDE007CCFC9CF8A4
FD1703D5098DF490
FFF903611C060185
FCEE02B00756F9EA
08AC00BF00B8F558
07D4FDE0F95908BF
FED1FBADFF60001D
0F65FE340A9A05E4
F739FD3709810516
0558FCDE0807FFE8
FAA804DCF3E8F9AC
F3A70C54029301DA
FAA603AC0649010C
FA50FFBD014BF956
067E02B007DB0717
F8CEFDB2FE64FFB4
F9520F71090107E8
F069FECE06350691
F3EBFE63FC6A0447
0049FADCFE1600DD
F9ABE59F0E50025A
0BEE034FFF49072D
0766F448073905AB
F42BF780F2610292
F359FB1FFD2EFB36
FCC9FF3DEEE4FE5E
FD1B0211EBCEFD9B
028D01BA01B2FF8F
005EFD7CFE1B0910
020701ADF9A20B14
03290707ED04EE14
FE5506CDEB49EE93
F9990311F1C4E71C
044E0280072204BA
FC5101D6FEA30A61
06660151F767F03A
027B083501A7EDD1
F7EA0389080FE8FB
005EFDF708D5FD89
008A01DB02280564
003C0183F8A7FCB3
FF4FFEBE0B86FE57
F9AAFD0D15380CD5
FDCEFF0E066D0819
021CFFF6FEDC02D2
F88D07B8FAE50004
FD2406BC060B0A56
0018FD880C1814A1
01400027FD0005E1
FAC5044CFABF0558
04082747118714E6
FAA7FCE1004AE7D9
04AE0AD50EBAFAA5
0339F431F7FEEEFB
F536FA06FE27F912
FD91FC0705CBFB2C
F76D0303EF510281
08D010DC10B811D6
F60AFE6BEAF5F3A7
FEF1FF49F3D0F2B7
04900242FF050A74
F4FCFBADE77803FE
FA00126006C40237
FF1C0EBE03ABF6D4
008E105DF36FE8A9
072FD3A2DBC30948
07BBE87C09EFFD68
084909CDFB2D17F0
081EEDA80173F360
116AF6FB0483F222
F171058AE905137B
E364FF2D1010062C
FCB40904E18BFB2D
03FEF59CEDBCF354
F8940545F92DF881
FAC50C0F20CA0051
0E0808A1FC98FAA2
1597029C0E05E86B
FA2812CCE456F460
F9EE15EDFFFA0F7D
045CED9AF675F2B5
16F9F3BBFDA802A4
F710EA9606F8F89A
18B6E9CCF2F8F8E8
FE77FD14E9B30E9D
F6FEF6FB0150FC6C
067F1A231010101D
F58C184612B5048E
0B91F9030209FBE2
02CCFF07DDA101DA
0542FEAF10DBF653
FE82FB9E06A60129
0A29049CEA37FD79
010007FC0357F937
FAE2F6E511970892
03B30C520AE60BAF
EEABFE34E7D1F733
ED46037107ECF112
074C01ECF1DE0735
F2E90C3CF3C2F8E0
03751099F0D910C7
F9DBF74A03F00052
0285F4CDF3FFF98C
00DF102D12B2F6BC
0793EE32F6CB0228
FBC50612F63BFCD4
EC17E4FBF8DB01E7
EC41F823016C0494
0F760AAF0B57F891
0DBFF5B500A3EF5C
00F9FB7C0B10F550
0087FF60F76EFD94
FAB9021C0042FBE0
030602CE09880271
0127EB9215E50313
06F9FFFC0C130375
0A6A01C60DA9FF84
1085FC58101B05C5
EB5901B6F191FDCC
EDE100F0EFED00F0
F50F118BE81CFB43
0F4E05FEE20A04B5
FE93EA2D0DE50168
F24F0436EC95FAB0
15C00D63FA8008E4
125A01AA0A88F804
04360FD60383094C
E4E9038EFFEA09E4
EFB10AC1E7E6036D
FCEAF3E6160F0248
047CF31F03D1F44D
04B8FB9E179C057A
FBAAFB900D70FE4A
E859129ADE72ED7E
0FEAF26917B20AA9
D77A023BF239FD2E
0178F50B0F30FB45
0A4A0858158EF334
FDFF13D3E8C1F17F
0665F1F708C22238
012306D6F36DFDB8
FC7FFA6C066AF1E4
031203A21BBBF744
14700570005FFCEB
0B16FDBD032D18C2
06190A530106FB02
0730FF1908770E59
020EFA8E106C0263
F68909DEF06CFE35
EDC4FAB80B30FE03
F7AB0543FF2CFF13
FD9803810E86F698
03DAFC0E0F710755
01EF03C909720743
00720502EC860079
0A4EFDE9FCAA0479
FE470044FA9208F5
FDF1FF71F4BD03BC
F89809700873FFF3
F629FEB1FFFF0B9A
076EF8B30399FCE2
047EF8A5F55FFB04
0314FFF1F240F9F3
038A049514EB0012
03A1FC8807A304BF
F934FA90055F0696
FF51F9BCFB750022
FEA0FB17F74CFB22
039F05BB10A506FA
FBD4025B065F0544
FC1EF849F6570175
FBB0F478F94FFCC8
FA57009204A8FB81
F9EA081100AAFB9C
FB4304970499003D
F35CFD110F6905B6
FCDE0262FE14F86B
0347FB61FA86069A
04700228F0EBFB56
FA9D032000B602F4
F76DFCF912CFFE94
008B047C02EC01CA
F42FFAD1FE7D0374
F3970047EF4C04E0
FA45FF4C121CFD5A
0C8EF06D0205FB6C
FC8BFEC7044DF7D1
F968F7D6066F060F
02C803FE076CFC18
0155035201A60323
07540836FE3BFBC7
FD1A0C2EFBCAFCE9
F83F00990B9200EF
0E360E96F9C1F971
069E0938F54F08C1
FDC6F1EE09640320
10FD0434FE1C0975
05D7F92E13C5071B
FA75FAFC0A76FDF1
0812FAD4EDAD0C1E
EE7C0299F5DFFCCB
FFEAF7B62374F250
FEA2FFB00AA4FDF7
F7120A9D1705FFB6
F590FE0001A2FD74
FF9506260A64F9E7
F215F0740EE90542
0C69F75600CF078D
FAFEF5DB1C3C08FC
F8D201F403560268
F3810C2009D1057F
EF80F2B50704FBE0
018A0752004DFE61
E62CFA9C096DFBA3
0A41F280F9AA0459
F3B105EAF8F2FE22
0722FAE0FEB5FA3C
0DFD01D106DB036D
EAD9FDB90374F9C1
FD72088A09D3FD34
F44403ACFDFCFC33
FD740633057AF94E
FFD5F47E02BB0613
FC52F36E0C28F7C0
EE5303EA024F00DB
009B0C9BFBB8FC26
EC82FC13F331FE16
07ABFC08F7D61130
F797F7A0EE42FF4B
F9CEF3C1EAF40D81
F1D81407F3460FC7
0C46F5D5FE1206B5
09A4FFAFF49E10E5
FD4FFB00EDD5FE13
0CFAF5A4E6C1FD1D
13C90A3AED73F850
0CDDF70CEB2AFF68
0C8C01E0F02206C1
025FF176F4B400E4
0306F974EA7EEE58
00A21C9306ECFF93
FFC5FB94130603CC
00DE0A26111EFE1F
015F02EEF4B50BA6
05100331006FFD46
0A7D1D1C01B31AB0
0567EF0F0409020C
0A16020F1EB0FD4B
FEDA0459F2951702
1C1FF177F69806CB
00D900A7046DFABF
FB4213C2E9CB099F
F1A6FE2CEA9B1096
FAB00984FF9CF2D5
029705CAFA28F9A9
181900ABFDF1FC08
0253F220C9750ABE
FD2AF932EF5B007B
F74C051302B7F515
1BCE05361587FB9F
1470FB0203CA005E
05CDF42EF08BFCA0
FE8C00E3F092FCBF
EAAEF6F5094305A7
0D8E01A30C910144
FE1305890A3F113B
F9D6012D025AFF6D
137A071202410CEC
FF48004600590DB1
010AF7ECFFDF0498
01D9FF29F6FF0505
F756F9FEFF1700D6
FB870012F6EDFFC4
F7A100D6F426FFC6
F20BFE6D08BA0BA7
021BFB8BFD1FF9DA
FB83FC600E85FF1A
0493FEF103F403D7
078CFCD80A930743
02860168F3450897
FD3A02C8055EF86F
FD3DFF2B02CBFE13
FB1AFD82029F07E9
08CFFC3D096C175D
FFBF0489FDDF0B6B
040D084DF8EFED35
02A7008402DCF1F3
F542010F004607AB
0091FEC8F0470D22
024A04B7FCDAFD71
FFAF034400A4F0F3
001501E903B0FBC6
FF4E02A1FE940A40
F8C7FFEDF0A1062D
FD2D04DC0D4FFF43
10A4033A0561046E
0879F6C50B0104AE
FE75F8F1FFE5038C
FA60FB91059C0709
FC53026603290036
FF3A010606F90F39
F8C7F23A06270B24
1C20F69602790AEA
03FF08AD0EF7ED2C
023209741278F61A
03C2F85203B606CF
F5F50B10FEA7059B
0118FE12F5740514
02F1F3EAFF660783
03ABF702F0A5FD66
FA1FFAE1FB9905D1
F85D09700618E6B2
F8B403CAFED90B66
FB73103FF6081E18
F8A40649E98EFD33
067EF98C03ABF18A
F19A04470954FF94
FC5EF98BF54B0632
16DA0AF6F767EDCF
0B6E03531414FB0A
FE35FB481E3809D3
FB100D7F0383014A
FE46F84CFC6205AC
F8CB1596F765FD9C
13FDEF28FD9409FC
057A01F5ECB0F361
09FCFCC6007EFE44
04C202C1F6D6F0D7
00ECF854F821F09E
0243F93CFC5B0778
FED1FD8AFCB00992
05FFFFC40137059A
0852050EF9E9EDF0
06A3F97205DEFC86
0233F95705FB05C4
034F01B8F5F60019
015603B6F8B2F7A6
00E104EE0A1BF453
046FF7960924061D
FE85F97603F204E0
03B806140185FB8D
013F07BD03C4FDD9
FAEC03D302E705D7
FC3CFA65FC940B95
FA87FE25FEA50DE2
005502DC0AF005FA
03C204E9015C065E
00EC0565EF4F0214
0165F970F3E4FF41
FBD902A30C640986
FAE7046EFEA8F90C
FEAF04510B7400C8
061EFA210A490A74
115202F30BC2FBDE
FC22038BFCDCFAFB
F9970BC90218FC8D
E97CFF22FDDB0328
0234F6C6F62AFF46
F4F1F2060D7DF9BB
099F02FE0A0BFB17
01E2043F044FFD23
F209FDA30092FE43
FC880FBF028007DD
E472F67FF94308E7
FDB90282F827F9D5
0FB100AAFE22F008
0112F75A0DEA04F6
FD690D6E0AE301D0
FDDB07C5FDA20438
02F2F2A40001077F
071DFC8EF23BED11
004302CC00F60C34
FF0E10A6F97BFBFA
0A9FFF050FEBFC90
FFC5082AFBA70518
FB0905DB0161F687
F563FFE9184EFC6E
FC2FF8A2FE980207
FBD2FA6303F601A1
03F300050B040092
0762038FF432FE74
F8F402C3051EF36A
F333FDBEEB6FFB6C
FE41FDCFFDEC0102
FEFF03AC02CBFE30
0999FCE2FA8607DE
0402FDD5FA6FFB05
F59EFD1AFD19FB4B
FF8FF6C209A806F9
03C70030FCE10BD9
054405BBF51A04DE
08680274F0DA01B9
FF75FB5A0676082F
FB4EFACC13E7F89D
FBD2F8A80734092C
03F21209F7D4FA79
FFA501A803E8F3C3
0632023AFF610099
0A71FE4DEA87FE33
06520277FE68FC56
F61BFB6CFFD60D03
007001BF0C830120
F766029DF668FA86
1522042C0A1E0335
020F12B402E6FF0D
001A0A4DF7BDF57B
2435F414F640FC47
0D5AFBBFDE6306EA
ECC7E0E2F96EFE8A
05E5FDCB11F903BD
FC760B130A4FFB90
FE29EABFE4E70655
F0CDFBC1F2DD0F26
F4B8DE65FE050413
FB06FDDA095A00BE
FAB51222F0E4075D
ECC2FD91EAD6044B
FB711800057B0400
160806E5FD4103D4
F775F5B31D0A0650
0278FDCCF4A5F226
09BD001C0F12FAF9
FFD504DB04A5F960
0DB2F3EDF3C8070F
EE23E9FE01D6EEFF
FF72037AFD4EF6E2
06A4FD160812FD74
0B8B002018E8FEF3
FDF1FA17F282FBF7
F94C058502940684
FC0F05EE04E103A3
0343F6E2FBCA0671
06B601F00B730F8E
FC57FED50574FEC4
029306DD0194F747
05AA032103F20429
00D5F1F0FC531522
FAC2FBF6F10A0566
FD3EFDB60691E3EC
05A4FC4C09F10015
FDAB0966EE9AFA9B
087BF98EF5AB01ED
FAC303C501E303C2
F8DDFEDC0D200280
0488F6C5042A1035
EEE30A23E808FAE4
0BF0FF3FEF8E00E1
16AC091B05AA0D6B
00BF06560393FB59
E968FB76FDA7FCB7
061A0C1601040737
FEBB0BA20C71FDD9
FAEEF1F70B39F401
0C0D01BE0859F8BC
F75CFD5A0A48FCCF
07AA095CF25B0347
FF83F3A8FAA30156
0911F33AED9DFFE5
0225063BFE2508B9
FE48FA02FD84091D
02460A0E03A20966
FF32F9FA0C8E080B
FD11F407ED950304
078E05DBF914013C
F83104B6FE4603AE
0AB7F82C160FFEC5
024AF4561E98F7C1
F693F1FB0D22F5FC
FFCC0763FAC2F9FA
08B3F399F452FA5B
F99B0732F697FD48
07A903610918026F
01B701700358FCB6
047A08A001F70344
ED56FC850967094E
10210941001CF98F
02A1F687FB6BFB1F
058306AD0997FE28
F76500F3E7E100F4
056C0A0DF687FB6C
046AFF3610BAF7FD
EC01FE460A1D0483
FEB2FD6F11D8F578
F9B6F55A0F19FD81
FED7FD5603AEFDC1
0571FA1BFBFE0DF0
0239F90A0E1FFF89
0C39FB561128FF63
EE2801310DE1F927
050D0598F812029F
F4050B0C03AAF946
FE950F62F6C6025B
00D80630F4C801E3
F72E0158F84EF737
FFDDFBF4063E019E
0391F0F9F42FF765
F9E4FEA8FE9EFFDB
FAC4FDD7FF27FDCE
028806EEEFC2FC94
FC8CF9B0EC8E0276
FCFF0E22FB7A0BA5
E0D6F96C0B3EFF7F
F69D0144F3CDFE05
E890F902169E090C
E1F5E4ACEE1CF6B4
E94311C1047EF8C5
F94D0139051AF6FF
EA87F603F1940275
EB20FE3A01C505C3
F467E9F5F014E32C
081D07D0FEE6FA35
088E19DD03DAFB61
DEB10C3614B1FDB6
FE871454019F08BC
D329E85C03E4EAA3
FE44F4ABFF690CA7
F29108131451F864
F461F6791310F637
033AF2FFF3030391
E6A7EFA302C5F913
F84F06770506065B
ED07127C074DF423
EB83F7B9F7C2F6F5
FAAC052F0C4CFE69
E61AF3D6EB75F05C
024BF915F48F0FAE
03EEEF88FFEEFE2E
070F0335F561FFBD
06E6FB80F61DFFC0
FAE9F9AC0FC301A4
FF4202E3051704A7
0658F53B0D23FDC1
0054047A1243FA0F
054B05AAFC8A0256
F891022E018FF85D
F2C401350867F6DA
F715FACA0A19F48A
FF4AFA1B01A50961
F5DF06C9F900FEA4
FCCE0487FC0AF58B
097E025C008D03A4
FF2E09730B75FD53
06A9F9C3F9260926
FC52FEE2056F0110
FD9501AE0CB101F1
F1C205AD0A6DFEF6
FF5A0B81020D023D
FD28032109CB021D
02810432F582FA9F
088EFE19FFE50943
FE5E0D26E3B8F469
FBFB06A6FF391586
FED407281A970888
FB6CF57D13A3FFA4
03C0029C033401ED
FD2D03CDFB2E0E28
056302E1F5E505A9
F53BF65E00E9F6F3
EE30EECE00E0FC34
F97D0956F7400251
04770070124A089D
0A4C02BD0834F5EE
061CFD4B0403FDD4
E86BF6DFF63600F7
06220A28049C010C
EFEC01E3007A0021
FF8BF46B07CE0DCE
0EE5FF4A06F9FED2
005EFF9AF264FFB2
1026043E035002B4
FA15F4B0F09CEC77
043CFE3EFEA6045C
064A080313EDFB81
05E302E3053FFBD4
FD98FC5EFDE1FC99
1263F9E6F71505BE
FA2906DCFCBC0D30
F79CECB2EB5509BE
063BF46CFA990496
0AD5FBAAFA3B1D9E
0A94FC8AEE97FD47
ED9D0C82F7610230
01130776E4FFFDDB
F4D6F050FB86070F
F77E01E0F42E070A
167B0A29F2800368
F689FC8FFC5EF826
0CA0FC2DED9FFA14
04760496FA5D10CD
FF541303032900E1
1767F286F9C60134
FC200924F708F0A8
0087F0F5FF7D036C
0394EFEB14DB01D5
0521F8C20783F404
093B12DD05681667
EAD90D50F8040A2F
0CC901AAFD3911CB
E1830B91F98D04D1
0277F2D1F87AEFF2
FE36FD4903A810F3
0748071505C30053
0B47FF67FC66FBB4
0142FFAF0B7A03B8
F93005740EF204AD
F7D909E722A605A6
F3910FC5FD9B034F
F67D018BEDCDF8B1
0CC5035BFF8DFB6F
240D01E6FE150091
FDBBFBBF0BE7060B
02E30D45FCF8F738
F74FF70BFFE606B5
F500F37AEF0F0F88
0470F2010D070289
1408052404A809E2
2260FDD0FE910630
0AD1FA03FBF801AB
FD990806F49DFCDF
E97206570B7505CC
0376FF2808AEF6E5
FCE5FE1EE2A9F9A2
FD35F78FDCF90170
FD1500F8F986FC9E
00E40ED402EAF79D
FD1FECF4F8D6FAC1
FD7B069E07DB01DC
EDE7FEFFFC1C0F0D
F364F5C6F5FC07C1
049DFE8BEDBA038D
FFFCFB9FE99BFBB1
04AB0B9D0FB9F782
03640A0E0411FE75
FF47FCA5FA40FA65
FF710F800769043B
F8E0FCA2EC92FE5F
08670372014BFD8C
0B1BF62C049005B5
FA68F370016AF743
0DAB0F1209F5FD38
FCBCF72BFA1DFF08
FD84FBC20E22015C
0743EFEDF95A01CE
EB89F91DF524FCD3
F140048F021C03CF
FDB3F99600E804EA
05EBFADE1126FDDC
0199FEC70A6BFE47
0355088E09140090
F9520FCBFE49FE52
FEDB0ED0FA87F53B
F73F065A12C609FA
F7A102F5092FFFCE
FA51FF27110BFFBD
0B8C09FDF964FD02
075BF83302BCFEA7
0F17F5AD04B20549
FF680283F5CDFFFA
FF53FBD70E3BFC86
0B46FD3C0BA802A4
0318FCF5F554FB23
0616F91EFA2703FC
FCFC09F5F908043F
F702034A01A90165
F412F55702A40385
02BDFD01F78E0BD4
F5A2FE10EC7BFAAE
F72805F3FDF0FC71
099B059309DB0984
FC2DFD530B2EFD6A
0D050242FD39FEDA
FD48FED0EB13FFB3
0135FAD6EECF0086
FF4CFEC1F0D70229
F736032B01ACFDFE
07DB0C6CFEA9F5F7
0664FCD3063EF82E
0994F9B507CCF95D
F245FF3BFF4FFFFC
066EF9E504FCF5AF
F4C802B402F1FD61
0039FEB4FF93FDCC
F7ED023408FE015D
007505D6FCD40318
02B704EB053F0F1F
024608A2FBBAFE3B
0C39EB4714200011
0A9BFFF2050DF874
0A72FC2DF628FCF1
F1EEF844F78B1496
FBA71302F41FF450
FF16E71E00A10296
F74E0053F8820F3E
F939FF0C080904C1
F743FE73F2700E34
096508D4FB3EFF3A
FD65FA1CFFB2FEB6
00A3FBA4ED0704C8
07ADF066EED90168
06B904DFED8703FA
05B1015A060FFE36
F5F8F448FFE507E0
07A90DECF9A60664
FD8F036EF4A2F946
0D88FBA2F4D0FCAB
0801FAC10688084C
FC33F739FD38FD5B
FE8E03CA020EF8F1
F9400315FBF2FEC0
0243F432FBC9FC0F
012A0414F0120AA5
01AFFBEB09B6FC70
FFDFFB230E920445
01F2FBB1021E01C9
FA7DFCE90581F638
F5DF00F2F6DCF9CC
FCBEFEC801440427
FEB704CF012CF80B
FFF9006103610272
FF32FD4908770396
0312F62F0CD8068C
06F2F8E7F48C01D0
FC8F053709EBFEB0
FB1502C0033301EC
0D7AFE8C0AF30115
FC89FF11059507A2
078703A1F7D202A4
0394FE740C1E0A50
EF6AF7BB0363FB81
FEA90622FA06FC90
F909077706E7FBD4
F3FE0427E778F78E
02DD0A32143503AD
02A207BD12050F3E
E7BB03AD0E0A0052
FA7C02CA2D27FA2C
F16E0C5613C4F2FC
F32E0CB418560CE3
1F2705A21D2D0077
FF26FDD0F7AFFB85
FFEBED8916D5FD1F
02741FDEF31A0A17
F8DC100DF1C712D6
001A0191F760FFE5
F5A5FE1A138003C0
EF8EDA84F845F28D
FB07FB84E467F935
1BFCFBF1000EFE0F
F000FC3514D100A1
EE991BEF08A60479
0330064202D305E0
0487F90AFD490141
F4DA0862FBF4018B
F688F29E038504C7
FC20FD8DFCA8FAB7
F834FF75120B0DAD
FE5D041204BB0BE4
04B1FEE80545FE67
0493F6B20E2FF8DF
07110B6D01C4FA7F
F7FCF90DFBBE02B2
0AF1FF790275067B
0C2D0194FEFB03B7
030EEDB4F1D90590
054902DCFB6F071F
FD50F83FEF7A07C5
0478FAD40E76031E
FF840B17035B06F6
F3ABF84603110877
F986FD6B04C2064A
0742084EE4CEFFDB
FAC2F5CB0F3C0074
FE3F0A510577FBCA
FA38012804F00172
FFAF069BF88AFF3D
06EBDE9DD9A50199
FE95FEF5F1551BCA
00AFF5CCEFA3044C
0CC1E535F9770D24
FB620DF009D606AC
12BA18C2F5EF07AB
EB351F3C1ACFF4B3
0FD205D706580999
E9E6FD7C0202FCD7
0D2A0B740738FB47
FF98F808FC290983
0E4018580E5F08FB
04FE07B5ED8BFF0F
040BED7DFB21FCA5
1C991520FDC6FE38
07EBEEE3E6DCFB11
E61FD9900345F29E
FF6E0B6504260B7C
EF8DF24FF073FD81
F0A20005FFC6FE2E
0546F4B7F20F019D
15C2046FFFBDF841
F8960152FBBC0924
F883FF56EF8AF979
23F2FAA3FC750A4A
F1FBF494FBB0FBD3
FA3D1F43E65DF5C0
212701F7F0B2EF57
06650930F199F8BC
0C85162F0285028E
0785022AF1DB02FE
1458048513060CEC
FC96F9BD02771DA8
002ED4B5F7A303D7
04571159FC37EE77
F3980815F892FC17
F6DA06130EC5042F
02CD13EBFDE42411
0770EEA90C412814
0267060BFD3A03D4
17C00036FB5DF667
EFA905732A3CFC69
0753FEA709D00EB6
0447F48602710B2A
00F5E624FE29F57F
09B1F9ADF6DC010A
1188FD941CCB0AF4
FECBF574F9FB07AB
EEA50606091DF917
0FE9F09F0B4FEFE7
FA83067501FDFF76
1033F79A060B0A00
0C700AE005E705E9
F464FE08FB19F7D1
0098F08D02C4FE3E
FC07094B02140C3D
0C0CF70AF60A0DB0
0C5905EA07FAF42C
00AD040407A603FA
F92EF46FFBC106AD
FBACFD820202FDFC
FB7FFBBBEE480A4B
FCE2FB31F118EF63
0A4103A00E8DFE1D
F83CF6B1FE440348
FBAD00DB0A27FE88
F4940EF7FF48F2DB
F2B2FF610801F5D1
FF5B02E80597F91E
FE4A068604EC0315
00660612F8F7FD6E
0A8C087602F1F4C9
0700F7BD1E5808AD
F86DF826F25D05E9
F861FDB9FAC8078B
0760F0340ABD04CD
F536F88D10AA05D3
0C7506B4FB44FEBB
FDD705EF07CE02CD
07C80112FD00F7F5
028E06E2FEA2FCD8
FD77F96E11950169
0FA6FA1BFD43056B
FB9AF6F008300813
053E05F1115B0E7D
017F0061F2AB0692
FA52052E059B0419
F935FDB5F113FE2F
F4E5FCCA09D0F7CD
EC2FFD31F8F30147
FEC2FB66FEB90D13
FEBF067B0A7002B2
FDA1FC4BFAFA026F
F91B0DAA074308E4
023802180F7F0101
04BDF8620C1AFE3C
FE91042FFE51FA8F
FCE8F3EC0BE0F9BC
044A09750C860AAB
FA97FD550700018D
01820743F71206DB
09BFFF8A12850EBE
081D05F40D930241
0C2816930315FCCE
F7F3012407A5096D
FD7BED601092EE97
EE1B023010440432
FBD4FE26FC2801B1
EE11079EF3260670
E897F23C0416069F
0428F44B0C4DFF30
F53009A1FD12FA26
110FF41702E6F87B
EFD00B58FD45FE9F
F4DC023BFFFC09F4
0FC0FBC319AD05F9
00490B910C6A14D9
133FFB24F8C80C47
F5A7FBD40275F455
050C031B0674F5F8
F6C6FFB408D100FE
073CF5EA051EFA0E
0275FE7FF85C00AC
064A0B3B03ECFDE3
24CEF224FC48FFBA
EF580623F789F7AF
0177F76C0ED803E3
0F28F94D1064158B
04F0000F06E704CD
FA55F2CFFD37011E
E947060DF1A9F0BF
F341F7D8F261FD55
0C7300B8F4A2073C
1490032EF9FC048D
F597F969F978064A
FC7905B0FD44F73B
F354FCD6F5FEE5A4
FE4EFA23036301F0
0B7603E6081D0695
F63E0125F0A30999
03D30458103C02BB
013AFCF60C940313
0440027600610B1F
FCE60459FA1805AD
FFFD04BBFB27F145
02390B300AA1FC55
FCCA011409A80D8B
089B04D9FD761090
050DFE2805B7051B
0131FF770E56F460
C852F813093009F0
F1B7D6B411EF1BA8
FE0AF4A321AB149D
E6DF2B69FCDF127A
ECFD0982F395EC5F
2472F4C91EC00EDB
EA91006211661908
FB46ED0E186B13E4
E1B310E9F6130468
017115F90241E971
F632FE6DFFBE023D
EEE804070BFF03D8
14E3EFAC24510C1D
FBBB006BEC45FAF2
15B1FF1603440F4B
0DEC0103F6A00199
F04BFB9701B20552
F721F849081E065E
072509A1041C04A1
03E8FD54060E05A2
01DC088000840251
EAB605F3FDF6005B
05FEFD5201F40151
E7340611056A00C7
F434FECBF5DA018F
E7050CC70453FC91
F4ABEDB300D60DAF
18740A90050D0A82
02BD00DAF49D01E7
0249F6B1ECFDF984
ECEF12EA0D0608F4
F7D3F62F07E00C37
09C7005BFF15047E
FD2E075BFC78022F
01CD030DFB450660
F7181675F4DB0365
FF63FACF054501B6
F7CBF79018CD05BF
F493FFE9F840053D
FDB9111E0909056A
F8811427F44400E8
08EFFD38F5DB0277
FEECFC980169FE88
0CD6FBCEFC16FFA1
030B08D3172D029B
03D5FBB80B7D078F
07ADE93FE9980544
FDF6FA3EF785FD8C
F8BAFCA4066B05DA
04E9F7CBFDEDFD5F
FEFD184BF664F42A
0207E6D3F7B20ABB
F7871566E6ED0431
E3C8FD2FE89603B2
FF050D5102B1F58B
E8E8E7D005D501FE
F1A8D666FFA7F4AC
28B104000F11F6C0
2A4D102B0DD7F032
F9FCEC3309B5F895
0503F202FBFC05B6
017FF6FFF781F800
F25903A80BE20AD1
09B20C18F5B7EB8D
F6C2ED9CFFE6FA81
DF0402A70C8E0A8A
1858FD31FF49FC68
05AE0C3EFE420C90
FC3C208E0DF20B67
08B20107F4261F63
0ADBEE19F6150869
EB8E0FEAECBA0427
08CB19DDF1B9F12C
1A990D670BA214EC
EDC2F3A9FAE9F72D
03C5FA85F6D50041
011F04330119FBA9
094CFF130296FB0D
036DFD20051FFAEB
0D1405560003FE9A
016A027314D005FB
FE2CFEC40A2600F9
F4C7F5890514082B
F19BF5570A1805E9
006DEFE5F0F701BD
1354040006250238
FC5401FE0E0CFEFE
F31C09FB0BC60DBC
F9A80879075BFB61
F43B01DE0112FEC9
079F050B0159F799
F33E08BD0E9BF5BE
FCA00C8B02A500AB
00A208B10F81FF7B
002402C3015E05F1
0758F674F4A9F573
F30BFBE0F76CF0BF
0AE601FEF491F8FC
01F2F8A8051CFC8D
FEABFA6C0238FB3C
0734FB0203D9F84D
FAF5FD2EFB17F7EB
FBB303A8F6FC04F4
FDEAFCFAEFAD0ACE
037F0537FE180DBB
017DFCFE08480793
FD0BFCA605C5FF56
F8A1FD9FFD81F9D6
FBC3FDE2FA45000E
FE45021FF559073F
04CA03900444FC5C
00FE0499013CF793
F92F03440B03F90B
F9C3FAA1F6CB01F0
0819FAF2FA760717
08C8FB51FBCE03F1
09DB0202070DFC7C
03EC01B61894FA54
FC01FEBD03BD0024
009CF930FF96066A
06C5000EF7B7FE7E
095A0373F68A0740
01F7FD270E40004D
FE30032F0444FF81
F6ACF9ADF8410A6E
F8AFE96EFCDB02DE
F7FCFE63F56305FD
FA11FFB20709FCFC
11C7FC95F003F950
FCBD04D31311020A
0EA8FD49FC4CFA10
FDB006B203E70027
00FEFAC7069F05D5
F825F89FF3E1086C
000FFCC7082CF82D
0775E519F81BF2E9
F2090446037E070F
FF8EFC4F1813F873
06BB03E0FA4603B9
F879FD8C056BF1D2
0D7D01A0F3220877
E9E40E4D0B3A071D
01BC03EF135FFDFA
09D00ABEFA8D0867
F49A0391FDDC0684
FE6BF665FA07FD49
FB330C2800DF0461
096305350F08FF7B
147A01DA0F3AF96C
FA84032D0248FBF5
FD09FA2DF77A14D8
0C21F733F792F894
FFD505B30BE30C11
0708FE00F878F77F
F16BFCE30480FBA4
012B0D84F8280E8D
004E0476FA6909CC
024EF72101740628
15220A0DEFB7FD4E
FD85F8B0FEEC0286
00540D38F66FFD7F
0AC8104F067D11F5
FBE2F1AFFB3BF96D
06B2072D01C1FF75
F91CF3FC0E22FCEA
EE2EFB14FE52009E
041903F103450E62
F578F6820FED0164
F83312E8F840F4AF
F23C047DF0FE05E8
0C79FEB8F95FF6F6
FB781486F7D8FF9C
0383EBB9FF16FF0A
F124FA5F1B8FEFD1
FFD7FFB4E8610292
FFA5FDA9FFB60A1B
09AEF35AFADB0774
ECF3ED530E10F8E4
0887F38FE02EFE0A
F45CFE73F2990B39
F0DEFA890AFA01C0
0FE0F50E112F0E55
F2100D6B0FE4FFC0
E9F203E010760837
FF371EFF00A3F3DF
05D1ED3F087BFCF6
0375F2AF00790037
06B905CBFCBA0661
0005EB4C0402FEEA
01AD06670722F0C2
FDC8FBAF14B61030
FDA5FD9110270F1C
05AE01B40CFC0D0D
F88AF77B056FFFDD
11CD18740603EEC2
0020FF590087FB2E
FD240D58025C0756
11C3043807530517
F807ED8B03E90718
12401172F1F00129
156A03DAEF550101
FC15FE59080503A6
045C0F91FEBAFCD5
006BFCACFAF505E8
EF4BE81BFC9EFF2F
0812FF11F4CF0E65
E579FE09F935FEB2
0691062D0B87F6FC
075C01750B6305DC
EFBC0D84F549F7F6
0692EFDA010DFBD1
073704E9FC3EF2C7
1137FCAF1B57FA9D
0A00F2EF10ED1498
0BDBF79303C40B82
F65B064DFB9CFCAB
F3F1016C036F0653
0414044B0D2B0D56
DA53FFD8F740F8D6
E21CF5790BD3FB9F
0198FF9508B00043
FF86FA1402490194
FF560788FD39FA20
1CF90EBAFAF20344
119101090636FFB0
12F001BEF136F6EF
EE290344EF7701F0
F4CC043E0C6C05C7
0E8005FE0474FE2E
F1A30E770526FE69
067BFAE6F5E9058F
F9BB007EF19E04CA
E760FC2EF4E3FBC1
0C5EFC58ED64FB4F
0CC5031EF10FFF20
0067F672091E0859
051D05FE0E5E06B7
F2ABFF9DFA4205C8
FE63F6F9FEDA064F
07F7FFF41CB400B7
134E0090F951FA4E
09D404A1FE1CFD9D
00A2FAA80AF307A7
FF850008F79E044D
0818FE3C06690199
EF0BFF9B0BB7FFFF
047C00F1ED03F39A
F97CFCE9FBF2FDC1
F1DB09730E5E021E
FD00F77A0F95FEA9
FFC9074CF7EFF827
0549F9500067037A
F749E4D60A130C2E
0195CC54FBF60CDE
04B5E3CFF19DFDA4
10D017BDFCD0FB7C
07D60B70FF631427
025CFBE4FBB40B60
127FEFA8F5F30191
010006E6F235E5ED
14F029A0FD09FA05
0B6229EFFEFF0988
0BA3F95C018B0C29
0F7CD798F9E3EE91
0E4FF45FFFDFDBE9
07DE255BFF49FD43
127D20A009040B25
03AAFCB2E8640CF5
F583C03BE873FD78
0361EF5C00430AD8
002122530502F971
0FE212C3142408AA
088D0F27EA98FF46
FD8C1BA5F489EF21
1FFCFCD2D9DBDD1D
01DA05A7FC080B92
04D1F81AF8F20199
09A7FE84EE55FD6D
0BCBFC560438F91E
F75911BA05CB06F2
015F011AF3240C0F
EFA1FCBFFBB4098F
F8FAFF7A03D20B38
0642F3E2F23F10B4
FE55016F007B0137
0492FF3705A30E9D
F8860249F708FD18
F78CF7B003D4FD0B
051DFE91016E07E0
01780144F8C0F3D3
0AF20167F80BF2CE
F36D04ECFBEB0140
0124F228038AF79F
F46A086B0D44F6E0
0A89FF970AF8006A
0DAB01ABEC75F6F6
F38A00F4EEF2FDFD
0F470035FA3BFE49
02CC134FF7AB01FE
004EF1630FCE0624
1E92F63407C606DF
FBF90CC604A6FAF1
0150014CFFBF0727
D6CA0B1EF8C1F3B2
F993F6FAF980E876
1A030305FF7601DB
F6D0075101C906D1
FC8F0870F19900F2
02E809B2018CFE1F
13D9F767F842F1CD
01ECE7EA040C07C7
FE971137EFC91639
F4950490FBA10BF4
154203D400700DDD
0B500CF8ED7CFB44
F667E89817090538
FE130576F241095E
FB1700D7FEE5F02C
0BB2FF9DFEC1F14B
0D95FE2BF336FF9C
F471F42D123504E2
FBBF01BFF9C80256
F6030133F50C0961
E03DF7E1FFD2EFCC
020D067BFE7BFDD0
F7BCF930F0DBF743
F1A50F25FDF2FCBC
F3EAFE4FFFD10C1A
0503F9E512F90681
1604FDB20B9E089B
01C8F92605B1ECBA
F6C01A9A118BF2EB
F23122BC03890945
FD490C250BB108E9
0069FBFE0FE4F80D
05BBEA54F44202A7
F5D2FA9AED55F976
054A0E2CF4F5F5D5
060103C6F98E01AD
F5FF05EAFDE104FF
0CDCEB8301CE078B
09B1FA7CEF2800F4
F99C0086F8F7FD59
FE18FB6F15030254
F62A0039064EFDB9
0345FEAC0560089C
0DE2F9180FC4019D
002F02E7FB4F07C2
F516FF59F89101C4
093AFDE702A3FD49
11F4F333023403CC
00950C40F9040F94
FA9BE7C400EE10EE
F2D112B2E8740B62
0523F243FB350F2E
007DF94D0131F6B1
F4890AB615091FDD
0148FAFBF026FE7B
13FA0B78E365FAF9
EFD5FB9306DF140E
1532FA9AF24EEBE3
FDF51313249F034E
F826FB161308ED37
FFEE0D11E6E8FAB4
F5D8FB71D1450893
EF97EDD80C02F8F9
F8FA0BAD0CD40095
F7F4ECA50AFBF53A
025CFB250CB70826
FD56F29CEA3F10D9
0F52F996056A0940
F1170F1404DFF524
FDC6EB56F9E6FC24
FE000EC8FE48038A
05B206D3062BF229
FD320872E9840C9B
02A3EBBDF1C20E03
FC040525079BEE18
0044F9E20785022E
F4B9121DF2CAEFBB
0458FB36ED6EEBDE
07FDFA37F8D4FE4B
FBFE00B501090915
11A3DD59032703C7
13B707A9006002B2
04BF0183096AFB4C
1798FD9E05C9FC2B
062907D90A1C009D
2878EE97EEA605CB
05FFE02E010A0B2D
FFBB07C6FAD004BB
11BDF966FDF601C5
F8A901F40188F917
0CD8EF25FF1CFED6
12F2F4E9F05D03E1
03521EC2EB06097C
064BFE61E679F306
F4EDF4F4F03CFFB9
1CE0F30DFA7F000E
F4DEFD8FE95A00CF
F60B025903040275
F532040B0038F960
F5800C7D0FF2F971
F7C910120F14F611
11C607C300DBFD30
EB9EFFEB0382084B
0B9F11D1F037FE37
0768F76F147D0114
FDD3EF8EF65DF947
F714FEEEFD01FEAD
006FFFB0EEB005B7
09D2F3D4EFE7FF0E
027BF627000F0210
0695FE17DEE6FC93
0A8100E80D0C09A1
FD650657F5A103BB
F61F031C0961FD26
0189F82B0B1C0613
03B1017AF7E5054A
FC08F5AC0143F41D
FE11F743F43A0ABD
023B06610990F5EE
02A8F0720791FF16
012B01D819A00B7C
F77FFB5EFEE5F91D
082E095C0B5FF965
EB7CF8E0E943FA48
FC740E0B0DA3FC5A
FE5EF73113FE05A3
F8D7FF4708EE05CA
05FEFF1209CFF6B1
03C7035CEF2C0725
079E020FFF7DEFCC
FE87F9E405CC0548
005708361185FF25
FEA1E93E05C9EEF6
1295030DFF110671
FC68F552FCEC021B
E79BF0EDFEC3FAC6
F28DF74F0ADAF73F
EB43092007D8F097
04F9F9FBFC69FF8C
F1060A7501B5F905
F4B90CCFF6560412
115001870844F980
FDA91FB8F4290C49
155FFB0AF35FFFB4
0B24FFEBF0640CB2
09BF0719FC370A9D
0E31ED6AFB73FB30
F82CF79608A6F200
05E404AFF766173F
08A6011AF887F77A
FBE40B960109F628
FD7E010B02DBE7A8
0018029B092600E8
039B047D0215FCA8
FF90FCD3FD17F3C8
028BFE0604B1039D
04CB03E8016005E1
FDF1029A049101F8
0018049906A0F8FC
0069FFF0013BFC58
06A3F8060163E875
014BFFD4FFB000CA
FC750190016F10C6
0389006D0345031D
09D4038002C00733
050701E6FD4BF9DA
00DCFC6DFDBA03CF
0305FE12FAAE1142
07470364F9BAE03C
021B03F10337FB7A
0231060D0156FAEA
FE66FDA10E27F8E6
0624FF98FF3C0A65
FF1A0317F8290AA4
012602950657FDF9
030EFD92FE2DF177
03A0023105164021
03330613F56EF693
FF7EFEF9FEFAE8E1
F9D00B710028FBA4
FB03FFC9FEB1ED2C
03B6FF81FC04FB77
FED0058CF692F505
05D1FC240186FEF6
03340208117AFF16
FFD10004024FFFCA
01090675F0D2EB71
FEA9FDAFF94307B8
0286FC44018EFF43
FCE201E4084DFD57
FB5F00BE03170421
FCA3FBCD015A0F09
00D0071503D6138E
FC3DFEFDFFDC021B
FC1506B0FF2703E6
023DFF2CFCB019AD
FC4A01ECFC06118E
02AF06A0FA7AE833
FE10032B01231363
05FF08240C312CA6
05CD0AAB105AFD52
F77CFA2EF5DDD130
045AFCEAFAF1B9E0
0198FB3AF871E62F
07E104EF0171EEF6
FF2404AA0536CE93
F9E7F6E906ADD640
01FC00BB0BC61659
017BF78E04770878
FE45F7DA04B1F765
FEEA0212FE1602FF
FFD30154F8DC2EA8
00A2007200F33E7D
FF7FFE61F5ED333B
FD47FDCAFA990A8A
0C7F01A300150B79
07F50636F9C828C4
0B96FF06F67A1AE9
FAFBFE91FAF0E57F
FC74FBF30023B553
02C4FF81FE6FFAC5
FBD708C711D3F234
094400B2F826F4F9
04BB00DF0395FADA
06ABFC18002BE85F
02050527FEF4F533
FFACFDFD0246F05E
FE33FE8A070FFEDC
0089071F06061C15
011FFE8C045F08D5
026E0508FE67FCCB
FF88041C00C40011
03BFF46A0287E500
FDFC048A03C3E4E5
FB2AFAEB0044EA39
FDE600FDF7C4FDB2
00EF009BFC23DF54
FC47F809FD7DE2F2
FD2105940124EF87
05B7FE760386F260
000B037405F7F77E
FFFC0151FC0AF54A
F468FFE0FB89FC6B
01120733FE8E075A
070FFF7E05E3F09B
FE7505E204A0FB64
008300E001CB1445
FC9BF1B104A6E494
023C0195FDA8F3B9
016103D0FF71F2E7
0568019BF5FFC7F5
00360047F930F501
F97DFBA60783F157
FEA30529FF420291
05AEFB7C080202EC
FF30FCAD0013E955
07CB090AFF0A0E5C
01FA0115FFCD08C6
035407700952FD5E
0938025E028107F6
FE32FEC6068305B5
02D30891F663FB94
08A50490FCFD04D6
FC8E06C0052BED0D
FDB80186F5D400BE
001FFC53043205F4
075AFF63018E07BA
F756FF85F9211324
059205DAFC3D0653
FCF204D5F912EB89
F57FF76A0692F5D8
F40EFCC4F4C80776
0A62FBF3F8BA0219
047E005F00B3ED23
09620A8601A0F54E
05A3082300431020
09D501CAF86BF5C0
FA36FEAD0262F3A8
FF43020D019607F1
FFA506F6007CEFF3
02F70037049007DD
FB0AF92904690E31
FC29003C03F10133
FB40003C0893F9F7
FCAEFE2F04F2FFFA
0247FEC207050E51
0024F79E0BA01E1E
010C012E0A43FAC9
023A054202E9F2D1
FF1901B8037013C3
03B00008064E0157
FFD2F52F07B3E1DC
026903F2039A022E
FE1C09D1F45B020D
04B7FD95FC240BFE
FEDD04120332039F
001B0196FCA3EC33
F948FD81FD4BF881
FDDB09CD024E009C
F66900CFFC20ECDE
FC28FD710302F6CB
0FCA0145F43915C7
06A9FB98F2670896
FB9900FDFE580F31
F8E9FB5704D8FE0A
0084FB050083083F
0166023F02A31086
03E2FDC8FFD2FCDF
04E5FCD60E79FF3B
FD5B06DEFCDDFBB9
0469FF56F877FA3D
0376036C0A4D09B3
0439FB01F909039A
024BF956FF94F527
F350090E020EF6A3
FAC6FCDCFE72F846
F7B500610303F671
06C2072AF87B00C8
FDB7F3D1F724FA8A
FF84027E02B9F4A2
02090337FF8CFCF6
F319F29BFE6C0F54
0214FED0F5EFDDF0
096AF6B4F75AFF32
004A0073FC60EF80
002F0694080417E4
0A86FDC10216DD9D
F4CCFAFD0D9E0696
FDBC05280CB9F53C
FED10331050C01CF
02BBFFDCFD5608F2
FBC1FA10F63BF22E
0641E005FCDB003A
FF56F53F0BA3EBCF
FD9B0BB60BD1EDE4
072607D8041502F9
FB80FA13FEE9ED0F
F2CBF8C5F45F0097
FB82FE2D0EACF7FF
F8C104EA0739E9B4
04890566F2B01317
FF01FC73FA75FB7C
07B20E98EEF5F834
FE44F7CB0AB4F169
F8F50C0C073BF443
00F40455F0810AE3
06ECFE7BFD97E4DE
02CEE7E8FF061393
FEAAFD86FD81FFB0
02D2F880F34B0BC0
0859F5D6F73704CE
06B602CDFA75F4EA
F8330030F5A0076C
0198009C083B0B9D
FEE1FBC40817034D
007FFC3EF82902FA
FF45020C0394040F
04EAF700F672FB41
F79AFDAC13A10168
060E024D0EBCF941
FD84FE44FF0DEE58
00F6F8EA06B104F0
017CFA4A0DE306F1
FD93047B05C3FA76
051300420330FF20
FA1202AD01D3EF52
0445012EFE54FCA7
FD06FD4B04EEFF76
FD0200F3F3CAE7BB
FB85FC09FC9D04CA
024B07FE05D9FD3F
04640290FD40F2AC
FFDBF87503FF0AD0
0633FF1FF76E0F1A
FF0DF80DFDE5F003
037C01A900E7EC04
FDD2FAD7048401E0
05F1FAEFFC74FED9
FFA50537FE44041E
FF8D0590FA13F5C2
0394082AFFB7028F
FD1E025D03430848
0B75F7B2060A0131
06FB03C40679FDF8
05CA0147003803F0
03D007DF01810300
FD73011DFF3F028D
0131FE90039EFDDC
0639FFF203AFF9C0
FF30FF00FC510C6E
007D071EFB810161
00E7032BFFF5052C
FF47050E0400ED27
083705DE0139E48C
FDC9069C00A50449
08710320059FF286
FF850058FB98FC6E
01E10A9EF548042A
00020B31FABA0E46
FA3006D1FA300AD9
F94A0406F61F0002
F8210239F8C7FBC1
FD730538FA040867
F8F9088CFD1A09ED
F6AD0769096C0312
F9B0059E0422028F
FC1B051AFE600525
011504670C76028E
030B057108BB0467
FA57FEE0182EF9A4
FE50018C0C8EFFF1
065106DD02F501A7
F92F00AD0BC501CA
FBC4055408D3FA97
FC1BFAE614A4FC9C
04D501150601FE8B
02970580F72FFC90
FFFC029105AF01B5
FDC101EB03C2FC29
FBD4012C0A50FCA4
FF0C00A6F67AFF99
FDAE016FF40EFBB9
E8F014FBF72DDAA2
FB6203B00156B23D
036DF58AF71CE8A1
0BCEFAA7F4B6F3BB
F493F799053DF4F8
F9B81DE90D5102BB
FBA10BDEF2E4F00E
FBDAF3EEF11F04C4
FFA5FC01EB121299
F6F4FE710D83FFF5
0F7D05AD0C41D334
09E907C6F229EC15
08ABEFD704B3D900
11F1031606C9F2DC
F6B3073A0E5EE457
FC5E04CCFA99F930
00960693FC1A0D71
11CBEFF3FAB1F811
0516F871FFA50151
EC1C0B3302810459
F914FDBF07F80BBF
0AE902640F9D138D
FCCEF925F745F186
FEE1FE6EF1E2F6B3
07F2FF5909FF0503
01BF061501B8F0F7
F777F3CE1421021F
FBF7095F05BED5EA
F535FD7D0268F556
FF31F9E70ABEEA74
F712FD7CFF100E88
0366012D046CF6F8
15A40053F855FDE8
0063FBA3F50B1C7B
FDC7F5F9FDCD0383
0090F72901ACF8FA
039C02D5FED0FAC6
060906C8075ADCF2
0B59FDAEF57BFC5A
11D6F9F10613F006
FB90FB4B029F15B9
0924F50DEE9E1B87
FEC8F7AF052C0F8F
050FFD0C08A13757
0F18FC1606FEF201
F743F99FF817EEC4
0EAA05B3FE130AEC
0362F700F8C1F187
FAF8EE48F3050F9D
0A4F094BEE66F341
FDB8F92FF09105F0
FF37F99A02C6168B
FDB6080DFE641F84
FB1703910A80E0D6
0C8309F1FC79EDBC
F9F0064908A5F170
057AFD300E18FB13
0873034A002E1E61
FCC1FE7AF962F189
F764057F07A4E94F
FD90073C01A90A1B
FDA4031505AFFCC5
074405FB00CDFC90
FDAF00800493FF44
FC95FCF70292F888
04BB073E023B00B8
FE5D0049FE91F1F5
FD8904F80428EA8E
091007C1FE6D0B24
07BAF84EFE1E09AF
0354040A0210FE36
0578058D007F0A0F
FDF1FBCAFCF4E76B
0A1D023F02B9F9B2
076DFFA7F92528C5
018A06D3052AF5E1
FE5FFB68003E02C9
020BF66801C600EF
0E56056A02632985
FD74FDABFCA7F5B1
071301F3FABF09CD
F8DF023DFBC4FF95
FBF8FD1800570553
09C0FF44021A100A
02B1FE25F9B8F8F5
0D3DFC76F71A027D
FDB9019A06C80FED
F800FF4C0C1AFEE2
FCFF00D0FC60E38B
02E9FD0EFEAD0328
06E9F716093AFEC6
031F02370D410868
035300620125ED0F
FE19F9B70178E3BF
FD1B0882FD170655
FEB0F8E404BBF95C
FF98007DFB5CCC2A
FED904C9F8E90364
016BF7ACF6031E70
FFE60715F7FA0370
0372016EFB9D02CD
00D8FC6FFAE0FD58
060700140351FD1F
052DFB25FA57FE9D
036BF04BFD61ED66
0157020CF8D10087
FCE00171F9EF0347
01A601B6018705EB
FCC40262050C064E
03FEF325FE52FE95
038203E300C4069F
FED5033B05DC01B8
0579035F034301C0
011102A503290ABF
FDDEFCF40164FF0F
041004B7FE5D004D
FEF2FEEBFD9DF576
FC99FE84033FF3B2
00C2FC56003B009E
F9F3F9DA0646FA1F
FCEDFFB1FC4509A4
FDAD05A2F97A056B
FA050847FB2FF964
00490109FCC2043E
FE41F53FFEFEFBB1
0AAE0032027606D9
0746FF71031D02A1
01BFFDA205E6E19C
0377FEA300A0FB89
02270108FE0E1524
031EFC33FC490FE6
FF03FBC3FF69F79B
01A702AB079BFABD
022301B1F7EBF8A8
FAD9020FF98C0F8B
03B00249FEDE0188
FA9A04A00695EF61
FFEB0112082FF951
00DE01AAFC77F6FF
0139FEF2FED8FABB
01D10BBD03ACFB5D
096202010794ED6F
0197FEBEFD8908C4
FE48FEF6FEB90220
01A000530C5F02A5
FE71099905C60870
0B7F0293FFF0E347
03DDFC4908F40B70
052400F6046C0949
FD0E05C40329FE7D
05DEF3EDF2C4E2E5
024FFDE402F91C3C
FA53062A065BF401
F86909E0FC5CE468
0342180400FA0179
02D3E7A6F2A613E0
00B70EDCFC50FAAE
FF9BFE4FF8E806E9
F6740B6904560436
F91FFF6200ADD05D
0E55F64AF618F418
FDF004A4F752F103
FA93FEFDF9EBE0D6
024208C6038C1547
060301B900F0D862
0D96F71E0279E696
02F2030CF81BEC37
05A2FCFEFA74F5DE
07B8FC9400AFFBC9
07D100D30261DE57
0ADAF7D8FCE90010
0D80F574F88EF5DA
FBE0FCE609DAFD8A
060BF8FCFE12F711
035005A602F2F224
00BC09880D7312EF
FCF8FB6DF81E09B9
0C060245FE8501D2
011407EF05CC1F6D
00CBFD9103A8362D
FF9B02D61012ED7F
F9FFFD5F0358C528
02E2F2D90DB009CA
FD9A0B890A0E08F7
013304810B4EA3D4
01D9F87207C3FCAE
F19809060B27FDDA
0422FD4C0DFC0113
FC17092F0A010FF8
F271FDCA00D8EABE
F730FA1CED89E989
F252058DF9AD1091
06FC027E01A904FD
072E1341FFB80113
02F009CF0708FA2C
03C8EE540BDDF1ED
0BD400010B26FB28
0FF903170B6B033A
0D050865086C0A59
FEADF750036AE90E
F340FA670313F01C
0362074EF57E0C00
FA18FDA8FF0303C4
FFF2FF2EFE821D88
055905EF002FF1A6
0489FED30524F5B3
FE4206DE0BAB0A0D
005DFE9904770090
038CFBBBF72F05E5
004AF461FFE9F567
041CFD4E0A6DFEE0
00F10C69083EF378
020FFE18EF2DEB99
FD7CFCE1F20EFF93
F905FF98009E18E2
0BBA01D20A440E30
FE56FCA80521F225
0144FE8DF84E0351
0217FDAC0ED10DCA
FD170490018F0B9E
F5CF0DC9EDBEF4D2
FD26FACB01E2FBEA
FE920571FB88FF96
FEB302FC06C6F255
FBF6097BFEE8F6CE
F8D201A80664FC39
FB51FF970695FF01
FB64FC07FECE0151
02D50360F1C1F5A7
04400154FA0DFD17
FDB401FD0A93065D
FA5101440AF6FF8C
F7A4001FFCFFFF6E
FE2E04A3F89CFE24
03C20193FA580315
002DFC9F127A03EF
F9EDFDE113680198
FA6805DA003C005D
079202A6FE3604C2
029300C501BBFF98
FCC9FF620AF8FE12
FBE200680A7CFE01
00F70243FE22FE60
0BF5FFDEF9590050
035802E2FE30FDD7
FBF103470461F816
FCA7FDB60206FE14
012F03E7FC98F4CF
09740076F88BFC72
0A35026B0285FB74
F5D0FFA7FA2DEC0C
FEF4FD19023B137A
FD5BF58C03E5FC77
0330FAE4FD74F2D8
0629FD90F63513DC
FEEA03E3F96FF830
0182FD80FE291438
FC35FB210172F5C0
F681007905970D07
F926F89F02A00A92
005305CDFEE60EC5
FEEAF9C8022CE548
0585FCA70365F167
023509ADFDD5115D
FA67F88D071AF59F
F452092FEB6BF7FE
F586F3DCFFA1F756
FB4BF45A13AB04D2
0493FBF3F83C1B73
F9DD012EFA0CE6D3
0472052DF9BBF651
F662FCC1F9E71CB0
F89001F60A7D116F
02F00462FE881E9B
0188F6FEFD6E1253
02A1FFA1F8A2F642
FC7200300310FFD3
FA04FF73008F070A
FFA2FF78FD620A7A
F97E025CFC48F051
FF4E036CFDBC0353
015F0597035108B4
FA5E0573F83B0269
FEEF02BCFBEB04D4
02E00097F774FB97
FEBE035D024B07E7
024B079300E904B2
FB8701B5070DFF87
FB2EFE5D09040005
0333FF57FD98FFFE
FF9301CC0063FD7D
0505038806290324
027902F608A606C8
06360311012703A9
03570579F457FE08
032A00560203F4AA
07C001C70272FDC1
01FAFF7D01530537
044100E5F8FCF812
03340219FC8AF7C7
FBFA0898FF75E983
02300240F53C27BE
0592FC45FAE21B33
FE60FC5608F3E3CD
06D202E4F984F301
FCE30709FADFFDA3
FF00FFB2FB050849
FD0202620642F553
0434F382FFD21283
FBAD04030355FA8E
01640533017B1659
0380FE8FF909F4DE
FA210285005BF4D2
038FF98C03FA0965
FFABFF660463F8F4
FEDA044706080434
061201CCF4ABE88D
0181FB42FED805D3
FE4D050802801206
FB5B08B5023D0A6F
08140383FDE1FCE5
FE55FD94FC7BFD4C
FE10FAA909120CA0
095B083F08AAFA03
FD1DEF65FF28F7C4
0439FE26033E0A58
FF1203E1FC4108D7
FB2D0320FECA030D
FD51010D02C5F873
FD71FDFC0431F93E
03D5FF87FEE3F7C6
FA90FDA8082DFE33
004A00E403010099
FF5E01D40662F5F6
FF6DFF74040BF1AE
070301D6FF9C0E24
03CE01AB0F4209EF
0A8400640A7E018D
06E80341011C010E
FEED013CFCFBFE4D
FDC201B9F1E505F0
FD0803B9F95D02D6
FC9AFF89FBC4FF1F
FF29008BFE4400FC
FFC500A4F9F9FE14
0240013602A0FA69
0586FE47F8FFFB1A
FB800170F30904AC
FE9200D4FB170233
012D0464049CF7CD
FF5A160AF7F60C33
05EF04AAFF590310
FD0211DFFCCDF554
00BDFDF60DED3D2F
0A07FDD8F1701138
F6A600DFFF06016E
FD7606E0FBCD0467
05100C7CF6831078
0CDDF51B18B5051A
FF290BC700EBD0FF
08E7ECBCFD7AE464
F9D2F3FB00431277
07650282011A0E9A
0D77F863F9A9F597
F4A9038CF832DA33
05EFF7190BBBF092
02CA04CA030216FB
0356FDFA012BF767
0697031DF5FEF442
003AFCF102E80A5A
F7C1FB6DF7390770
F5E30054FB660B5C
059EEF6E0218012A
0D2F0890029DE81C
0EE3F67400B40DA9
FD68FC8F00B411A5
FE6DFE5205C2F6F7
F2B3FB55FF07E2AB
057704D2FA5E06FE
067F009907D7146B
FD81F7A4FB0BFF8B
FA9C00D707FEF7DF
FF1D00E5014BFD85
098C0532FD650E46
05C1015A011C05BA
FA97FCB104EEE87B
FF7BFE5F0B130287
06ED0196FB9308E2
09B7046505E50F3C
FE61FE24FD64023E
FA1EFDE11371E891
FD250657F7BBFBB5
FC54010FED13F9D9
0116029C0DA50405
FF43014EFFB9006A
FE98FC33F638FB72
044E08E6ECC4FEE6
FDE5FEDCF32DFBC6
068DFF5A0F060FED
0087037EF317FDF5
FF0A0275FBE2C55C
059702C300171FF4
0B4A0544009404D4
F83204720053EDB0
FE9BFD7E00200004
FF630024F9F1E6EB
018CFB100A5CFCD6
043F033C08D500BF
FA6B026DFEB3F75F
FD74012B0120F1D6
F4B6FFB004E7012C
019F0017023308E9
033903DDFEE5FE95
0504FDB3F8B50F91
FDD80822FEE50552
FAB201A7FB761E7F
FA4FFD98FC01C35E
08FCFC50FF7FDE6C
095A02B3FD0420E1
FFBFFE93FD0E11AD
FECDFA2C0241FAAA
F902F43C0C0BED6A
038E00410059FB3E
03C0F990FDD1084D
FEB5F592045505F7
FEAF026BFBA5FDCC
FD01FFFB0439FF19
01D8FAC7F974E939
FF76026DF8D8F69F
0077FF500C3C0967
01A6049801100A7A
0569F901F87F0B76
FA05FCFFFD2AF9F7
0307F9C8FCDE076D
FB9AFDD2074C0031
FD3F07D60283F06F
02BAFF43FAEDFB21
FE50F71804D70135
090C01B70269053C
FE9F063000FBDF5B
FD9E09DB0074FC56
0ADD02AEFC0A08E5
017CFC610E6A0A16
0949FC8AFEC41064
FF710255FAB2ED95
F9A10559FFCB14D7
0488F9EDF7630FEE
FBFCF5CFFF08FC83
FA9B028700FC03ED
0C0702E809C31456
0B3108A600B206BA
FDD70051F5E3097A
FB3BFFB6F61E2584
FCC2F8DE0500090A
03320B1BF8A00E6B
01E0FA22F7DF0866
FD82027EF7EDFE55
029DFB09F9C3FA30
F585F3480093DE7E
03BB049B13B30100
FF2DF44AF89C155F
06D4F4670067EF0C
FD8BF8B1FEDF01EA
0125F503FC120B52
FCAFF5130F1D195A
056FFDA2F7EBF1C4
FD42F07E00E30623
0613F88AFAD40714
FB5CFD1E053A0A32
FCE2E6D2FF1818E9
F5A0FAADF48303FA
05ACEF1AFDA61DED
02CFF33EF7A9EAD3
FFFE06850008035B
10AF09BD09E1DED2
06F7FB62F68912F2
085800861269FB2E
063B003E08B8FAF0
F8D1FEA3FB36FB08
F4E90881F9B0EA83
068B038D032E0B1A
08A301D70C5CF4BA
06F90322F808F237
F98C02DA0059F080
F7A50674FF4A0A73
FFC0FD0F028E0F45
00BB055502EAF6F4
03E90673FD25F81F
FFF5FEE6FFDE106E
01B8FFE30188045D
FE45FA8500E50518
03DF067705F1FBFE
0497FDF7FF9002F0
0033FE75FC7410B7
FF6701C500E4FF5D
013BF899043AE8C0
05BA01440D620108
08A4FD80FCF2F5F9
FD89FC65FACFFF85
FD17FC98F976FFF0
FD3CF582F43FFD47
FD6AF76200E8FE99
FEB801FBFF1FFEC9
FE37FF6DFDD8F130
060F010801E80B21
FF11F8830007FB74
07CCFAE2FC83FCFE
00C902BAF5D9FC7D
FEA50A9106A4FECD
0149FDE610A6ECB4
05C2FE5000740780
0082FBD9F906FBFC
FFC3F97F005F0843
0708052E02CE04FF
0286FE71FB70F5F0
FE180ABEF78108A8
FDADFB920312FA28
FC03FB4D099614AF
064E0683009B0600
FE5203A7FE190016
F96605D6FB9B0906
FDC6FF01FC4EF241
0561FCB504F2FDF6
02FE0382FF85F290
FCB9FEAEFCD40917
FA21E98CFDF80E04
03FD05BE0497DF4B
FDE4FBE90AE222E7
056EF7D903520817
F399FA02ED0A3997
EE17EDA60EE51132
0218035B020AF960
F6F3FCCDFB69001F
F962FE180754E16F
FCD006AA01301D0D
FDEAF5B10B16DFDC
06FC03C30907F820
F64C00120861F43F
FE92031005DBD5DD
0A9505B810B3D494
FA21F62EF34FFA75
FD04FBD1FFC5FB03
FA41FF140C770303
04040232FC86F433
F7E3FD03058F1780
00A6F46CF260084D
F69AFDC801ADFFA5
FD0B06C30F6D1208
F9670DF1FFCD06CE
EA71F595FEE0334A
FB17FD270506F521
FF00024001D0FFA1
F718022BF892174D
F085FEF3F1FA0302
067FF95FFD88DF6F
035101A2F5080249
FAF001CAF4570130
EC7402E00F860112
F97FFCED08CA0570
02D9F82DF64CFF0E
07F9012805DC1258
0760FE190E2E0E4F
F9C5048B1047FE16
006E067B080A11F0
0D440AFAFC6E1C69
0597FA3A0206001F
00C803B10893F9D7
0592049A1129F576
0746FF8708DA100B
03D704A5F29D12E9
F70B0089F9490E25
FC860A48E8830809
157F0C80E10E010A
FEA808AC016616D9
093BFB8D14021FE9
0445FBEEFA65042A
FE92FED6F86003B4
03D8FDC5FE43F336
009DFC7802AC087D
FCDDFF1608C302FF
028101E20849FADE
0007001100E200A7
FBE8FFEA01740042
03320483041A131D
0460042106A8044F
009202050413F3E2
01ACFEF9FCCFFE11
035CFE6C05BD0078
0375FE4D021A02CF
04B3FEFAFDE1FBA1
04450746015FEC46
022302C5F86C07A3
F99CFF58FBDF0E27
FE2EFD1103B001DD
FE8B010BFFD20467
08450594FC39EC4A
00C10221012312F2
FE72037002780433
F969FDCDFF02F033
FE6BFA7205A5F520
0363FA1C06A1FDF3
02B7FEC5FCCEFB27
04B500E50BB1FBCE
02B3FBC7FD0809A2
F7DEF92DFCD3F107
0063F788FFDD0A26
FDBA00E3F964F2DE
F8D70363069CFC37
0253FA67FC921151
FA3300DDFE8017DC
FEDCF9E20483022A
FE3407C0FCF5EFB0
FC370534FE86FA24
002A037BF64B081C
FC75FC9EF7F50F40
0598F545015D085E
04470685FFAD0FD0
FD60066BFD3BFC2D
FE4304D4F9E80977
000400310939020F
022AFB7AFEA1E899
041306FCFF6A110F
05A7018A018BF679
05DF047E0397EAC8
0292052BFE7BEE35
08780180FFA0081D
0705045009030462
028D0702FC1409B5
09C10724FD33FC0A
FACBFD3208DE02D4
00C6F9EEFA7AFF45
FCADFCAF095D05EF
03200A8FF78E0190
07AF0354FEA7071B
FD48FF03FD7FFFC6
FAA2F9DF01BDE3FF
FE7400700BC50270
038E071202E6F83F
054C026AFF01F7A6
FDEE046AF1FE02E6
07DFFC1105B4F112
03040B4801B50E29
0291096305480EA2
FFF3FF04083BF2B3
017B05E5F8CDFAB4
FC58FEA9FE740074
0888FFDDF7ED0D46
FF640269FAF7F764
09ECFDA7FF1EFD6C
0C8C053BFB25FF92
FA0F02D9F9000087
FFB4F8A9041F0A49
FFBBFC4C026DFA22
0134026900D3FD7A
FFC103EC06980ED0
FE45023800E2F5F0
FE42FF08054A01B3
02B7FBD4FE2DF515
FFC7FC3CFC86F7C7
FE9202CCFEAB07C1
073607D307F1FCD8
01ED02EF018EF6CD
01DB0045F704F7D9
FC78FE47FB7BFCD9
00F7FDD9FFBBFB68
04D5FE7DFE720A96
07D0FDAD012B05F2
00C7FE5D039D04D1
0017FE91FE3403A2
FEAD0263FEFF018B
0164FE0302500C12
039706B702D40629
047BFB3FFB42FF8A
00A203C10973FF9C
FD1CFF26FCB10A46
0D6CFB28FEF5105D
0255F8A4FAD80B26
FCBFFFD7FA3F1966
003FFFA80128E729
000E042EFE3C07BF
02160C3DFE0AFFF8
FE1209AAF85E030A
FA0805AFF443099F
02C100DEFAB00795
03D101D30436FA5D
03B10353FBC4FE52
FE56FFBB075E0A12
FA7003B4FFBF0341
030701CC04AD1BAA
00E307E8FC60F2C7
FC5B0BCB0AA8EF3E
F72E03BDFD9CF815
0CA9FBDBF23E130A
FBFE0635FB930414
FDD00C3C01F7F0F2
F5D3065BF84BE5F6
E587091E0CCEE97F
F6220111FE2D150E
0158F4170FE50AAC
F3650D33F986D90F
0324F63BF700FFE6
FC53FC2CFC2AF368
FA91FEF3FF81F4EF
FF9D0594000900A5
FFE6FF0B098FE8A5
079AFEC4FE26FBB8
02D3FB720619F77C
0304FAF2047FFC1F
FE1A0290037805C2
FE01FE3B0811F5E8
009CFCA4FFE4031B
FDB905DEFF481474
FEA4FEF502790464
032D0394FCD10458
FFCBFC81FCF6FBD1
02A8F4D7FBAD0C5C
FD14043300860CB0
FB0C007E021D0A69
020F013FFEAA0191
02B4FF0EFED1001F
02F6F9B8FAD70824
FE0DFAD7FC15FC5B
FAC9FE39082707A0
028C029D0193F30B
04F9FE660108F98A
0219F15BFFC301F3
09E70DF51074DA84
05650A75F62AF85B
1443F8D2038CEE0B
05BBF7B2EEEE58EB
0811FB420EF90D71
08DB06DD0E0FD648
074CFDBC07CFE768
121DF2FE0BAD010E
0EE3FED30EA307E0
00A10B8A0515C694
FF560327FBB82E3F
FEE8F6BB0992E774
019108450EE3F8F7
FD72FA71FDEEF55F
01BB014AFF30E6EB
07ED07D700E91808
0041F20808362C10
030A07EA0805DDCC
0476F8DEF1EC00FC
00DE058F0AA2E79E
F3F8F7F602F10125
00F9F11907EBEB23
012A00F4F55BFDCE
036CFD60FE39F701
2B1EEEF300A914AB
1ADB052DF54DE87E
082A075E067BC2C1
13F1F6B202D8D92A
FEB00B3BFC472758
1427FADEFCF1F7DF
0FCFFD4101B0FDDF
02DD11C20741F009
09E7FAD5FF5BFB39
FFEAF7C5FADEF770
F4E904A00DB0F732
052011751DBF05F3
FDAF1B4A0BEA006E
047901ED001B07E5
05370472FF2DFF03
010F050003F0009C
01A2081E01C5F596
FF4D100201730B35
0041FC45FA71EEBA
F562FD65F955F231
06770726F170E2C3
06330A6BFD9ED3B7
F2A909300D72EBC0
F7EE07590479E076
FFF5EBFCFA1B109F
052AFFE0F3F1FDFA
038DF4B10489FF57
0349FBEB05D1FC01
0E26F9A403AA0A6E
02FD016BFFF5FF53
058DFDEDFEB4FA39
03CCFA98FE6BFC92
FF620067FBF0FB38
005C029DF9C80625
034B01F5F4DDF769
026801620077FDE1
0C0B0430F9EEFE34
04970268F1F5022D
F93B0436FA340061
F9D20527F902FD75
0D1EFB300C98077F
03DB009DFBE908C7
FF240002FE56043F
FDE701190661F454
FEA904C60C20FE76
FEA4FD7F019BFF23
009DFD6CFB520341
F342FA2909BA08D2
03BDFFA10768FD90
080B05170A54FC6D
02F0F6CF05052645
002B0CF90853E262
00650432FA380189
FED1FA0CF454F9F1
F9AD037F04A9F456
0839FB76F619DE2A
FE3F07DEFE21F708
05A7077DFA34FFB4
FE8E0350FF96F484
008504C3098B06CB
FE4904E1EAFFE968
FF15FD4EFFA6053A
0AD3FF2806AF0D86
081D003501C50334
FC900399FDA80045
FD1A0C740A2D00A0
06370AF8072C03BC
033E0247F87FFE1C
01F5054DFC5FFA39
039E039AFB4D1362
FA5D00260FCBF920
0656078DFE1CF9AB
FDC2010AFF31FC52
FF28F95505370470
059DFD2FFF8EFE7A
F85AFC35F7C409B8
FBE3FF3F0037F098
091E071FFD921BC8
03B301F6FB881AA1
017701EE01A20140
00C8FB100CAEEF12
048BFC14FAF7F63A
FF940563021FFE67
014B011F09DEFC6E
0156002802B7F3BF
019D069103DDFEC5
0387FE34FBE007E7
009AFE8D056AFD94
FDA0FFD803BCEA44
FE400153F65AED1F
010E076501D4006E
000CFA6F01320B50
0228027B08EF098F
033807E40232EC78
FD69FD53F9E50297
F979FFD7028CEBB6
FC3FFACDFCC80F23
026801E9FA4EF699
FD6F02AEFBD8F499
FDAAFD4609801DB8
FDAFFD23FFA50B35
FB5E07220346FE26
0422019DF8D4056E
FD84FBD6FBA604FE
05AFFF10075FF3F6
FE44F89F0C4B0A26
FE4503D1041D0642
FC7D0393FD59FE31
F651FD5AF9BBFE0F
FEA1009F0815003C
028AFDC00D0FFF50
0A65FD600A1CFBD9
09D0089FFBDDF8A3
FB71FCE3F72805D5
00A3FDB3FE1F0545
0549FC91008FF79C
00D0F89F0FBAFB3A
03320618FD7E04EB
05ABFC77FBC10477
04C1FA630266F09A
FCDC0371FF00F792
0331036705D4FEFC
079A0511F063FD78
00E2FF64FFD4FC80
017702E303ED047D
1E1CF3C114193574
0F20EF66F23A4CE0
F3AD02ACFD38026F
0CC51416F213DF55
F79707DD05341FB1
04D10776E113FFE6
0298FF32E57AE102
F1E4033F17FB023D
0E0F1245075606FB
F5B305770BC5FE1C
0D3304C8FAC9F8ED
FE8DF93B0A6DF20D
FCF9F30F165811EC
080C0F2AFE0F0E00
027D08D8FBD8EF07
FAF0032702B4F70C
EEC40AEC05C0F658
05CC029C00A30ADB
FB490A9FEF4A0ADA
050D06E6054BDE7B
055DFBF9F31514F5
037A1433F998F3FB
0D0E0218019A0ED6
02B60A3406ED0811
03C5036DFD9304A7
F815D60503BD1570
0677FD84FD0E10D0
0306FDD3F97FF217
022B0989F7B32C1E
FEDE0EDB0A541705
03EBE671009B1731
09AFF438FE5D0474
01B4FA190440F6FC
FDCB07650059086E
FD6600B501A915F9
062CEE7AF3581784
F96CF5700012F536
FBC4F78B0AA4F37B
025A0AFAFD16FFEB
05AA07B0FA1DF725
FCA7FE92F42CF28D
01A1FF3E0232F819
070300060EA1013D
FE5A0830F8020AF2
0156027CFB71FAC9
0B6BFEEC01DBED22
0969F606FCD80635
04F9FF3001AB10C0
F6D006D4F94B0F26
F535F8DFFC930E97
FD4706A40C20F6E5
FBC10AAE02E0E80A
0CB903AFE2F7FEDC
0490F987FEA20DD6
F9210C8002BF0709
FD19F617163F15A1
FC7D065710B12681
03F6FF43FC44EFE6
0746FCA4049D16FC
034AFCDD089119C5
0C98F1520640F81A
009EFD41FDF0F923
FFABF98CFBCCCD40
F8D2FAEAFCCEC3B8
0070F9B6EF8127F9
FEA609A2F57E2678
FABFFED5FEC01755
F465FED6FA0B1C97
F0F603BBF0A1FAF9
0688FA8CFB56131A
052B049DEE120C81
0091EF6AF6E4049A
045C07271488F5B6
FE89FB9B091BCDA3
0A5901CF0CADDCB4
FBFF032100BC13F1
0115055FFA010B64
FB6001110580F863
FDDF0329FEE10C1B
FF1405DF01D40892
F97CFF52FE02009A
FC5B001CF516FE93
FC4AFAD6060FFDC5
01BF04F6F8BB01BA
FFD8FDEE00BBFD19
FFFAFDC607D9FC4E
042B0380F2C8005D
047BFC0DFB0EFF4A
002E005902FA0544
F9F00131FE3AF73B
F71EFE820572EE7B
FFC0037EFE41FE45
02AEFDC40641F828
FDB4005108B9F63C
F59E06BC028FED66
FF4FFB07F6590231
043006E3F44705F3
01ECFAE4FD3DF9F4
025102360037F92E
FC060145F92B12E7
01EEFFF40FF9FA73
FD6FFA6A0243FE32
FBA90697F8BEFF69
FF5E09AEF2180407
FD470888FE8607B8
FDDDFC04106D040F
0040FDA0109FFC54
FD1002D60771FF7C
02240819F5220737
FBD607AAF792FDCF
01E104F70854048E
FF49FD1E0E51032A
F9FA059A0F36FE7F
03C40A3001EA0478
02EC026DFA7300FC
FC730277FEFF053A
FC13013B0A860119
FF49FB2B17CAFFE7
FF96FF4502DEFC84
07DE05FAFCE2F480
01A10057F6D602FE
FD74FEC0FB7502EE
F7B0FD680D25FE42
00010223FCBA0375
077300E60224FF4C
F6BDF3D70148FBAE
033502B70D5815D5
FEDF067B054D0E3A
F773FA840610FEE2
0338094DFFFEB725
F6D8FC6B0AEBD8A5
02500199FCC1F8EF
00E1FFAB05E3FAB4
04120027FD6BF2B7
07AE00F8FC9DEF1F
F694F01D086A16C8
080F0360F95C16B1
FDB8021DFF63FD21
F78BF9470656F837
FE6CF790FAF62037
02E4002004721FDD
06E7066D0145024F
04F800B010F4EF8E
FD21FAECFBFF0361
00B9034FFD320BC4
154AFCABF9F1F9DF
09F70FC3EBEAFE4A
080B01BD0433D32D
FEACFFB0F6B0F1D8
FE7FF9B70A5EF52A
02AD0457F24DF47E
0467F7B206D4FF5D
031906EF09F804A2
06430189F90AD8A9
FDA1F739FF15085A
068D02C6F85F0870
043FF97606101434
050A01EF0C9D1C4D
FBAFFCEBE906F2F4
FA4CFCDAF8DD1602
FEFAF719003B003F
05F7FDA7FC4D1563
051FF5520D1A20E8
00CE02D005F4F36B
000306A10983FEF3
FAFCF6A70D5C122D
FDDE0648F89802F6
03EAF4810BB7FF16
006FFE9603A5E87F
020C0397FBC4FFEA
003FFA410C240DB3
03B10381FED7CE57
0980F5090643F47C
04BD0666045DF774
FFFDFD7FFFA9EBFD
06C0FD4BFFE218B5
049DFD3A02BF1CCF
0317044D0DAB10A5
0540FDE0FBE8F801
04C303C7052FEA81
FD02FCA7FFB3EE21
059EFC1F01BEEB2C
FDE5007108160524
04ADFF790379D349
0420FD150CD8EFFD
FDCD05210713294D
07F203F002CC051D
FBFE0016FDA12711
FF14FE1C01F30DA9
03B10737FC1D111A
018D011604DF0D23
FF34FF50FFE8011A
F7C2051800530CB6
0201FD34FEF3FFF1
FBD30095F830DEBA
FC24FFA5F3F60E65
0317013B00AD05E3
07D607670ECCEE03
0295FFA219FDD6A6
F9BCFE00084A24CD
FC5BFFA4FAF7F1ED
FAECF6960FF4FC01
00EAFBEBFDFCEC95
060BFF3CF51EFBA5
064FF852FDC7CEAD
FB51F797F5FCF653
FF7B045D09ED048A
02BE050CF2690FBF
F4D3FEF0FD510022
00D9F6BBFD83F64B
014600DF0217FBBC
039EFD5008A20B52
00F404E902390BFF
0353FE5706D8FD70
FF83FD5800EB0AAB
0701073900AF01E7
FFF2023809C000B3
00DAFD3C0A2D055D
06FFFA82FFF40240
FCF2F623FABBF35C
05E30A57024CFBD1
FF6CF897F66E0604
FC6E02C0F1E41519
FC98FAAAF8380DF3
FEA5FE1305B60055
0E72FED9F198FACE
064CFA47F887FA73
F8AF008B049AF81A
0098F8700C86DEC1
05A1FC0AFD68F6AE
FF88FBC9F9B6043C
F8FBFDD300690396
FDD3FC6DFE8D10C6
FF1F006704AE08BB
F621FD69F959FD3F
001E0253FFDB0A63
FE55FE6604EFDFA6
03D4FEFDF826F5E3
06E7FF5708AB14BA
0009F7C2037F0AA5
075F019B06F40D0A
0697FAF50302E842
FBBF0173FD4AF847
FBD9051801100457
FD8DF9E900ED0111
03E5FAD10697037D
009105C0FB210DB6
0B7C088EF91CFC6A
0860036BFCD1EE12
FE12050E012D072E
049303CF07FB01AE
09F0FC64FDCB013F
F74CFD6809D3285B
FDED049E033EF06E
0D8EFDB407654CBD
00550782FE240294
FE14F4F3F48CFD58
F49DFCE00277FF7A
F952F7340D9EF0C1
FA220BFF0BC004EF
FDE807DF05F50548
F4080119FCAD0AB8
FA6CFE710500ED79
F7E6F2B201F603C5
EFC3F8E60001E863
FDC5046DFFB21764
EF43002CFCF205C5
F61F04B10BA60244
019001F507370561
FE6701A614CE0A68
036500D8F6BF1E74
F74AFCC8FE04073E
FEC3FF5B04ACF69D
077BFAA5F48A0003
0AC1F3F50A0C19CF
00BCF759F93BF6D2
FB950294018AFD28
07D0063A0595FD4C
FF65F686048107ED
FB63005D049CCF43
FB460394F3FBFA28
05CBFD3D018C15B8
014F00CBFF5C0368
FA15FEDAFCF3F361
FA1E062307A0D614
03490123FDAE0B67
FABFFB2FFF990932
FA9A020DFDC303DC
024F04FA031400A8
022AFFF5FC11086A
012C0489FF80030F
0158F9B3010C03B3
FB83FBF80AA6F7E8
053CFF74F2D51142
0505FD70FA7B03C0
02EDFAE9FF77FAD1
0094FF1EF83D01CD
FAC2FC230719E9DE
0769FABCFDEE1224
0450FBBDFF9A07FB
F9EA0B46002A12EE
F516FE2C08C6F2CA
F9E8FFD6074AE1B9
FE55FDD003A2F371
F72201AD07CA0604
04C3FF21FB3017C0
0159F68E017A13E9
08E1F876FE77F888
F90501D001B4FCFD
FEEBF660FA741714
FC990A7DED33F825
00C1FA04FC5714E2
07A40154F78808A5
0072045303D1FEDB
FA5CF81B03F8F37E
FE27087EF93CF457
096EF4BC032C069D
FF27FDFC0A11FE7E
08C6FF5503881105
0079F662EF70E95F
00A408350059FA8F
FCF4F7F70494F358
0018F585FEFC076B
FBC400A4FB0814B1
FF4C077BFC36F06A
FF290739EF7805FC
FE220B56F7D802D4
FC2F0055F692EC9D
F8C3FDF7FE52E988
FE8BFB56FB7C0953
FDFC0A7E09A21776
06E704FD075E0116
00ACFD73021FF799
FE5105AD08EE02D9
FF9BFC7907C50BDE
FA050AA109D300FE
07FCFFEF106AF06C
FDDCFA7301D7F818
05A0FD9DF725074B
04C3FDE6FB930952
FBD10ECDFCE8FC5B
043CFE190F14FC50
FD8BF8910393FB3C
0083FE0402F60120
FFA2FC79FA13F7A2
07EB0FBDFFFEF356
0284FFED05C1FCE4
FDA801D8FBE8FFDD
002FFDB90C02FC49
FF1AFB28FCE0F621
F1C3FF3FFF1C1205
0352F4A5050BE477
00A8FC29FC8F0C2C
F9E6F88BFEED13C9
EE9FFEC7F2BA293F
04F105A0F41DDEC5
05950D40FE67DAE4
08380951FE3DFE87
F887083008A213C5
02BC0A97F867D891
FEE0EEE80198E479
070FFD8A0C7DFCBF
F8FDF5440905D06D
FC4700C2065811F4
FC260873FAD9F2CF
0065EFE4F8E6E59C
0574FED3F6CB15B0
F7F1082E0228113B
02EB040F1471FE81
01A80A0C07870584
FA1CEAD0F8A2F0B5
FAD509A9EEC20CE7
FDA509D1F88FF972
04E7F45802FFF89C
00CE0412F7F9F27F
FBACF458EF5B0459
029A0A48F9D8ED61
096805C40182EB16
09E80110FA8E2A98
FFA8F764FBF208C6
0226F5D4FE13078E
00A002E91084EF1C
FB550CF002D5F61D
FE2D0479F9A0051C
008EE74AF87CEFF1
FF4001CAFD8AD30D
FFDC00A50827E6C8
F5ED064C0392F394
03120CE4FFBD0BF6
FDA5F2E8F0EBEEC9
F3790AFAF4F8DC62
FDC302F1013B0CAC
FBB1FEDA0FD40F4F
09930DEA0FBC0813
F3CB038FFC06EE95
FF6D12D10162FCFF
0A1FFF31E5F20D16
12F6F910E1B30AA5
00371297F4160C94
F55BFF4E12F20CFE
FDAAF955FAF40CAC
FCBAFCF1FE301550
02E701BB02C0F9DE
02700621006D140E
FD3AFA62045B080D
FF41F3BE009F1241
01EDFEBFFF980438
FDACFFD9FA36EFBA
05B104BEFA65F456
0193FC75F98AFC20
008EEFAEFEE70634
01680719061BF929
FE7905D401DCE522
02C3072203B60077
02540749F4590C9C
05B30321FE550E20
FD54068C0F431F56
F2F3FE310B76E05A
0DDBFB4402FD05DB
0238F9820985128C
0A82FF1DF0F5ED3A
0DC704D10907F368
FD0802A9F8FDFCD4
084EF96CFA530410
01F100AF05B8EC21
FF9DFF99068B13BB
097FFAAFF852EFB7
031A05C60321EEF7
07F5FDCAFB6FF324
0BB4060E069EF64B
0FAD0F3C0817FD21
08E5FB64FB080465
FDA0FD520447FB02
04A2FCFAFDA315ED
0C68FEC8FD1CFEC2
03EF02FC04C5146B
FAEA0310F6C0FAA3
00DBFDC404640730
FDB7FD7E04951A2E
F248FEBCF291E0F4
044402370060F9C6
04B3F5880111FE01
050DFE67FA33EA78
064B046CFF99DC94
FBCB004C0509DC0E
FC6002B905940C29
013BF9AE03E805FE
0E2CFF7BF5AA07E2
0A81036BF85F1BCF
FF15FF2E050E081D
F5C4FCE8FAED04DF
0051F739EE19FF2E
04A1F954F17D0553
0226FECA0043F9A8
F749061904B200E8
FCBDFC671AC50175
FCDD006510DE062B
01EB03ACFEE60576
0422FB90F7B6039E
FFEC044B0E0C071C
FEB603B0F256018D
01110006EC2704C2
02260356F0BAFEE1
FDCDFCCCF34F01D2
F6910229EA6FFEA8
051B013C0922FDA3
027403BDFE9006AD
014802C8045F0A67
015C00E8F692FC83
F8EAF77BFBB5057F
FBE1FDA80F5803FF
0538FD6FF4170269
007A024402B5042C
FC710B57FCEFF88B
F76304D9F340F78A
FF4EFCEAF81A0392
FCD3FDE8C01D00F8
018DFC71F641FBF7
FEA9035E07D4011B
067D02ACFED3FF66
FDABFF9C1027FA63
FB59FB0E21FCFED5
FD34056D1CA3FDFE
FCEF0344041403FB
002CFDE60A90FF60
FF5CFAE40B2E0004
FBD1012A07BCFE56
FFEE02D6F40FFEFC
FF030448FD04049B
00F7FD270537FFEB
F9E8FDF60619FE8A
F9C900B7FC2D005A
04D702D701EAFDCC
0046FDDD03680716
FDE9FF6DF9F5005A
F99E043C02B208B4
0163F8FC0735FD0F
03CCFCAEF7EEFFEB
FFB3F95EFFAE03EC
00F0FD1EFF9604E0
F9F006EF164EF995
FDD4FE79F855FE58
040AF7CCEED7FC95
0277FD9B072AFF87
FBBC048DFB03FE8F
FCEFFA9C01CF04FC
0258F6CAFC96FE8A
027AFC02F5AAFE10
060AF7CF043C00B2
F789F81207D4019B
FF06FEDEFD90004D
FB06FF8EF6CFFC8C
FCC70353FB2301CF
FEFFFDDBFE5D0647
08C8FA0904B0FE70
0272F8B3F504FFBC
F98003240758F973
022404FE0EC8FDB5
FCD9FABFF7F80039
FD6702670AE5FE0B
01B7FF4EE94A0227
FABA02A7101500A5
FD84FE161AB0030B
007F006EEC46F9A3
F81C051BEA80F9B1
FE2FFF1AE83DFED1
0169F784FD3905DB
FC1A0748FC1401B9
00ACFECEF6F6FF1B
FCBB05F70ADFFCB7
FDEA042A09DDF88A
0300035607DA05C0
01D2076B03B304A7
FDC001ABF7E405BF
FD200072F598FC78
0172FF7A0C1A01AB
03BDFE3D11E5010E
04FA08B0FE99003E
FEEAFB4DFF42006D
006C03D30012035E
FED1FD60F161FAFE
0383F384F4440017
FD860018F496FFFD
FB5DFA7FFA83015F
FEF6067409B0F6E8
FD3A037311B1FFF3
01FD03880CCF03E7
FC6F0CC10B0DFDB0
FE2106FEF9C0FDE7
01A4F4EEFC62FF81
04C8030102F4FF91
0123FC87E409FF83
0264092F0099FF10
06D30285F1EB052E
FFC10562FAEE01F8
03B7FAB3EC0F07C5
FCD20029F26603E2
00D303440EFE037E
03B600C204D60889
FF6FF6D503910210
03DDFF97011FFC9E
025602CAFC42FFED
001C09B0FD9F0072
FE870B06F7E50446
FE670886042FFA54
032DFC03FECCFF3D
04DAFE20F71504D8
00450282EE8106D7
F77604E41014FD2D
02F4FDFDF625F6EC
FD8A015F07B9059C
0363006F03B805B7
0326FE68FF8E049F
FD760033043EFE4A
0657F81C0CDC0354
FF41FEFAFB76FD70
F8DE05A204B9FEFC
F86E05D90BCE031E
F7980766FFCCFB64
EF9D035CFDFD0230
FDF1FE4B0450FE8D
FF6E0328FCFC0915
FFE904BAFE2907F2
F6FDFA3C0310FEF3
EEAD016FF9B3FE42
FED0FD38FBDFFD32
055C07CCF866FDE1
01C60D760FF3040C
FAFA018408EDFEC1
F48A0C1DF30DF928
F8DD041A0330005A
009C0086FB3700BE
FFF307BDFB64034D
FDCEFF6CF911FD3A
FA29065E005EF805
0016FA25FE3D0185
0010FCBFF82F0B11
FDD1FD06FA5005C0
FFDFF88EFAD1FF98
FA570355035FFBF8
FFB8FF52EE53FCD4
03D4FC951049FE49
0262029E04530B66
045501CAFE6206A1
005805DBEFB9086F
03DEFF770BCAFC45
03E2FC4B0440FD27
00830462088FFF13
02B90043FB76FB39
0374FE780D98026B
0457FBE6079EF8E5
FF550112F2A0F9FF
00BBFE66FC53FBC0
00D7FF23F945FB69
02D607C3FF8701E7
FA4BFB14FEFEFE30
FF39FA79F2C2FC57
00FA087DF6ECFCC7
FD0BF8EFF3490018
0270F5BEF88A013A
FC3E04D40E580161
FE610A5A0148FB2A
015D0A20F7A606AA
FC6002EB00BB056E
FBF30ACBFDFB0044
082CEE6AF05202EB
FB6AF4F208AA00ED
00D8FED2F3C9FFAC
035808C0E62DF66E
FC250269FCFEFFAF
F0CC026B028C00B0
F03F0E16FC020965
FCFEFA92F9E80A1B
0976FCBCEB0003C5
F58C027FFEE705FD
F274F383F937F20C
F0EA166601AEFBC2
F4E6055E0A080431
0763047DF254075A
FEC1095EFDD60011
00CAE513EC98F1ED
F37811BB1E05FEB0
F89E0636080C0924
09BBFF91F8340177
03F9010AF5390210
E8C4F6A7E871F3DD
DAB608D8F97E0444
F9E5000BF5D50E3A
04ECFEE1F8B7038B
FD39FEC5F53F07DF
FE34F3CFFD0AF521
FE5DFCBEFF2EEA81
024701D6E9640245
04CEFE420BC6F9C2
0859FAA2042BFE9C
F78BF986139CFA2F
FF81019CF7C7073A
049002E5FBED1266
035BFFC60B6E02EF
0343FFD9F81102ED
F973F560148F024A
FFBBFD8301B801C3
0161120A0769FA15
07D30496061BFED5
FEE40055F4B4FF23
FBD20F38124500AF
01F803210A8500CC
FFE9FD4DF7A2FC67
0099006D02EA046A
007FFFA0F3E400FD
FC55FDC0F2BAFE6C
0222F6D7E366FD91
00F0FD7CFD6B0459
00C3FFFA0EEE02CD
FDF9FB2903F8025C
FD2BFFA8F39CFF61
0373FDA1016201F3
FF23035602040043
FCA50785F784FB4E
FBAF05D30C4C0110
02CBFF4C02EDFFE0
0104F9D90EE1FC03
FE6400C61274FEBE
016A00A3FE3F025D
FAA8038F050F0471
F907FF0209F9FC5C
0152040705BFFAA3
02900230FB1AFCC9
03FEFF05F5D2FD30
019A0BBBFFF50227
F9E3FBD1EF2EFE6D
FCB9FDD9FDB6F96B
02F3FB42F8EEFF9F
0594FB25F7E0FE5F
018FFD950A1DFEF7
00AEF2CB05530109
FB0A03820286FD62
FD2305990DA104BF
0384042FF7C50394
FB73026F054E05D0
FE45F5ACF6590722
0153FA0FF7B80677
026DFEE2FBA803A4
0286FD74F736FE5A
0503FEF6015C0426
0336000BFC5C026C
01890574FF3A0514
01CE1174148B0225
FF8D0962083400CE
065F0A20010F02DE
03A904A2F9E00370
07580AE1FCAF03B0
073C17081058FDD4
052C0B860CE201EE
078D0B30F3D4FF94
01CEFA97FD4200EB
016C04C2051C055D
01000DA80466FE79
035600C7018F03BB
054CF961F17F061B
03C30143F52200EB
032FFF09052000AB
FE820034036300F6
04D9F7DAFD8C039F
02BCF708FF2204E5
0A000931FDC00815
FE0CF7CDFBCEF0FF
0662FC91044BF63F
0162F95F06BFF666
FA8E0738EF12F5AB
0B25FE1B13DCEEA5
FE780F36DF620AA3
10AFF88BF2DB09FC
02B0EB820C9AF2A1
F5B3FE30FA7DF70E
F8E3F97DFD0BF178
09E50EACEF87077F
0ACD015FF6A0F696
FFE406C3E12F022E
0126F00D00C2F71A
00E3EC22FBB9FEB1
02300CA4E3500A5F
FA74F66EFB02F6BA
FC36EEE2F22AFDF7
FC9806A7F5090A58
04AD07A602D700DC
FEDF0E84F383029C
01C7F687F92206E4
063A057FF77308A5
FB92FECA06C80911
FE06F7DEE984182B
FA19F775F056062F
F84DF30129A205AA
FEFC00610C2E0A9C
FC3CF8DA06D9F759
F7BC0364EBD6050A
FBD900FAE64CFD0F
010004ACF10FFE0F
0513034AF15B010F
F8E2F59BFDC7FAB2
F8690436FF3EF8A7
0155FC4D259BFAD1
068E017D086F0477
011B11A41402049C
0C48FAE4F96E02BA
FD8EF8E204D0093E
020EFC640BFAF8A5
0704015908EC0118
FFBE15C40E60F68C
066608B2F10AFA4E
046DFEAF069BF4CF
0085FCE9ED610411
FE150AC90609FD0D
020FF53FFFD9F56D
0223FD34F59BFDCB
FCF204DAFC1E0454
FFF4FB7D1ADAFC55
0137F8AE008B00BA
FDA6008A030E0290
02DD01B80C050B7B
F58AFFEAEC7000EB
F5F601DA0D29F7C3
FD79F8A1F4CF00C0
09B1F8AB1424FFC0
05A1004A0D1E0416
FCAFFCECF9F7F1CB
FEAC08310785FBA0
0101FD6A049EFD35
FF2201F20AE3FD18
0A33FD1AF260080D
FF81F80D009BFD64
0191043502AAFAE9
034C02A8051D042D
07A900C3FB1C056A
0846FA40DB6E0A62
05B1FC4E0B72F632
F9E8032D0FD0FF9F
FB82FD200D3EFE99
06F60042EC290465
06850BA9032F04B6
031102F6017A047A
0388081BF473FAF1
FB5607C40D9FFF06
FFC8FA8C18C7FE2C
037FFF790CBC08FC
008CEF62EB591039
05FEFDECFA450392
01D005FD11AFFF63
000FF80607200184
FCCFFC2F0C0402BB
FE24F493F7C9072C
009900E1FF260459
FED7103D1056F9A6
FD7808F2102C0170
0257FF7FFF3301E4
FF42008A0121FC76
FA4D031D0420010E
FBAD058C1090F9E8
FDE2073D0806FBE3
0026FDB9EC8CFBBF
FDCAFA53FF38FC6F
0776068EF618F719
034DF6C2FD14005B
FB27F510F45003E7
FF9DF9F1FD0A03AE
FF840066FBD2FD9D
FEA1000BFFA30088
0290034C04D0FF11
0234013303B4FC8F
F886F8AB0384FFBC
FD6C089202BDFBFC
FEF107B4FC0801AA
FF63FECC011104F4
00EF047D08160767
F89EFD4301010367
FDBB05DCF323FE73
FEF30977FBB30090
074D0691FAD70057
01BB016205EF036E
F90A08BCFC86FF95
FDAC008AFB5403B9
00F4FCFCF9BA0176
00BF014DFB5F0046
FF77FEDB070601EA
FC2B08ECFE2600FB
FE6AF94A047E03C2
008EFE43049901E3
0200FCC1022608B5
003BFAF0FC900009
FD2D0104008F0069
0125FC13E4270283
FF2AFCA8F6C50314
FEAA01F2FC2A0044
0177011AFC6403D8
FDDFFF090E00FD6D
031CF6900968029B
FC5101A90DF7013E
FCF602220A65FE0F
016E05E3FA19007A
FC4B00F6FCA8F9FC
FDF30309058C0289
FE5FFFA5133001B2
00E107570027FE1A
010F00A9F9B50591
FCD5FB9508A800E9
FC3E020DF9B1FBA4
03B5F79A00870537
FDAAFB85F8D601FE
0399033FF9C80026
FD5EFCD2FA9CFB02
FEA00188F62FFF6C
05C902960BE700F8
02980356F85E03DF
031CFF74FF41059B
023604E5F4B90360
FA300818FDC70A81
00F30A3807F00038
FEBE036900A20264
F9C803E708C80F50
FB8FFC3909CB0B6E
0422FAC122CD0880
F9C601C90435F6A9
F779FD19F397FEA0
FB090092FEAAFE96
FED5033BF7710087
0009FC170EE3077C
023000D203ECFCE1
FD280239EE61FBDA
FBFA0B79F523058B
08D504560A4707C9
030FF92903F9FE14
067CFDC0DC3402AA
FDF9FE84F3D0FA1E
01030394FB7FF5B8
087902EF06E702A1
072F0343F3C1FDFD
0542053F0F14FCF7
005000EB0243FB86
019BFFCCF8F701A4
07B3013D0E7E0CB0
FC37FC4A133AFA4F
00C1F105FF47078B
0637FCCCF02D0514
0450EF96EA3104F4
F64500B40694FB70
0090FB6401C2FEDE
FED9F5CAF634FEFD
051CEB86F330FE41
07E4F7C41772EF5C
03480016FBF5ED11
02640151F5AA0997
FC2503A1F149FF11
FED5FA44DE28FC45
00780440E902017F
FF56FF20063C01BB
002E049108BB0315
04F00FFFF5520498
FED704C50AD10748
FFF7019D0AD705AF
F8EF0D180156019E
FF510C4DF2E8F79D
01E205A603FCF932
00C302C7FA6FFF0B
08F7F61AFD7C0507
FAFBF755100EFA05
F8D6FAB308FAF6A0
FB9CF7261CD407D9
038A0C8A03A201E6
FD4F0FAB15FFFB34
FF0901E2FD4CFC46
FC9803AC04B901C8
FC1EFED60FCF02DD
04D6FB8507C7012B
0456FC2CFAB80276
05BBFA92FBC10733
007800B4D4500308
0351FF1E01AFFFDD
0964FCEC04B6FE0E
FDC6037AF65E025D
FCDD01E904FCFF85
FF4502BBE74400DE
FEC503A3087CFF88
05B5FCC4061102EB
F9A5073BF3D10325
FA33F9C304140B76
01E409CD04EEFB0F
FCFF04C0F24DFDBA
003A06FE03A30012
FFAD0AF90E1B0112
05C00770F4A7035B
FFF500020559005D
FB8708BFFBE6FF20
009BFB76FAEDFE64
FF76F42F07DB03CE
FE9DF50403F101D8
000002F9FFF2FEE3
FD2A0CDA0487021F
FF0B00CA07740166
FEF1FA3200420128
FF7DFDD0FA2200C7
FF9015D3FD8AFE98
FF531A6601E1FDB6
00960A22057302D7
0225FBD3FD350158
038BFF74FFC40317
04210448038F0160
02310DE501DD022C
02BE002A01130597
0249F735F9B20655
FE1DFD3A025CFDE8
024F022CFF02FEB2
FCA402B9F2820183
FF5FFC3AF4F404A8
035AF8DAF9F40459
FBC7045C0222FFE9
FD83048EF8E60260
F9020B3DE7C0FAA9
FBC2FA42F305021C
FF92F0DBFBED01E8
027D073A2109FE05
02FE06590FA4104B
00D0105C057D0374
FBFBFD621F5102B4
FEF000BC0128FFB9
F1E7143F0CE80610
0AD606C0FEC605CC
FBEA147510BAF858
FCA9121B35CFFFBC
057905C3FE6D008F
F7D8FB7CFC05F734
0ADEFB1F08FE0707
FC9208FBFC20FA74
FA020ABAFA1FFF44
FF96F1CE09F609E5
0175F303020D011D
FDD70793F0A603DD
FB5EFD47043B021F
FE440440EC6104BA
007B094FFD31055B
F62C09B7111FF5D3
0214003A055A0186
FD8103FA08C2FD6D
00A60467FA14036E
022DFEA4FC1A0328
00B5FEEE0029024E
FF4AF54204310564
0091F873F703FE1F
008E00BCF760012E
014BFE01027DFF15
00EAFD6DFC02020E
FDB3FE7BF75D01FE
027C0140FFC104E8
FF95098F0A0E045B
033303780B990019
FE9DFE50FF610417
FE9CFD1FF32F026C
019CFF56063A003A
01700E370B8702A0
00F404070092FD2E
00FCF7E6F74BFE11
0291FECFFEF901D3
02E807AE07000276
019707DDFF9902A8
FED40394FE9F01D2
039EF9C7FBA20320
FB4DFB3CFE8901F4
FF1B016C08EF096E
02C9FD6FF99B0413
F8E011F2F016F950
00F4F742F1590139
FDE8031504BFFA11
003CFDBB07AF03A4
FD36FF5EFBCDFDAA
FAC9049601D0FB03
0298F0BBFD640107
FDF2FFD2FECBFCEF
067E00AA056A05EE
FC9B074DF6FBFC56
FC32FFAC05D5F97E
FE9CF3B4FCF00132
F999FE1F0188038A
03B9027607CF007D
0054FA69F372FF3B
00660888FE2CFF72
FB4E00BA0F55FE1A
F70E058C0A6DFFAF
03A8FFC6FDE602B0
FB74014CF62DFE8B
01F008241715FE27
FAEB0329F5F7FB3B
FE39FE6D127B021F
FD2DFFECFE28FEA7
0320F97EEAE2FDEF
FC51FE91FADE017A
FE3109DAF63C0194
FF2F00A812C0FE65
FCE3FF1F07F10197
01850595F44B0182
02E2F6ECF76FFECC
FDD601CCFEC3FF6B
029FF7720787FFA4
FD6F0456081AFBE8
01940EBF03EB028E
00F20555FEC1FFD5
FFEBFC5005610282
FDEEF0D2FF73028F
0234F9E6059500B9
0262F77A040901A4
FD9AF6A1FDA0FFDA
FEC8FD61FE530239
013FFE7DFEBF03C0
01A0FC89F42A0355
0010FCCBFC2F01A5
019B07B70189FDE9
00CC0FDD0807FE05
F841FB92079FFC20
F5D8FEB81B66F59C
05F40C6F17A00D05
00070B51F7BC0390
0A840322083D0641
FBD5F7B02E6CF69B
062D015A01CC01EA
0F2BF26F15F404FA
01E4FEB4F169F53C
0A33F45AF4EBFC49
0953035DFEB9F62A
07A40970DDA90B5C
0BBF0568F8E0F587
116AFBDDF4C7F657
0890FD46F3B21263
FC2404AFF7D30370
0624043A03E504E8
0159FAF511E5F8FA
1123FF8D09111110
09D90ACDF916127C
020BFB350A34F26C
FCF00BA6FD9CFE6F
F492074D0E3FED75
1332F73D05490BC8
03CBFCD6DBE008E8
F9A7FC26E7EBF940
FFEE004015BBFA07
FBDB043A09B1FC2D
02FFFF4704DC016C
00D30066F8DA00ED
FC960396053EFB3A
FEA903D913AB0398
FF5F0652FB1200F3
04C902BAED1802D9
04B8034BF7620037
FD7C02B20AC0F9F5
FE7108CAFE1A02EC
03B4001FF099FED7
045DFC84F4D7FDE8
060A082A0F8E041C
FB6B00C808ADFA89
008EFB86FEC8028A
FF28F774FDEEFE2F
FE15FEEE003C00C4
FD6002B1FED9024B
FEFCF228F8A5004B
02E9F873F3A10157
043EFCD20D34FF45
FACB0717FA95FBDF
FEC4FE62F5DC03EB
FDA7FE9F1AF5028A
F6150340F0A1027C
FFE6FCFAF40C02B2
FE73062B03D0FF5C
FD70F9A6008F004B
FFEFFE4FFCE7FCDE
FBC2004CF51CF9ED
03E20522021B0029
FFBE021CFC6503DA
0307000CFD140479
FFC7FF0C0010FC2E
F97BFCAFF8950276
043BFDA0011401C3
FF5BFF7DFFBC0640
052AFF34FEDDFD55
0147FB6911C0045C
FD83F935F89B010B
03EAFCB7FBA0FEB1
FDE900C50DC2F9D7
00A2FCA7F94B012F
04D7FB3B01B2F821
FAD3FEDDFC67FB9F
016F01ABFE71FDB4
FF9A0230FA370386
06C5F94611F80614
01DBFFA3FDDA0B62
02470355E279F9F6
FC89FE0AFBFD013C
0532FAEE0EFAFF76
042CFA53F5B10493
008EFF7605B0FD9A
070FF9A9FDAFFDF5
00E9FE2705C902AD
046AFC1E0538FF7D
01100692FAFE04F3
FD4203FBFC6B00C7
0513FCA2F7DA01B5
FA4A033307B7FEBE
FE4F027A15C0FFF2
0068FD1FEBB00AA8
FF19008003FB0223
071BFB44FD1DFF19
FB5E0525FA54F74B
008BFE21063CFA41
FFBFF9CFF2A70276
FF81FD22FEE805C7
FE8B037DFD2102D9
00D7FD230498F5F9
FFC101910968FE63
0004FA21F8520008
F8050206349F06AF
000904470C190AE9
FF13FEE7075DFC52
FE3EFB9B0C4BF87A
FBB2F76509210210
02C9FD0FFA02FE4C
042F07A9FE8307E8
006F05E601740374
055E07F5F6E9FE1A
0221E53AFF8C02C4
02E6FC0E09F9FFC0
0B860C39102CFF7B
FD1709F9F557FC78
048CFC701358F627
014DEF4CFCB6FAE9
FA73FC88126BFC84
09EC0B1EF8ABFEEC
07BF029CF828027F
0717FB7C0465FB9D
F9D9FABA09C2F301
028909AD0D5E0B9B
01FD07330EEEFE71
01ABFC281313F8DF
06CB0BDFFCC7FE76
005C1CA9F852F9C7
0DD502F9FFB00A61
FD9B0B8DE7B2FEDC
FA65F794E370058A
FC9506EE0B3BFE75
FB2103F2FCDFF6F6
00C2041E1033FE2B
FFF903E7F5EC032B
004DF932071E025A
FF69023D067CFCE1
FDC603B1070BFC87
032A0303FAEDFFDF
062002A1F210FDFB
0367FB6AFD5702F5
FFD401F6003C0053
FCF9018706C30341
FF8CFC790CD9FE73
0431FE0F0748FED2
FAFBFDE5067D0851
FB06FEA8050E01A4
01510076F97C0244
FBA208981BAB0252
001803D7F2D501A8
FFC9FCDBDCE2054A
FD800123F6600234
01F401340E4EFDE1
01ABFEC4101AFD60
FCAD003C0A46F97A
F82FFE74FB86FC8D
0069FD3F117602CF
034A0C2D1CE7009A
FEA8FF8AFA0302D5
04C1FCC7F31EFE6C
FB6FFD94F312FFD1
024BFE14032A01A9
00890A4D075901EB
FD8BFCB7E6FFF683
0158F9F811D7FE5B
FE8902C6F1FC01A6
FF1CFC76F4B1FA64
04340843FC700353
FC42FCD60475FC5D
FCAB014F0068FD6B
FE370675EC4DFCF1
FEBC0003FBE5FDA1
006A0155FA3B0335
FD4AF85406A5FF2F
FDB6FEF1F79E04DF
FE20FF2BFDF8F7F3
FF7200D3FDA4FFD8
00F800D3FA6903BA
FD9BF1BB1448FDDD
09B7F669FD20FD1D
0B01F8FADD4AFC9C
031004F3FC32F4B0
FC47F9C3FA30FCC3
FA7FFF84261505D6
0185F06010B1000F
0112002C039B0393
FC91018C15D10AE9
FD36FC4E18B5FE47
F5FF0A98E471F5D2
FBFDF989D7EDF0C5
00A011300246091C
FF820B920901FD0A
034F0411F94FF1AA
F6C9F2B6EB4CF495
F86FF95AEDDD0246
043E027710750DEE
FB5FEE5AF306FE18
F951F806E8E7FA1F
F5B10A18FAC50323
F7DF0D2810DF0927
FCCA09A0085F0BE4
FB4403760D3B069C
F5F111AEFBEDFD8D
00E700F9F27AFA33
F80FF9FD09550013
FC89F63C0AA60E3A
FFBEFCB10B110409
0817FFABF962061B
FC40FF31FB44F6F9
FEE7043A036AF742
FE63042908DA0220
EF9B069801D8011C
02E5F9E00A30FBF2
0804F99BFB5E027C
FD9F0D2C0B34FC39
00D61ED0208201CA
FDF411EDFDD10397
FF940697F6D1069D
F776FD4A0533FA81
F907078A01A2FA4F
F6440E47F8BFFB5A
FE450C04F504FFA7
FF0B0A64069A070E
FB3BFE47E879E267
FD3AFE9DF4A80E25
0460F355F4CF1504
F30A00CC0061EA3F
F2E307D30593E3A7
FFF80269EA0D0256
0117FFD3F02D025A
FF7CFD10F43700B6
FFB6060B019AFAA6
FD6D056CF6760074
01C30452EA9200E1
F962058EFD89FFF8
01E1FE6E05F4FF88
FCA402AD0C9A0132
FBBCFF31FDC500CD
02CFFD4AF411018B
0114016B1483004D
FE8DFE5105DA0079
00ED00C0FFCF01B8
FFE8FEB9FF4DFD04
FEA907D000420290
FEDE062E0CBD05B8
FBBDF40A08040206
0279FC050292015B
FF8C0B1B009DFD4B
032407EB0FA3F912
FE2E0A17FF3B01AA
FA52FFFEFB41040C
FCDF0D40067202FD
0426061DFA3CFEA6
F8D5FDDD02EAFCB5
0199F9A314A6007F
FE2509B3FBA3FFEC
FB17FEEC0706FCEF
0466FB040AEF038C
FA8CFC14ECF4FD8B
FFEBFC610C03FBD8
023BFFE2F9BAFDA1
0344FE880853FDE8
FE470324F7DCFDD7
0045FE0CF240FFD4
0264014DF1D205F9
0276FB59EFA3FEDD
00ADFF5E005CFE81
FEDCFAAEF6ACF92A
0041FD31069EF952
FF7A07B4F25C0539
041B03E8FC87057E
016CFEB80613053A
FE32FF750B44FE77
FC84F213FD95FA18
0229FEB3FB290311
030705C2FD8202DA
01920376031CFECE
0064F91A054E0487
FC230003F698FEF4
0296FCDBF8A6FA0C
FD4E07D3F0E0003A
FE7F04BBE81BFBDA
013A06CA04C3FB69
034AFC92137008FC
FEE0FBB3FB00FC6C
06A2FFB6E67C05EB
01870091EF3107C2
03EE0A14FA22023E
F8C2032BFAF805D5
F5F3034F00A6FA6D
039D026DF82DF614
04E407330CF60207
03B904EA0627FFB6
FB42F421F6A7029F
FC32F98AEA36FDD4
05210068EDE4FE1F
FACD01CA0998FD9A
00D9F7B5F63504B7
0335FBDAF7210198
045FF71AF9F10753
01EE00160949083B
007503E20A8FFFF4
016C088F1308030E
02C409BD1007FA23
FE82016A006E0091
FAC001F0EAF5FC16
0360FD3AF267FF8A
FF7FFBE0FE990094
00B601B8F844FDB1
FED7050FF9AE02F0
01B4F8A701D0FC67
00E5FB2B00B80049
FDB401740E9DFC65
0275FD06097BFE19
02D405EDFBD40563
028DFC9004FAFF33
FECAF8CF002C0261
01330195F8E3FDF4
01FDF3D80A490412
02A0056AF86602EC
FD1C0B5EF55A03EE
FFE6FD6B0DEF00D6
FD13FE33F3F30523
018DFD2321FD0299
039402C4170E0F00
FF8B07670537054C
0118FFA7021D01F7
009004BCF5890033
07C00129EC42FB7A
00950437F334F970
01C701D5F88DF30D
F627005FFCF3F9A9
FD7903B1F8CFFEB2
FBC104BFEC5E0062
F21401570A6A0868
FC26FDD209BC0F4D
FD84032CFF6E0A49
FC1E095F15FEFD05
FD400606028EF938
F8A90E140AE101B5
FF5D0CAB1189095C
043208A107CDF925
0D13025DF974FAA8
0CAF0000EBCA025F
F8840E240E3B0956
0243000C071708A6
0423FF78F8A6015F
02B5FA241ADC0517
0268EFFEFE72187B
F30DF8A1E52812BF
ED0E02F1FC0BFEEE
FD1D03330007E712
F106007D0298E944
00CBFF82FBBFF67C
FA13014C09B7FCA7
024FFC4D044202C5
0532F7C7F777067E
FBC3FD61FC8804A4
FD82FF98F79AFFA2
00B2F79003DDFB33
026F019E03AEFC32
0030FB2FFC3AFFFB
FF53FFAE0A3EFCC7
FED9024D06420294
034CFF5D01150177
036C0611F8F103F7
FEFEFCD7FA04FE82
034C034A0464009A
F91AFA090D2406E0
00CBFF39062201E7
043C0471F390FE55
02B30435EDEDFAB8
FE5B02CC05DB02DF
FA73001CF2C60143
FF8208440DA50190
013D03760AC7037F
FC08FE0201EBFFB1
FC96FFD00D41FEF4
14B4F83E055AFAB6
0ED3F17BE858F3ED
1285EA4DFB0C0203
14C3E9381238F52A
07F50012EABAF79D
FA74FBBA0287F811
FC940A25129CF784
083AFBC40812FCEB
0D71F7CF0BB30AFB
FC5D0C14FA08F21A
F28103D1FFAF0A5C
FA5BF9EBFBF80865
0C90F692E75C075C
FEF6FEC7F2DE0DB1
010507AFFE1E0CB3
FD78FE990D40FC9D
033E0007344402FF
0D880655F9CDF5B9
0B000E74FB3CFE77
007702D824640780
015A088CFD0DFD59
033902CF08E80B7B
08C3FF45F9F8046B
1A1E036BE8D00750
FDDDFDF6F8D607D9
F122F3C6D3B4D8B8
19B101BE0212FC82
02CE0C36F1C3F51E
05440C6E0EFFF858
ECBFEF6C202CED19
F131F6151D36FA28
0D6FFE92F4D0207D
0A180148E98F0A81
10D0FA18F8311023
FAC3F17DFC17F717
FBC1003BEDD9F4DA
057621A1F6250CAD
149E1D130274FCE4
09AF09FC135308CF
F70CF8A904330009
0014FA3D0A96FD00
FCB90A2700AD104E
08E2074A08BDFE65
FE510111011AF82E
F66B012DFA07F768
FF06F8C0FF80F3B8
FB27075D0AB6045D
EDA008E50706081A
F7EB0331F4B1FA96
0533FDA0FA73FBD4
047FF97C04FF0204
FF32058C0F1CFC80
01F400A2FF74FBAE
0436FF94FE7F000A
0135020E050D01D1
FFD705400C970140
00C8F9C3F9B5FC02
FD98FB3C0BF4FF3D
0200FDC5FDBC0313
FF9E000204460277
FF5904FEFFAF02AB
FDC6F9B0F0E80772
02E7F916FF710034
03460070ECC70379
FFEA0020F0CC09A1
FEA5FDADF8740175
FE2E04B6F2840468
FFFB08A5FA24FE88
026A02A80AA50824
00D402A1F860041C
000CF722FB3DFA5B
01E2FDF70A8C00DF
00EB0ACC1386FD83
0442013212E70259
05FC0120F7480171
034508781727F459
0594F5D3F6760E80
FA5701A0FF5CFFC2
03CDFB030AE9FFEA
FEB8FF0FF71D01D2
F6E3F0C0DF2EF3E8
0332FD97DC790764
05EFFCA7044D0173
01C20173F9D901DC
F9B206D303000036
FC63FDB6FD8BF7A4
FB790C5AFD820BD5
03940938EF54029C
0B4C069BF393023C
0297FF82F9470082
FD7101A80D4E0166
FB2B0095E735074B
FDCD03BEFD8001E5
07D5FD3004CD0631
0198008A106CFFC9
F987FE7DF74D070B
FCE0F6C708E50225
008D020A1568FE93
0102030B017CFACA
FF87FFDDFB17FABC
FA41FA050DD8F685
025FFD69F227F26E
F7A70635EDA5F946
FEBC006BFF7BFC3F
029C06A20652006A
F3D2FF48FBD1FDDB
FC7DF274FBA1FB96
04DD0099FE5F0221
055E024B0D7CFB4A
FF2E0362FA0F0056
FA5DFCE3F2B0F8EC
042DF0FDF8CCFE4B
FEA005C326F60498
050D0C6504C6F9E2
076B08ABFB6A0523
FB5C111BFE13F84E
FDB904E101890A0C
FF39014305F70408
04A4FD0AEF8A0133
FF9F04CFFE3801AC
01AA01CD08F6096F
00090293F5E40231
0090F451F8AD00C8
03F2FFD4F7C60011
FC62F50B1147FF8A
FC4AF9A3EB0704CB
F95007AAF811FCF8
0208FD3AF79B0176
FEEA01F602CCF91C
00C808340977FAD7
FB53060F02DFFE5F
FCA7094BFB5CFE3B
00D7FB65083B0094
FF91007E0A4500B5
FBCBFD5700DDFF34
04A709E001BDF9DE
00A00F8E069C00E3
01B700B3135204E5
00C001C10482036F
0272FE21F32700F1
02F8003702D9FC2A
FE1F0C04018AFF75
038EFEE7017A02DA
0001FCF7FD5F030C
0142F981017403CB
FF02F5190CB3FF2F
FAD4F954F56CFE4B
FE12FC4CE847FDDD
FF3FFBD1F545006E
FE2DFED0052CFDA4
0092085342B6D22D
FF68EDE4182EDEB0
F74B16F93352FF81
0D21F777EFA401D0
FB160966E2CB02A6
0191F44439CB0850
0961FFB8056F071C
EAB0234A27DA06F2
0B71055008CF0E41
0A1C086105F7004E
0018FE4518B30315
F6100A54F733F75F
01AC1BABF195E70C
1AC80399F6CFFDB9
09B202C0F892021A
0974FD1DEB480497
FADBF8BBEC0A0319
FD98F528E5620F0F
0853F42D08DC0DB3
0337F63AEF660875
FDE6F5C6055307F7
FE43013E12910533
040207E80E09FB06
FFF50A5603D7FEC8
0C8203BB0E35FE76
11ACEEEBCCF0F612
F7E8F2A4E464F7B7
097DFDA30C5E0497
02BDFE0605D701E8
FE7904E2F47BFE8C
EC2CED5EF46CECB7
FAB5F581FA7EF5A4
FF60084F24BB0A40
004FFF9C01F30762
F9AE05AA0348FBFF
E0B2E245F228E745
02F406E9045DF713
F96A0B9316950249
02960409FA8606C8
FD92044312D3FE74
F103EB57F779F88A
F9A50157FAB00FBE
FEF0082AFC8B0209
FECD029F07440A48
F8C9FBC6095FFEF4
05E201170064FC11
048CFBE3F8500EB9
FC1CFFB0EC9605C8
052300DFFF6A025D
FBC7FFC0FF49FDED
0180FCDF0FC9FB71
F2B60362ED64058F
0C51002BF982FFF6
035506BA0916F841
FB05163F0D97FDE5
018F09B3E32904C9
05D203E9F8A6F86F
055202DCF284FD53
00DB029FEB08FA1B
F5B2FBDBF88EFE4C
FFF8F66DF58900F9
FCABEFE2321D00C5
0701E1391247075B
06CCEF9EFF9B009B
F8A7E781F25C0661
0B14F8EA06A9F641
F81F0C4FFA910371
F97FFFC30420093F
0544FF22E5850C55
04D9FBE005EB0A69
06F702451390FC04
F77E20ED0BA30612
F88F11F8E8C104FC
FD41070D18FB0034
FC7E0569FCED05CE
032FFDEB0DD00287
000B032D085404D5
FC9002C702A50544
00E6FABCED610206
0530F9E01091FF9F
FFB1002FF4D500E6
FE04FA87FC2C0263
0220FE3D01DC027A
0355FE65FC0100F9
FFD4FDC4082A010A
FFABF999F508FBAA
01D4FFE6F4ED0158
03460330FC1EFE7C
03040148FB6502C5
020502C602A702AD
FC5307D80002002B
FCA20909081BFA27
FD97FE130B95FF53
FDEA077B10BFFF1C
FC54060401D202E9
041FF34ED1A30531
FF85F96BFA070430
0047F778F749FFFB
0233FBD4FF80FB29
018D000606C30017
0279074C088EFD3B
FFB905E9F49802C7
0130FA1FFC72042B
03B3F69FFCF705A9
05BCFE0AFA7906F3
FEEB0F6A0F59FB59
FEC20EA2F12904D3
03070509FFE60A25
03E7F7C2033B0616
0598FAF10920044A
02BC0B220AACF9CC
02110D3DFAA9FD80
061816230075FFF2
054F07EF08D505E6
04FD023D129E0524
FCF6F7A60290FBC2
00CC023801150004
01251542F1ECFC48
FEEB0802F2200336
02EEFE18046E0232
FFD3FAAE02B00307
FEE7F8B3001A0163
00E00B5AF85BFA21
014707E6F8050214
030B06D6036F053A
F66006AB17C300ED
FF58FD63F0480159
03E2FDF8ECC80241
02540510FFB9FC70
FD5FFDB4015E0184
F5F80121088807CB
FC53F5ACFE8106CF
FF0AFDFFF755023A
00CD035205B000C2
01A7FE02076A06E4
F8E907870215FDE3
00EAFC93F55AF61E
03400623F27203BF
007AFCBB0893012B
0300FF80090BFE42
FD9CF64FFE1003F6
FD73FEE30C33FF2A
FE580EC602CB09D0
FA47FF860839FFBA
FD260C040110FD1F
FE24FF2DDFA1F998
00A2FA3015A3FA39
FFE5FCE80719FEDC
00BAFD3AF41FFFD0
F898FCB7F9DBF8CB
07B8FBA4FC59FDB3
FD7E044A079B04B1
FEE7FE880448FC42
03AD0001EDA5FE25
FBE5FC39F93FFC8F
055BF5BFF881F61B
FFB50A45F798F629
000CF87DFDADFBDE
02E3F332065F07CD
00D8F5CF0F6502D3
039DFB75E047F31A
02AC05C70D80F8D2
F7DC01AC0BE8F8CD
00EB07080215023E
063E034FF659FB67
FB43F5C6EAF7F48E
0739FE9C0E55F810
FFF90D840586FC4D
000A021B0327017D
0798FF21FA6F0213
FA8BFF60F9EFF4BD
07CEF169134F0760
FEEEFC40F86C0B7B
F7BB06A8F727F643
06DCFB4FF7ED022F
FC68F9490684F564
03F2018416EEFDF4
015F034D034CFBA9
0517FF700609FDCF
018306F50228FF2A
FE14F865F7270848
FFF0FA5E056502C7
012EFD3F0EAC023B
05F100090F9702D3
029A040EED98FA52
02B3FB9D027FFCB4
FF81FB18EEC50062
0101FA170B77F729
FFA2FC74F913F8F5
FAEA01831558F9A0
F9FDFED51315FA46
FA9606BBF9DCFF67
FD2E0222013D0878
F53CF29B03170693
FA98E6E3FB74073C
033FF708FF1BF070
0128FDBB0A5CFECE
FBD00E8524450170
F7D10E5909E8F81D
FC5EF831EFA6035B
09CBFEFFFBFA02B0
FD560184EB9DF559
FEA7FD48EF0F0285
0D3EF787087C0216
FFA407CFED1BFBFE
009EFEAEF0600323
0043FC9BEBA4005D
02B0FF7D01A70746
03A400290D7B022A
FF92FF8B1C6E0514
02C3FFC4DEE6FE95
FC3EFEBA0323FF38
FE1B0FEC0CFB079A
F96C05D5011AFA2C
07A8084EF158F9F5
FCBB029217D1F5EC
FDEA0CA21881F89C
01CF04BCFE330272
00FAF720065CFD07
009C04F10C89FEA3
FEB9EEF7E5CEFDC9
00FCF466FDE903CF
045CF760ED0D09C3
079DF9AFEFC2026E
F887F93F025AFC0A
0514EF68FCCC0B71
FC28FA1311FD02CB
FA930214FF6BF90D
FEE3FB1BF312FA1B
FF2500E70638F491
03DF0387127AFD2E
010702D802C703FD
FD8E0250FFAFFE9B
FEBC0EC0FE14FE7B
FEDD006904ECFFFA
FF37043DFE53FC7E
FAF40813F15FFAD2
03E5FF45F297FFC3
FE2901560238FD2E
FC9D0205150CFC6A
FE6A0B4005D309BA
F6E3F39DF075F8EF
0344F91BE6D1FF83
FF0E057FF106FBED
FC34F53C074A0131
03780D9D057FFEF5
0149FBCE088B000C
012C034D033D0846
F9B20626EF4701ED
F7D8FC1BFDDC00FD
FBD1F95DF483FD44
05C2F8FA090C0368
002DFFF60203F7A0
01B0FC9C128FF7D2
F8EAE7D3F4F8FCDD
FB7BFD79100F00BD
04D6FCE201E607C5
FADFEFA2FF3FFC60
FD4D0165061A0133
EC9113491B44F727
03B9020FF5AEFB64
FCC4081A00190763
F459FCFC0950FC12
EAC6E97AF6450267
F450EF29D900FACF
008100FF04B0FC52
FACD0CE608D8033B
F5340D7E0B7BF257
E8A403AE0188F7C8
D37404E7F7430218
01B4FF5B0872F8F9
F639019C041D04E2
FB0E04E70E8F004C
047FFC59EEE2F683
FE99FFD6FF29E90B
FA8A03CCCE41FFA1
FD9902D903CEFF29
FE7A00E8154002EA
FD1C039E05F8050B
FFDDF9D1002D01D9
FE7FFD55F208FEC3
FA06075D037601DE
FBCB07A4F5EE05B8
FC8406ECECB5FB2D
FBE807D4FED303A0
FD9A05550E390080
FF3405C8071704C1
FD2E01A9FFCF029E
0128040203F0FF39
0159FEF803A60520
FC6902060EFAFFB0
00DA00D00535FD55
FCFD0538FFC3FD07
FF7002EE00820233
0328FFC101C809DB
FBC2F9FF0017FCDD
0115FFC0FF29FEC1
FC5205030287FDF8
0208022F0EE1017F
004503D1024AFDC6
F564FF9C010A0063
FE81FDB5E2F20772
FE9DFED1DE630549
FC18F2A4E96002B1
FE2B05F7FFE4FB06
FF76F6CD1E38074B
FE2DFC61F3F9010E
FA22FFD207B7FC85
FBA6F91CFAE6FEE5
F669FDD0FBE50308
06FEFB0800620D8A
F9F4F9ECEF0EF801
001503BE1F820094
FE7F01FF119F00F1
014B00EE03FBFF1A
0400004A2241FE76
FB4E03870C8FEE99
FA310DBD00D90091
FD72018C116AFE3E
081FF951093802C7
01C5035E15D8FF64
F8E60687FAB3F723
F69D06E61160107C
00C0FFA90BD403BB
09CC0805FD55FE25
FEF0F7D70C3D057D
026F0EB9037106C7
00CFF9F3F4A002E8
01A3F9A5FBBD041E
01D6F7FA0D73FEAE
006B058FEF6C0072
04310C85F3A0FB6F
02E0FC04EA290108
FEBF09D8F584FD46
FD6906F007C2FDC5
04D105C1E7FDFEA2
0431FDB6F89EFEB3
0063E901F7C1FFEF
070D00FE0B7FFF88
FEA6F61F1680FEEC
045D0CBA0671FEB3
02BE03E11286FF4D
FF93F2BD1A86FF24
FFFF02800B6F0064
04450206FCEE069E
045F0027072B02BA
FF5F0295FE150625
012EF9EFFDA5FD1C
FD7AFF27FC6EFB57
03010657FF4C0933
054DFC80050403F0
05D90D14FB5D056E
04060BA10060FF4F
03110BE50A0BFE59
066AFEC020D103B6
0882008D0F1C0A7B
02760941FC3406E8
002E060AFD7D0519
F8D8FE79FA79036E
02B7F068FCAA0AAB
04E6FB93EC9207E9
0436FA18FE2DF9EF
0785070DEF04FEE2
FD65F3120058FB65
FBBFECD90092019A
018403E10C600EF9
0214FB310C37F6AC
F9B1117A16EEF47C
F2D40EABEACF04B5
F50F143A018FFF57
F75A0C46F6D2F2F1
00D31271F8690C0A
FA29097CFEBB05D5
039AF38A0A14F162
030908DAF02BEDC0
FC9AFE93E694F6F7
036EF68A07C4FD22
00D5FBC0138A0471
0EEBFC91FE1EFD2C
07D7003D1F94F4B5
F6000370138DFFDD
0056023616C305E5
072F04D0DE1D0609
0A8BF93CDDF9080F
FFEAF9740A3C08AF
0321F7C6047D0914
04E2012BFA65F8B4
10A30CC8F329046E
FB0B01AC020309DB
00CF05E5FCE901BC
02BDF8F023A6187B
032F0A4912D1EBB4
0E101000D7F5044F
FE3A10E2F053FA6E
F84411320E8AF406
0B9F036702460B30
E082FE24E1B60497
FE88FA89F74C079D
02CC098C085805CC
EDBE0057048FFCD0
F8050122EF7E0598
FFC104FA0494F872
00D8FC71096DFEA7
FEDC0652FBF4FB44
FE7908BB0516F93E
F9EDFF720A1504DD
01E6FADD02CBFD48
047DF77B009B0275
0853FAF0E946FE28
FC0905F1F630019A
F933FAA3048108B9
008D008CF7D4FE02
FFA4FCFD0561016C
0453FB3C00830AC1
F96400F412350B99
FD91FA67FA82FB7C
FD8A02A6FF66F69F
F6910FA40148FF27
059DF80DFB40FF2B
0336F531FD3DFE15
FD0BF802FEF60326
0D2FFD2DF7C7F727
FA8000DF0D080259
0C3F028B00580B60
0B0A0013FB4D0919
FDDFFEE8EDB8F355
0410FC351385FE5D
FC76FEEEFA31F8BD
0406016BEF8FFB0A
02BF063E030A02BF
FA6F0595E301FDA0
0316FAC61A40FFD6
FAB9FE961430F702
04D001ACF320FA16
027BFEC80E710381
FD51029DEE84FE6A
02D2FD1411300390
F8DCF3BA06A1F8A1
00A2FDE6F5AD05D1
0113064E08260234
03A204F11E7701E8
FF4AFAA601E10421
FF58F8DBF09DFEF3
029CFBBA0679FFAF
03A6FE090815FEF8
01420475EC47FD70
FC55FF111466F6AA
005CF854FF15FDFA
04D1FB3AF48C026C
03610432F8F8FD79
