07F1
08EF
0000
0000
0000
0000
0000
0000
0000
0000
0000
0000
0000
0000
0000
0000
0000
0000
0000
0000
0000
0000
0000
0000
0000
0000
0000
0000
0000
0000
0000
0000
144E
1B9E
0BEC
0D7B
047F
009B
0110
0164
05A3
0BBB
1023
13DD
1356
0F03
0A1D
06F7
05AE
0457
02F8
07DA
09F4
0121
0000
0772
0ADB
117D
1226
0000
0000
0000
0000
029B
0923
13C1
06E0
0747
0000
0000
0000
0000
0000
0000
0090
06A9
069D
02B0
03A4
070A
0626
00B4
0000
0000
00D7
0000
0000
0000
0015
0FFE
10A3
0000
0000
0000
0000
0000
070C
1097
04BC
01E5
00A4
0347
04CC
043D
019C
0000
0000
0000
0000
0000
0000
0766
09CC
051E
028F
03C6
00B6
0169
0441
0000
0000
0CDE
0B2F
0000
01B8
0000
0000
0000
0383
1414
08B8
0845
0B8A
0F4F
0E17
0A4C
03B3
0000
0000
0000
0000
0000
0000
0A8C
0ACA
04AA
04DE
059C
02EF
06B0
0609
0000
0000
07EF
057C
0000
0F88
0000
0000
0000
0549
136D
0695
0A90
115C
1557
123B
0D98
08F8
03D9
0205
048D
018E
0000
0310
0BFC
06C6
009C
046E
07B0
0767
0996
081D
0000
0000
0509
0000
0000
111B
0000
0000
01F2
06CA
1147
023D
0564
0A87
0E4D
0C1F
0B12
0BB7
0C0F
0C9D
0D29
0911
0346
04C1
071B
0000
0000
00F8
05BC
05EE
0740
097A
0A52
08CA
0257
0000
02F8
11AE
0000
0000
08B8
07A9
1103
03DF
0493
04B8
0738
041B
0268
03D7
0454
05BA
0775
091F
09D9
093B
053B
0000
0000
0000
0000
0000
0000
0000
0A21
0CFF
01C3
0000
0AFB
124B
0000
0000
0513
07A2
0E7F
0402
04AC
02DB
0513
03C7
0185
012F
0000
0000
0000
01AE
08B1
0BB9
07F9
0000
0000
0000
0000
0000
0000
0000
05FA
0B3B
0219
0406
0CEF
0BD8
0000
0000
0000
06E9
0A68
0000
0110
0048
02BD
06F3
0AE1
0C40
073A
0000
0000
0000
0000
0000
0587
0941
053C
0211
03B6
0000
0000
0000
0000
0108
0000
0797
0C20
06A8
0000
0000
0000
0535
0A06
0000
0096
00F8
0326
08EB
1065
133E
0EB5
0484
0000
0000
0000
0000
032F
0FF6
0F2C
0B9A
0CCF
0682
0000
0000
0000
0000
0000
05B8
0927
0A2E
0000
082B
0000
04A0
0E49
02FE
01B9
0000
0194
0516
095E
0D8A
11A9
1127
042A
0000
0000
0000
0000
07CC
0CC9
0F68
0F6E
0817
0116
0000
0000
0000
0000
0000
00CE
0C78
0000
0B60
0175
0735
146D
07A7
0357
0000
0000
0000
0000
042F
1137
1AFD
16E2
0C13
0000
0000
0000
0000
0000
0A92
0BA4
06C8
0874
074E
0000
0000
0000
0000
0000
071F
0000
0A8C
025A
08DB
1875
0A1C
07C1
02C1
0000
0000
0000
0000
04ED
0EB2
17F7
1D7B
1038
0000
0000
0000
0000
048B
064C
05C8
0C94
09E1
0000
0000
0000
0000
0000
0000
0000
0562
0000
07DB
18BB
09FA
0A56
0818
02FD
0000
0000
0000
0000
0000
0F14
20CF
1A97
0E29
0000
0000
0000
0355
0313
06BD
0C82
0645
0000
0000
0000
0000
0000
0000
0000
0000
0000
06CF
16AC
0848
09E2
070D
0281
0157
037D
0155
0000
0000
03B3
10DB
1264
1460
087B
0000
040A
0403
017B
075A
0946
029B
0000
0000
0000
0000
0000
0000
0000
0000
0000
0650
134F
05B3
0B24
08F8
015D
0273
0B43
07A1
0000
0000
0000
0000
0A9E
1811
0CBB
06F4
09FA
00C6
0000
0512
06A1
0675
09AD
08E2
0061
0000
04E2
029B
0000
0000
0000
0574
0F5C
0321
0D25
0D85
025F
011D
0AF8
064D
0000
0000
0000
0000
04A5
11FB
03BF
03E0
096D
0117
0076
03BE
0627
0B3C
0D91
06CC
0000
0000
03F1
04A4
0000
0000
0234
055A
0C49
016A
0D6B
0F04
0422
0204
0685
01E6
025E
08EE
0000
0000
0000
03BD
0000
00E7
0970
05C6
068D
0549
054C
091D
0879
0000
0000
0000
0212
0706
0000
0228
074F
0595
0A55
0000
09B9
0C11
08F6
081D
0103
0000
0843
0E27
0000
0000
0367
0000
0000
00F0
0398
0000
01C5
0384
02E1
04DE
07EA
03D5
0000
0000
0000
018D
0000
0454
0714
0590
0998
0000
02F3
0670
0EF5
0F8E
0000
0000
0B6F
0C8A
0000
0000
0A4C
0000
0000
0192
0000
0000
0000
0044
00F5
01D3
09C9
0C57
040D
002D
0000
0000
0000
00A4
0170
052C
0A83
0000
0000
0000
0FFE
1334
0000
0000
0A58
0359
0000
060F
08E8
0000
0430
08E3
0000
0000
0000
002D
0000
0000
0246
0761
0877
0A06
05E4
0000
0000
0000
0000
037B
0C6D
0197
0000
0000
0D62
1227
03A4
023B
040F
0000
0000
094F
0140
0000
0E23
119F
01DA
0000
04D3
0112
0000
0000
0000
0000
057D
0BAC
04BC
0000
0000
0000
0000
019D
0F92
054A
0000
0000
098C
0CFB
0919
098E
0000
0000
04CD
0A9D
0000
0000
102B
111D
0051
02C4
0B4F
032F
0000
0000
0179
0000
037F
04B3
0000
0000
0000
0077
0000
03B6
1547
0623
0091
0000
0250
04E9
0DEE
1139
0000
0000
0A7B
07EB
0000
0000
103F
0B78
0000
04E5
0B9B
032F
02AB
0A42
063D
0000
0023
0000
0000
0000
0000
01AC
0000
0951
1AF9
0393
00B5
0000
0000
0000
0EAA
13D9
0096
0000
0D9C
0455
0000
0000
0FBD
074C
0000
0897
088E
0000
0454
0BCE
04F8
0000
0000
0000
0000
045B
0000
0000
0000
0C1B
1A41
0000
0015
0000
0000
0000
0D20
11F8
04E7
07BE
0DEB
029E
0000
063D
0A45
0364
05BF
0CEA
059B
0000
028B
0405
009D
0112
00CB
0000
0220
077A
0000
0000
0000
0D71
176F
0000
0000
0000
0000
0000
0793
0A1B
061F
0BBD
0B16
026C
03F6
09AF
0467
0031
092A
0EC4
0752
03C6
032F
0000
0000
0000
0000
04A0
099D
0588
0000
0000
0000
1128
182D
0000
04EC
0230
0000
0000
011B
01AE
07C7
0E5F
079A
031F
0937
0968
016E
007A
0938
0C5C
0956
08BF
04D4
0000
0051
018D
0000
0509
098D
0564
0000
0000
0000
0D71
15DD
04F0
0A5A
0471
0000
0000
0000
0000
0318
08C7
0063
0000
0620
028D
0000
0000
0287
02DA
0327
027D
0000
0000
048B
0587
0097
00AD
0128
03A0
0000
0861
0000
16E0
1EDC
1809
1D02
1825
15BB
14A7
0E5C
09FB
11AC
1449
0E2B
0EF5
127F
0FF5
0CEC
0D57
0DB6
0DC7
10E0
10E3
1043
13F6
15F1
15F5
1432
1151
10AB
10AA
08DE
17B4
0317
0AD3
0E82
09E6
09C3
054E
0476
0323
0000
0000
0000
0000
0000
0000
0000
0000
0000
0000
0000
0000
0153
0190
03D3
088C
0553
02CA
03E8
0173
0067
032E
0000
07BA
0000
0000
0000
0FE4
1162
146C
1358
0FAB
0D9B
0C3C
0DA2
0EDA
100C
113D
1129
0F34
0D94
0DD6
0DAD
0C0B
0AFC
0A11
0693
02E1
058D
09BA
089D
074D
057D
0214
01A8
017F
09AA
0000
0000
0BFC
0307
0000
0000
0000
0000
0000
0000
0000
0208
05A8
02F0
0000
0000
0000
0000
0000
0000
0000
0000
0000
0000
0009
0608
0D19
041C
0000
0000
0000
07D9
0000
0000
0000
0000
0000
0000
0000
0000
0000
0000
0000
0000
0000
0000
0000
0000
0000
0000
0000
0000
0000
0000
0000
0000
0000
0000
0982
0000
0000
0000
0000
0378
0000
0000
0912
00AB
0000
0000
0000
01B1
029F
00E4
0000
0000
0000
0000
0000
0000
070E
073A
04CE
01EB
0000
00D2
0270
02ED
0324
07FF
0B3D
0000
0000
0000
0000
0000
0000
0000
0AB3
014F
0000
04C6
0BF2
0BDF
09A2
06BD
047F
0338
021D
0000
0000
0599
0F77
0C6E
06CC
0567
06BC
0976
0820
05B5
088C
0A0C
04DD
0000
0000
0000
0000
0000
0000
0000
09A2
0101
0000
05C4
0B3F
082D
03CE
02F3
042D
05CE
05B6
03F6
0316
0B5B
1281
0AD2
011E
0445
0BAA
0B45
04C4
0459
0BC5
095C
0000
0000
0000
0000
0000
033D
0000
0000
0950
0362
0324
03FB
0506
005D
0000
0000
0089
044C
06CF
0800
0A14
0E91
0FF5
053B
0000
02EB
0C89
0607
0000
02E1
104C
0ABC
0000
0000
00DB
0148
0000
018E
0000
0000
0B4F
05CE
0552
02B2
0027
0000
0000
0000
0000
00A8
03A8
077D
0BD8
0AA9
04AA
0000
0000
0000
0000
0000
0000
0000
0A29
05A5
0000
0000
0000
0000
0000
0000
0000
0000
0A65
0370
02F5
02CA
0107
0000
0000
0000
0000
0000
0000
03E5
0847
0519
0000
0000
0000
0000
0000
0000
0000
0000
00A9
004E
0355
0302
00B5
0000
0000
0000
0000
0000
0503
0000
0000
0114
01BC
037D
0652
055E
00E9
0000
0000
0000
0000
009D
047F
05C8
042D
04B4
0786
0718
05C9
069E
043A
0538
0AE8
07F4
03D7
002E
0000
01BF
0000
0000
0468
0000
0000
0000
0000
049C
082D
0547
0351
0366
01BC
0000
0000
0000
0A26
08F7
05F4
0ABD
0D76
0B65
0BB7
0CBD
0968
0981
0B53
0518
01DE
030D
0000
0771
0000
0000
08F4
0360
0000
0000
0124
03D9
02D5
0241
04D4
03BF
0249
0000
0000
01BA
0A2C
03E5
0000
006A
0298
0000
0000
02EE
0629
07EE
087B
0433
0229
038D
0000
049A
0000
0000
0D8D
051F
0000
01E7
060C
018B
0000
0000
01FC
0000
023C
05BE
0419
03CA
03CF
0000
0000
0000
0000
0000
0000
0000
0224
049E
06BC
06C3
050A
04C5
0000
0066
0000
0000
0F29
049D
0000
0059
04D6
00DF
0000
02A8
021D
0091
049E
0638
05EE
00AD
0000
0000
047E
049C
015D
01D7
019E
0000
0000
0000
0000
008E
0289
04C5
0000
0000
0000
0000
0DD7
02BF
0000
0000
0000
02A1
0B0C
0916
0000
00BE
048D
01EA
01D1
0000
0000
00C3
0B42
0AB4
06DF
07CE
05D4
0000
0000
0000
0000
0000
0519
07B8
0000
0000
0000
0000
0C3A
02DA
00DC
0000
0000
0074
11DD
0919
0000
013C
0A6B
07F4
04C2
01A6
00DF
0642
0A78
0952
0725
0394
0000
0000
00F3
05A6
07CD
0AA8
11DA
0D51
0000
0000
0000
0000
0A6A
041F
0640
0000
0000
0000
0DFD
0682
0000
04E7
0C7B
0AEE
06A0
0473
04D9
0629
08A9
095D
0654
0000
0000
0000
06C5
0822
0904
0EEC
17CD
0D79
0000
0000
0000
0000
0996
04B6
05C1
0013
0000
0000
0459
01AC
040A
0599
022F
04B7
079A
0342
0000
0026
0AB1
0C79
0765
0210
0000
0111
0342
0000
0000
01F5
0C86
03C4
0000
0000
0000
0000
09E0
046D
0276
01C3
03D7
01DA
0000
0000
0A4A
068B
0000
0357
0D41
036F
0000
0000
0D1C
0B03
046F
0750
0886
043C
0040
0000
0000
0000
03FE
0000
0000
0000
0000
0000
0AD9
0460
0097
0214
0740
013F
0000
0000
0D42
061F
0000
039B
0F54
04AB
0000
0000
0968
0181
0000
0000
0374
0187
0087
00E5
0103
053C
0AA0
03B2
0000
002B
0000
0000
0A7B
03C9
0067
027B
06A3
015A
0000
0207
0A28
01BC
0000
0224
0C29
06A3
0000
0288
036B
0000
0000
0000
0000
0000
0145
0425
098D
100A
116A
0829
0000
0000
0000
0000
04F1
000F
0042
0284
02CF
0000
0000
038C
029F
0000
0000
03EE
042E
0393
081D
0594
0000
0000
0727
017A
0000
0000
01EE
0519
0A46
0DB6
0E7E
05EC
0000
0000
0000
0000
03AB
00BC
02FE
039A
0000
0000
042B
02B7
0000
0000
08B8
05E1
0000
0000
0B1C
046E
0000
0000
0E5C
078D
0000
0000
032C
06C6
08D8
059A
0564
00B2
0000
0000
0000
0000
0A4F
0648
06C3
0671
0284
0262
0617
0099
0000
0000
0AA9
02EB
0000
0000
0753
0000
0000
0000
065D
039A
0050
0451
07B6
0B6A
0ADA
021C
0000
0000
0000
0000
0000
0000
1111
082B
05AE
0585
0396
0401
04B0
0000
0000
0000
077B
008D
0000
0065
0409
0000
0000
0000
0000
0000
02A2
08B9
0C71
0C00
06DB
0000
0000
0000
0000
004B
0000
0000
14BB
0725
02A4
02C5
03DE
0560
034A
0000
0000
01CA
0309
0000
00F6
0577
0422
0000
0000
0000
008C
034C
06B5
09AF
0D52
0731
0000
0000
04FC
05B9
0000
005B
0000
0000
11D2
0317
0012
00B3
03ED
05BD
016A
0000
030E
0313
0000
0024
058D
0698
029D
0060
0122
0578
09EB
0A59
06E3
05B1
06B5
0081
0000
0270
0DB3
0881
0000
0000
0000
0000
0AD5
0000
0000
0000
0234
03BC
013D
0185
04C1
04DC
02D0
04F9
08A7
08DF
074D
047E
010B
0682
0E51
0ADD
03C6
016C
0000
0000
0000
0394
0BCF
046F
0000
0000
0000
0000
0000
0000
0000
0000
0000
0000
0000
0000
0000
0000
0000
0000
0000
0000
0000
0000
0000
0000
0000
0000
0000
0000
0000
0000
0000
0000
0000
0000
0000
0000
017A
1567
20E4
1BD8
1C72
1D33
1E60
1DD4
1E23
1C7D
181D
19B8
1DCC
1A48
155D
16F5
1AAF
173C
11B1
156E
1AA6
17DC
1646
1782
1788
1ACA
1EEB
1BA8
174C
11C7
0B0A
0D73
0000
0C29
160D
1188
130A
13BF
149C
14EF
1728
15FD
10C9
11CB
1595
12AC
0D67
0DB3
1150
1094
0E76
0F73
0FCC
0EB2
0EBC
107C
1165
1294
1556
13CB
1019
10FC
1177
0DFE
0000
0398
080B
0306
01A0
00C0
0000
0045
0283
024F
0000
0079
0258
01BD
0000
0000
00D1
0146
0245
021C
00D3
01B7
01D1
0245
0389
01B4
0073
015E
0166
00EF
0284
0000
0000
0000
0000
0000
0000
0000
0000
0000
0000
0000
0000
0000
0000
0000
0000
0000
0000
0000
0000
0000
0000
0000
0000
0000
0000
0000
0000
0000
0000
0000
0000
0000
0000
0000
0000
0000
0000
0000
0000
0000
0000
0000
0000
0000
0000
0000
0000
0000
0000
0000
0000
0000
0000
0000
0000
0000
0000
0000
0000
0000
0000
0000
0277
0250
0000
0000
0000
0000
0000
0000
0000
0000
0000
0000
0000
0000
0000
0000
0000
0000
0000
0000
0000
0000
0000
0000
0000
0000
0000
0000
0000
0000
0000
0000
0000
0000
0000
0000
0000
0000
0000
0000
0000
0000
0000
0000
0000
0000
0000
0000
0000
0000
0000
0000
0000
0000
0000
0000
0000
0000
0000
0000
0000
0000
0000
0000
0000
0000
03F2
0065
0000
0000
0000
0000
0000
0000
0000
0000
009E
0322
01E0
0000
0000
0000
0000
0000
0000
0000
0000
0000
0000
0000
0000
01A8
0000
0000
0000
0000
0000
0000
046F
0206
0012
0000
0000
0000
0000
0000
0000
0000
01A8
050F
034F
0133
01F4
00BD
0000
0000
0000
0000
0000
0000
0000
0000
0000
0206
0000
0000
00A4
0000
0000
0000
0604
03B4
0324
0330
0017
0000
0000
0000
0000
0000
0000
0068
0000
0000
02B6
0427
0000
0000
0000
0000
0000
0000
0000
0000
079D
0CEE
0000
0000
0000
0000
0000
0000
0766
058B
0468
0432
02DE
0000
0000
0000
0000
0000
0000
0000
0000
0000
00D3
01A7
0000
0000
0000
0000
0000
0000
0000
0000
089E
119A
01F8
0000
0000
0000
0000
02B4
0738
06FA
0790
0748
0A5A
0DDB
0B86
05C2
026F
0000
0000
0364
017D
00B9
0693
0671
062F
0B6E
0CC5
098C
07F5
06E6
01FB
0000
019B
0841
08F7
0A05
0A4D
0000
0000
0020
0682
0603
0956
097D
0BE6
12D5
1903
1A7F
1591
0BCA
08C0
08C8
0439
0357
07D4
0954
095E
0C15
1134
1338
0F3F
0BB8
0C87
09CE
01C9
021C
0B60
11DF
1331
0000
0000
0000
0733
0477
07A2
07E0
07BF
0743
087A
0E97
10F8
0BC0
0CB9
0D45
08EE
069D
05DD
067C
0476
0000
0000
05D8
06DA
039A
0926
0DE1
086E
05E1
068C
04C8
0CDE
0000
0600
0000
0660
0382
0595
0520
079C
0711
025A
044B
0AEF
0E1B
0F32
0B60
0A45
0A78
06FB
0834
0755
0000
0000
0000
026A
0203
0802
0D8F
0C9A
0B8D
0589
0000
08B4
0000
0D91
07E2
0395
02FA
0596
03AB
07E3
0DB8
0BA0
0467
0000
034C
0574
0000
0285
0828
0949
0D5B
0948
03FC
050A
0159
0000
0000
0000
031E
05E6
0DE6
0D98
0A28
0EC2
0000
0499
00C6
032F
0395
0730
046E
061F
0D07
1030
0962
0000
0000
0000
0000
0179
0326
092C
0FB7
060F
02C6
0757
0000
0000
0000
0000
0000
0000
0C8C
1021
0FEC
1214
0000
0000
0000
03AE
019E
0306
0000
006E
05FA
0C12
1291
13A7
0BE3
0000
0000
01B7
0000
0000
08FD
05A4
0989
0E0C
074E
01CD
00C5
0000
0000
0000
0A22
0C3B
0DC0
1384
0000
05B0
0000
058A
0133
0000
0000
0000
00B9
04A8
1273
21E6
1CE0
0759
01AE
0007
0000
0000
01B4
0511
0F80
13F9
1110
1122
0E92
0618
0000
0185
05FF
0763
0BD8
13CC
0000
0AC0
04BD
0A6F
0795
04DE
01E9
0364
0067
0000
066E
14BC
1780
155B
163C
0889
0000
0000
0000
01FB
0D33
0EE8
0DBC
0D70
0602
0000
0000
0000
0000
0000
053B
0EDF
0000
033F
0363
0CA9
0BF0
08C4
0710
07E9
0160
0000
00D5
05CD
0BB9
1CB9
23D2
10B3
05F5
06C1
0000
00B9
0CB6
098D
0642
06BC
01F6
0000
0000
0000
0080
0000
0247
0B9B
0000
0000
006F
0AC2
0A61
09F8
0ABE
08E7
018A
03F3
076C
0000
0000
13CE
1C69
1542
1A2B
14CB
0000
0000
098F
0A75
099B
0A74
0DA4
0C5D
0374
0000
0000
0000
027E
074B
0000
0000
0093
08EC
076B
0AD2
0ED0
0927
00A2
098C
0CB9
0000
0000
09B0
0E24
137C
249D
1BA0
0343
0000
042E
09E4
100F
0EFD
113D
145A
0D78
0170
0000
0000
01BA
0347
0000
0024
0047
08F2
06E9
0B4D
10A1
08FD
0098
0A09
0B58
0078
0269
0481
0000
04D4
1959
148B
0AC1
0EDB
0BAE
07ED
0E44
0E3F
080D
0597
09CA
07E1
0000
00E9
08C1
093C
0000
026E
0000
082A
06F2
0B63
0FF9
0991
0438
0948
0617
05AB
0C97
01AE
0000
0000
0E73
0AF5
0DB5
18BE
106E
0477
0A33
0E40
0544
0000
040D
0B8C
089C
0BB2
0F66
0E41
0000
04EB
0000
03C9
042F
0AC9
0DB0
0A67
0A74
093B
0000
059F
0FA9
01A5
0000
0663
07E2
0000
0000
0AD3
0366
0000
0982
10E4
0C6C
0820
079B
02EE
0000
06ED
08DA
05F8
0000
0504
0000
0000
01F7
0997
09B4
0A90
103A
09EB
0000
0640
0E0D
0199
0000
0AF2
03BB
0000
0000
002C
0000
0000
0985
0E56
0F7F
1329
0EA6
0000
0000
0000
0135
0000
0000
0279
0000
0000
00C0
075D
053C
08FD
11D2
0A0B
0000
07EB
08D7
0062
0567
0C2D
0498
0000
0557
02EE
0000
0000
03B7
0000
015E
0DEF
1022
0A7A
064F
03FD
0162
04B2
0000
039B
0000
022E
00E6
061A
0447
08FE
10E8
0986
0468
0898
034B
016F
098C
093D
03AD
09B9
102C
04B3
0000
0104
0269
0000
0000
06B1
0BE8
0FB6
10D5
0713
021D
08C0
0000
0457
01C4
0804
01DD
0197
0252
0961
0F2C
0AAA
0AFD
09AC
0000
037C
0A12
0320
0000
0BE1
113F
045E
0000
091F
0B46
0643
0717
06D4
033F
0730
0B08
06D3
0700
0B94
0000
0000
0000
0BF6
0310
0000
0000
0665
0B42
0B37
1048
0A8A
0000
061E
0B9B
01E4
0000
0C9B
1213
08DA
07DF
0E7F
0FDE
1273
12B2
07B5
0000
0066
0538
075A
0A49
0CE0
0000
0000
0000
121E
0735
0533
08D2
09AD
0B32
0FA5
16D2
0E83
0473
0A87
0D35
070E
0600
0D0A
11E7
0EF2
0F65
1017
0E52
1273
148A
0EDD
0B09
0A1C
094B
091A
076B
07E5
0000
007D
014F
1078
0239
0743
0B74
091B
08AF
0F60
1736
108D
0A1A
0C41
0AD3
09D4
0B6A
0BB1
0DB1
105C
1282
0E8C
095A
0BF7
0EED
108B
1316
0F00
0925
0831
04D7
05A8
0000
02DC
006E
1382
0212
04DD
0A2F
059B
055E
0CA9
13CC
12B6
1333
1325
0E43
0E6C
1139
119F
12F2
14C8
1792
1688
10DA
0CFB
0BD3
0E3C
1073
0CDB
07CE
079A
07D8
0CA8
0000
0AC4
0073
1335
03A2
00C2
02B4
0000
0000
03A5
0917
0C0B
109B
104F
0B1B
0A2A
0C03
0E9D
10E1
1021
1176
14D1
1374
0C5E
07E3
0964
094E
0651
036B
0227
034D
087F
0000
05ED
0000
0000
047D
0079
0047
0000
0000
0000
0000
0000
0000
0000
00C7
0321
0307
0223
009F
0000
0000
0000
0000
0000
0000
0000
0000
0000
0000
0000
0000
0000
0000
0000
0000
0000
0000
0000
0000
0000
0000
0000
0000
0000
0000
0000
0000
0000
0000
0000
0000
0000
0000
0000
0000
0000
0000
0000
0000
0000
0000
0000
0000
0000
0000
0000
0000
0000
0000
0000
0000
0000
0000
0000
0000
007B
016B
0116
0000
0000
0374
086E
08B1
0722
0854
07B3
040B
00EC
0233
0725
0A17
0564
0000
0000
053A
1256
09C5
0000
0000
0000
0273
0000
0000
0397
0881
0CA3
0E70
0E1D
0C77
07F5
036A
01CD
06C7
0D74
0BD0
083E
08AD
0926
097B
0A42
093B
0829
0909
03DC
0000
0000
02D2
1352
0C5E
0051
0000
0000
0000
0000
0000
02EE
061D
080C
0A33
0B99
0C24
0969
052C
037F
0783
0E15
0C02
05D3
043D
072C
0B49
0BAD
0759
07B8
0C21
08DD
0000
0000
0000
08CB
1146
10CC
023C
0000
0000
0000
0000
0000
0000
0000
0000
0086
068C
0945
091D
08CC
0A5C
0CCB
07C3
0000
0000
0000
02EB
034C
019F
063A
0D04
0AC2
0545
002B
0000
0046
0EBD
169F
0CDF
0000
0000
0000
0000
0000
0000
0013
0283
05EB
08D2
0B68
0EA2
114F
12BD
1243
0C59
04CA
034A
045A
0303
02C3
0576
097A
083A
055B
0AA9
0C4F
03F4
0555
0C83
0F0D
0BDF
0000
00A4
026D
02B7
02A1
0778
0B6B
0E23
0EE5
0BF8
0A15
0C7C
0F87
10BB
11AB
10D4
0DA4
0D3F
0D29
097A
080D
0B5D
0C20
0322
0000
09A7
12AF
0DC2
0F1B
0CD8
0602
0375
0000
0000
0000
0000
0000
016E
0561
0BDB
11A4
11BA
1038
0F57
0BFE
0694
05F0
0BF7
0E75
0D0E
0D24
0DA5
0D59
0E5B
0C61
029C
0000
0354
0BF0
0D25
11D3
1090
0C14
07F7
0000
0000
0000
0000
0000
0000
0190
0896
12E9
1A5D
1CB9
18FB
0EEA
02BD
0000
0514
0BF8
0DE3
12F2
1782
1649
14DB
11AA
092E
00B6
0000
0000
04BD
124F
1883
175B
13A9
0000
0000
00D3
0000
0000
0106
023C
01E8
089B
14F1
1C5F
1C48
155D
0A57
0140
0000
0163
08EA
13AF
17A3
132B
0FE8
1031
0E72
05F4
0000
0000
0041
1133
15B5
10AD
10B1
0000
02F8
048D
03C5
016A
0200
001E
0000
0000
05EB
11C9
1C7E
21EC
1D47
0EA9
0000
0000
0000
057B
0BBB
0ADE
08CF
0ADC
0F2A
0ACD
0031
0000
0000
09CB
07D1
0246
0833
0000
0258
01CB
046A
05AB
051B
01F5
01D5
0252
00C8
061F
149F
223A
261E
1A8A
0851
0000
0000
0069
0A1B
13E0
1504
1151
10FD
0DB7
065A
0000
0000
06A0
03AB
0122
0950
0000
0000
0000
0214
06A1
08B3
0813
0CCD
0DA4
042E
0000
03E5
0EA8
1B44
1FE0
1AD3
0FB4
072B
042C
0C3A
1BEC
1EE9
1711
11FE
0E62
0A31
0387
0168
096F
0685
0357
0950
0000
00AF
0000
030A
0488
0744
0B8E
0F01
0B76
07BF
0789
024D
008A
0BCB
1C77
2662
1EB6
0D9A
029B
064D
1079
1211
1061
11AB
1098
0D65
0961
05B0
08A5
0321
0000
022D
016C
02FF
0123
030B
0217
0640
0CF7
0C4C
056E
0B26
14E2
0C5B
0000
0000
0D01
1FA5
22A6
1430
0441
0000
0149
03A0
0CA2
1476
154A
1317
1034
0978
05D5
0071
0000
0000
0000
0333
0126
0000
00FB
0ADC
1027
0891
02A1
0D64
164D
0F35
0449
0000
00BB
0D83
1B6C
1BFE
0DE6
0230
00F8
0888
1322
154A
135B
1304
0FB8
0692
00D1
0000
030E
00EB
0000
0226
013D
0000
0000
0C5F
124F
094F
03A0
0AA5
0E79
0F35
10CF
086F
0000
0000
0C6E
17F0
1208
0995
0995
100C
1482
1073
0CC2
0D08
087E
0000
0000
0000
066F
0548
0000
0126
00B4
0000
0000
07CD
0F4E
0FB2
0AE5
0588
044B
0E5C
171C
0CBC
0000
0000
0AFF
1147
0AC0
07D2
08AD
0A54
0CE0
1012
133E
144D
0EA3
03CE
0000
0000
054B
066B
0000
00FA
0000
0000
0000
0234
09BD
14A4
156C
066B
0000
089D
1462
0F48
05FF
092E
11D8
0D61
02E1
0026
014D
02CA
092F
132A
1C4B
2090
1CF4
102A
0505
0000
0000
0224
0000
0000
0000
0000
0000
0000
04DA
1555
1ACD
0A6F
0000
0405
0E3A
0D1E
0A1A
0AE7
0ADB
0815
06F3
0650
01DF
02EB
0C9F
114A
12D6
174B
1A49
1413
0976
0000
0000
0000
0000
0019
00D1
031E
0131
0000
0185
111B
18A5
0F0D
0424
03F1
0540
056E
0764
05E8
02FA
0918
146A
1445
088F
077B
1175
109C
0867
0635
0AB5
0DB7
0B46
0000
0000
0000
0000
02E0
02A3
04C6
049B
0032
006E
08A9
1226
149B
0F3B
04E9
0000
05BE
0D2D
0625
0000
0BC8
17E4
11B5
0722
0A8F
13E5
15A7
11E3
0933
0321
05AD
0A43
033D
0000
0000
0295
0766
04DF
050B
0591
034E
002B
00F1
09BA
1692
17E3
0866
0000
084B
124C
0773
0000
07D3
11BB
0B26
061A
0D0E
1476
1A28
1D59
1149
0029
0000
0541
0540
019F
000F
095C
09BD
0457
04D1
03E1
03E6
00BF
0000
02E0
1439
1B40
0CCA
0000
07BF
0FEC
08D8
023D
080F
1103
134D
119D
10CB
123C
16DA
1819
0D43
0000
0000
036F
0201
0072
00D9
0BD5
0969
0283
027B
0000
01E7
013B
0000
0000
0E67
18B2
116C
075E
0942
0BDE
09FE
0A16
0C20
11B4
1A3F
1B8A
1276
0AAC
09D7
093C
079B
06AD
059C
04FB
0000
0000
0000
0A2A
0B74
0610
048A
0000
0083
022F
0000
0000
0640
116D
159D
100D
0911
069A
0A61
0C8F
09FA
0DD0
181F
1B7A
133A
0951
0300
0159
05E9
0967
0504
021C
0000
0000
0000
03FF
0AC0
0A80
08A8
0000
00C9
025C
00DB
0000
003B
0870
1309
12F1
07E3
026E
0804
0979
0486
0867
114C
133A
109F
0D77
071A
0179
02C0
03DB
0000
0000
0143
00D2
004F
002E
0991
0FB6
0B95
02EE
032A
039A
03AF
019E
0000
0389
0DAA
1092
0915
02E4
05C5
07B5
062C
084A
0A2B
0A0E
0ADA
0AC0
0848
043C
019D
00AC
0000
0431
06C5
041B
0000
0000
0502
0E85
0B98
06FF
07E0
071A
081B
06D0
02DE
040D
0992
0B9D
08A3
05C8
06E5
0756
0877
0A75
08BA
0776
0907
082B
07BF
0819
0598
037E
0407
06D9
08C6
01E7
0000
0000
00C2
0BFF
0A1E
06E1
05CE
03D8
04DE
04AB
01F5
007D
01E1
0493
04C0
028C
0228
0283
0364
04B3
03E8
02B2
0272
02A9
042C
0565
0383
016F
022F
051A
0000
0000
0000
0000
0000
0000
0000
0000
0000
0000
0000
0000
0000
0000
0000
0000
0000
0000
0000
0000
0000
0000
0000
0000
0000
0000
0000
0000
0000
0000
0000
0000
0000
0000
0000
0372
0603
014B
0A58
0275
01CD
01A0
0000
0000
0000
018F
03AD
02EF
01D0
01CB
0194
0047
0000
0054
025D
0264
0000
0000
0000
01D4
065C
02F0
0000
0453
02DB
0392
0789
0B1A
0D12
0000
07DE
0000
0000
027C
0363
049A
05CC
0691
0765
0501
01E2
005E
0044
0000
00AA
00CD
037D
06DD
0232
0000
0000
02BE
08A9
06C4
0000
0040
0000
0330
0AD7
19B0
19DF
0000
0000
0000
0000
0000
03AD
0A48
0BC7
08E0
05EC
0065
0000
0000
0000
0000
0000
0000
0000
023C
02A0
0000
0000
0000
0088
0086
0000
0000
0000
0000
0000
1595
144B
0000
0000
0000
0000
00F0
08A0
0C40
0BDB
08A9
066E
021F
0000
0000
0000
0000
0000
0000
00AC
056D
075A
04BE
0000
0000
0541
05AB
0000
0000
0000
0000
0000
0743
0E73
0000
0000
0000
0174
0522
060E
02AB
01D1
0260
04C0
05D7
0463
0786
0A2C
04F3
0000
0000
001D
019B
0602
0653
011C
0000
0250
0473
0000
0000
0000
0000
0000
08A1
113A
0423
0B66
0E03
0E48
0C1F
07E8
0000
0000
0000
00FB
06F1
0995
0D02
0E9C
07AC
01AF
01A3
0185
02F0
0386
0026
0000
0000
0000
048C
0544
0946
0000
0000
0000
0BE1
1605
0A47
1470
1968
1731
0DA6
0579
0000
0000
0000
0000
01D3
0776
08C8
07BC
0347
0000
00E6
0156
0355
0000
0000
0000
0000
0000
02DD
0CAE
1628
0000
0000
0000
0D07
1659
0902
0F50
1288
10AD
0749
017A
0028
0000
0000
001E
02AC
02ED
0000
0000
0000
0000
00CF
02C5
0311
0000
0000
0000
0000
0000
0172
0E37
1721
0269
0000
0000
0BB7
117E
0136
0160
0000
0000
0000
0260
089E
0DDA
1147
0C70
03D8
0000
0000
0000
0000
0000
0000
045D
01F5
0336
04C1
0261
0000
0000
005A
079C
0BD0
01E5
0000
0000
0A28
0DAC
0000
0000
0000
0000
0000
0504
0AA7
0D38
0C66
0834
037E
0000
0000
0000
0000
0000
0000
045F
00DC
0000
0629
092F
02FC
0000
04AD
03C9
00F5
0000
0000
0000
0836
0CAA
0000
02BB
026F
0386
048C
04C2
0591
01D8
0000
0000
036C
03F5
0000
0000
0084
0000
0000
00E0
0042
0000
0000
062B
0745
08A9
0DB8
066D
0000
0000
0000
0000
072E
0DF8
0016
03EA
05F1
0B6D
0D07
0907
05A7
0000
0000
0000
0000
0167
062A
0A2C
0FDE
0B52
0000
0000
0000
0000
0000
0000
0000
0747
0C9D
07F6
026A
0000
0000
0000
0892
10F4
0149
0437
04A3
0BD1
1316
1285
0B58
0440
0000
0000
0000
0000
0471
0E5E
1725
15F1
0711
0000
0000
0000
0000
0000
0000
0000
01D2
093E
0CF1
03CA
0000
0000
0C21
147E
02F8
05AF
00D4
01AE
0B23
1184
0C5F
07CA
075C
0000
0000
0000
0000
03B0
0E44
119D
0B4D
01F1
0000
0000
0000
0000
0000
0000
0000
092C
0EB2
073B
0000
0000
0FFA
1789
0452
0618
0000
0000
0000
0618
0997
0D71
1661
1762
07EE
0000
0000
0000
0000
063E
0F1F
0B3E
0000
0000
0000
0000
0000
0000
0000
0497
075D
0248
0000
0000
1007
17AE
02D7
0529
0000
0000
0000
0000
05EC
0D29
12D3
185F
15A9
02A9
0000
0000
0000
012D
0D73
0E89
05C1
0000
0000
0000
0000
0000
0000
0000
02B8
0000
0000
0000
0D5B
1541
0002
05A4
0894
0443
0000
0000
0000
018B
0000
0845
192F
1B14
04D5
0000
0000
0000
001A
07FF
0D3A
0613
0000
0000
0000
0000
0000
0000
0000
0000
0000
0000
0B00
1293
0000
06C3
0CB9
090F
0000
0000
0000
0000
0000
0000
0E7E
1D97
15F5
0000
0000
0000
0000
0000
08C7
0928
0303
014B
0329
0000
0000
0000
0000
0000
0000
0000
0917
100A
0157
07A2
09D8
076E
03E4
0124
0000
0000
0000
0000
0000
0A97
1942
1050
003C
0000
0000
0000
0000
0586
0DA6
0C33
0432
0000
0000
0000
0000
0000
0000
0000
0817
0E1E
026E
0927
091D
07AC
05EE
00FC
0000
0000
00E6
0000
0000
0000
1013
1464
03FD
0000
0000
0000
0000
0411
0E1D
0D4C
0000
0000
0000
0000
0000
0000
0000
0000
0849
0D4D
026D
0993
0A13
09A0
04DE
0000
0000
03BF
06A5
0000
0000
0000
0000
0963
031B
0000
0004
08AE
091C
0585
0570
0324
0000
0000
0000
0000
09D4
0792
0000
0000
086A
0DC0
0093
06D4
099A
0D62
06D3
0000
0000
02F8
05BD
0257
0000
0000
0000
018A
038A
0000
0000
0205
0A0D
0A0F
03EE
0104
0197
0000
0000
0000
02B1
043D
0000
0000
0881
0EAE
0000
0342
092D
1099
095A
0000
0000
0000
0000
05FA
07AE
0000
0000
0000
01CF
0000
0000
0000
0731
1021
09E1
09C5
1121
0E8B
0000
0000
0000
0000
0000
0000
0996
11BF
0012
03E2
05E2
0D1B
09F6
03C4
0000
0000
0000
0601
0EA2
0546
0000
0000
03E5
0000
0000
0000
059A
0D50
0974
0949
0B75
08D1
0000
0000
0000
0000
0000
0000
0CDA
1731
050F
0680
0036
04CF
089E
08FC
0286
0000
0000
00A3
07AD
0437
0000
02C3
0886
08F5
066D
01AC
0118
03C3
0450
0000
0000
0000
0000
0000
0000
0000
0000
0000
10D5
1AD2
0390
0648
0000
0000
0529
0BA7
06A5
0000
0000
0000
00CB
0226
052C
06C9
06E5
09FF
0E77
07FD
0000
0167
04EA
0000
0000
0000
0000
0000
0687
00F3
0000
0000
1330
1A9F
0000
00C5
0000
0000
0181
0BE8
09D2
0169
0000
0000
0000
0000
098C
08B7
0230
0513
0DDA
0B72
0314
043D
0512
0000
0000
0000
0000
0000
0D35
080F
0000
0000
1145
1644
0000
0000
0000
0000
016A
0B96
0CFE
092D
0614
005B
0000
0000
0984
0862
02A2
05DB
0C27
0984
01A7
0000
0000
0000
0000
0000
0000
001D
0D86
079E
0000
0000
0768
0FE1
0000
0000
0000
0129
0501
0B59
0F7C
109B
0BA4
0346
0000
00F7
0454
0609
0960
0AD7
0734
0237
0000
0000
0000
0000
0000
02DD
07FC
073A
05D2
0498
0000
0000
07A9
0DAB
0000
0000
018A
02E9
0365
0578
0AF2
1051
0BF1
02F5
00CD
00AF
0000
009F
094B
09D3
023F
0000
0000
0000
0000
0000
05BF
0A8B
0BE9
06B4
0000
0000
0000
0000
1179
17C0
0454
022A
091F
07FD
0660
05A4
0B26
11BF
0EB5
0829
078B
0575
0000
016F
0998
0A83
0576
0460
0204
0000
0323
079A
0B50
0CDE
0C8D
0B44
030B
0320
0000
0000
176A
1DE9
108B
06BD
0D0C
0A80
0837
0617
09D7
0DFC
0D0C
0B60
0A4D
0653
028E
04D3
0A46
0A51
07A5
0891
0907
0C06
11D8
10E3
0E44
0D84
0AE7
0B34
0876
0880
0000
0000
10F2
0FBC
0160
0000
0000
0000
0000
0000
0000
0000
0000
0000
013A
008E
0000
0000
0000
0000
0000
0000
0000
0000
0000
0000
0000
0000
0017
0268
0000
0000
0000
0000
0D71
0E0A
0000
0000
0000
0000
0000
0000
0000
0000
0000
0000
0000
0000
0000
0000
0000
0000
0000
0000
0000
0000
0000
0000
0000
0000
009C
0BCF
0000
0000
0000
0000
0F0A
11B9
00D8
062A
019C
0000
0000
0000
0000
0000
0000
0000
0000
0000
0000
0000
0000
0000
0000
0000
0000
0000
0000
0000
0000
0000
0000
12F3
0E51
0000
0000
0000
0F9F
13BB
019A
0B42
0FE5
0F93
10B9
0FD9
08EA
0020
0000
0000
0000
0000
009E
0000
0000
085E
0CFC
0924
05EF
04C0
05E7
0606
0000
0000
0000
0D0C
1CB7
0C1D
0000
0000
0FD9
15AB
0000
05F7
0D10
0EE5
10CD
15E9
17BD
1203
09DF
005E
0000
0000
0117
0000
0000
0565
0C8F
0D1B
0DC0
0C09
095B
0BC2
08FB
0000
0000
0000
1A97
1FD0
007E
0000
119C
192B
0000
0000
04F2
05B1
03E6
06C4
0C23
0F47
0F4D
0B02
0461
0225
0496
00BF
0000
0000
004D
0246
03D8
05C3
0539
099D
0E6C
0248
0000
0000
0691
1B46
0FDC
0000
11DF
1BBB
0060
0000
02C0
0440
0204
0000
0000
0322
0800
0B1B
07CD
04E8
080F
049D
0000
0000
0000
0000
0000
0000
0000
0173
0818
0C6D
0165
0000
0000
0964
0A70
0000
0F96
1B26
01C3
0000
0346
0574
03D5
0014
0000
0000
0000
0000
0000
0000
0697
08D0
0000
0000
0000
0000
0000
0000
0000
0000
0000
0662
0E41
0000
0000
0089
0000
0000
0B00
16D6
0000
0000
016E
0539
04FA
06B6
0968
0080
0000
0000
0000
0000
0000
09DC
09A0
000E
0000
0000
0000
0000
0000
0000
0000
0000
0C11
0DF6
0762
05D9
0000
0000
081D
123B
0000
0000
0000
0000
02AF
0A0D
1504
160E
08AC
0000
0000
0000
0000
0000
0827
0D15
0EE8
0C50
070A
058B
0531
0000
0000
0000
009C
0DFC
1214
0E4C
0DA6
07E4
0B76
1448
0000
0000
0000
0000
0000
0148
0AD2
19E8
1FBC
1001
0000
0000
0000
0000
0000
079B
11B7
0EB9
0673
0700
0C41
05FD
0000
0000
0000
03D3
0C90
0C99
1052
0EC5
1022
190A
0346
051C
0000
0000
0000
0000
0000
083E
1ABC
22EF
186C
0000
0000
0000
0000
0000
05B9
0808
0000
0000
0000
00B6
0000
0000
0000
0000
0119
050C
072C
0B2F
1042
197D
045D
097D
05A9
0000
0000
0000
0000
0000
0391
1BFA
29AC
1C6D
0270
0000
0000
0000
011C
0DE0
062C
0000
0000
0000
0000
0000
0000
0000
0000
0122
0000
0846
0FE0
183A
00C4
078E
095D
05B2
0000
0000
0000
0000
0000
026E
1B91
295E
1F1B
01E0
0000
0000
0000
0E4B
141B
0A3E
04D0
04F1
0000
0000
0000
0000
0000
0000
0000
0289
1230
1997
0000
03C0
0C87
0A15
0000
0000
01C3
0000
0000
0000
0000
20A6
2EAF
1DEB
0169
0000
0000
0000
11F2
12E9
0D4C
0C46
0A10
0000
0000
0000
0000
0000
0000
0000
13EA
1CA6
0000
0122
0CDC
0CD0
00FB
0000
00E2
069E
0000
0000
0000
0323
1FC2
29C8
1BFD
0000
0000
0000
03B9
0B3D
093F
084D
0BAE
0B8B
0040
0000
0000
03CF
0000
0000
11A5
1D7E
0000
0000
0937
0FAB
09B8
0000
0000
0473
0ED5
0000
0000
0000
0123
1E85
2198
0F48
0000
0000
0000
0527
07AC
02E0
0000
0339
02AF
0000
0000
06F7
04BE
0000
0DC2
1AE4
0000
0000
0489
0FF2
12F9
01E1
0000
0000
102A
0DAF
0000
0000
0000
0453
0E0B
064B
0000
0000
0244
0868
0CA2
0824
0000
0000
0000
0000
0000
0000
0639
0075
0C53
18DC
0000
0000
0000
0B71
1765
0D75
0000
0000
039A
16BD
06F0
0000
0000
0000
0156
0000
0000
0000
0000
05DD
0AB6
0E72
0B00
0000
0000
0000
0000
0000
063C
06C1
0CDB
18CB
0000
0000
0000
043C
1391
14DA
0000
0000
0000
0F34
12CD
0000
0000
0000
0567
028C
0000
0000
0000
0000
0000
04CF
0D53
0F58
0765
0000
0000
0000
048C
0C28
0C76
177F
0000
0000
0000
0000
0A56
16C0
0DB7
0000
0000
0000
13BE
099C
0000
0000
0AE7
108D
0000
0000
0000
0000
0000
0000
0000
0DCA
14D7
0814
0000
0000
0000
0C02
0B9F
14EE
0000
0000
0000
0000
001E
12F9
1797
0000
0000
0000
09F8
0ECE
0000
0000
0697
191C
07A0
0000
0000
00DD
0000
0000
0000
0000
0AE3
0DE2
0000
0000
0000
054A
0D17
14F1
0000
0086
0000
0000
0000
0BCD
1B09
0FE8
0000
0000
0000
1076
013F
0000
0000
1467
11ED
0000
0000
0422
0DE0
02E3
0000
0000
0000
0992
0960
0000
0000
006D
1085
1669
0000
062E
01FB
0000
0000
05E4
17C9
1A1B
030B
0000
0000
0AA2
09E2
0000
0000
080C
138E
0298
0000
0000
0F22
124D
04B7
0000
0000
0000
064B
0000
0000
0000
15C9
1920
0000
0262
0600
0019
0000
0000
0EC0
1D99
14A6
0000
0000
00CE
107C
01FB
0000
0007
157D
10B1
0000
0000
00CA
1247
12D3
0437
0000
0000
01A4
00D1
0000
0000
1C62
2162
0000
0000
024C
0101
0000
0000
044C
1949
1F0E
0908
0000
0000
0F21
0EEB
0000
0026
15A2
1D85
0A67
0000
0000
0829
0F91
0A74
0113
0000
014E
0560
0038
0000
1D95
2908
0000
0000
0000
0071
0000
0000
0000
0DD3
1DA4
168C
0095
0000
0613
11E2
090A
0075
0CAD
1C65
15BB
024B
0000
001D
05ED
093F
0568
0000
0000
043A
02D6
0000
187C
2AAC
0275
0000
0000
0000
0000
0000
0000
002F
117F
17C8
0AB2
0000
0157
0EAF
0CC0
0225
051B
132D
1472
09F7
025B
0000
0000
025D
03CA
0000
0000
0000
0008
0000
1924
3219
0BBF
0000
0000
0000
0000
0000
0000
0000
03AC
111F
0DE2
0069
0000
0794
0993
03BA
043F
0ACA
0C76
0CB7
0B7C
0425
0000
0000
0214
014E
0000
0000
0000
0000
1F96
44AC
31F0
2779
2B97
2C2C
2C69
299D
24BC
1F49
232E
2E66
2EA1
2446
1ED1
2199
23AA
2167
21F9
2341
231A
278B
2C88
2B4F
2715
25E3
2832
28AA
248D
1E1C
2447
1DF1
091E
2EBD
2C17
26CC
2A21
29C2
2A05
29AB
265F
1FD2
1F8F
25D4
2806
23E2
1ED3
1D0B
1D13
1CDA
1F39
1FC1
1D28
1D7E
216F
2571
268D
24EB
24FB
2518
2396
1FE3
2840
2E28
0000
0365
0000
0000
0000
0000
0000
0000
0000
0000
0000
0000
0000
0000
0000
0000
0000
0000
0000
0000
0000
0000
0000
0000
0000
0000
0000
0000
0000
0000
0000
107D
081F
0FC6
0C0F
0C76
120E
1065
0E77
0B29
07B4
0735
0A26
0DDB
0FDD
0E33
0D29
0FDC
0FE3
0E02
0F8D
12EF
14BD
0FFF
07D4
07B2
1104
1BC1
1E44
10A0
0330
0F10
0D91
123F
0A21
1237
1015
10E7
1153
0D2C
09D6
08B5
082F
0825
090F
0BD9
0E16
0A8B
072F
0A6A
0E48
0ED7
0DDA
0DFD
0F73
0F12
0D06
0B59
0C9E
1740
207A
1383
023D
0CAD
0B69
103F
0B64
15AD
0F17
09F2
097B
08AC
0B4B
0FAE
1410
1554
1336
1267
11FB
0CA0
0734
0AB2
1085
1019
0D41
0CFE
117C
17F0
1983
11F8
0895
0F56
1F59
1B20
06D9
07B3
02CF
0DFF
0915
1087
0932
02B1
027C
06D5
0C0A
0FE0
1504
18B4
178B
151B
134F
0D50
0647
07C1
0C6A
0CAB
0BC9
0B8D
0C98
12FF
195F
14A1
0791
059C
1313
1961
08D2
0000
0000
08F0
0706
0C53
08B9
0961
08B9
09F0
08F5
06DD
074D
09E3
0B6D
0BE0
0D0B
0D0B
0B65
0C38
0C99
0A5C
0A27
09A6
044E
027D
09A0
1070
0D65
04E2
03AB
0ABE
09BE
02F5
0000
0147
0963
0C7E
08A4
0E39
0DD4
097F
0586
02C6
0034
0000
0000
0000
0197
088F
0D3D
0E12
0C07
06D1
040A
03CF
0000
0000
0000
07AE
0E10
014A
0000
0000
07A6
0D31
0000
0000
0A3B
0DF5
081D
0C47
0D3E
0C79
0B0B
0746
0121
0000
0000
0000
0000
0386
0B42
0A65
0722
04B1
00B9
0000
0000
0000
0000
0000
0595
0000
0000
0000
0AEA
1312
0000
0000
09DC
0F7D
076A
06F1
0835
0C99
0D4B
0750
000B
0000
0000
0000
0000
0000
040F
014F
0000
02D7
002E
0000
0000
0000
0000
0000
0000
02AF
0000
0000
0287
0A0D
0000
02CF
0992
0E67
05AD
03F9
0281
02A7
02A0
0338
04CA
047C
0442
0355
0000
0000
0000
0000
0000
0000
0000
0000
02FB
0596
0218
0000
0460
0B8D
0A33
0000
0000
005D
0593
0F54
0844
0CBE
066A
05A5
00BC
0000
0000
04AC
0C5F
0A9C
0857
08CD
032F
0000
0000
0000
0000
0000
0000
027B
08F1
089E
0869
08A9
0895
0CBD
0FDF
0512
0000
0126
03F5
0903
0505
0D71
0B04
0947
0473
030F
0380
0528
06CC
05C4
0316
012E
0150
0121
0000
039A
07FA
02AD
0000
00F6
0029
0000
01F3
01A4
0000
0312
0F62
0E5A
02D9
0249
0000
0000
0390
0F43
0DCA
0A44
07DC
0C8E
0A58
0000
0000
0590
0777
0000
0000
00E9
002B
02DB
0CF2
1097
0AF1
0000
0000
0000
0000
0000
0000
0000
0540
0A7D
05ED
0227
0000
0000
03F2
0E86
0C64
09BE
06CF
08CA
07E8
034C
022C
06A4
091B
03F7
0000
0000
0000
0000
0548
0DB4
0CBB
036B
017B
06BF
0612
0000
0000
0000
0000
0000
0382
06AD
01AA
03C4
0463
0D56
0C58
0BF0
0591
015A
0446
0B30
07E4
0000
0000
08D9
0B3F
0000
0000
0000
0000
037C
0D1E
0AF8
084F
07F6
046B
00DE
0000
0000
0000
0000
0501
09DF
0327
059D
0646
0DE3
0D1C
0E60
06E6
0000
0000
07BE
0665
0000
0000
09CE
0F76
049E
0000
0000
0000
0000
0C7F
122A
0A93
0000
0000
0000
0000
0000
0000
05DE
0D02
0C65
0000
05AB
0876
0D38
095E
0D12
0A78
013D
0000
0000
096E
0583
0000
0000
0424
07AE
0821
0000
0000
0000
0000
0DA2
0F81
006C
0000
0000
0000
0000
0000
053F
0FE4
0D90
0000
07AF
089B
0C63
049B
08B9
0D07
077E
0000
0000
08F6
0B25
0000
0000
0000
0DBC
1328
03A9
0000
0000
0000
0000
0BBF
0C74
011A
0000
0000
0000
0000
0000
03C0
05E5
0000
047F
07D7
0D74
0433
04A9
0A46
0C55
00B1
0000
0000
08E5
0999
0000
0000
0788
11AB
05EF
0000
0000
0000
0000
0000
0B35
0940
0000
0000
0000
0000
0000
0000
00AB
0000
0000
0809
0E35
066F
04B9
05A5
0ADF
08D8
0000
0000
016A
1399
06AB
0000
0000
07FE
0D33
0BB6
076D
0000
0000
0000
0000
0000
0000
0000
0000
0000
0000
0000
059A
0000
026B
0763
0CA6
06F3
05E8
0299
076C
0E98
0491
0000
0000
0D1A
0B7F
0000
0000
0000
0E10
1245
09FF
01DE
004C
0000
0000
0000
0000
0125
0000
0000
0194
0423
0A9B
07B3
085B
0519
0ACE
05BD
0527
007C
04AE
100F
0BD2
0000
0000
00C7
0B5D
0895
0000
0000
01D2
09F0
033B
00D5
0907
06ED
0000
0000
039A
00B8
0000
0000
01C1
00DA
0751
0739
09BA
02BE
0B05
0615
0517
0154
041F
0E2C
1015
04EA
0000
0000
05FC
1174
025B
0000
0000
098D
02AD
0000
04B0
0BBB
0825
0469
0208
019A
0831
0C19
0424
0000
0000
0000
0860
0000
0B5F
074C
0666
0641
0764
0B58
0FF6
0FE1
0022
0000
0000
1155
0974
0000
0000
0C9F
0743
0000
0000
024A
0566
0224
0190
092A
13E0
13F2
05AC
0000
0000
0000
029A
0000
0C4E
0ABD
092B
08E7
0852
0784
0D19
1510
08D4
0000
0000
0AA9
0DB7
0080
0000
0711
0A44
0007
0000
0000
006F
084D
08A4
0853
0AB6
0CA0
07A6
0000
0000
0000
0000
0000
0D5B
0CAB
0CAB
0913
0523
0207
0645
10C1
0C02
0000
0000
0000
0954
081A
0000
0000
071D
0BC9
0161
0000
0000
0F2E
0DC7
00B8
0000
0000
0753
0651
0160
0000
0000
069B
0C97
08F4
0D4E
0AD0
03F0
0000
0000
07EE
0B03
02AF
0000
0000
02BF
0F14
05D1
0000
000B
0F84
0D38
0000
0000
082D
0B7D
0346
0000
0000
0000
04C2
02CF
0000
01C1
0B43
0D2A
043F
097C
083C
0357
0000
0000
012C
075D
0A08
0000
0000
0000
0E82
0B41
0000
0000
0A0A
0DB0
01FB
0000
0000
0463
0784
0000
0000
0000
0000
04CC
0000
0374
0DE4
0F7B
021F
0378
01E6
02DA
015E
0000
0000
0295
0CC6
0818
0000
0000
0477
0A03
00AC
0000
0000
06E2
064A
0000
0000
0000
0072
01BD
0000
0000
0000
05C7
0000
02BF
153A
16A8
0D4A
0E7B
0A4B
0F97
10C6
0E04
0A87
0DFB
1729
1600
08D0
0120
04BB
0B8C
0CDB
0665
00F3
067E
0E75
0929
0000
0000
0298
0B9C
0C9B
08C2
0A46
1075
0DA8
0C4D
0A87
09DE
03B1
0544
0000
0674
0B10
0AE6
0849
0943
0DD1
0EC3
0AEB
03D6
0000
0000
059E
0560
0000
0000
01C7
0202
0000
0000
0000
0051
0875
0A17
09BA
10F6
14E7
0D37
160C
145C
10BE
108D
0293
0477
0887
093F
0751
05D9
0603
093F
0D52
0865
0000
0000
0458
0752
010A
0000
0135
05A0
0585
0212
0000
0000
07AE
0B05
0876
06AF
0B4E
037C
0D4F
0CD2
0BE4
0564
0000
0000
0000
0000
0000
0000
0000
0000
0000
0000
0000
0000
0000
0000
0000
0000
0000
0000
0000
0000
0000
0000
0000
0000
0000
0000
0000
0000
0A18
055A
0635
036E
0013
028B
03F0
0386
029F
0224
041A
075D
0896
08A5
0A08
0A7B
0504
0000
0000
05BD
0D3E
0CAA
02A9
0000
0000
0B86
0F2D
06C9
06C6
07A1
024F
0000
03F1
03AB
0904
056F
0000
0000
0000
0001
00C4
0000
0000
03F1
0720
0743
0821
0C7F
0BF9
0095
0000
0000
069E
1154
0DBC
0000
0000
045D
12B7
0DD6
07DB
0B30
0CFA
0000
0000
0000
0476
042D
0000
0000
0000
0000
0000
0000
0000
0000
0000
0000
0000
0162
099B
053D
0000
0000
0000
05B1
0DF3
0000
0000
0000
0CE2
0D37
03FB
07B5
123A
0000
0000
0000
00CA
044E
04F0
0184
0000
0000
0000
0000
0000
0000
0000
0000
0000
0000
03D3
07FD
0345
0000
0000
0000
09A3
0000
0000
0000
077A
139C
0AF3
0277
0CD7
0000
0067
0000
0000
0000
008C
05E6
07DD
06E8
0393
0000
0000
0000
0000
0008
0000
0000
0000
05EC
063C
0000
0000
01B0
0BE2
04DB
0000
0000
0000
1713
1CC4
0AEA
0BF0
0000
01D6
0000
0000
0000
0000
0000
0395
0B1B
0C4C
08CF
0285
0000
0000
0000
0000
0000
0000
0000
02AC
00AF
0000
02F8
0C21
0E8D
0018
0000
0000
06DD
2507
1F20
1758
0000
0598
0000
0000
0000
0000
0000
0000
0000
02C3
06A9
06CE
0000
0000
005B
02E2
0000
0000
0000
0000
0000
0000
0000
0148
0F6D
12A3
0000
0000
0000
130B
2798
2B71
0000
0990
0000
0000
0000
0000
0000
0000
0000
0000
0000
046C
021C
0000
046A
075E
0000
0000
0000
0000
0000
0000
0000
0000
02DC
1619
096D
0000
0000
0000
164F
3495
0318
091D
0000
0000
0000
0000
0000
0000
0000
0000
0000
0000
0000
0000
04AD
09A3
0000
0000
00B0
0000
0000
0000
0000
0000
0000
02C4
0D1D
01EB
0000
0000
0348
2BA4
0266
0444
0000
0000
0000
0000
0000
0000
0225
0000
0000
0000
0000
0000
0000
081C
02DD
0000
02D2
0633
005D
0000
0140
0000
0000
0000
0000
06EE
0894
0000
05DE
2470
0000
01CC
0000
0000
0000
0000
0000
0000
0471
0B44
067E
0000
0000
0000
0000
0000
0000
0000
0000
0552
04D9
03D4
0B4D
0CBF
0000
0000
0000
0000
01AC
035E
11E8
2E3C
0000
041A
0000
0000
0000
0000
0000
0000
0000
03F5
108D
1158
09F5
0000
0000
0000
0000
0000
0000
0000
0000
00AD
0EC9
1789
09EF
0000
0000
0000
0000
0000
1063
37A5
0522
04A7
0000
0000
0000
003E
0000
0000
0000
0000
003F
0FC5
1324
102F
034E
0000
0000
0000
0000
0000
0000
0000
029F
10C1
0EC2
0348
0000
0000
0000
0000
04AD
30DF
0575
00C9
0000
00D5
01C6
0276
053B
0000
0000
0000
0000
0000
0E4E
198D
1571
078B
0000
0000
0000
0233
0000
0000
0000
0460
09C3
0661
0000
0000
0000
0000
0064
2654
005B
0000
0000
0000
0127
0000
01CE
0927
04B3
0000
0000
0000
0000
0E01
18D2
1613
0000
0000
0000
0000
038A
0000
0000
037D
0834
071B
0000
0000
0000
0000
037F
2185
0000
01F5
0000
0000
0000
0044
0000
0000
0CDC
0CF0
0000
0000
0000
0000
0F5A
1D5A
0F35
0000
0000
0000
0000
01CB
015D
05A4
0BF3
0CF7
02A2
0000
0000
0000
0490
1DE1
0000
0827
0000
0000
0000
030D
0000
0000
0097
1545
0FD5
0000
0000
0000
0000
11C1
1969
0BCC
0000
0000
0000
0000
0000
0000
069D
101A
0A4E
0000
0000
00E8
0831
1BF7
0000
0B07
0000
0000
0000
019C
02E4
0000
0000
02D8
19B0
12A2
0000
0000
0000
0000
103C
182C
0777
0000
0000
0000
0000
0000
0000
06A0
0A88
0398
0114
048A
0FF9
2052
0000
0903
0000
0000
0000
0000
08EA
0493
0000
0000
0B4D
218E
0CF0
0000
0000
0000
0000
0B04
0875
0000
0000
0000
0000
0000
0000
0000
029A
0000
0000
0000
1169
2729
0000
06B1
0000
0000
0000
0000
0636
1205
0000
0000
0000
16F2
1B09
0543
0000
0000
0000
0000
0000
0000
0000
0000
0000
079A
071E
02F5
011C
0000
0000
0000
0BBE
2B32
0000
075E
0000
0000
0000
0000
0000
1307
0732
0000
0000
0145
1444
0E54
0000
0000
0198
02CD
0000
0000
0000
0000
0000
0000
08B8
0BB1
0B26
074B
0000
0000
0703
2B8F
011C
084A
0000
0000
0000
0000
0000
089F
0F2F
0000
0000
0000
075F
0F52
0000
0000
073E
13BC
03AF
0000
0000
0000
0000
0000
0000
049E
1327
154D
02AB
0000
01CD
2731
01C9
0728
0000
0041
0000
0000
0000
0000
0E5D
0E9B
0000
0000
0000
1097
0000
0000
0000
13C4
0BB2
0000
0000
05C1
031D
0000
0000
0000
0947
173C
0B3D
0000
0000
1FA2
0000
04DC
0000
02E3
0000
0000
0000
0000
068B
1693
0021
0000
0000
0F43
03E6
0000
0000
048E
0CFF
0026
0000
01D4
1162
0B3F
0000
0000
0000
0A0A
0C8B
0000
0388
1BD4
0000
01E3
0000
043D
04CD
0000
0000
0000
0000
13CA
0A1A
0000
0000
070F
0B17
0000
0000
0000
0A54
0787
0000
0000
053A
1673
0D0A
0000
0000
0000
029E
00F6
096F
1E49
0000
027F
0000
0000
06FA
03D4
0000
0000
0000
0871
0F36
0000
0000
0000
0A94
065A
0000
0000
0338
101A
0000
0000
0000
07B7
149C
0E6C
0000
0000
0000
0000
0963
2024
0000
0A6B
0000
0000
027C
05B5
0000
0000
0000
0000
0D20
0CE5
0000
0000
024A
0EB9
0000
0000
0000
111A
0873
0000
0000
0000
072A
0F5A
0427
0000
0000
0000
0947
1E55
0000
1233
0000
0000
0000
03D9
007B
0000
0000
0000
032A
12A9
0018
0000
0000
0A62
0000
0000
0000
0578
0C1E
0498
0000
0000
0000
0418
03A5
0000
0000
0000
0B17
1DD2
0000
0E33
0000
0000
0000
0111
0394
0000
0000
0000
0000
0BDF
0685
0000
0000
0190
00BD
0000
0000
0000
02F2
090B
04AE
0000
0000
0000
0296
0000
0000
0000
0706
1FC6
0000
0BBB
0000
0000
0000
0000
0301
02D1
0000
0000
0000
0000
03BF
0000
0000
0000
0000
0000
0000
0000
0000
01DF
0731
0367
0000
0000
0000
0160
0000
0000
0210
1BDC
0000
0449
0000
0000
0000
0000
007B
0376
0000
0000
0000
0000
0000
001E
0000
0000
0000
0000
0000
0000
0000
0000
0000
04AC
0013
0000
0000
0000
0000
0000
07FB
22AE
0000
0000
0000
0000
0000
0000
0173
057F
0431
0000
0000
0000
0000
0202
023B
0000
0000
0000
0018
00B7
0000
0000
0000
0000
0271
0000
0000
0003
0000
0000
0A76
2D8B
1057
0943
0E7F
0A8D
0845
022E
0000
0000
0000
0000
0000
02CF
0607
04C3
0281
01DD
0166
0000
0000
0000
00F5
0031
0000
0000
0000
03B2
0A95
07EA
0189
02D3
0647
1195
13D2
05AD
04C3
03FB
007B
0000
0000
0000
0000
0000
01CD
03DF
03A3
0000
0000
0000
0137
03D5
04AF
03CB
0103
0000
0000
03C8
0800
0B2B
0A69
0000
0000
0621
0F14
14AF
154E
0464
01F1
0000
0000
0000
0000
0000
0594
067B
050C
0350
0000
0000
0000
0000
0508
05BC
04D5
0157
0000
0000
0642
0D2D
0DC8
09F7
0171
0000
0000
10CE
165F
10CF
1055
04FA
013A
0000
0000
0000
02EC
08E6
0B13
07FA
040D
01AE
0000
0000
0000
08FD
0DE2
0859
03CA
01DC
02BE
095F
0E7E
0D77
0987
053A
0000
0000
0000
0EB5
1326
158A
18C9
058F
02C4
0000
0000
0A21
0E26
06EF
0086
0000
00C9
0150
00E7
00EF
06A7
11C2
12C3
073F
00D1
037D
06D0
09E8
0984
06A8
0755
07E7
0166
0000
0000
032E
08FC
1CD4
2771
0536
0425
0213
0452
08FE
065E
0000
0000
0000
00B9
0312
04FD
079C
0D55
137C
0F29
00CC
0000
039E
0699
017E
0000
04E6
0AB8
08EB
0000
0000
0000
03FB
0BD2
2053
28B2
0412
03E1
05D6
0661
032A
0000
0000
0000
0000
004C
013A
049C
0B94
11D2
1086
07C7
0000
0000
0590
078F
0000
0000
061C
0B68
002E
0000
0000
0705
0B4B
10B4
1957
1AB7
048D
034B
02A7
01C8
0063
0000
0000
0000
008F
013D
0126
036D
0B23
0DE2
063A
0000
0000
0000
02DF
02EE
0000
0000
0667
06BA
0000
0000
09F9
0F09
05A7
093F
1461
1A73
04EC
0305
0000
0000
0000
0000
0000
0000
0496
0980
0840
0657
069C
0298
0000
0000
0000
0341
0000
0000
04DB
0AB6
0927
048A
0253
05BE
0875
0301
0000
0601
1BB1
2956
0196
0120
00E8
0000
0000
0000
0000
01D4
06BD
09D2
0A31
0703
001D
0000
0000
0000
012E
0347
02B6
03E9
086E
0B98
0AAF
0762
0669
0524
0000
0000
032F
128A
21AD
296B
0000
013D
0291
0233
0000
009A
05FE
05F8
0000
0000
045F
0784
0095
0000
06D1
09DB
02B8
014B
0932
0B26
03A7
0122
06E3
09D7
0801
0388
0000
0000
0CFE
18B4
1AA3
1AB3
0317
05C2
02B1
031A
0602
05B7
0201
0000
0000
0000
0073
06AA
0A70
0C62
0B35
0776
0000
0000
0428
04ED
0000
0000
0712
0AF2
08CF
05BC
030F
053F
0951
105C
11EF
1503
0694
07BA
00CF
0007
05B3
0553
0000
0000
037C
0596
0000
0000
0CD1
13A5
08D0
0000
0000
0000
0000
0000
03F7
0A0C
0B1C
0963
0646
039E
0334
0530
05B6
0C7F
115B
1873
06DA
0693
0016
0000
0000
01B8
03E0
05CB
086E
0510
0000
0000
0603
0A84
050A
00BB
02CE
053D
0292
027E
0B34
0D48
04AD
007B
033E
0445
04FF
0791
0A0E
0EFE
123A
17B6
07B5
069A
00B3
0000
0000
0000
07D9
0C4E
043D
0000
047D
0799
0000
0000
00DB
0837
0ECE
0F8F
084D
054A
06AB
005C
0000
0000
04B2
0B3F
0C63
0D24
0CC4
0CFA
1087
14DD
0786
05AE
006F
0000
0000
0000
0622
0A11
0243
0000
0C03
0CC3
0000
0000
0291
0C43
10CE
0F17
078A
01C6
0000
0000
0000
03FE
0A64
0E3E
10A6
0F3D
0773
052F
104E
17F6
058A
02A2
0005
0000
0000
0058
0734
073A
0000
022D
0C23
0A64
01B6
0223
0569
05DC
062F
04B6
0353
00C8
0000
0000
0A2E
1250
0A70
0662
0BE2
0AAC
0000
0000
1416
1F71
04D1
0255
0004
0000
0000
02B0
063B
0312
0000
037C
0989
0979
0BD9
09DE
0000
0000
01F4
057A
021D
00A9
0070
03AF
0950
0928
02FA
0189
06E6
0593
0000
045B
197D
22E9
05C4
04FA
003A
0000
007E
040E
01A0
0000
02E4
095A
053B
0328
0A20
0687
0000
0000
0C41
0FF7
010C
0000
0086
037B
0000
0000
0249
0A84
0A2C
04C6
03E3
0CB0
1ABE
1F98
04BD
046B
003A
0000
0000
01F2
0000
0000
0945
0BB5
0000
0000
068E
076C
005F
03A3
0D29
0B0C
0000
0000
0000
0000
0000
0000
085F
11A4
10D7
0B65
0765
0CC0
14FC
1918
01B4
00D1
0049
0000
0000
0000
0072
045C
0B32
06D1
0000
0000
0999
090F
02C9
028A
0168
0000
0000
0000
0000
0000
03A4
07AD
07EC
0B7C
12F3
1313
08B7
087B
0E95
14AB
0000
0000
02CA
0371
020A
0088
0115
0594
07EA
0287
0000
04EA
07A0
02A7
0010
005E
0000
0000
036F
090E
03D1
009B
063A
0A4A
0944
0B4D
100C
0DFC
040C
058E
0E9E
1683
0000
019D
06E0
084D
05A9
01F6
0183
04AD
038B
0000
04CF
0917
01C9
0000
03D8
0552
0000
0000
086A
0974
0000
0000
076D
0FDE
1561
1531
08F6
0000
0000
0658
1337
1BB5
04EE
0AB4
0972
0877
069E
029B
00A2
01CC
0042
0000
07B9
09F0
0000
0000
085F
08B3
0000
0000
054F
04EA
0000
013A
114A
18B8
1829
0FE1
0000
0000
0240
0E00
1648
1B0F
0EE6
13CF
07DC
038E
0592
0355
0000
0000
0000
0204
09FF
0805
0000
0000
0910
0648
0000
0000
03FE
0604
08FB
1078
16C0
14DE
0A9C
0000
0000
0000
0BAF
12D5
13DC
1493
1150
115B
02DC
0000
03B0
0397
00C4
0000
0000
032D
08C5
05D1
00ED
04CB
0905
037F
0000
01A1
08B2
0C6E
12B5
1421
0CF2
05BB
0000
0000
03AC
0C59
0B04
0B13
0F4C
1314
0D40
086A
0069
0000
033A
0392
02D7
0074
0000
034C
05D2
04AD
0769
0B3A
07AE
029E
0293
064A
0B9C
0FF3
11FA
0CF1
039D
0000
0000
001D
0C04
0F22
035F
01F8
0F3F
1843
073D
0203
0173
01BF
039E
0408
04D4
0293
0000
030A
0643
0683
0994
0B4E
05CE
02FF
0536
06F7
0956
0C32
0AD7
05A0
00D8
001E
0184
0454
0896
06AF
0000
02AB
128F
1B58
07C6
095C
0936
07F8
0AE6
0C36
0D34
0B23
08A2
0A83
0DEF
0FCC
0EF4
0C76
0A0C
0A24
0AA0
0AF1
0DA8
0DAB
06FC
02BC
044F
07C0
0C80
0EF1
097A
03DD
092D
15E0
1E1F
1F7F
03A3
0653
04BA
0444
067A
07BD
07D9
06F4
0753
0735
0723
085A
07EC
0514
04AC
0653
06A1
05EA
0797
065A
001F
0000
032D
0587
07BD
08F5
0377
0000
0BD1
159E
1409
1217
143D
13AD
14F5
131F
124A
120F
1118
108E
1152
1011
0E34
0E6A
0F2D
0DBD
0CAA
0D21
0F4F
0FAD
0D4E
0B16
0C1A
0F6D
12D7
128B
0FBC
0DFA
0E01
0F60
11FD
14D5
0311
0000
0481
007C
036D
0080
00EB
0148
0187
023B
02A0
0201
01F4
02A2
02D9
02AB
0257
01E9
0325
0437
0296
014F
0397
0501
02E7
0144
00AF
006A
0266
03FD
0000
0284
0000
0000
0000
0000
0000
0000
0652
0558
0291
000D
0000
0000
0000
0000
00AC
02C7
0623
07E3
07B8
0882
0835
0426
0000
0000
0163
06BA
0562
0000
0000
0000
077D
0BD2
0B8F
03D1
0000
0365
084F
0B9F
1446
1299
0D9F
0AE0
0878
08E5
0ACD
0CA8
0ECB
13B8
19C3
1CC3
1BB9
1A4B
191A
1311
0B6A
0C5D
13AA
1A29
18B4
0D5C
04CF
0E0B
1F31
2246
1F60
10B7
0000
033E
0C15
0AAA
13C7
128A
0CA8
0A9E
09A8
0A83
0D7D
0F29
10FE
15FE
1D12
2073
1E20
1BAD
1BCA
17BD
1283
152E
1B5A
20B5
20BB
14F5
09FF
146E
2697
2BEC
2A4B
1CED
0000
0000
0000
0000
0511
06F5
01AF
0000
008E
0304
04A4
0365
0154
038E
0AC1
0E93
0C7E
0C17
1177
1407
0F6B
0BB3
0C57
13E7
1BA2
14E9
0486
03A2
1240
21EE
2E1E
255E
0000
0000
0000
0000
02A7
0708
03B4
0319
097B
0F72
119E
0E6B
087A
06EC
0BE3
0F02
0C4E
0CAB
1734
1CAE
1400
0B39
0CAD
1706
2356
1EC1
071C
0000
03DD
1A54
334B
2A6B
0000
0000
0000
0000
004B
05FC
0A3D
0F68
1703
1B72
1D93
1AE2
14C7
1208
141F
1579
13CB
12FD
192A
1BFD
1535
1107
150D
1B07
207F
1B65
0A7C
0000
0000
10E5
3450
2FE9
0000
0000
008F
0000
0000
0343
0ABA
1132
1593
1732
183B
186C
16DC
169B
172F
18B6
199A
16D6
13E2
128E
0F70
0FCB
12E6
139F
142F
1137
0A96
0244
0000
072E
2F50
2FE6
0000
0000
00BF
0000
0000
0000
0000
0000
020A
068A
09F5
0E8D
12C6
12EE
124A
14DE
1850
1224
07B6
03E0
0516
06B2
06DE
0672
0867
0C18
0D27
04D5
0000
0000
28F0
31C6
0000
0000
014B
005A
0000
0000
0000
0000
0000
0000
039F
0A95
0EF5
0CBD
0A17
0C60
1030
09D1
0000
0000
0090
010E
004B
00EB
0399
0872
0BAF
03C3
0000
0000
2657
33E4
0000
0000
01FC
013A
0000
0000
0000
0000
0000
0000
0473
0B47
0C96
0A3A
0640
04CE
074A
0638
041D
06D7
0686
042F
0652
099D
0721
0337
0483
0523
0000
0064
20F9
29FA
0000
0000
003A
000B
0000
0000
0000
0000
0000
0000
05BA
0D89
1171
116E
0AAC
026B
0111
030C
07FD
0E95
0F59
0DEA
1315
1827
127F
074F
03DD
0840
0AB4
05DE
18C0
1C96
0000
0000
0000
0000
0000
0000
0000
0000
0000
0284
0804
0F47
1960
1C96
11D4
061C
01FC
01DF
0377
0AE5
1506
1AFC
1BCE
1E83
1F68
14E9
07A4
0271
03C6
03B7
17C8
1D3B
0000
0000
0000
0000
042C
0412
0038
001C
0275
042B
04F7
0A08
1570
1C35
18B2
12F8
0E23
07DB
0000
0173
1243
1C86
1793
182F
22A0
1EDB
09D4
0000
0000
013E
16D3
1EE4
0000
0000
0000
0049
06DE
0A10
093F
058D
0000
0000
0000
03A0
0993
12A4
2037
2623
1D9C
0D3D
0000
0000
0898
0EFE
0A95
0F43
1DFF
1FFB
0E08
0000
0000
0000
0E1B
14C5
0000
0000
01BF
00F1
0472
0A4D
101A
0C24
0000
0000
0000
033B
0078
0563
1B95
2AAB
2466
1392
0325
0000
02B0
03A9
04D0
0E26
1A79
1DEA
14ED
090A
018D
0000
0A51
0D57
0000
0000
012E
0000
0000
0664
0F89
0F4A
0532
0043
043B
01D2
0000
0000
0ACB
1B2C
23DB
1F72
0FA2
0411
0224
04EB
0AF2
11DF
17A4
1BD5
1C87
14EA
073B
0115
10E4
11F3
0000
0000
0059
0000
0000
0101
09FC
0E2B
0D88
0C34
0959
01D3
0000
0000
0000
05BD
1AB9
23E2
153F
05EF
042C
095C
0C04
0D60
10B6
18C3
20B9
1D07
0DA1
06A2
196B
1AB2
0000
0000
01EC
0000
0000
0000
0556
0D68
0EFD
0D52
0AFF
0AB7
09A2
0000
0000
0000
0E89
1F72
15BD
06D4
03AF
03E8
0000
0101
0A38
17D7
21B5
1EAA
11AA
09E1
1BD2
1D08
0000
0000
02DB
0000
0000
0000
00FF
0C60
0E57
0ACE
0A1F
108B
13A8
039E
0000
0000
05E5
1670
1213
05B1
0000
0000
0000
0000
0863
164E
1F80
1BF1
0FE5
061F
1547
1852
0000
0000
022F
003D
0000
0000
0000
09ED
1259
0BF7
02F9
0A3C
18D6
13DB
0000
0000
0000
0546
0B99
0713
0000
0000
0000
0322
0735
0DA9
18CB
1ABE
0E72
004B
0D91
14E5
0000
0000
0217
02D8
0000
0000
0000
044C
13FC
0F9B
0000
0262
183D
1F02
0CD3
0000
0000
0000
0DBE
0FC2
0000
0000
002C
079E
04F5
0617
1345
1C28
14CC
0659
0E6C
1549
0000
0000
0203
0389
0000
0000
0000
0000
108F
1680
06EF
0000
0BA0
18BD
1637
063E
0000
0000
1561
16AB
01D4
0000
0000
05DD
0752
0B35
145B
1C43
1E74
15AC
12D6
123E
0000
0000
00DC
01FC
02F7
0000
0000
0000
0ADB
19F2
10F2
01D4
0000
0C97
19DA
124F
0000
01F8
15C3
183E
0854
0000
0112
0777
0FFD
153F
14D9
16C3
1F87
1CA7
13E0
0C5D
0000
0000
0099
01A5
0810
0435
0000
0000
0142
13EB
1846
0B57
0000
02E1
169C
1470
0000
0000
10EA
1C10
13FE
0D2E
0C7B
101B
164C
14B5
0F06
10A3
197F
162D
1089
08D5
0000
0000
02AF
048C
0CC4
0BD3
00B3
0000
0000
089F
195C
1551
0143
0000
11D9
12AE
0000
0000
0B3C
1D01
1A1A
1419
1407
1624
1725
120C
0EAF
11A2
131A
0BA9
0C24
083B
0000
0000
07EA
0985
0ED9
0DE6
0725
0000
0000
0000
13AB
1AB0
0A65
01B0
0D4B
11C4
0316
0000
0481
156A
1911
1337
0FF6
1374
18BF
1863
1482
0EF2
081A
0383
0DA4
0E63
0000
0000
0DCF
0DA4
0DEE
0C98
08E8
0000
0000
0000
0A39
1957
10EF
0647
0A7E
10CF
0B08
0111
012E
0DF2
182F
1409
0CA2
0F42
1889
1ADB
118E
0507
0000
0145
12FC
1638
0000
0000
0FEC
0C3F
08ED
07C8
075D
0092
0000
0000
0004
10B8
1325
0BFA
0899
0D88
0EF3
0767
0000
0741
1635
17A8
0E5F
0988
0C91
0DD4
080F
022D
0079
03AC
13C8
1572
0000
0000
0EDA
0802
0371
047C
076D
03EE
0000
0000
0000
072B
12BB
10A6
06C1
078D
0F20
0C25
0000
0000
10DB
1681
0C3C
02FE
0000
0045
030C
052A
0460
072C
127D
102D
0000
0000
060C
084D
0184
030E
06C4
06E8
00D5
0000
0000
0000
0BC6
0F34
0374
0000
0874
0795
0000
0000
04DE
0BE2
0572
0000
0000
0000
00D6
0551
07FE
0000
0984
0E10
0000
0000
0E00
15FB
0CE3
0D96
1171
13CD
117C
0898
0000
0000
0EAA
1473
095B
0220
079F
091A
0011
0000
0256
0733
0688
0589
0573
06A0
0AF7
0E65
0CB5
028A
09C8
0F92
0000
0000
0000
0593
02A2
0481
08F7
0CBE
0D65
07CE
0000
0000
0378
0797
01BF
0000
0000
0000
0000
0000
0000
0000
0000
0000
0000
01D2
039E
04AE
079F
03FC
038A
0C30
0EC5
1659
19B2
1D35
21C9
2136
2136
2124
20A4
2187
234C
25F4
28A6
2A99
2BF3
2BA8
29F4
286D
26A1
2572
23BB
2233
2340
2513
2428
229B
1FE5
1E6D
1ED1
1B72
19BC
1A7D
0E11
1783
1848
16C8
17FC
12E7
10AE
1032
0FFE
126A
16E8
1B9D
1F52
2131
2345
2391
21C3
2078
1E9E
1DE5
2044
20C2
1F2B
205D
230E
254E
24C8
220C
2131
1C11
1979
1F34
11F6
18BC
1B4E
1B8F
1E02
1AE8
1871
186E
1AF8
1F64
2478
2830
2A9E
2A2A
2BD8
2D1B
2DB0
2EA9
2DC8
2D04
2D49
2BF4
2CF7
30B1
3381
34DD
3292
2B6D
280B
20E1
21DB
2AC6
0BC4
1286
13F1
1507
1E40
2231
25A8
28D0
2C0A
2DCC
2EB9
2E35
2BB6
290F
2BB7
3063
32AF
339A
3452
35E0
36F2
34D7
3297
322D
32A3
33B1
32D3
2C31
29B0
22DA
23AA
2D68
14FE
1FC1
1F07
1FEF
28C9
2E93
35FF
3BD2
3F1A
3FE2
3F52
3E53
3C00
39A7
3BBE
3ED7
3E6C
3D0D
3E0E
3FD7
40ED
3F47
3D9F
3BFA
36AB
33C9
36DF
35D7
3522
285D
20AD
29EB
157B
1F43
1EA4
1FF7
28EA
2CD5
3261
36A2
3A25
3BBF
3CC7
3E98
3EB2
3E1C
40AA
422D
3D77
3834
37E7
3919
38E7
37D7
3A1D
39DF
3241
2ED1
304F
2F2F
354E
2DA5
23A7
2DB5
15BE
1E7F
1CDB
1CED
25D0
281A
2994
2B2C
313D
370D
3A41
3D1B
3D76
3D3A
3ED5
3EAF
3922
32A6
3054
3105
3017
2F04
3305
34FA
3038
2DCB
2B48
2953
33C3
2F0E
26AA
35B4
1501
1DFA
1BAB
1ADA
24EC
276E
256F
23C2
27C9
2CBB
30B0
3522
394D
3AE0
3B6D
3A08
333F
2C79
2A72
2A55
27E4
2660
2A09
2C64
2BBD
2D85
2CC3
2C96
358D
2C17
239D
3687
13D8
1C97
1A8C
1B44
2581
28D1
292B
2896
2768
27A1
2A61
301A
3634
388C
3995
375E
2EFA
296B
2B56
2DCD
2A68
27A8
2B43
2D4A
2BB4
2D60
307C
3238
38B1
2B2B
219C
3257
1279
1A85
18CE
1A5E
22EC
26B4
2CB3
326C
336D
32D7
3231
3345
34F5
345E
355D
35EB
3032
2DE9
34F6
3C46
3B1D
3814
394C
39E1
34B4
31BB
33B5
34EE
3B00
2FC2
26B7
34E9
1245
1ACF
189A
19B2
21D4
2683
2C15
32C9
3A70
3E3A
39D5
367C
359F
3448
34F7
3732
346A
331F
38C8
3F6E
41D1
417F
40A8
3E4D
37D8
3439
3406
32E4
39A9
327D
2A51
3B1A
14D1
1FDC
1D57
1CD9
256A
2A2E
2B45
2D50
372F
3ECB
3E04
3C38
3A05
38DA
391E
3A46
396B
3811
3738
3702
38DE
3A39
3996
373B
32C2
3219
31D9
2F7D
35FB
2D71
2551
3931
176A
23BC
21CC
20CF
2886
2B4F
2B51
2BEF
3158
3781
3EBE
424A
3EBD
3BCF
3A92
3B83
3CCB
3AA8
3724
34F0
33CA
32DB
3499
35CC
3402
32F9
325D
2FD6
32DD
2610
1D6D
2FA7
17C2
2410
2303
2325
2A5D
2A73
2C52
2F7C
2E83
2EAC
393D
41A3
4176
3E64
3AE1
3B14
3BC9
397E
3955
3B63
3AB1
385B
3ADF
3C85
38A4
33FC
30E3
2E18
3120
233E
1A8D
2985
1738
22D7
22A7
232A
2AAA
2B1E
2F43
341D
31DA
2F52
342C
395B
3D87
3DEA
39B0
3869
3A26
3D2B
4133
438A
41C1
3EBD
3E76
3BFA
3622
31E6
303A
300D
35A5
2770
1EFD
2BE3
1759
22A4
22B2
224E
297B
2B62
3116
357A
34BE
3405
3217
300A
34E6
38FD
37D3
3741
3A39
40F1
45B9
4475
3F92
3B03
386F
368E
3490
35AC
38EB
3BA6
3F5A
2DA1
23DB
2F05
185D
22E8
2208
21C0
2985
2A31
2D90
3290
3513
34D6
31BB
30D6
33D7
3513
348D
344B
35FB
3A72
3BBF
3A5A
38F3
367B
3478
3555
3882
3BC1
3D96
3D90
3DFD
2B7C
219B
2CCF
16DD
2150
2019
2061
2921
29EC
2B9B
3075
3464
34B5
33A7
34E5
345F
3179
2EDD
2B3B
2B80
2EF5
2EC9
2F57
34BB
37D5
3701
3676
37AE
378C
35C1
334A
3263
232F
1C32
2A10
14C5
1F1C
1E1D
1F6D
28D2
2AE1
2CB8
2F01
31D6
33D6
346C
340D
32A8
3287
2EE9
26FE
259E
2960
2AAE
2D58
3367
3661
374F
363E
322C
2E28
2ED8
30C2
304E
22AF
1CDD
2C6A
14BC
1E84
1C7E
1ECB
2992
2B74
2BD3
2D0A
2F80
32E2
353F
340E
331F
3575
33E9
2E0A
2BB2
2B70
2A60
2C30
2DCD
2D7F
31F3
3669
33AA
301A
31CF
35B8
367B
28A9
227D
3239
1519
1E21
1B2F
1D38
2893
2AF6
2BBE
2D02
2F43
32A7
35D0
3453
3164
339D
3699
365E
3510
30F7
2ACB
28CF
2937
2AF6
31F8
38F9
3CF4
3CCA
3948
371F
36EE
2959
2404
329C
151D
1E53
19C7
1B0E
26C6
2B0E
2DC3
2EF0
2F40
31BC
34FE
33AB
30BC
3262
3610
37A8
3903
3703
307F
2E68
318B
35F7
38BE
39ED
3F4B
4219
3D12
36CF
347B
25A7
208B
2DED
1571
1F95
1B0D
1D0A
28CA
2D24
3072
3166
3013
3092
33C1
353E
33A0
3223
3147
3370
390E
39BA
368A
38B8
3D71
3F53
3D8C
3BAB
3CD4
3CB5
3AF7
3703
3342
21DC
1D2C
2B27
15B9
2271
1FE3
2319
2D4B
3040
34A6
350A
31D5
308E
329D
349D
3516
334B
3016
3127
36C2
388E
3779
3B19
3F42
3F85
408F
42C6
40B9
3AE3
3816
3436
2ED9
1DC1
1A37
296F
1780
2632
256F
26DB
2EDE
308F
345F
34A8
3266
30FF
3101
3315
3669
36CF
3458
3467
36A6
36F8
3776
39FB
3BAB
3E02
4548
49AF
4510
3CB6
35EC
2E45
297D
1CAC
1993
28FA
1BA8
297F
2873
271C
2CF3
2C42
2ED7
2FC9
3116
31A9
30F1
3318
3721
3832
37BC
3972
38F3
376D
3A56
3DD0
3C3A
3D93
4622
484D
412E
3871
301D
2926
2888
1E88
1B8D
2A27
1EA8
299E
27D4
2326
29D8
2992
2A6A
2BE0
2EC3
3063
30C8
32A7
342A
35CA
391B
3C08
3985
37B6
3D64
41C3
3D47
3B05
3EA6
3D2A
363D
2F36
29C5
27C8
29E0
1E7D
1A34
2745
1F07
27F9
2479
1E17
266A
2709
26CE
2812
2B9C
2D32
2E5E
30BC
3098
31D7
3688
39E5
363C
3406
3A94
3E35
393D
3576
345C
3035
2AC9
26CD
247C
2562
28E5
1CBF
1745
23BB
1F70
252D
2132
1C0F
24D4
24E2
2440
2639
29D2
2A89
2C88
2EDB
2D0F
2C47
2FC3
3285
2FAC
2D2D
31BC
34C4
3208
2EF9
2D54
29CB
248C
216D
209E
21A1
21D7
1A7F
14CC
20FA
2073
2A27
2B43
2BD3
3617
36D8
3692
3805
39AC
3902
39E3
39D6
3691
33D8
33EE
34A2
3322
3107
33A3
35D4
344A
3144
313D
31E9
308C
2F31
2F0A
2F73
34CE
2D8B
25D2
302C
23C0
2C0C
2C3E
2B7E
3581
36FA
371C
385C
38D4
37A6
37D6
36CB
329E
2EB4
2DD7
2E43
2D05
2C32
2EBE
2FDE
2DAC
2B3D
2B97
2DAB
2EA6
2F49
30DC
3146
320D
3069
2625
2C0A
13AD
15CF
1066
09F2
0DAE
0DAB
0DD3
0F01
0F68
0F7C
1086
10DC
0DEB
0A31
09F3
0C52
0C8D
0B47
0D1E
0F02
0CFB
0A5E
09CB
0A71
0B1B
0C0B
0CCD
0C9A
112F
0C30
04AF
0F6A
0000
054F
0165
032E
062B
06F5
0501
03DE
03DF
0517
0675
0518
01DD
01C4
045E
0528
0330
05F1
0CC5
0AED
038F
0000
0000
077A
11E3
0C33
0000
0000
0801
0E24
0802
0011
0000
0000
0000
0000
0000
0000
0000
0000
0000
0000
0000
0000
0000
0000
0000
0000
0000
0000
00C1
001B
0000
0000
0000
0000
088F
0000
0000
0000
0000
02EC
0000
0000
0000
0000
0000
0000
0275
0D88
116C
0EF8
08F2
03FE
0101
0000
0000
0000
0000
0000
0000
0000
09B9
0BCA
05C7
0000
0000
0000
1029
07C1
0000
0000
0000
07BB
0039
0000
0000
0000
0000
0000
0856
0E88
1007
0E45
0A52
06BB
0476
00F8
0000
0025
01F1
02A4
0000
0000
0016
03BB
07A9
0386
0000
0000
070D
0278
0000
0000
0000
0000
02B3
04E7
0000
0000
0000
015F
0278
0000
0000
0000
0000
0000
0000
0096
0345
0217
0000
0000
0000
0000
0000
0000
0000
0000
0000
0000
0000
0464
0A7B
0000
0000
0000
0000
0C4C
0000
0000
03C0
0449
0000
0000
0000
0000
0000
0000
0000
0000
0673
01EF
0000
0000
0000
0000
0000
0000
0000
0000
0000
0000
0000
08E0
1F26
0A09
0000
0000
0000
06DF
0000
0000
08DA
07BF
0000
0000
0000
0000
0000
0000
0000
0000
04E0
0000
0000
0000
0000
029F
0000
0000
0000
0000
0000
0000
0000
045A
2249
1538
0000
0000
0000
0000
0000
0000
06F4
04A0
0000
0000
014A
0607
028A
0000
0000
0000
0000
0000
0000
0000
0A17
1125
0831
01F9
0085
0000
0000
0000
0000
0000
1338
115C
0000
0000
0000
0000
0000
0000
0048
0000
0000
0000
06AD
0B02
0778
01CE
0000
0000
0000
0000
0000
0000
0F0E
11BF
04EF
0169
07D6
08F0
0294
0000
0000
0000
0000
0000
0000
018D
0000
0000
0000
0000
0000
0000
0000
0204
0568
01D8
0000
0000
01A2
025E
0000
0000
0000
0000
0ADD
0653
0000
0000
085C
08C1
0000
0115
0BA8
072D
0000
0000
0000
0378
0000
0000
0000
0000
0000
001D
02A1
0601
0536
0000
0000
0000
0000
00D9
05EC
05E9
06C8
0677
008E
0000
0000
0000
0000
0000
0000
0000
1263
0EFC
0000
0000
0000
0000
0000
0000
0000
0000
0186
01C4
0468
074C
0588
0000
0000
0000
0000
0000
038E
1136
1843
0F98
0000
0000
0000
0000
0000
0000
0000
0000
0B97
0E48
0546
0000
0000
0000
0000
0000
0000
0000
0000
0000
022D
0440
0324
0084
0000
0000
0000
0000
0000
059E
1299
1162
09C6
0000
0000
0000
0000
0000
0000
0000
0287
0A1E
0EE5
0C79
0000
0000
0000
0000
0000
0000
0000
0000
0000
0000
0000
06B9
0ED6
07F2
0000
0000
0000
0000
0000
0912
18E4
0FDB
0000
0000
0000
0083
0000
0000
0000
0614
108F
0E68
0000
0000
0000
0000
0000
0000
0000
0000
0000
0000
0000
0576
094D
0C49
0CF2
0000
0000
0000
0000
0000
19AC
19C7
034A
0000
0000
0000
0000
0000
0000
02D9
0ECF
0B2C
0000
0000
0000
0000
0000
0000
0177
0000
0000
0000
0000
0000
0000
0008
15DD
1341
0000
0000
0000
0000
0778
11EC
0C99
0000
0000
0000
0000
0000
0000
0000
0AA8
0822
0000
0000
0000
0000
0000
0000
0597
0418
0000
0000
0000
0000
0000
0000
0716
141C
12F6
0000
0000
0000
0000
0000
0F58
0C50
0000
0000
0000
0000
0000
0000
0000
000C
0000
0000
0000
0000
0000
0000
0610
0679
0000
0000
0000
0000
0000
0000
0000
0000
1E6E
1D91
0000
0000
0000
0000
0741
10AF
0991
040D
0100
0000
0000
0000
0000
0000
0000
0145
0000
0000
0000
0000
0560
05FE
0114
0000
0000
0000
0C8C
0601
0000
0000
127A
24CE
1231
0000
0000
0000
0000
08F6
0D13
0943
0000
0000
0000
0000
0000
0000
079D
0755
0000
0000
0000
0000
0472
0599
058A
0000
0000
0000
1184
0E67
0000
0000
0000
120E
1967
0DCC
0000
0000
00A8
0489
0716
00EA
0000
0000
0000
0000
0406
0A34
1549
0D4A
0000
0000
0000
0000
02CF
0614
0912
0000
0000
0000
08E2
0B10
0000
0000
0000
0000
159E
13A4
0000
0000
08D4
0C1A
04AB
0000
0000
0000
0000
0000
0000
062B
1733
0DF1
0000
0000
0000
0000
00B1
05EB
0ADA
0161
0000
0000
0000
0000
0A9A
0444
0000
0000
0F3D
0C20
0000
0000
0CCC
1529
0732
0000
015F
0000
0000
0000
0000
0000
0EC9
0DBC
0000
0000
0000
0000
0000
0305
09F1
04EF
0000
0000
0000
0000
14AD
13B4
0000
0000
0A85
08EA
0000
0000
0380
0DBD
04A7
0000
0000
03AF
0037
0000
0000
0000
05C9
0EA0
0000
0000
0000
0000
0000
0000
04B1
060C
03B2
0000
0000
0000
1393
143B
0000
0000
0785
088A
0000
0000
0000
0000
0000
0000
0000
0000
0669
0038
0000
0000
017D
0AEA
0000
0000
0000
0000
0000
0000
0000
0459
0A33
0000
0000
0000
0634
097A
0000
0000
0000
01A0
04F1
0000
0000
0000
01EC
017E
0000
0000
0000
0282
037C
03F4
0585
032A
0000
0000
0000
0000
0000
0000
0000
00D6
0C91
0451
0000
0000
0000
0000
06FE
06F7
0000
0000
0CE3
07C1
0000
0000
0699
098C
0000
0000
0000
0000
10C6
1805
0BCE
0000
0000
0000
0000
0000
0000
0000
0000
0000
0C0F
09D2
0000
0000
0000
0000
0B54
0D4C
0000
0000
0AE2
096F
0000
0000
0000
038F
0000
0000
0000
0000
1272
1848
06C4
0000
0000
0000
0000
0000
0000
0927
01E0
0107
08F5
0AE2
08AE
0000
0000
0000
07C7
0A76
0000
0000
0631
046D
0000
0000
0000
0000
0000
0388
02A4
04B2
0A2B
05BB
0000
0000
0000
0000
0000
0000
0000
09DC
02D5
0000
016D
057C
0A91
0000
0000
0000
0000
0000
0000
0000
0399
0000
0000
0000
0000
0000
0000
0EE0
11F2
0995
0000
0000
0000
00A0
0000
0000
0000
0000
0000
0166
0022
0000
0000
0191
0AC0
04B9
0000
0000
0000
0000
0000
03BB
04F1
0000
0000
0000
0000
0000
0023
0BE2
1070
06E0
0000
0000
0017
07F3
0000
0000
0000
0000
0000
0000
0000
0000
0000
0000
04DD
02F6
0000
0000
0000
0000
0000
0681
0558
0000
0000
0000
019E
01A9
0005
0000
00E0
0000
0000
0000
03CB
0359
0000
0000
0000
0000
0000
0000
0000
0000
0000
0000
0000
0000
0000
0000
0000
0000
0000
0000
0000
0000
0000
0000
0159
012F
0000
0000
0000
0000
0000
0000
0000
0000
0000
0000
0000
0092
0054
0000
0000
0000
0000
0000
0000
0000
0000
0000
0000
0000
01BA
01FC
020B
04E9
06A8
02E0
016F
03B9
03F9
08BD
0DC6
0612
0000
07CD
0EBB
08BC
04BA
0000
01EE
041C
0000
0000
0000
028D
0445
03E8
02D9
0369
04A3
02D6
0054
00A5
0192
01CB
03C5
07F2
0DC4
10D3
0EBA
0914
0403
0932
13AE
122D
0ABE
0B69
0C30
0772
06A3
0000
042F
063A
05D4
0558
0DC1
168E
1ADB
1BCE
1A41
15FB
1202
0EC0
0BFE
0C54
0E00
0F99
0F01
0D6D
10AE
17F7
1A09
13F3
0B74
07A8
0A9E
0DC9
0D34
0A5C
0A13
0DF6
128A
0000
0263
040D
045D
04F7
0D01
170B
1F8F
26F5
2948
2453
1CE1
17BA
13F7
11AF
1168
13B6
12EB
0DA5
0DA3
1456
19A4
1AC2
1639
0AC7
0222
0692
0C63
05FD
0075
0E6D
1B6A
0000
007E
0287
0337
00FA
0001
0110
02A1
0608
0A94
0D7B
0F28
1033
10B2
0DD5
0891
05BB
02F1
0000
0000
0000
0027
0597
0998
040E
0000
0356
0984
019F
0000
04F3
1277
0000
0089
039E
070E
0418
0000
0000
0000
0000
0000
0000
0000
0531
0D2A
0CD5
055D
0000
0000
0000
0000
0000
0000
0000
0000
0000
0000
024F
0B5E
0663
0000
0000
0000
0000
008A
01F5
0422
03F2
032A
02FA
0000
0000
0000
0000
0000
0000
0307
04BC
0000
0000
0000
0000
0000
0000
0000
0000
0000
0000
0000
0000
09B5
12F2
09EB
0000
0000
0000
006E
0000
0000
010A
0107
0150
0528
089D
06EE
01B4
0000
0000
0000
0000
0000
0000
00EA
0453
02A5
0568
0681
0058
0000
0000
0000
0000
0000
15D9
17D8
010D
0000
0000
00A3
0000
0000
01B4
001F
0000
0563
0D25
0E96
0F2B
0BC6
0143
0000
0000
0000
0000
00C1
0B4E
0FFD
1277
137B
0E8C
0876
09B1
07C0
0000
0000
0617
112F
0B59
0B42
0000
032E
009C
0000
01CB
0000
0000
0293
0662
0AE3
1409
18A9
11AA
055B
0000
0000
0000
0000
0B3E
1311
1290
15C5
1859
157D
144E
12AE
07A3
0000
0000
0000
0593
0E3F
0000
073E
0886
0657
06FF
0762
0445
0000
0000
0000
0287
0822
0FFE
1218
0E44
0852
0000
0000
020C
016D
0000
00D8
0650
04BC
0347
082B
0AF9
04CA
0000
0000
0000
0000
0000
0675
0A9F
0A40
0C29
0FA1
0BEE
0430
00FC
0000
0000
0000
01E2
1268
17C0
166B
0EE3
07F3
00A5
0000
0000
0000
0000
0000
0000
0000
0568
095D
0356
0000
0000
0000
0000
0284
04B9
0477
066B
0982
08E1
092E
0AB1
03FD
0000
0000
0000
0000
0688
0DF6
11E0
1121
0611
0000
04C1
08BC
05EC
017D
0000
0000
0256
05C4
0427
019E
0000
0000
0000
01A1
021A
0129
0000
0000
0323
09A5
0A47
076E
09AD
05B1
0000
0000
0000
0000
09D5
106E
0956
0393
06B8
0B39
0FEC
0F73
0A30
0561
0404
0466
02EF
0083
0205
061D
0000
014C
0334
03ED
0000
0000
041C
0910
0230
00BF
0CA7
0C97
0000
0000
0000
0000
0000
0967
0BCA
077F
0000
0000
0000
06BF
0657
05FA
09D3
0E57
0B98
0396
01AE
04F1
0000
0000
028F
0556
0111
0000
052C
0724
0000
0000
0458
082F
0877
0110
0000
0000
0000
0000
0BD7
0F0F
0000
0000
0000
0000
0000
0000
0868
10D4
1025
0969
0547
06F0
0000
0000
0000
00E1
0321
02EE
02C2
0186
0436
0632
0000
0000
0C28
0FF7
0000
0000
0000
0000
0000
037C
031A
02A5
00BF
0000
0000
0000
0000
0000
0000
0000
003A
04B1
0000
0000
0000
0000
0337
06D7
00E4
0000
0749
0E5B
0000
0000
036F
1228
0BD6
0000
0000
0000
0000
0000
0000
0BFA
0AD1
0631
0919
044D
0000
0000
0000
0000
0000
0000
0000
02D0
0000
0000
02ED
0641
00A9
0000
0342
0D00
04ED
0000
0000
0410
0E8D
1118
0A49
0000
0000
0000
0000
0000
0000
0245
0A7D
0BA8
060E
01A5
0093
0333
0000
0000
0000
045F
028F
00BB
031D
0415
020C
0000
0000
0457
0C22
084A
0000
0000
041D
1486
1569
0E3A
0A90
0822
0000
0000
0000
0000
0000
0201
0C00
10BF
0ED4
0F89
0946
0163
0000
027F
03F6
0205
032B
0453
0656
03BD
0000
0000
0A99
0FC5
0000
0000
0000
0C9D
0A19
04C0
0D72
150A
0CE2
06A4
0BB2
0876
0000
0000
0000
0050
00A7
06BD
067B
01C3
0000
0281
04F7
030E
0350
0421
085E
0912
0000
0000
04F3
10C0
0557
0000
0000
0665
00A2
0000
033D
10B2
13C2
1535
1997
15C7
0C54
026C
0000
0000
0000
0000
027D
033F
0000
06F7
0934
0634
0691
0668
0771
08A8
0192
0000
0000
0B35
0947
00C3
0000
0305
069F
025F
0000
0000
0AD6
1000
0B67
0AFF
122F
0E32
0000
0000
0000
0000
015F
06A5
0000
089F
0AD1
07EE
0786
07E9
0663
0661
0448
0000
0000
01F0
0A0E
0920
0000
0000
0BBF
0F33
0000
0000
0400
09B1
0000
0000
078C
0CD5
077C
0000
0000
0000
0000
04CF
0000
0591
085C
05FC
0000
0000
0000
0162
03B7
0188
0000
0000
092F
0F1B
0000
0000
08C4
11E1
0541
0000
0595
0AC2
0109
0000
0000
0000
0000
055A
0000
0000
0000
02A6
0000
02C2
07E4
071A
0000
0000
0000
0000
0149
0303
0000
0000
0428
0E2E
022A
0000
018B
0A53
08CE
0310
02F2
06EE
092A
003B
0000
0000
0000
0000
03DE
0424
045E
03B7
0000
0000
01CF
04FE
0000
0000
0000
0000
00A1
02AF
0000
0000
0000
049F
031E
0000
0000
0000
0458
00D1
0000
0000
0061
0025
0000
0000
0000
0000
002E
0395
0146
027C
0000
0000
0000
0000
0132
02A3
013B
002D
016F
0272
0000
0000
0000
0000
0254
0120
0000
0000
0000
0000
0000
0000
0000
0000
0000
0000
0000
0000
0000
007E
0000
0000
0000
003B
0000
0000
055D
075C
0492
02B4
030E
043A
046D
0000
0000
0000
0000
0000
0000
0000
0000
0000
0000
0000
0000
0000
0000
0332
002F
0000
00F5
06BA
0000
0000
0000
0468
0000
0330
0BFE
0DB5
0C59
0AF1
09A0
0A57
0CE2
08DF
0000
0000
0000
0000
0000
0000
0000
0000
0000
0000
0000
0000
0166
07B5
0A24
08AE
065E
0BF7
0B0A
02E4
0000
0000
0000
0000
0000
0000
0000
0000
0000
0000
0000
0000
0000
0000
0000
0000
0000
0000
0000
0000
0000
0000
0000
0000
0000
0000
0000
0000
0000
0000
0000
0000
0000
0000
0000
0000
0000
0000
0000
0000
0000
0000
0000
0000
0000
0000
0000
0000
0000
0000
0000
0000
0000
0000
0000
0000
0000
0000
0000
0000
0000
0000
0000
0000
0000
043C
0720
090A
0126
0128
012E
0276
043B
0278
006A
000D
020F
03C4
03AA
034B
045E
02F8
0000
0000
0000
043E
0B74
0634
0000
0000
00EC
099A
0A38
0600
047D
038A
0000
02DB
013B
0388
0167
0140
02CB
0475
0547
0324
0102
0034
0138
040F
05D5
0533
0538
039F
0086
0000
00A0
0801
0C84
047D
0000
0000
0011
0A9A
0DF2
0992
07CA
098D
0000
083A
009C
042D
0264
0041
02C1
00FE
01C7
03FE
0505
057D
0477
055B
0695
0323
0000
0000
0000
02A7
052B
05EC
0581
0000
0000
02A5
036B
0544
0A87
089A
05D1
057D
0000
055A
0000
0780
0573
01EF
039D
0179
012F
031D
035B
03B6
0278
03F6
06EC
01B3
0000
0000
0000
028B
035C
0138
0386
011D
0000
0244
0000
01EC
0D83
0AF7
092B
05CA
0000
02CC
0000
04E9
03D9
0000
00D6
074E
096E
0623
038B
01BC
0000
02AC
07F9
025A
0000
0251
0334
0000
0076
0318
0770
0654
01B1
0000
0000
00CA
1266
1158
0D43
01B1
0000
01C6
0000
010A
0360
0082
00A8
088F
0C65
0924
06D2
03E8
0058
0374
0950
02B9
0000
01F1
0651
013C
013D
0845
0B19
06BA
0084
0000
0000
04AA
13CA
108C
1012
043C
0000
0251
0000
026D
06F5
0845
056B
03BF
0566
06E2
07D4
057F
0216
03CE
08C7
0379
0000
00E2
087A
036E
016B
0992
0B58
00E2
0000
0000
0000
0677
0DAC
0915
0C01
0E80
0000
027C
0000
07B6
09C0
0808
03C5
000E
02BB
05CA
063D
0604
03E4
04CA
074D
0221
0000
0000
088A
06CB
008B
03FE
08F4
01C5
0000
0000
0000
0166
07E7
0A6C
0DBE
0F4C
0000
026E
0000
0B98
0AE7
015F
0000
00F7
07AC
05DD
0375
05BE
0622
07C6
0642
0000
0000
0000
0536
0926
020E
0000
0425
0693
0000
0000
0000
00BA
0BF3
10E0
15F0
0668
0000
0359
0025
0999
0972
01F6
0000
03D3
0848
0469
02AA
03D9
0573
0965
04AE
0000
0000
0000
05F9
058E
011D
005F
04F4
033D
0000
0000
0000
04E9
0B75
0AB3
193B
095D
0000
046E
00A9
050E
03FA
03CB
03CE
02AB
0274
063A
096C
04C1
03BC
071B
0124
0000
0000
050A
0AE4
0000
0000
097E
0F0F
0091
0000
0000
03E8
03A8
01E3
01A6
1571
14CB
0000
033C
007B
059D
01DF
00C1
032A
039A
02DB
0765
09CF
06B4
04ED
016E
0000
0000
0000
0158
0860
0000
0000
0A81
1099
03AD
0000
03A7
04C8
0000
0000
0635
1228
11FB
0000
0148
0000
08BE
06E5
0117
0233
0963
099B
00F7
0000
05B3
08DA
0000
0020
09D9
0242
0000
0205
036F
0348
01F5
03CF
0512
02FA
0304
0090
0000
0401
0C59
11FD
0616
0000
025C
0000
075A
0AD2
0831
03B0
055D
07B7
009B
0000
043D
06D9
0012
0277
08DF
060B
020A
0195
05E8
0645
0000
0000
0559
04A0
0000
0000
0000
0692
09C7
10B8
0487
0000
04AC
0000
03E7
09C8
0C85
0652
0000
0000
09C8
0B2B
0012
0000
057B
0A26
0143
0000
02F1
00A6
00F7
0388
0410
06D9
085A
048E
0000
0000
0000
0488
0525
0DBB
0A35
0000
0451
0000
0391
0713
08C9
0995
01F3
0000
0785
0E66
0000
0000
06D9
0A8C
0000
0000
0182
0000
0000
0117
0798
0ACB
0759
066E
0337
0000
0000
0000
0377
0D21
0AC3
0000
03D2
0000
0466
0540
0428
0B6A
0A60
0000
0000
0856
07E9
025E
0000
0000
0215
087C
0603
001B
0000
0000
03D6
05F2
00BC
03E9
0AB5
074E
0000
0000
038F
118C
08A0
0000
0329
0000
0512
04EB
0374
0AC4
09F7
0000
0000
0672
0986
0430
0000
0000
07BA
0EEF
057C
0000
0026
01BD
0000
019C
0115
0320
088A
07E2
0081
0000
0244
1559
0B2D
0000
019C
0000
05A8
052A
03A0
0A1F
08D1
020A
0216
03DC
045C
02A3
0000
0000
0A8F
0E5F
0000
0000
016B
087C
0000
007D
0B1A
0B89
0295
0000
0000
0000
0000
135C
0E37
0000
027D
0000
04EF
0434
04CC
0992
0666
0268
02D5
02CA
0456
0562
0132
0000
03CB
0D46
003F
0000
0000
06B0
0382
0585
0D29
0C93
02A3
0000
0000
0000
0000
1307
0CC7
0000
05B7
0124
0481
0289
0587
079C
01E8
02E0
06A0
0355
033A
0647
00BA
0000
0000
0DE9
0BF4
0000
0000
0000
07E2
0C94
036D
0000
06AE
09D0
0000
0000
03C8
183E
0B36
0000
05F9
0301
053D
0247
03BA
0534
022E
05CD
0768
003C
002C
0663
0182
0000
0000
0B97
0C79
04B6
0000
0000
0547
0C4C
004B
0000
0604
09D1
0000
0000
05AB
18AA
0A62
0000
0428
0105
062F
02F0
0079
01B2
04E1
09F7
0606
0000
0000
06C6
0488
0000
0000
0328
032F
05BC
03F2
0000
02F7
0A61
0709
029D
0000
0000
002F
0000
04AD
1212
0714
0000
02FD
0000
0819
0444
0000
0000
0584
0AE9
0400
0000
027A
0564
0455
00A8
0000
0000
0000
077E
0732
0170
04F0
09EF
07A4
05B8
0000
0000
0202
0408
01ED
0E7A
0878
0000
0242
0000
0B3C
076A
0000
0000
0461
0831
0254
0272
0619
029D
014A
02E6
0063
0000
0092
0AE0
0921
00EF
020B
0547
039E
0542
0673
01A2
0000
0000
0000
0EA1
0D60
0000
040A
0000
0A10
084B
01A4
0000
0306
0582
0403
0692
0626
0000
00B3
065D
01F9
0000
027C
0D87
0796
0000
0000
055E
0620
030C
04AC
0350
0000
0000
05A6
0F4E
0AA4
0000
095F
0000
06D9
04E3
0289
012A
00A2
0213
061E
09B5
0441
0000
0100
0722
01C0
0000
046C
0EA1
041D
0000
03D9
0C01
08B1
0000
0000
0000
0000
0167
0D3A
11EF
04DE
0000
0916
0000
052E
0586
0459
021D
0000
0000
06D7
0B4D
02AE
0000
0213
07A6
00DD
0000
03C4
0EF2
0579
0000
0645
0AB9
0469
0000
0000
0000
0174
0380
0990
11E9
060F
0000
0000
0000
04F6
0691
03FC
010C
0000
0000
072C
0A8D
00B9
0000
0532
0A16
00B0
0000
0313
0E44
083C
008A
030D
02A8
0000
0000
0000
002C
0675
0380
0000
0B3B
0C7B
0000
0000
0000
05B7
0711
0334
0152
00C8
0001
03D5
08E4
0359
0000
03E4
06DC
0077
0000
04AE
0AF9
0666
00F7
0191
0000
0000
0005
0283
024C
042B
0148
0000
0929
0B53
0000
0392
01BF
05D1
0662
044B
03DB
0371
013A
02B4
0817
07F7
02FD
00C8
016C
0350
03AB
038F
0572
0557
02E9
0058
0000
0000
0356
083A
066F
0000
0000
0037
0C86
0BDC
0000
01D8
0389
050D
044B
0527
061E
0615
046A
055A
07E9
08B7
0735
0353
0107
0447
065C
04C6
040E
03CF
0203
0000
0000
028B
047F
0796
071C
0000
0000
0C76
10A4
0C96
0000
022A
0411
0F61
0000
047A
0078
011C
0572
05DB
0631
05CF
02EB
01DF
0375
0445
0189
02BC
050A
058E
02D1
0305
056C
0312
04E7
0893
0000
0000
09E6
08AC
0000
0000
0B49
0360
07BD
13E3
0000
04BD
00A5
0190
04DC
03C2
02FA
02DD
0155
0121
0299
02D1
00E2
01C8
01B1
023E
01A2
020A
03A8
0231
0302
04B4
0000
0000
0944
0770
0000
0000
0173
0000
0610
15BF
0000
06C6
03E0
0502
068D
0240
0000
0000
004F
0157
0364
0472
052E
04FB
021C
0261
02D7
0311
0442
0430
04A0
0371
0000
0100
08A7
09B1
0998
0000
0000
0000
042E
1377
0000
0317
0394
0287
0208
0073
0000
0000
00E0
0176
0176
0203
0602
0451
0000
0000
0420
04F4
0406
0356
02D8
024E
02CD
0444
0239
057E
118B
05F5
0000
0000
0387
1521
0000
0311
063E
012B
0000
01BB
0352
0352
0292
02C3
0085
00F7
05D4
02EF
0000
00BE
07C2
07E2
0651
0409
015D
02AD
0632
0569
0000
0182
110E
09FB
0000
0000
0402
171D
0000
036B
085C
03A7
0000
0159
030F
027F
01F2
02B9
00E4
00BF
06A3
0406
0000
01EE
0B61
07E5
04A0
045B
0234
02A0
04F6
04F9
006D
0100
0C2B
06AF
0000
0000
0451
18F4
0000
01A0
04E9
042C
0120
0024
0197
0214
01F5
0422
030C
0090
05F1
04EB
0000
026A
0D6C
056E
0000
031A
0734
049A
007D
0418
0670
026B
03F9
004B
0000
0000
02EE
1701
0000
01D4
034D
042B
0159
00DB
03C8
0191
0000
0163
0346
0146
04B8
0636
0000
0137
0ABF
0558
0000
0000
0781
04B5
0000
0190
0A30
0546
0000
0000
00C0
00A8
01D4
1425
0000
02B8
0447
0459
00F7
0246
0659
0000
0000
0000
016A
01D7
0434
089F
0701
0000
034B
0625
0000
0000
01EE
03DB
0000
0023
0C18
0861
0000
006D
04B2
017B
01D8
1449
0000
0228
0120
0285
01CF
0183
03C3
0156
0000
0000
0000
01E8
0285
0565
084C
01C0
00BD
0444
0000
0000
035E
05A0
0000
0081
0C42
09DC
008D
0000
0331
0199
01C8
15BF
0000
01A3
0000
004C
03E9
0071
0000
059F
0627
0000
0000
0038
0114
0000
0581
05F0
06C1
0313
0000
0060
078E
064B
0000
0000
0894
0B23
050A
0091
0000
014D
01E9
161D
0000
02C8
0000
0030
03F4
021C
00DE
0487
058F
00ED
0000
0000
0000
005C
05A5
0829
0C00
05BE
0000
000E
0315
0209
0000
0000
05D4
0A18
09E1
056E
0000
0168
02EC
1697
0000
04DB
0325
0004
0000
01AF
0471
0000
0000
076C
078D
0000
0000
0000
02C8
04D1
0D17
08DF
0000
0000
0000
0000
0000
0394
0592
0539
0907
079C
0000
00C2
0445
1816
0000
0395
0498
015A
0000
0000
0555
0104
0000
07A1
0A82
0242
0000
0000
0000
0000
09CB
0830
0429
0264
007A
0244
0318
03BE
01E1
0195
06E1
0710
0000
0000
04F2
1989
0000
00B8
0600
05F4
0000
0000
0322
02CF
00F8
0000
0323
0633
057C
0337
0000
0000
011E
03F2
0951
05FD
0000
03E0
06CC
0324
0000
00B8
0672
0635
0000
0000
0496
1A51
0000
011A
06DF
0678
001D
0000
0000
008A
03E4
0000
0000
05B4
0ACF
05EE
0000
0018
0000
010F
0AC2
07F8
0000
0024
02A4
0235
0060
02B5
0692
065C
0550
0000
0308
1978
0000
0377
043F
026A
0231
0169
0000
0000
0B16
0475
0000
0000
0A9D
0681
01C1
0569
00FB
0000
0617
08D8
0473
0000
0000
00B4
054F
0583
052C
063C
0BD1
0000
01D6
17CC
0000
043A
021C
0070
057E
04AE
0000
0000
0E5A
0774
0000
0000
09B5
075A
04FC
044D
0000
0000
057D
0810
088D
0358
0000
0000
03F4
04BF
0213
028A
0E2B
00BC
021F
15F5
0000
04F2
0335
003F
0478
0524
0000
0000
0A44
09B1
0000
0000
01B4
03FB
09E3
02B5
0000
0000
0B3C
054B
033D
06A2
022E
0000
0000
03E6
0176
0023
0EF9
00FE
01DC
15FC
0000
04A7
03F5
0143
0242
0310
0000
0000
0244
05BD
0812
02BD
0000
0000
0F9D
083A
0000
0000
0BC5
038A
0000
02BA
00FE
0000
0000
0466
0025
010C
0F64
0071
011F
1733
0000
029E
0304
03A6
02B3
0127
0080
0000
0000
0000
0F48
0A26
0000
0000
1058
0BA2
0000
0000
07EF
0376
0000
0000
0000
028D
06A0
040F
0000
008D
0CBA
00F0
010E
180D
0000
011F
01C3
0406
01DE
0000
03F9
034A
0000
0000
1150
0CF9
0000
0000
0ABD
0895
0000
0000
0477
044B
0432
0244
0000
01E6
05E8
0453
0000
0301
0A1A
0185
00C3
19AE
0000
011D
0000
029A
01F4
002D
0628
06A3
0000
0000
0A28
0902
0009
0000
0353
04D2
0344
00AB
0000
0297
0A5A
05BF
0000
0000
0150
06D2
0704
07A2
095B
017F
013A
19C2
0000
021B
0082
0310
03CE
0234
0578
05D7
0000
0000
00D4
040C
08EE
0532
0000
0098
0BA4
056D
0000
0000
0B17
062D
0000
0000
02C2
08FD
0B2B
06EC
05BA
019A
047E
1A7D
0000
0352
0456
039E
03D8
0425
0531
0334
022C
00C4
0000
0000
0E97
09C7
0000
0000
0CC6
089F
0000
0000
080F
05A6
0064
0356
03C7
0802
0C1F
052B
0104
0000
06AB
1DC1
0000
0418
0649
043A
0345
045A
0429
01D2
057B
0461
0000
0000
0DC7
0A4A
0000
0000
0A82
093A
0000
0000
0630
0612
03E1
05CD
02AD
0474
0A46
0680
01B9
0000
062A
1FB8
0000
03BC
0654
04D0
033B
034E
02E0
00FF
05F9
06BA
0000
0000
0839
08E2
0000
0000
0859
07E5
0000
0000
036B
0581
05AE
0866
0719
01F6
030E
057F
0601
0000
053F
1EBD
0000
0344
04F9
0450
02C1
0267
0270
01D0
04CE
0583
0000
0000
03FD
0645
04EC
0375
054C
0599
00CD
0000
01E9
0550
059E
06D1
0998
03E4
0000
025B
075F
0000
0872
1B5C
0000
0285
0200
0240
01E7
015D
01B7
0295
0480
0329
0000
0129
0323
03F1
052E
045E
04BA
02F4
005A
0409
057F
05E6
0399
0058
04AA
06EC
0035
0000
076A
0000
050A
16B0
0000
04A6
022F
0320
0411
03AF
03E6
04CD
0666
04F4
03D8
046D
0349
03FB
0604
0557
05CB
0355
0000
044D
074F
064A
03B9
00C7
0352
0B9D
06CF
04D1
09EC
0000
0000
0FD7
0000
0501
02F7
0405
05B2
067A
061A
054A
0643
0597
058B
0634
0497
04BA
0658
0510
05F1
0692
036B
041E
0693
041A
03BE
0564
05E0
050B
047A
0404
0413
0109
039F
0F17
0000
0710
058B
0567
059F
05F7
0582
04DE
05AF
0535
04BE
04DC
050C
0553
057C
0477
04BB
059F
038E
0487
076A
05D6
0583
065D
0442
07CA
0841
08FC
0000
1AED
1EF5
1AB7
133B
11AF
0E85
0F2C
1307
154B
176D
17D5
17E8
1868
17F5
15AD
134D
1383
1305
1084
0E51
0F07
129B
1527
141E
0F58
0C44
10CC
1494
0DBD
0716
0339
0117
13BB
15D9
0E0A
0A5B
07A4
05D2
0569
0663
072E
084D
083C
0790
0832
08B6
0823
074D
073F
072E
05F2
0401
0487
0708
095A
0965
0438
01C2
07CA
0CD5
08F3
054C
0000
0000
1567
195C
11D8
0CF1
0806
07A0
06CB
0574
04A9
044A
03DD
0380
050E
080F
0A63
0A38
0700
044A
02F6
0338
063D
0994
0A9B
0866
0223
0000
05B9
102C
128F
0EF1
0000
0000
13AE
15D0
0F20
0D08
0AF0
0D2D
0E3A
0D5B
0BDD
08CF
0649
0434
03A7
06CE
0ACE
0AF0
0732
0553
0711
08A1
08EF
093F
09E9
090D
05CA
00B2
0000
07F1
14BD
1833
02D1
0000
1787
19C0
16CA
17CA
144A
1500
133B
1342
14D6
1353
127A
104C
0D21
0DF2
1066
0F3A
0A8A
09D8
0DA5
0F36
0CA6
0B6C
0D23
0E50
0F3D
094C
0000
031A
137B
205B
0C90
0000
17E4
19B9
14F7
13D9
1160
125E
0F74
0E7D
0FFB
1194
125D
10D7
0E1E
0D5C
0EA1
0C72
0795
06A8
0924
0AE1
0ADE
0AFC
0A69
0A75
0D9B
0AE6
035B
0306
0CAE
1B4A
11AE
00CE
15EE
17C8
11CA
0CC0
0964
0D78
0E3A
0D2B
0E32
0FC8
0E6A
0D7B
0C08
0A8D
0BA5
0933
04C0
0437
068B
0744
0858
0B79
0ACB
0784
0681
07C7
085F
08AA
0B7D
15D1
0DA1
0628
14B0
16F1
13D6
0F42
0858
0B00
0DA4
0EEF
105B
1035
0CB5
0B8C
0A26
0930
0A84
08FC
058D
052A
08CD
0A3A
091F
0907
0981
07C3
03A9
0503
0BAC
0DFF
0BB6
12BF
09FD
0772
1495
16C2
16B2
1561
0C51
0B48
0BBB
0F06
12EA
1204
0EA3
0B73
089D
07BD
074D
08E0
09F7
085F
0AB6
0D9B
0B0B
0673
072C
0955
04D9
02E8
083E
0B72
088A
111E
0EFC
0BB1
151C
1770
1741
1668
0CDC
0C2D
0BF6
0F65
14FE
1710
1508
0E82
09FE
07A6
028B
04E5
0C8B
0F77
0FCA
0FE2
0E99
0C4B
0C52
0B00
0434
009A
0596
0ADC
0971
1261
11FC
0CF4
157F
18D5
17F9
1554
0AEC
0CCF
0F00
0F92
10E2
1610
187F
12AD
1006
0D05
03BF
0189
0879
1160
1345
0FCC
1031
11F8
0FDB
0A71
03B3
00CF
077C
0EF7
0DA9
1388
0CB3
08BA
16CC
1A3E
1971
16CE
0B5A
0BC3
0F05
0E36
0A4A
0E24
1571
18B0
1856
117B
0763
01A3
0294
0954
0D04
0D79
0FA1
1024
0CAD
092C
062E
0297
03B9
085E
0A71
13A7
08F9
066E
1891
1AEB
1900
1760
0CAB
0928
0A44
0D52
0CCB
0BF6
111E
1A88
1A2C
10AB
0A24
048D
001E
0119
0544
0C16
11A5
0FFC
0B80
096E
07AB
02AF
0000
0000
04CD
14C1
090C
0691
18B3
1A9F
1767
15E1
0ED4
0D42
0ADD
0BF3
0E4A
0C34
0AB8
102F
13C2
1458
13D1
0C26
02C7
0000
02F6
0BC3
12C5
121E
0F30
0CFC
0B25
0600
0000
0000
0303
1237
05FC
048D
184F
1AB9
16AF
147F
11D7
14BE
0FBD
094D
07F1
09D0
09EF
0908
0D59
170B
19E2
1349
0BAF
04DD
0448
09F8
0F4F
1156
113E
1193
110D
0C61
03EE
00EC
00AA
0CA2
012F
01E1
1871
1AC6
15C5
1300
11E3
167E
1240
0B02
085C
0B26
0CBE
0871
0740
0E0D
12C2
156D
14FE
0D08
04EA
039B
0A8B
1136
1122
1095
119D
1034
0997
039F
0000
0B33
0202
01DA
172A
19E2
1606
12CE
0EC8
1451
158A
1175
0BBF
0A1E
0A9E
081B
05F0
072E
0BFC
1352
14F6
0F1D
04B0
0000
089D
1458
1477
101C
0EFF
0F5A
0B1E
03F9
0000
0AD4
0690
04B5
161B
1890
164D
13D8
0C2D
118D
181A
15B4
0B0F
06B4
0BA9
0E20
08C6
02FA
0656
0EAB
1156
0E8A
0711
024E
074E
0F11
1430
13AB
0FA4
0B72
0791
027E
0000
0665
077C
06DD
168D
1785
15D2
1502
0B23
0DE9
156F
1793
0E5A
07EA
0D97
11C9
085E
0000
00D9
0CB2
142E
1180
08CF
0560
0491
050A
0D5A
14FC
1355
0BE0
07CB
0461
0000
0196
0456
05F6
16BF
17E3
1676
1469
0A16
0C64
1374
1746
1231
0ABA
09CA
0DCD
0C52
05EC
0321
08F3
1370
137E
0A6A
0546
046E
053E
0A8F
1150
1342
10D9
0E02
071F
0000
019C
0362
067B
1624
18C9
16A6
1377
0A0E
0D2A
1184
1409
13C1
0E01
0669
0946
13B7
138B
05D9
00BA
0BF5
135B
0E7D
06EC
065A
0B22
0E90
0E6F
0E10
119C
1093
07A0
0000
049F
01F5
06B2
16BF
1A27
170E
137E
098D
0BA6
0DAF
115D
1766
13E7
05BE
0383
10F6
1555
0845
006D
09A8
1378
1219
0ADA
0834
0CBD
10B0
0E04
0A93
0C4B
0BF3
07F6
02C6
0754
0000
021A
1862
1C71
17EF
13FC
08CE
097B
0A3A
0EB3
186D
184A
08C2
0000
082D
113F
0E77
07E9
0986
117D
1507
0F49
083A
08F6
0D62
0EDA
0DAF
0946
04C8
0581
04A7
0A1D
0000
0000
1A47
1D4B
18B1
1558
09FF
08EA
081F
0C7C
15F3
189D
0F27
0538
0448
0A9B
106E
0CAD
0587
0A0F
1607
159F
0901
04FF
0B78
107C
103F
0849
01A0
02F9
045D
0CA8
0230
0000
1DCC
1E22
17EB
1455
0A1E
0832
0863
0C6C
11FD
1668
168C
0EC9
03EB
039E
0E5B
0FC5
03DF
030A
137F
1AA3
0EB5
0621
0A34
0E25
0B84
0670
04AD
0699
07C7
0F02
0296
0000
1FDF
201E
1810
1118
089E
0895
0886
0A33
0C7B
11FE
1A52
167E
05EA
00B7
0C9C
11BB
0730
03F1
113D
1998
1267
08EC
07D4
0991
0974
0919
06F5
0695
088B
10B8
0415
0000
1D9B
20E3
19B1
106E
0905
09A1
0899
07D6
0832
0DCF
1889
1993
0B6C
02B0
0A2F
10D1
0B95
0917
0F95
13C8
10CA
0ABC
0818
087E
0BC5
0DEC
0739
0222
04C0
1031
072A
0320
1B7C
1F7C
1A62
1297
0992
0A84
094F
0786
0713
0ABD
12D2
1636
0F3B
07FB
07D3
0A99
0BE1
0CC3
0CB3
0DE9
103E
0E2C
0984
0709
08DA
0B86
097D
0605
0486
0CAC
0612
049E
195E
1B45
19F5
14FF
0AD6
0AF0
09D0
07C2
0743
0A5B
0F02
115C
1063
0CFD
06F3
04DC
0B4F
0F2F
0B59
0A45
10A6
1224
0A99
0601
068F
07BE
0AF5
0C79
0BB4
0AA6
0829
05B0
18EE
1A86
2044
1B85
0E85
0CF9
0BC6
0A32
093F
0A38
0BBA
0DD7
1063
0F8F
07D6
03BF
09F3
0EA3
0C7B
0B2A
0FE6
1174
0BDB
0A2F
0BD4
0B2F
0C85
0D2B
0703
0826
0B3F
078F
0D0E
1286
1DDB
1E0A
12E8
1177
12A7
1241
1067
0F62
0F3A
1142
1602
15AC
0D63
0A3C
0F5F
1127
0F3F
0F3C
115A
11AA
0FD0
0FB6
1086
10AF
113A
1007
1013
11FC
10E9
1315
0BFD
0DF2
17A5
18F5
0D3A
0C1D
0D15
0D40
0C9C
0BD3
0B15
0C5D
0FFE
1062
0BE5
0A13
0CDC
0D5D
0C02
0C99
0E27
0E42
0D88
0D0D
0C82
0C4A
0BB4
0B26
096C
0D7C
04AE
082A
0000
07B4
05EB
064C
0365
0002
0000
0000
0000
0000
0000
0000
0160
02C6
03CA
0526
03D1
00EE
0000
0000
0000
01A7
05D3
0319
0000
0000
0240
0708
0AB3
0861
06F4
05EA
077C
14B4
08BF
029E
0000
0000
0000
0000
0000
0055
0295
0462
0363
00AE
0000
0000
0000
0000
0000
0000
0000
003A
051E
0501
0092
0000
0000
009D
0470
0246
0000
0000
137C
1A7A
0C87
0315
03EF
0511
092E
0FDC
160C
19E5
1B51
1996
13B5
0D84
0CD5
0D03
0B15
0C50
114D
13B2
10A1
0E0A
0F21
11A6
16CB
15C9
0783
0000
071A
0B2D
0A99
042A
04FC
091C
0065
0000
0015
0865
0DE9
124E
1509
15BE
13D7
0F5C
082C
047F
0BAB
11FB
0F2E
0C18
0F0A
111D
0E62
0C0D
0A66
0C73
1408
10F5
0000
0000
0562
0E47
112C
0D5B
05C8
06C4
0000
0000
01DA
0D41
112E
10E8
0E99
0C73
0AB3
0831
03D8
03FC
0EEA
15D5
0F10
07A1
0A23
0D89
0C31
09AF
0762
0998
10FE
0E18
0000
0000
03D0
0984
0CE7
0C17
0777
0823
035A
045A
0CAB
127D
1050
0A18
0396
0000
0035
0189
0219
06C0
1093
149A
0BAB
01A5
035C
083D
0850
034D
0000
0024
0549
0673
0276
0101
0274
06BE
0D0C
0E4C
06C8
07AA
08DF
0DAA
13DB
1493
0E7C
06D3
03C6
03BD
0590
06B8
08A8
0DDE
12E0
1194
0840
01C7
05DA
0C62
0BA2
057C
00B5
00B5
0238
04CA
0956
0BB0
06C5
04FD
0B1A
1043
046A
0472
0611
0711
0868
0822
03A1
010F
0703
0E01
10E0
0F81
0ED9
0F42
0A9F
0283
0000
0000
0636
0AA8
0AD8
09EF
0B0A
0821
02BF
03BA
0EFA
16A2
0BAC
0000
0799
122D
036C
02EC
04AF
03EE
0224
0000
0000
00FE
0A66
12DC
1646
15A2
1452
0EC6
0239
0000
0000
0332
0B6B
0DD5
0B1B
0C30
11C6
0FC9
0606
0363
10B1
199B
0A13
0000
056B
1073
0293
0110
0578
082F
05C0
0000
00C7
07BC
0C20
0EE3
1115
13EA
14FE
0DFA
01C4
0000
02BE
0BEE
12B4
1563
0F66
0D1C
13D9
1667
0D6A
076E
0EBA
1173
02E5
0000
034E
0AFD
0209
01B8
06D1
09C1
067B
0358
0867
0CD0
0A6B
07B4
079B
0BD6
0F8B
0CD8
05A9
03EA
097B
0DE0
10B6
10AA
0BF0
0A14
0D8D
0F21
0B1F
0881
08B0
052B
0000
00DE
0224
06DA
026A
05C3
0842
0870
08F2
0DF5
1289
0F07
08FA
0571
0183
0170
07F7
0EEB
0F3A
0E51
10C4
122B
0E62
0850
07C4
090E
04B7
0174
0466
081E
04D9
00C0
00B8
05FE
02FE
02FB
03F8
08AA
0688
0587
0B62
127F
1208
0CF0
09E0
060B
00AF
0000
03D1
0EA3
16C2
1875
156A
10A2
08E0
043C
0B1E
0F5C
073E
03B1
0BB4
0F88
073C
028B
05D0
0982
028E
0000
07E5
0B42
05EC
040B
075F
07EF
06E4
0A75
0C20
07FF
0850
0A60
07D9
0933
103C
13B9
0D85
05F5
00F9
0293
0DD4
13F5
0E74
0BEC
11E5
127A
088A
0250
0525
07B0
0000
0000
0A50
0C51
0652
0397
0377
0228
055C
0C17
0B68
0907
0FF7
126B
0910
02BD
05B1
09AE
0A10
0909
04D3
03C6
0A54
0E7F
0B90
0863
09F8
0B9F
0A23
0852
0738
04C7
0000
0000
0967
0A0A
04CE
02E3
0511
0754
0B47
0C49
06C8
06CC
0E8C
0F17
07CA
0259
02B5
083A
12E3
1761
0D33
0509
05DF
0580
0381
0370
0648
0A7E
1012
123C
0A60
0054
0000
00F1
079D
06AD
043D
02F1
048C
0843
0DF8
0DDB
05BC
03C5
0A2C
0E0A
0C37
0644
0097
045C
14C5
1BCA
0E48
02D0
0229
0279
0374
0798
0CCD
0FFB
128D
1088
021E
0000
0000
0476
04CA
039A
05B5
03F6
013C
04F8
1056
128B
06F5
0071
0622
0D5A
0E9A
098F
0000
0000
0D2B
1603
0A4D
0000
0000
0660
0C6B
1047
1208
123D
1063
089B
0000
0000
0000
077B
030D
023F
0744
06C4
0264
0487
0EC4
10DF
083D
0318
0442
07F0
0E18
0F8A
0456
0000
07E3
10B5
0A84
02B6
0427
0A96
1053
123D
0EA3
0CC8
0EAD
0B25
0000
0000
0218
0CB4
0324
01FB
08A7
0AAA
0612
038E
068F
09F5
0DEB
0E9B
0556
0031
0B15
1106
050D
0000
069B
0E5B
0FF7
1047
0C7B
076C
0973
0BC6
055D
02A3
0CAB
1397
09B7
0550
0975
0E56
0354
02AB
0854
0B47
08AA
0427
0000
0388
1394
191C
0607
0000
058E
0EDF
0749
0285
05B5
0995
104D
145C
0D26
0699
0B28
0B52
0314
00E3
0A3D
1141
0C5F
09B1
0641
0457
02CB
0355
0593
0899
0BC7
08B7
0000
0000
138A
1B72
07D8
0000
0707
1017
0E36
0A53
0372
0060
088A
0F60
0CEE
0E20
1438
114D
0C37
0C75
0B4C
07D1
0656
0531
0000
0000
035F
0574
04BD
0777
0F4A
0D34
00AA
0000
0E5A
156A
0B9D
0620
087F
0B62
1108
10ED
0270
0000
05ED
1193
105A
0E7B
0E4C
0E97
129E
136E
0962
00F5
02DE
040E
0000
0000
04EF
0B21
090B
09D1
1061
0E8D
0469
0000
05E7
0AE7
0E89
0F17
04C8
00B2
1064
179D
05CD
0000
0DC0
1A16
111B
0562
03F0
0A7C
1073
0D2E
0146
0000
00CB
0686
008D
0000
075E
10BB
0C2E
0993
0AF5
0A74
0667
01AB
0000
006B
10F0
178C
0542
0000
0E19
1936
09C2
00C5
1051
1A53
0FB0
0423
05B9
0C54
0CF7
0538
0000
0000
0000
0897
075D
0516
0D1B
14A3
0B6C
05D4
0314
0426
06DB
03EA
0000
0000
118D
1B1B
07BD
0000
0B96
1595
09BB
0111
0A53
14AA
135A
0EBE
0C54
09B1
050A
0000
0000
0000
02D0
0BED
0B2B
07BD
0FA1
1214
0846
0123
0000
02BC
0916
08C0
0000
0000
0DC5
152B
087F
010F
098D
0E6A
07A9
0290
0611
0C82
11C3
1365
0C46
012C
0000
0000
0000
0482
0C19
0CD2
0716
02CD
0A4F
0786
0232
0000
0000
0449
0BE2
0CDA
050B
0155
084A
0DC4
0B98
093E
07A0
06CA
0858
090C
0526
0213
06CE
0AFC
03BF
0000
0000
0000
0845
104B
0D7F
060D
0000
0000
0000
0000
0000
0000
00B3
0489
0973
0B3A
0751
02E3
01CD
03F3
0A6B
0CCA
03D6
0000
0580
0B02
034D
0000
0000
010E
0000
0000
0000
04A7
0F52
1121
0579
0000
0000
03B5
035C
0000
060D
0F93
0D51
0C3C
0C05
0CF9
0D09
0A4D
036D
00A5
0A1F
0FCF
04EB
0000
0413
0C5D
06F2
0000
0152
0305
0137
02CD
086B
0E58
1276
1103
01DA
00E9
0116
04A9
00C2
0000
0564
0D1F
09E5
059B
03FC
04B5
0735
068E
0000
0000
037D
08AB
0019
0000
01DD
0857
037E
0000
0000
0000
026D
0894
0B16
0A22
0747
037F
0000
06AF
0000
0000
0000
0000
0000
0000
0000
0000
0000
0000
0000
0000
0000
0000
0000
0000
0000
0000
0000
0000
0000
0000
0000
0000
0000
0000
0000
0000
0000
0000
0000
0000
0000
0000
0000
0000
0000
0000
0000
0000
0000
0000
0000
0000
0000
0000
0000
0000
0000
0000
0000
0000
0000
0000
0000
0000
0000
0000
0000
0000
0000
0000
0000
0000
0000
0000
0000
0000
0000
0000
0000
0000
0000
0000
0000
0000
0000
0000
0000
0000
0000
0000
0000
0000
0000
0000
0000
0000
0000
0000
0000
0000
0000
0000
0000
0000
0000
0000
0000
0000
0000
0000
0536
0046
0000
0000
0000
0000
0000
0000
0000
0000
0000
0000
0000
0000
0000
0000
0000
0000
0000
0000
0000
0000
0000
0000
0000
0000
0000
0000
0000
000D
0AE5
09AB
03F1
0000
0000
0000
0000
0000
0000
0000
0000
0000
0000
0000
0000
0000
0000
0000
0000
0000
0000
0000
0000
0000
0000
0000
0000
0000
0000
0000
0000
018A
0189
0000
0000
0000
0000
0000
0000
0000
0000
0000
0000
0000
0000
0000
0000
0000
0000
0000
0000
0000
0000
0000
0000
03F5
046E
0000
0000
0000
0000
0000
0000
0000
0000
0000
0000
0000
0000
0000
0000
0000
0000
0000
0000
0000
0000
0000
0000
0000
0000
0000
0000
0000
0000
0000
00D6
08E8
05E5
0000
0000
0000
0000
0000
0000
0000
0000
0000
0000
0000
0000
014B
0376
00CD
0000
0000
0000
0000
0000
0108
0DAB
0D43
0807
0626
078A
099E
083B
0936
0D66
0BA6
03F2
0000
0000
0000
0000
0000
0000
0000
0000
0000
0132
0B35
134D
1313
0E24
0A43
05C6
007A
0000
0000
02F9
1347
1A86
13CF
0CEF
0DCF
1010
1162
1350
1415
0F02
0500
0000
0000
0000
0000
0117
0456
0000
0000
0000
0000
05B1
10AF
159D
0DDA
04A2
00FD
0000
0000
0000
07F2
129C
1956
17C0
0BCC
01F0
02A6
0553
0516
07A4
0A09
0284
0000
0000
0000
0000
0000
0176
062B
0000
0000
002A
041A
0979
0CE5
08E2
0000
0000
0000
0000
0000
0559
1664
1E18
18C5
0CFD
0000
0000
0000
0000
0000
0000
0000
0000
0000
0000
019A
0743
013C
004C
0081
0000
0000
0000
0304
03B1
0000
0000
0000
0000
0000
0000
0000
02FE
0E83
1139
0839
0000
0000
0000
0000
0000
0000
0000
0000
0000
0000
0000
0179
0872
017E
028C
01D5
0000
0000
0000
0000
0000
0000
0000
0000
0000
0000
0000
0000
0000
0000
0000
0000
0000
0000
0000
0000
0000
0000
0000
0000
0000
0101
01ED
057B
0745
02E7
07AA
099E
0000
0000
0000
0000
0000
0000
0000
0000
030D
0740
059A
0000
0000
0000
0000
0000
0000
0000
05D0
0631
0127
0000
0000
0000
0000
0560
0B18
0C05
08E8
0AB9
1079
107F
0000
0000
0000
0000
0000
0000
0000
0000
0896
0F4F
0A69
02FF
0000
0000
0000
0000
0000
0525
0CD9
0E8D
08D1
023C
0000
0000
0000
0304
085D
0859
09F6
133E
192F
1311
0000
0000
0000
0000
0000
0000
0000
0000
0885
0E4A
0A21
0871
03AD
0000
0000
0000
0000
0000
0000
037C
0575
0372
0000
0000
0000
0000
0000
0000
03E8
114E
16A5
0E03
0000
00C1
02A6
0000
0000
0000
0000
0000
0000
041C
08A1
0E61
0FE7
1059
0A5E
0000
0000
0000
0000
0000
06D3
0DAD
085F
0000
0000
0000
0000
0000
0000
08F3
0E36
0819
0000
04C0
06CF
0404
0122
0000
0000
0000
0000
0000
081C
10BA
12C2
1540
1058
0391
0000
0000
00DC
0866
0E1C
1094
0A22
0000
0000
0000
0000
0000
01ED
07A2
0930
045D
0000
0624
0930
07EB
0016
0000
0000
0000
0000
0000
0000
0B01
0F01
0FF2
0FF3
0EA0
0986
0AAD
1366
1475
0E15
07BD
0109
0000
0000
0000
0000
0858
0E98
08E7
052B
0019
0000
0517
075F
073C
0000
0000
0000
0531
0000
0000
0000
03B9
0EA9
1039
1039
1092
0BDC
0DB9
137B
0F69
0907
045A
0000
0000
0000
0077
096C
10D1
1195
04D3
0031
0000
0000
0236
02AD
0444
00C7
0000
0000
03D9
022E
0000
0000
0000
07B2
0BEA
0AB2
06F1
047B
0957
0B0D
0658
066F
05D6
0236
04A9
06A5
03B4
0341
0891
0980
0000
0000
0000
0000
0000
0000
0160
0194
01D1
0079
0000
010D
01BF
0000
0000
0000
01B5
039C
0000
0000
06B9
048B
0000
0000
0000
0000
017A
03A9
0000
0000
0000
0000
0000
0000
0352
0000
0000
0000
0000
0206
05C6
0114
0000
0000
0539
03F2
0000
0000
0000
0000
0000
0000
02D8
0000
0000
0000
0000
0000
0000
0000
0000
0000
0000
0000
0000
043F
09F6
0000
0000
0000
0000
0000
04E2
013B
0000
0000
054D
075A
0000
0000
0000
0000
0000
0000
0000
0000
0000
0000
0000
0000
0000
0000
0000
0826
0A41
09B7
08E7
0C0B
0BA4
0000
0000
0000
0000
0000
008C
025F
0000
0000
0249
03D3
0000
0000
0000
0053
008F
0000
0000
0000
0000
0000
0000
0000
0000
0000
06BE
12BC
182A
1717
0ED9
0A05
0450
0000
0000
0000
0000
0000
01C6
068A
07A8
0379
0000
0000
0000
0000
0000
0038
0674
018B
0000
0000
0000
0000
0000
0000
0000
0A7F
1661
1981
16AB
109F
05BD
01BA
0000
0000
0000
0000
0000
01FC
06F1
0C26
0EEF
07C9
0000
0000
0000
0000
0000
0000
0526
04F1
0000
0000
0000
0000
0000
0000
05B7
1AAB
2520
1DC3
0D5B
0000
0000
0000
0000
0000
0000
0000
02BB
0825
0949
0D59
0FEC
0934
0000
0000
00D1
0112
0000
0000
0219
056A
0000
0000
0000
03FC
0452
073E
1527
21F4
22F6
179D
0443
0000
0000
0000
01F0
0000
052B
0DA9
0B30
06FA
0548
0898
0B1B
0944
0475
00A8
035B
04C0
0000
0000
01C8
0909
0538
0000
00E8
0BAE
13E1
1CE5
25EB
22E8
15A9
07F5
0000
0000
0000
0692
05EE
0000
0DD2
1106
08B7
0000
0000
0000
0151
03F2
0463
0294
046A
073D
0565
034A
0698
0C71
0C8A
0972
0C20
1367
1CAA
24D9
22E7
15E8
0489
0000
0000
0000
0000
079F
06A5
0000
10B2
0BAF
0263
0000
0000
0000
0000
0219
071C
07B5
08C4
0BEB
0F6C
1123
1020
0FFB
1233
16E6
1C7F
1FAD
2300
2183
1446
03B2
0000
0000
0000
0428
0000
0000
00C6
0000
0A30
0031
0000
0000
0000
0000
0000
010E
0769
0A4A
0C07
0DA3
1248
1486
0FA1
0C4E
1039
1848
1D7E
1BF0
16D4
0E22
01A7
0000
0000
0000
00DB
0447
0000
0000
0511
0504
169F
1739
1CA1
18CA
1A6B
1A08
1B5B
1FBD
2406
27FE
2A3D
29C8
2A99
2A0F
24C9
2151
2450
2A73
2D84
2A56
21B0
1766
123B
1391
1822
1BDF
1C74
1EC1
2286
24D5
210F
0000
0000
0000
0000
0000
0000
0000
0000
0000
0000
0000
0000
0000
0000
0000
0000
0000
0000
0000
0000
0000
0000
0000
0000
0000
0000
0000
0000
0000
0000
0000
0000
0CB0
0000
0000
01D8
029F
04DE
05FF
0598
0563
0517
047A
00F3
0000
016E
014F
0000
0000
01C5
0589
0374
0000
0000
0000
0377
0446
0000
0000
0314
07D6
01CB
04A7
002B
1B3B
0DCF
0584
0406
00EF
0137
07C0
0DBB
0F9D
0FBA
0D51
080C
055B
0938
0929
0000
0000
0000
0000
0000
04F8
0667
0398
033F
0000
0000
0000
03D3
0850
0000
0000
0000
0B87
03B0
0000
0000
0000
0000
0000
0000
0000
0165
0363
0044
0000
03B8
070D
0000
0000
0000
0000
0000
0000
0000
0000
0579
09D0
0000
0000
0000
0290
029A
09F3
0000
0901
0000
0000
0000
0000
0000
0000
0000
0000
0000
0000
0000
0000
0000
021B
0000
0000
0000
0000
0000
0000
0000
0000
01C5
10A9
0B6C
0000
0000
0000
0000
09E3
0303
07DD
02F6
01DC
0555
0783
037A
0000
0000
0000
0000
0000
0000
0000
00E1
05E4
02BE
0000
0654
07F3
0103
0000
0000
0000
0000
0167
09C3
0874
0000
0000
0000
04BC
0000
0579
0420
046E
0754
0E90
151A
18E5
17D3
0DE5
0000
0000
0000
0000
0000
04CB
095C
09EE
0E2D
10B0
0D09
0B5F
0B41
04C7
0000
0000
0000
0E92
0E9C
0538
07CF
006F
0000
03CE
035E
035C
021D
056E
089D
0BB3
1125
11D1
0BD4
0492
0201
015A
0000
0000
0260
045E
0521
0864
0989
0A43
0E8D
0DAB
0000
0000
0000
05F4
0381
023A
104E
0F39
0000
0436
0392
03FF
009C
0000
0000
0000
0000
09A9
1562
17A9
159B
0DBC
0000
0000
0000
0000
0000
005E
047F
06A7
0D2E
12CD
0D76
026C
0000
0000
0000
0000
0F5F
1C72
11B0
0532
0592
0745
0384
009D
0064
0000
0000
0000
0228
0B8C
127C
131E
09AF
0000
0000
0000
0000
0000
0000
0000
0000
0582
0981
08E8
0946
049E
0000
0000
0000
069B
0EA9
05BD
05D0
0870
06DA
0539
0799
04FF
0000
0000
0000
0000
02DF
133A
15F1
0B91
0185
0000
0000
0000
0000
0000
0000
0000
0000
0556
0B32
0FAD
0D10
0000
0000
0000
0000
03FB
0000
0040
036D
04A0
073C
0B5E
0B5D
024D
0000
0000
0000
0000
07C3
0B89
0A7C
06D2
034F
01A0
024B
00C8
0000
0000
0000
01F6
0284
07E9
112F
0E3B
0000
0000
0000
0437
0000
0000
0000
0000
00EA
0A92
17EA
1BC4
0E8F
0000
0000
0000
0000
0000
0C56
104B
0BEB
07AC
0E7C
15F3
0D23
0170
0158
01AE
0000
0000
05A3
119A
10B7
062C
0951
0A5D
0000
0000
0000
0000
0000
0000
0759
115A
181C
1094
0000
0000
0000
0000
020F
0A2A
06B4
0048
059C
0BB3
05BD
0000
0321
04A3
0000
0000
0000
087B
0CE2
048D
0997
0DED
068F
0201
0156
00DD
001C
0000
0000
0000
116B
2155
17AD
027C
0000
0000
0000
031B
0194
0000
0000
0000
0000
0000
0000
0591
0679
04E2
00B0
0167
0634
0000
028D
09F1
06F1
048F
017D
01A3
0728
04CF
0000
0000
007C
14B5
1824
10FB
0790
0000
0000
0057
0000
0000
0425
01EA
0000
0000
0000
0000
024D
03B7
0000
0000
04BB
00E3
0116
0578
04BE
0442
001D
0050
0990
0DE1
0049
0000
0000
0000
0BEB
19C2
1919
0721
0000
0000
0000
0000
0A23
10F7
1112
0BAD
0063
0000
0000
0000
0000
0000
01B8
0664
036F
052F
0573
058B
0000
0000
0441
0CAA
08F3
0000
0000
0000
0000
0DDB
1108
0BC0
104C
0D11
0000
0000
0000
05F6
09C9
0A19
0606
0345
06FE
0725
0000
0000
0000
03F9
01B4
0684
0753
07FC
0199
0000
0000
05AE
0CB7
0B19
0000
0000
0000
0000
0000
0736
20DD
23C9
0E9B
0000
0000
0000
0000
0000
03E5
0DD0
1947
1ABE
0CAE
0000
0000
0000
0000
047A
05D4
080E
0550
01DF
0000
0000
0927
1123
01C1
0000
003E
01D5
0000
0000
0B54
1657
12AF
0A2C
00FA
0000
0000
0000
0000
0000
0613
0D40
09D5
03C7
02DE
0000
0158
0173
01D5
060A
07D2
07F1
0000
0000
0584
0FFF
0257
0000
0653
0953
0000
0000
0000
0000
08C4
1200
0CDA
0BBF
1112
0E6F
0000
0000
0000
0000
0000
0573
05FB
01AE
05DA
02EC
0000
0219
06DE
0A40
0203
0000
027F
0BB5
0380
0000
03FB
07BB
0754
0000
0000
0000
0000
08F9
000A
0000
0A2E
1003
0CA9
035C
0000
0000
0000
054E
0468
0000
06C8
079A
0000
0000
057D
0A1F
03A0
0000
0000
061F
0755
0417
0000
0000
10EB
1592
0000
0000
0000
0000
0000
0000
0000
0388
1160
1AC2
110B
0000
0000
0317
00DF
0000
06DF
0AEA
0000
0000
0323
06B5
0482
007E
0000
0000
07BF
0B96
0000
0000
0B9A
18CC
025B
0000
01B4
07B4
0000
0000
0000
0000
017E
0DC3
0ED7
0554
0568
0691
0000
0000
0347
0D74
0000
0000
0000
015A
03CA
056C
0000
0000
0527
0EA4
0000
0000
039B
10F2
02E0
0000
04C8
0EEA
0D2D
09A6
0330
0000
0000
0000
0000
0648
0F5B
0DA6
02C1
0000
0000
0D69
024B
0072
02F2
01E1
0473
0822
00EF
0000
02E4
0BFE
006C
0000
0000
06D5
01EC
0000
0005
0534
0B21
0F1D
0B53
046E
0000
0000
0000
0000
05FE
0909
06E0
0000
0000
0799
049C
0687
068E
0457
05CA
0997
03A7
0000
012E
0718
03C0
0000
0000
0003
031F
02A5
0000
0000
0233
0765
07BE
0C8A
10B7
09D9
0000
0000
0000
0000
0829
082A
0565
03FC
0522
0574
024B
01FA
048C
0810
0575
0349
048B
04CB
0675
0703
0037
0000
07BF
0BBD
037B
0000
04C4
0619
019D
0539
0C87
0AB5
067D
0205
0000
0000
06BC
070C
0463
0000
06AA
0342
0000
0000
02F7
05EC
06A7
09F2
0919
0510
08BA
0AF3
01A9
0000
09D9
0F7F
0808
0561
0AB7
09DE
010D
0000
0000
0262
07AB
0B5D
076A
04B0
06B6
033B
0834
0000
0A96
08D6
0000
0000
0213
0321
04B1
08E3
07E2
054E
0C0A
0EF1
0519
0048
0910
0EBD
099C
0761
0B24
0AEF
05FB
0077
0000
0000
0482
0913
09D4
0B19
049C
0000
0713
0000
0112
0000
0000
0000
0000
0000
0000
0000
0000
0000
066F
0B71
0562
000D
03A4
074D
04F1
03A6
05D6
06F3
05A7
0000
0000
0000
0000
0035
0271
0000
0000
0000
04CA
0000
0E7A
0C4B
043D
041C
0145
0000
019B
0261
0000
0000
03AB
0703
05BA
0319
0379
0600
054A
0388
03E9
05D2
0824
076C
05BA
04FD
0276
01DB
04AB
0708
0000
0000
0000
0000
0000
0000
0000
0000
0000
0000
0000
0000
0000
0000
0000
0000
0000
0000
0000
0000
0000
0000
0000
0000
0000
0000
0000
0000
0000
0000
0000
0000
0000
0000
0000
0000
047D
0995
0B58
097D
0538
023F
01D4
0246
0306
0575
068A
045F
04B4
0731
070F
043A
057A
0708
02C9
0000
0000
004F
05B7
0EAA
0B0E
0000
0000
08AD
04EE
0760
0F52
0000
09DA
0FF3
0B56
062B
0383
01E5
00F1
019D
03DB
076D
09AC
0798
06FD
0995
0A5B
070B
03D8
01D2
0005
013D
042F
019E
015F
0B2F
0C46
0000
0000
07DC
0000
0000
0ECF
012B
0DE5
1085
0837
05A9
03BE
0102
0000
0000
0000
02D3
0669
0695
03AD
0361
06B5
0847
04AF
0000
0000
04BD
0705
018A
0000
0397
0B69
0D3A
0ACB
0000
0000
0000
15EC
01FD
0A21
0BBF
08C5
04C8
0000
0000
0000
0000
0000
0000
0000
0000
0000
0000
03AA
06D0
02EC
0000
0126
0561
0164
0000
0000
01E1
0CC4
1497
0948
0000
0000
08AF
1254
0000
0681
09BF
07E9
031B
0000
015E
0653
06B2
03B1
0124
0056
00B4
0000
0000
0610
092E
06DA
05B8
071F
0729
04F4
07B0
0AC8
04C3
0507
0EB5
0672
0000
0000
0E30
0A48
0000
0728
0B7F
0610
0240
0898
1092
13E2
12A5
0E4A
08D7
052E
050E
0406
03E8
08C9
0BDF
0C67
0C7A
0984
08CF
0F03
16C5
12B6
041D
007F
0984
0932
077B
0658
060C
094A
0082
09DA
0D36
065A
0593
0EDA
1156
0AE4
065B
057C
05B3
06C2
0AC9
0C23
09AA
0B9A
0E55
0B4D
04E9
0032
033D
0C2E
10D8
0C54
0741
067C
068C
064B
0A89
01C7
0000
0EDE
0372
0805
091F
0842
0ADB
0BCB
081A
02FF
0000
000E
03D7
0860
0ED1
1090
0DD6
0FFB
0EE3
0193
0000
0000
058E
0410
042C
0B0F
1151
0BDD
02AF
0275
0646
03B1
0215
1008
03B9
04B9
0516
08CA
0BAB
076A
0704
0865
038B
0000
00D1
01A1
0514
09C8
0E9D
1213
0B19
0000
0000
066C
0977
0000
0000
04C5
1054
08D3
012F
081B
0BAE
0E14
0790
0822
01D0
0524
0687
06EE
07BB
08E8
0C29
089C
01D7
025A
000D
0000
0000
04DD
0FEC
0D1D
0403
0216
04FD
0565
0105
0000
0000
0000
0694
0540
048E
0EB2
1286
1036
026E
03E9
0103
0676
070C
0301
01D0
056C
05C9
01D5
07E8
1208
0BEA
0000
0000
010A
0647
0000
0000
095C
0E2B
0411
0000
058B
0668
02F5
02B4
03E1
0775
0C8E
0DF5
0C76
037D
0D4F
00E2
05C3
04BA
020A
00C1
0000
0000
060C
158D
1742
0EA2
0B26
0394
0000
0000
0000
0000
0C17
0DF0
0814
0A25
11DC
0FDF
061D
015A
0530
0A86
0941
070C
0FD0
0E3F
15D8
0031
06FF
0780
0829
070B
0000
0000
0A47
0FC3
04DC
05D2
1464
10DF
0062
0000
0000
0935
0D45
06C7
06AD
0C8A
0CB2
04A8
0000
0000
05B4
0B2E
0889
03B7
113D
1081
11BA
0000
09A8
0CD6
0C47
077F
021E
0335
059C
0000
0000
0A7E
1717
142B
0CBF
02AF
0011
07F9
06F2
02C1
0781
0963
024C
0000
0000
0000
0000
056E
08E5
0620
0DC8
0BF3
0D94
0000
094C
0FF3
0CD0
0151
0043
0A39
0793
0000
00DF
0DC2
0B8F
09DC
1313
1064
0522
000A
0000
07E1
0D03
0650
0210
0747
0A1A
02DA
0000
0183
0947
085B
08D8
083E
0CE6
0000
0938
107E
0C21
0147
01C1
0AC5
08E6
01CB
037E
0492
0000
096A
1B59
1893
0658
0000
0403
102F
0BE7
02E3
0AD5
1404
0CA1
0069
0000
03E7
0872
0663
0524
05FC
09E4
0038
09F0
0E54
0B6E
07E4
0535
00D9
024E
0C83
0CB1
0000
0000
0D01
17B6
0D12
00C7
02FA
10AF
159B
09DF
0440
0C53
0A71
0000
0000
0415
0B64
0E39
0D1C
0A40
067D
0759
03A3
0833
0A56
0BE0
0D43
0684
0000
00F3
131D
10D1
0000
0000
0985
0A83
033C
0665
0E41
1223
10C7
0DED
0BF8
03D7
0000
0000
05AE
0789
0B28
12B5
15AC
0EE6
04F6
07AA
03CF
049E
0550
09DD
0F28
0A6B
0000
01B3
0DAD
0B9F
018E
02CE
07DC
0554
069B
0C60
0898
0000
0118
0C61
0F2A
0101
0000
0D1D
10C1
03F4
0014
09B1
10DF
0B5B
0000
0871
0111
032A
0371
05D9
0D87
0F5C
05EA
0080
0472
0831
0A2A
0A50
04AF
01C9
099C
09C3
0000
0000
0000
079C
085D
048A
0A89
1120
0C3A
03A4
0000
00F0
06F9
07E5
0000
0B23
0000
03B7
0602
039B
087F
0FA5
0D9B
0391
0000
02DC
10A7
0E75
0000
0000
0DC8
0F76
0000
0000
072A
0587
0000
0000
075A
04E8
0474
0D5E
0CC1
0628
0509
09CA
0705
0FEE
0000
046E
0737
0163
0572
0F1B
11E0
06C9
0000
0000
1204
0E57
0000
0000
0FAA
1255
045A
02AD
0709
0000
0000
0000
0000
0000
08BE
150C
126D
0B04
06F7
0C51
0C9D
0F4F
0000
05A5
0676
0100
04C8
0C63
10A2
0B04
0000
0038
0D2C
0AF5
0000
00C9
082B
0AF0
09F1
0651
0000
0000
03D0
09F2
026F
026E
0D21
102C
0A67
09BD
09B5
0D26
0B57
0A95
0000
03D8
0485
0494
0548
079B
0DAB
0F60
05EC
0000
03C6
0776
07A2
03F8
0000
060A
0F67
0762
0000
0000
12BF
1316
068A
055F
0A37
09E9
0882
0A65
09E1
08C2
06CF
0B1A
0000
01CF
06F2
0C3D
08B1
059F
0A59
10B6
0DBF
037A
0000
0417
1063
09DF
0000
0452
1371
09E6
0000
01E2
0FE6
0B5F
07E4
0C06
0B88
0CD5
109B
0A9E
01A0
0079
048E
0F67
0000
0495
0D16
0F9C
0853
0435
08CE
10E0
129F
076E
0000
0541
1524
0B71
0000
03EF
1234
0B68
0000
0327
088F
07D6
0D2F
12D2
0F95
1016
1234
0586
0000
01D8
093D
1078
0000
0AF7
1208
0CD3
03D0
01A9
05B8
0BB8
0FB5
0A37
0201
094A
1159
0930
02F3
0933
0D3B
0A64
0AD5
0BCB
0965
0B89
1151
11C1
0CF0
0A66
07D2
0127
0145
0C75
0E7A
0DCB
05ED
1239
1311
0C7E
03FD
0333
0452
06F1
0CA1
0F0D
0B94
0AA0
0B7F
0CD1
0E4C
0BFF
080C
0C3A
14D5
1334
0C72
0F14
127E
100B
0C03
04BC
0000
061B
0C0E
12E0
0EBB
09C6
0A5C
0CE5
0710
05DD
04A3
059B
04A2
04A2
08C6
0E6C
0EFE
096A
0655
0E6B
13F3
0BFA
066D
0D4A
12D8
0F5D
0CE9
1066
0F3E
0A95
07DD
0108
0000
0B6F
12A2
1574
05E0
0109
18E9
1C53
140D
13E0
1518
1484
10A0
0E34
1016
14AB
1740
136F
1014
16A1
1B69
14E0
10ED
14A4
17A1
187D
1952
18CF
1515
1107
104B
0FCC
1094
1605
184F
18AD
0330
0447
0CDA
0E87
065A
064F
099D
088B
0600
0479
0676
0904
0A34
08D8
07C1
09BF
0A6A
07FD
085D
0900
09AA
0CF4
0DA4
095D
05E2
03BE
0431
09AD
0D05
09C3
0579
0C21
01F7
0AC8
115B
1353
142B
17C6
134E
145A
17CA
1A19
1B91
1CB7
1C43
1C90
1C8F
1C40
1A8F
1A70
1D42
1CE1
1972
191A
1A98
1BC1
1C8A
1963
14CE
15FB
1959
19C4
16D7
121E
1CDC
0D8A
1999
1F03
1B19
1E8E
1527
1601
1A11
1E65
22A6
24AF
2475
2432
248E
2516
233F
2299
234B
20D4
1C8F
1C25
1FE2
24C9
2740
2322
1B0D
18F7
1DED
2301
1F2C
18BF
21F1
0E0E
1217
16BE
103B
16C9
0CA6
0DE4
109F
1447
1877
1A66
1AA4
19EA
1A52
1C84
1CA1
1B3A
19D7
17EA
150C
1457
16E8
1C09
20D8
1FDC
17F6
11A7
142A
1C3F
1D67
1716
21B1
0B90
0B55
0F5E
0D97
159D
10EB
1224
13BF
158A
164B
16F4
1894
18DA
18F9
1CED
1F65
1D8C
1B44
1AA4
196A
17AB
16C1
1A76
1F3E
1F10
1AC9
1429
10C6
1915
20B1
1D50
2346
09F9
1201
177E
1503
200E
1C7E
1E1D
20B4
2103
1EC9
1EB2
20C4
2200
22EA
2738
2A31
272D
2392
2271
2138
2079
20E6
220D
21B4
1E6A
1CC8
1B18
17A9
1D97
28C5
25F5
27DE
0859
1371
1A18
15F7
20DF
2044
22CE
2467
258A
24B5
23EA
23A5
22DB
2305
262A
2985
25BE
2180
21F0
222A
21D4
2429
2511
1FCC
19FE
19D8
18BE
14E6
1C42
2BE0
29AC
2F48
0B0F
13AD
196A
113C
19F3
1A58
1B81
1B64
1FD8
248C
25E2
25A7
23D0
20CD
203F
2169
1D7B
1A52
1CB4
1F2D
1FAC
2315
2574
205E
1A2A
193B
1771
1444
1B1C
278B
28EF
3980
130D
1361
1805
0F58
1647
12C0
113F
1106
1724
1E77
23D1
2848
286F
237F
1EB6
1C1C
175D
1260
145B
1AA4
1C09
1CD6
20DB
229A
1F4B
1AFF
1804
168F
1990
1EB3
242A
3AD0
16EE
1225
1724
1185
185A
11CD
116D
1391
16E1
1AB2
207C
2690
28A1
26EF
22BA
1F88
19A9
118D
12A3
1B51
1C5C
1A10
1F29
269A
2410
1BBE
1887
1993
1ADE
1D12
1F86
3274
122D
10A1
1668
1254
1A01
15E3
189F
1A15
19F7
1C02
1E54
1F1C
207E
2516
2668
24A5
1F91
1A59
1C10
1FB1
1EFD
1E98
233E
27DF
2411
1CED
1AF9
1D61
1FED
21AC
1E39
2D96
0CBE
109E
15FF
1135
1B03
1B3E
1DE0
1BB7
1C2F
2059
2012
1B86
1BD5
2258
26D3
277F
2509
2492
259B
2303
22D0
2650
2829
2710
23AA
2004
1C47
1C56
2040
22F0
211E
3212
0E53
1214
16A4
11F6
1CBE
1B20
1B92
1CE5
2102
234E
2298
215D
20CD
1F48
2093
255D
24F5
25AB
26FA
260D
26BB
273F
279C
277C
2509
1FB0
18A3
163D
1B03
2108
23E6
34B8
124E
1471
1914
150D
1E26
16B1
16BF
1E03
2234
1F6F
20EF
2728
2738
1F5D
1DDC
2189
1F7E
1E7A
2198
2632
257A
1ED2
200B
25C9
245A
1DC0
182E
16E9
1990
1DC8
1FBC
2DD7
10E2
165B
1B76
1620
1ED0
16FC
1732
1AF7
1B28
1AB6
1F77
2548
2763
277C
266B
20F8
1AEF
18CE
1B54
2245
21D7
1A79
1BB8
2264
23AC
2054
1DAC
1BE9
1A71
1982
1923
268B
0D40
1612
1A9A
12BD
1CE1
1A64
1B6B
1858
1721
1DD7
219F
1DE9
2051
2A32
2B01
20EC
1C24
1BAE
1B26
1EB0
20B9
1F86
2071
226B
2420
244B
228C
1E48
19AD
17E1
18FF
2738
0CBD
14FA
192F
0F51
19C2
1B2D
1F2F
1C4F
1AA5
1FFA
207D
1995
194A
2260
2703
24B4
2460
22C6
1D69
1AA1
1CA5
2288
264C
249B
25BC
2856
2622
1F81
18DB
18D2
1BD2
2958
0D09
14D6
1974
0F19
1825
18B9
201B
21E1
1DA7
1B34
1CE4
1E09
1B27
1A36
1F62
2641
2988
25E7
1DB1
1688
1630
1CC5
2300
24D4
285D
2C3F
297A
2218
1A8D
1A1C
1BFA
28BF
0BB1
143E
1947
1054
18DD
15B2
1CCB
2327
2083
1985
1BDE
23B6
1FCB
14AB
1383
1E08
27AC
2752
201B
19E2
1701
1541
1925
230C
2A06
2AD8
2978
266C
1F2B
19D1
18FF
27E3
0A3D
12D0
181A
120F
1A4A
1438
1928
21F2
23BF
1D3A
1B9F
2188
2104
168E
0F3B
1582
20C3
241C
216A
2157
1EE4
1632
1720
2306
27B8
238B
244C
26B3
2022
1827
1757
2923
0ADF
126E
17F3
1305
1ABF
1536
1903
1FCD
2367
1FC9
1BF0
1E19
2232
1F4E
15C9
116E
172B
1D7A
1ED7
20DF
2130
1EE2
20D8
23C7
2337
2103
224B
219A
1B49
1783
195C
2BAA
0EF7
13F3
191F
1334
1B49
1787
1A17
1C98
209A
21C1
1E9A
1DB7
21DE
23DD
1CE3
13E2
1618
1E61
1EBF
19D8
1B50
24A6
28C6
2357
2384
29DE
2964
207A
18C7
1700
18C1
2B01
1182
14E3
1A7A
140C
1C6E
179B
191A
1954
1DF1
230B
213C
1C2C
1E0D
24B1
2337
1ABD
1A71
22F2
230B
18CB
1707
21D7
26C1
239C
2776
2EEC
2DC7
2541
1BEC
13FA
13E5
2637
0F7D
15A2
1C24
16D1
1E61
168B
176F
17C4
1B1C
2077
219F
1D50
1CD2
23B3
24B5
1D36
1AFC
22FF
27F4
21D7
1C1B
1E69
23B8
2787
2866
259F
245F
243B
1C9A
11EF
120F
23F8
0D36
17B6
1E0E
19A2
20F7
1692
1616
16AF
1968
1DEB
21DA
2032
1D1A
1F71
2097
1D78
1B53
1EC6
2663
2A10
25E3
20E9
2444
29B9
2505
1A5E
174B
1A99
193D
15D0
16FE
25E3
0C34
1A56
1FFE
19EE
215E
1715
1559
15E4
189F
1C25
2046
2156
1E2C
1C63
1DC7
1FC8
1D48
19EC
1F71
2938
295C
22F8
2343
25AB
20D8
192B
1422
1279
14CE
1A1F
1C6E
2868
0C90
1C92
2202
1743
1F7F
181D
1650
15E1
174A
19A2
1E46
2280
20C3
1B6D
1BC4
213B
1EF1
17F9
1B42
24B4
262B
21FA
2110
207D
1E6C
1CF1
194B
119B
1147
1914
1D08
290C
0E60
1BDC
216F
1288
1C1F
1873
17A7
1677
1723
187C
1C32
21FB
220F
1BC8
1A90
1F0C
1DA6
1915
1BF5
20F9
218D
1FE7
1DD9
1A83
18D6
1B9D
1CE5
1796
13AD
16B6
198C
26AA
0E7A
18F3
1F50
0FA7
1A25
16B4
172F
175A
177A
1802
1B66
2017
20EC
1DAE
1B4A
1B4E
1A42
1A6F
1D72
1E28
1D41
1C89
1942
1453
132C
1677
1AD2
1D49
19B5
161A
16D9
2589
0D66
0E37
1593
06EC
0E3F
09DE
0A1C
0ACD
0ACB
0B92
0EE6
11D7
129E
124C
10B0
0D52
0B0F
0D7B
116B
1165
0E7C
0C2A
0B55
0AEF
0AF5
09CE
0B0C
103E
0F00
0B99
0EB8
1D4C
0607
1187
1967
0F32
1607
138F
12FD
1363
1227
120E
1434
1553
1583
163D
1575
1202
0EFB
0EB9
118C
140B
11A9
0E3C
1108
1593
15C1
121D
10C9
1380
13DC
12B5
11BC
1E89
0A19
14C1
1A55
100F
1494
15FC
14BF
1370
1148
1052
11A8
12FF
1227
10FF
121E
1225
0EF6
0B37
0D2A
12A2
1260
0EAC
10EF
1593
164B
14D4
12F3
1188
1287
129F
1020
190E
0ABA
0E8E
1155
08C8
0F88
0FB0
0EBF
0C86
0A25
095F
0A25
0AD2
0900
0733
0903
0BBE
09AF
057B
06F8
0BC1
0C44
0A9A
0BD5
0DC0
0E48
0F16
0E02
0B8A
0C0E
0AC7
0A83
0EE6
06C4
0EB9
0DBA
0850
08FC
0239
0000
0198
034A
0452
04F0
055A
05B0
0691
0648
04C9
026B
00FB
010D
0000
0000
0347
05BC
0544
03AB
0000
0000
0404
068D
02D0
0000
0000
01DA
113F
1598
0A58
08BF
020E
0000
0000
02E6
048E
0666
057B
0516
078C
085E
057E
0171
0338
04B1
0000
0000
026C
0821
0A67
08DD
0000
0000
061E
104D
06AB
0000
0000
0A09
115E
154A
0718
0594
00B8
0000
0000
0000
02FE
0764
072D
0623
07B0
075F
0401
0133
047A
0667
0000
0000
0090
038F
0976
0C8D
0000
0000
0750
0FA7
049A
0000
0000
1078
1538
17C8
07AA
068B
0321
008B
0000
0000
02F7
0673
06D7
06AC
075B
068F
0626
0490
039D
0403
02D0
029A
012A
0000
062C
0B81
01D5
0000
0574
091C
0875
0000
0000
0A44
15E6
179B
049D
079B
0609
075B
0A9C
0AE2
0864
03B5
0041
0094
008C
0171
0632
090C
0609
03C6
0581
0726
0224
0000
0661
08AE
0000
0000
0000
0000
0DDB
106D
0000
0000
16D7
196C
038F
055D
05B6
088B
0DD6
0F74
0BE8
053C
00EC
007B
0000
0000
0695
0B6A
0579
015B
0485
064F
0340
0223
07B4
0601
0000
0000
0000
0000
12F3
1EA9
0000
0000
1830
1BCC
017A
0028
05A5
0A6F
08EC
074E
0953
0965
087B
07D6
0210
0000
05C5
09A5
006D
0000
0000
022C
048C
0891
07DE
0139
0387
0848
0000
0000
0E49
1863
084B
10D9
1954
1D18
008B
0000
0797
0DC5
062E
00CB
0547
0951
0ACA
0B94
0528
0012
0666
08B0
0000
0000
0000
0281
0587
0871
04B3
0000
0555
0B4D
0000
0000
067F
052B
0A2A
2518
192C
1B85
02AB
0301
074A
0987
0506
01FA
02D1
040F
067D
09DA
0793
0415
09B4
0A4D
0000
0000
0000
08B1
02DF
0000
0129
04D6
05C1
0535
0418
054B
0769
0000
0000
2046
1799
1804
04A1
07EE
0508
03B4
049C
0640
06A6
062B
0453
040C
0439
0560
09B6
08D1
0000
0000
04A1
0D3E
0117
0000
025C
0B43
00AD
0000
04FB
10E1
0DC2
0000
0000
1619
167B
1612
02C2
06AB
04BB
05BA
0514
06CB
0F8F
1208
07A4
0000
0000
002B
01B1
01AA
02E1
06CD
0C76
0B57
041E
0000
0542
0881
0000
0000
0076
0EB6
0E7F
0000
0275
1B55
1780
178E
0238
0509
0522
0776
02EC
0301
0F41
1506
0D63
0226
0000
0000
0000
0000
0525
1001
0DBA
065D
05D3
064F
072F
04D9
0000
0000
0000
0533
0900
0000
09BB
23A7
189B
19CD
055F
0804
04C8
027B
0199
0495
0551
066F
10FA
148A
0A47
0000
0000
0000
0000
059A
0978
07C2
0413
0311
071A
06CD
0009
0000
0000
0000
03C2
0000
087F
2169
1886
1A73
076D
0AE4
044E
0000
056B
0A57
0000
0000
0B8D
186A
11E4
059A
0000
0000
0000
0000
071A
102E
0618
0000
0545
07F0
02EC
0000
0000
0000
0236
0150
0561
1930
18FE
1B7C
060C
0925
06AD
050C
0748
071E
0049
0000
00C6
05D2
10AB
1360
0CBC
0404
0000
0000
030C
11D5
0B44
02E4
0603
05C3
0000
0000
0000
0000
01B9
0165
045A
1427
1AE9
1E14
0373
0402
0917
0C3C
052E
0000
0595
0BA7
0000
0000
084B
17D1
152C
0A59
0000
0000
0000
0404
0957
0B6B
093C
03AE
006A
0000
0000
0000
0000
0000
01EC
1182
1C52
20B9
01E5
0000
079B
0F0A
063A
0000
077B
0E96
007E
0000
0000
0839
10BA
1016
0AD9
05D4
0000
0000
0000
0DF8
08B4
0170
07AA
0CE8
03C1
0000
0000
0000
0000
0D09
1C58
208A
015C
0000
063B
0C36
09BA
0649
03AE
0268
0751
082C
0000
0000
0376
0F6D
1509
122D
0000
0000
0000
099A
05E2
01F4
0A29
0E81
0593
0000
0000
0000
0000
0EBB
1A8E
1CBF
014F
03E5
067F
0678
0BD0
1018
0057
0000
0926
175C
0000
0000
0000
0624
0F88
0F7D
03E2
0000
00FE
00CB
0662
0ADE
0658
0000
0000
00EB
0000
0000
01C4
1985
1925
1907
0190
0769
04D6
019E
0E30
169A
0015
0000
0616
168D
0627
0000
0000
0000
06D6
093D
0622
07E8
0161
0000
091B
13CE
07BF
0000
0000
0366
0000
0000
0488
2241
1986
18F7
01B3
06D1
029F
00D6
0EB1
14E4
01D4
0000
0385
0ACB
07F3
0561
0000
0000
0512
0A03
00CA
0000
0000
0000
098F
0FAD
0D90
07D1
041B
0145
0000
0000
03A0
238F
1A3E
1AA7
026D
04FC
01FD
036A
0C07
0CCD
06A8
0577
0091
0000
0725
1191
0000
0000
0775
128A
0000
0000
0000
0AF4
06F2
0207
0B08
108B
0A09
0127
0000
0000
0137
1EC7
19F4
1AFE
033A
04DF
01C9
056D
096F
0644
0B0D
113C
0000
0000
0528
1738
00B7
0000
085D
1801
046A
0000
01C1
0D09
05BA
0000
0019
062F
0B6B
09A4
0000
0000
0000
14D9
1A78
1A7A
04AA
07AE
0213
0490
0514
01EC
0E1A
1605
0000
0000
03A6
14CE
0293
0000
0594
0FED
088D
01FB
01D9
03F8
0918
0876
0000
0000
0566
0C3C
0000
0000
0000
0EF1
1B1F
1AA6
068A
0C78
0460
0290
0000
0000
0D7D
13C4
012A
0000
0310
099C
024A
0147
02BE
0092
0939
10AB
0284
0000
0A42
1476
050E
0000
0000
0000
0000
0000
0236
139E
1CF9
1DC5
061F
0A62
04F8
0284
0000
0000
0A66
0D0C
06B8
058B
00F5
0000
0353
0EE0
0134
0000
0ACB
1B7B
0410
0000
04C5
1166
0AC3
0127
0000
0000
0000
0000
0763
16DA
21D3
25BB
0390
00BF
01E7
0377
0000
00A1
06E3
0653
0CB0
12E4
0000
0000
0439
1707
01FD
0000
0AEA
1A9A
0585
0000
0000
0449
0557
0652
0000
0000
0000
037B
0639
1268
2554
2C69
028E
0000
0000
04D7
014C
01FA
02E4
00FC
0EE5
18BF
0150
0000
036C
132B
0280
0000
086A
10AD
076F
0275
0000
0000
0000
0385
0000
0000
0288
0352
034D
0F92
23FE
29B7
014A
0000
0034
047F
02D0
0337
0000
0000
0D4E
1470
0468
0000
030D
0751
0012
0019
07A4
06BB
0632
0838
00CA
0000
0000
0000
01E3
066E
0554
0000
0094
1187
1D26
2045
00E5
0057
0184
02A9
0373
04A8
0069
0000
08BD
0B49
0669
05D6
03DC
0000
0000
060D
0838
0307
0406
06D2
0204
0000
0000
0000
05A6
0DA7
02DE
0000
0000
13FF
1EAF
218F
075C
08AA
0714
036B
0450
04EF
003A
0024
0527
047A
0485
07CA
02EB
0000
0000
0521
0794
04C0
00FD
0123
0453
05E0
02D9
0007
050A
08C8
062F
0000
0317
1802
184B
1A26
0A78
0CAF
0930
0501
04D8
0475
00DB
012A
03AA
0238
025A
0528
03CB
0000
0000
00F3
0696
07F0
00BE
0000
022C
0716
0887
0779
0482
01DA
009C
0000
0713
18C1
0000
02D2
0045
0338
0697
063E
0742
06E2
052C
049C
03C7
03A9
0432
053D
062F
0612
05D3
077C
07C0
05F6
05CB
03F5
01F4
0440
04F8
0292
029D
034A
0725
077F
0574
058E
0000
09E3
0918
0C54
0B2D
0A28
0A08
0905
07E6
0794
07E9
09B9
0C63
0E89
0FD9
112B
1040
0E49
0BEF
0A79
0CB5
0E5F
0E25
0DFC
0BBD
09F8
0C2B
0EDE
12C6
1557
0F6C
0DCC
0680
1358
0FE5
0DF5
098B
098C
09FA
0B1C
0D5B
0FF3
1198
12DB
1498
137F
1158
1163
105E
0E4E
0D3B
0ED3
116E
1266
1256
1349
121B
106A
11A4
10DD
10F0
1052
0B27
0D21
0100
0E8A
0A2B
0C97
0678
05FB
053B
0642
0A7C
0F14
11A1
1288
129F
0FB5
0D46
0DB6
0D02
0C00
0D15
0FA6
112C
0F5C
0EE8
1297
13F8
134D
126E
0B53
0B4A
0F19
0A1F
0C06
0000
0958
0619
0F85
0F99
10E9
12B5
13F5
15BC
181C
1963
19ED
1A25
187C
16FD
1A82
1DC1
1CF6
1C6B
1C65
1A29
170D
192B
1E00
1D44
1B5F
1AE2
1345
0FAB
1865
122E
1164
0000
0B5D
0918
1195
11F5
16D5
1C1C
1E10
1D83
1C92
1B0A
1AB3
1BAC
1BF4
1BE8
1FDC
230B
222D
20C9
1F40
1CBF
1B4C
1C2A
1CFD
1958
16A8
16D7
1552
1830
1B0C
0E3D
10BD
0000
0DF1
0CF1
1551
166E
1C16
1F24
1E06
1CE8
1B63
18E9
189D
1997
1B43
1D45
1F48
2098
20C5
20B1
1EFE
1D5F
1CB0
1A93
170C
1481
1393
120A
13C8
1D8A
1C38
0F83
1729
0000
0EA7
0C5F
1642
16B5
17AF
15CF
141E
14FC
1716
18F5
1A61
1AA1
19A7
195C
1ACE
1AB0
17EE
1679
179E
1919
16D2
1384
12ED
1500
148B
10B0
0F67
14E4
1AAC
162A
1DB7
0000
0ED9
0B9D
1589
1323
0F1A
0D01
0F95
12F7
18E7
1FDA
23E7
23EC
1D7C
1760
1719
1635
1213
122B
16A5
180D
1549
1459
19E7
1DF9
1A6C
14F8
10B8
0E20
18A7
187D
1EE9
0000
0E89
0C56
13B8
0F0A
0E5C
0FF5
118A
12B3
1807
1F65
2444
2588
2163
1BD3
16F7
136D
130A
16A0
1A02
1A8B
1A07
1B72
207D
238A
2039
1C56
18A2
13DE
15E3
10EC
1A5A
0000
0DD1
0B59
112A
0D58
12F2
171F
14B0
140A
16AD
187E
1AD7
1DFD
20FB
208E
1B78
18A3
18FC
18A3
187C
1BD1
1E09
1D2E
1EB3
214B
2183
20E7
1C66
1576
10D3
0A0B
1689
0000
0CDB
0910
1162
10DE
1475
178F
19B5
1C47
1B2E
174C
16B5
1819
1B76
1EFB
20B4
22BB
1FA4
19EA
199C
1D9B
1F79
1CE3
1C7A
1DC4
1E92
1EBF
1A0D
1265
12B8
0DAB
1777
0000
0C9C
094D
1419
1516
14FF
16AB
1D83
20EE
1C1E
193C
1818
1352
14CC
1C73
24A8
2975
2409
1E59
1D39
1BEF
1C13
1D06
1C74
1AD4
19D6
188C
160E
139E
1873
125E
1769
0000
0EDA
0CB1
15DA
14EE
16A9
18AA
19C5
18F1
18F8
1D89
1D72
177A
1728
1C0E
2262
2592
21FA
1FB0
1D1D
1812
1780
1BBB
1DFD
1CCF
19AB
15D6
137A
12AC
1441
0E25
1451
0000
111F
0E4B
1643
1452
162F
166F
1306
11DC
180E
1F75
22BB
2539
2212
1ACD
195E
1A32
1A26
1D06
1C91
19EA
1A03
1D7B
21F2
225A
1E80
195F
1588
10CA
0E85
0A49
1417
0000
1106
0D26
15E8
152A
15E0
14A1
148E
163E
17A9
1854
1E1E
2804
282A
204A
19C9
161D
18D3
1DAB
1D30
1D21
1FCB
2116
221C
2273
2179
1E41
1A54
13A2
10D9
0CC9
15E4
0000
0FF4
0C53
147F
139A
169B
182A
1B02
1CAB
170D
113B
1589
1DB3
23B6
273E
21E4
1AB3
1D53
1F30
1AAF
1AF8
1EBF
1D0E
1BD6
1ED5
221C
207D
1BFB
166A
133D
0C51
13C3
0000
0F9D
0B50
13CB
123C
1559
18AC
1CCF
1E9D
19A8
1492
1401
13AA
187D
2262
245A
20C3
2033
1C64
1737
17CA
17C4
160E
19CE
205B
2399
210E
1C74
16DA
10B2
0780
0F84
0000
0EEC
0A88
148E
12FB
1333
151D
1B5B
1E39
1CD3
1C06
1738
0F6A
10C5
1ACB
2110
21FE
1F92
19E8
16D3
15EB
1371
16ED
1FFB
2404
22A2
2092
1E4A
1738
0EE7
05EA
0E9A
0000
0ED2
0B94
1544
1328
129F
1403
191D
1B5D
1C64
1ED1
1A8C
12ED
1355
16F1
16D4
18CB
1CA2
1CBA
1962
15F6
1544
1ADD
1F77
1DF9
1C28
1BED
1CE7
190B
12B4
0A7F
129A
0000
0F99
0D07
1620
1315
1293
1418
16C5
175D
1A55
1F20
1DB8
19A0
174C
128E
0E05
116B
1AF5
204B
1EDB
1BFA
1AE9
1AF8
188C
16F7
1864
1726
19E3
1D07
19EA
11A9
178E
0000
0FA4
0CB6
155A
11F3
1139
1333
155E
1604
1AAB
1E4E
1CEA
1C6F
1B01
14CC
1093
13F7
1A0F
1D0E
1F2C
2008
1BEE
1754
1898
1CAE
1E0D
1A76
1B08
1CEA
1B45
13BE
1703
0000
0FE3
0CCE
1487
102F
10F0
144E
1671
1767
1AEF
1B43
19A6
1D1F
1FB1
1B94
16AB
16BA
172D
16F7
1B27
1F40
1AE8
170F
1D82
236B
23A2
22A3
1FA8
177E
13AB
0CD4
1082
0000
10C6
0DC1
161D
1164
12DA
1650
17A1
18D6
1ADD
18BF
18A9
1D62
1EB7
1B71
1903
1831
15D3
1688
1D1B
210E
1DB8
1BCA
1DE3
1DFD
1FA5
2459
22EA
17FD
0F9E
063E
0B88
0000
1207
0FE4
19B9
14E7
1490
15B8
15D0
1809
1A62
188F
19DD
1DC5
1BC2
1852
1A72
1C63
19F6
1BCF
22FD
238E
1EA7
1D58
1B4A
16F5
18BB
1E48
1F72
1A20
1287
0846
0DF1
0000
142D
12E4
1D15
186F
1645
1455
13BF
16D7
18E2
1841
1B8E
1E78
1ADB
18C5
1B8A
1D90
1C5B
1F34
2475
231F
1F42
1F11
1E0A
1A60
191F
1841
174D
15F4
14F5
0DFF
12E4
0000
1607
124F
1B7F
1882
1656
1234
11DB
1642
179A
17C6
1C7B
1D59
19EF
1AA6
1D49
1C1D
1A39
1DA0
211E
2097
2137
22D4
20D6
1D04
18E2
12EA
113D
13A4
16A0
10B5
1407
0000
152F
0E4D
17D6
1577
14BD
1130
10B3
14C9
16E8
18DE
1CA0
1C0F
1AA0
1CA4
1E7C
1D89
1B27
1C29
1F76
200A
2051
1EB7
1B27
1928
15E5
118D
1269
1556
1544
0E3A
11F9
0000
0965
0000
0B7B
0A91
0B9D
0B05
0AD3
0B77
0D4F
1133
141C
1375
1408
1595
14C6
14AB
1498
145B
1596
1689
134C
0C02
09D6
0CBC
0EEE
108D
1139
0ABE
0A19
0714
09AB
00C3
13B8
0F99
1FB5
1F14
212A
2261
226C
20C9
1F6E
21BD
24A9
24D4
249A
23EA
2207
2177
20B2
1F84
205B
2219
1FA0
1971
17F1
1B74
2163
2747
26C2
19A3
14A8
0EA2
136C
0000
0B50
0879
16C9
1765
181A
1A26
1A01
1780
15A4
178F
1B0C
1C7E
1B45
192E
1861
18DF
1686
13E4
143B
1509
15D0
165E
156D
1541
17BC
19C2
1894
1708
11ED
0CCA
13F8
0000
0D30
0A9A
154F
1252
1189
11BF
1094
0D7D
0B90
0C79
0E2D
0F79
0FF1
0FAA
0ECF
0DCE
0C5E
0B63
0B7C
0B69
0D1A
10B3
131F
138A
11B6
0E8D
0CD4
0959
09D5
098F
0AE2
1B21
0FB0
0984
05B2
0000
0035
02CE
041E
0531
0595
07A2
0986
09EA
0680
03CF
02BA
0000
0000
0000
03CF
0A96
0943
012C
0000
0000
0902
1027
0608
0000
0000
0000
0000
1853
0B20
069B
05A2
000F
0105
03F9
062D
07ED
08A9
09EA
09C7
0847
060F
05BA
04AA
0189
00D4
02CB
05B6
0948
07DE
015D
0000
0535
0B54
0A69
025F
00DF
04FA
0000
0000
1F66
0B34
0315
0000
0000
0015
06CB
0B62
0D30
0D37
0B4D
08BA
05E7
03B1
02DB
0188
00E4
020E
0327
0529
0927
09C5
03A2
0000
0328
0747
0818
04AF
0043
0000
0000
0000
21BE
0937
0472
02EB
026A
07E5
0CCF
0C06
0913
06B8
0488
045E
0550
05BE
0639
05EB
04B8
018F
0000
02BF
0A6B
0C6F
0578
0000
0000
01FF
0BB9
0E71
0796
00CE
0000
0000
22F7
0425
044D
0638
09E0
0EA6
1074
0CFD
06DA
0273
008A
015C
04E6
078E
0819
04C9
0220
0013
0000
0344
0942
08EE
034F
0000
0000
0000
0A07
1113
0ADD
015D
0000
0000
22C3
01B8
03DA
0A9C
0E7B
0C8F
0A7D
0ADC
096A
05E6
02ED
0253
05F4
092D
0700
00C7
0000
0000
02A1
0511
0729
062B
0386
0000
0000
0000
08DB
1128
0BF1
0B16
0000
0000
2278
01FA
05C6
0CAE
0E27
0A11
061B
07EC
0999
0824
0540
041C
0748
0A60
0629
0000
0000
0000
0633
0522
0465
0581
0351
0000
0000
0000
0758
1138
11E2
118E
0000
0000
2222
0396
080D
0A5A
08DE
0908
0840
0806
0914
081C
0577
059E
0909
0A06
01E2
0000
0000
02A0
08F6
0347
0079
0651
06BC
0000
0000
0000
0875
12E6
1464
0D40
0000
0000
235E
040D
079B
090E
06BA
068D
07D7
0A1C
0C91
0A95
0708
0698
0718
04E5
0000
0000
0000
05F6
0A0B
0553
01CD
05C4
0557
0000
0000
000D
0A77
11A1
0C96
0ACA
0000
0000
2457
02B7
05BE
0AAF
0941
05D0
07FC
0E84
107C
0AF0
0569
02B2
00AE
0000
0000
0000
044D
0821
071A
07AC
086A
0400
0000
0000
0000
0261
07C5
0BAE
0612
122E
0000
0000
2409
02F9
0644
09C4
07A6
0704
0C28
1171
1038
0AFD
0562
0000
0000
0000
0000
0000
087F
0C5B
084C
0603
08B6
0528
0000
0000
0000
0000
05CE
0950
06E9
14B9
0000
0000
248C
0623
096D
0776
036E
0801
0D63
0C8C
0B37
0D86
0BE7
0281
0000
0000
0000
0000
0190
0D0E
0DA9
02D0
01C9
0732
0348
0000
0000
0000
066F
09D1
0A93
111F
0000
0000
267C
07CF
09E0
08A3
05A0
0788
07F9
07AF
094C
0C3D
0CCB
07E2
00F8
0000
0000
0000
0000
0A07
0BB4
0086
0022
083E
06CE
0000
0000
0000
041A
0716
0A4E
1126
0000
0000
2865
0695
0738
0B53
0B3E
0502
0073
0861
0D96
075F
058E
0C1E
0BB0
0163
0000
0000
01A9
0842
07F9
0534
078D
0838
02DC
0000
0000
0000
005C
04F6
077B
11EF
0000
0000
2912
0523
062B
0BEB
0BEF
0534
016C
0855
0AF0
04DC
0455
0BBF
0F54
0547
0000
0000
0000
05C0
092C
0BF6
0B93
057B
000E
0000
0000
0000
0000
04FE
060D
0ECC
0000
0000
27E4
03A0
069C
0AEA
09FE
099A
09C9
053B
0000
0481
0983
0659
066C
08D8
056D
0000
0000
0000
0590
08B7
076D
0394
0379
0357
00A4
0000
0000
019E
023C
0852
0000
0000
2693
0202
0553
0A05
0B8F
0CFB
0B1E
0251
0000
073D
0807
0000
004F
0AF0
0F4B
05F6
0000
0000
0000
01A1
04E0
074F
0935
088D
067A
003F
0000
0000
0000
0647
0000
0000
2528
00C8
04CA
0A6C
0EB7
0E0F
07FA
01E7
03C1
0855
0369
0000
0000
07A5
0E47
06D2
0000
0000
0000
011B
05F3
0C8A
0E13
0635
0000
0000
0000
0000
0000
0B0B
0000
0000
253C
0000
041F
0AB1
10D1
0FE7
07BC
0130
026E
06B4
05FD
00F1
0000
0000
0A7B
0BA6
0343
0000
0000
0275
09D6
0D8C
0E4B
06DF
0000
0000
0000
0000
0000
0F18
0000
0000
2718
0000
01AC
096A
11F0
112F
0760
003E
0254
07E0
085E
0241
0000
0000
0609
1126
0D5A
0000
0000
0180
0F1D
0B77
0988
0BA1
08A6
0000
0000
0000
0000
1063
0000
0000
2732
0103
01CE
07EB
0ED4
0FFE
0A7B
03C3
0252
050F
05EE
0385
0000
0000
0206
10D3
104D
0000
0000
011D
0DD6
0B33
0998
0BD0
0A9F
0079
0000
0000
0000
108B
0000
0000
2517
028A
04D7
0688
09B7
0FAC
10CF
077C
0000
0000
03CA
0731
02B3
0000
0037
0CBE
0BD9
0000
0000
022F
0727
0CB8
0D44
0518
01D5
0357
0000
0000
0000
0CD4
0000
0000
256A
03F8
0712
05E9
0618
0D7E
1258
0ACE
0115
0000
0062
06B6
0658
0000
0000
0822
0A5B
056E
0314
0229
0674
0DD3
0B28
0006
0000
0426
0000
0000
0000
0901
0000
0000
29DE
06B3
08B2
063D
01FD
074C
0F14
0DDA
0595
0000
0000
0582
0530
0000
0000
068F
0AA7
08C3
049A
0175
0666
0C91
0937
0318
029E
0000
0000
0000
0000
0C9C
0000
0000
2F8D
076C
0859
06A9
0000
01D1
09EA
0DC5
09AC
0195
0000
03FE
03E2
0203
014E
0481
096E
0B01
07B7
01F7
02B8
096F
0B9E
06A4
0000
0000
0000
0000
0000
0FA2
0000
0000
33C5
046F
0230
0488
0000
0000
052E
0D09
0F7F
0705
000A
0127
03A8
04E4
01AA
01AF
087C
0C81
0971
0333
0243
079C
09AC
009C
0000
0000
0000
0000
04E5
0E21
0000
0000
3463
023D
0000
0112
00EA
0000
0248
0AE5
11DD
0BF7
025D
0000
018A
04AB
03DC
020C
0629
0C5F
0CF7
0507
00D0
0367
031F
0000
0000
0000
0000
0326
07B1
0FCD
0000
0000
2F6C
002F
0000
0165
027A
0163
00A5
0709
0FD8
0E72
0605
0000
0042
0468
03AE
0000
034F
0DD8
1040
03F0
0000
0000
0000
0000
0000
0000
00E8
021A
0388
1009
0000
0000
2B6B
0000
0000
0382
05F2
053D
02A3
05E4
0C8C
0F2F
0A09
0132
001B
0522
0385
0000
02E3
0E2C
0F34
027E
0000
0000
0000
0000
0179
04C1
0524
03DD
0000
0C56
0000
0000
2D28
0000
0147
03F4
06EF
0579
01AF
01F7
060A
0CD2
0BAA
0000
0000
0280
0325
0000
025A
0BAE
0A01
0021
0000
0000
0000
0000
0590
04E6
01AA
034E
038B
0DB7
0000
0000
2AD3
029D
0140
03F6
0534
0301
0114
00A0
02D7
0945
09EE
0047
0000
013D
015D
0000
0365
09D3
06EA
0000
0000
0000
0236
048F
0639
03A6
0000
0098
048A
0D1D
0000
0000
1BF9
0211
05A8
042E
0446
02F9
0242
01A0
028B
05B5
062A
0264
010C
008F
0000
004F
0616
06E4
01CA
0000
0028
0190
0420
0401
02E3
0481
0330
0022
0476
0A62
0000
0000
06FE
0C50
1602
1A86
160D
134B
1029
0E68
0DDF
0D14
0DE7
1051
13F7
16B3
1835
1934
1914
16CC
127A
0EB6
0F6D
1452
16BA
12E0
0E68
0D50
1204
1741
11A7
1543
0DCD
0CA4
0000
000C
071D
0EEC
0AFF
0903
069A
039E
021C
02B3
0322
0410
05FB
07C7
0899
08E2
0AF7
0D03
0B59
07C1
06B2
0791
09D2
0AF6
08D6
05D2
0920
0E20
08E7
0D61
09F9
0DEA
0561
0726
0A98
0DDA
0BCF
0AAF
0B0D
0B83
0C51
1029
11C2
1029
0E20
0D38
0B27
0837
0A6B
1045
1303
1122
0DF0
0A97
0B4B
1265
15AB
0EBA
0B17
0ED8
0A7C
0CDF
08BA
0EB8
01AD
0513
091B
0A34
0996
0A50
0D92
1167
1220
1348
129C
0E8D
0A89
0A9E
0B2F
09B1
0A18
0D5D
1002
0FBF
0EA9
0B49
0883
0F94
156A
0C1F
02F6
07A1
0B7A
13E1
0C72
0EB1
0000
048C
05BD
0396
0500
07AF
0E9C
15A7
1660
149C
1214
0E01
09C4
0AA5
0CF7
0E28
0EBC
0D75
0B77
0BD3
0ECF
0FED
0D5D
0F35
1211
0BE7
03DC
05D2
061C
1477
1033
0EAA
0000
03E6
0461
01FA
022A
03A4
072C
0A64
0B18
0C19
0DBD
0CFD
0A19
0A3C
0BC7
0D58
0CDB
0976
053A
0464
08D3
0BB6
09C6
0928
0CCB
0F14
09DE
02EC
0000
0FD0
11CE
1280
0000
04B9
0763
069C
0846
07EC
0572
02C6
0171
037E
0754
09AA
0A36
0AF6
0D19
0ED5
0CAA
0953
0654
03EC
04F6
07C0
050D
0159
0523
0E3B
0F07
0402
0000
0B4D
1215
139B
0000
0432
082B
068F
08BD
0975
06CB
050B
0407
0241
028F
061B
08EF
0AC4
0CB5
0E41
0BB9
08D8
08B2
07E7
0712
08D6
078E
01B6
00C3
07FC
0F28
0C75
01B7
0A88
0BE5
0B9A
0000
03CE
0815
03E5
03A3
04D5
054B
0700
0925
07BD
066B
0980
0BC0
0AD5
08A3
07BF
0719
0590
08DC
0BA6
0AED
0C77
0D26
08D1
0234
00FB
0992
11A5
0CB4
0EC2
06AA
04CE
0000
0329
081F
0472
035B
03BC
047F
05AF
0A33
0F1B
0FF2
0F60
0E66
0ACE
0599
050A
0755
081F
0C42
0FD6
0F55
1100
132E
10F2
084F
001B
01DC
0950
09C6
1243
0BB8
088C
0000
02DF
06F8
05B3
05A7
04EC
03C2
0284
06D3
0EE9
1377
11BF
0F57
0D1A
0779
0565
084E
08CF
0AD6
0E23
10BF
1177
1253
1444
1050
0696
0000
0000
0000
0CC0
112C
0E76
0000
04C4
08D1
07FB
082F
07F6
0669
02D7
014B
0394
0A31
0FD8
13BE
14D0
0F93
09BA
074A
05CB
0567
07BD
0B80
0A25
098A
1035
13B6
0D3A
0400
0000
0000
03FD
0BA0
0AAB
0000
0496
0A04
0A38
0A9D
0BB8
0C63
0934
0152
0000
0000
0619
100A
16F6
187A
1429
0C91
083E
0690
05E3
065E
050D
0685
0D28
1178
0F11
0A3F
075F
03BF
025E
03D5
02DF
0000
02B0
0793
092C
09CD
096D
0B91
0E12
09CB
01FB
0000
0000
0293
0DDB
17EA
18B3
1062
0A4A
083E
0960
0A53
0A10
0C26
0E00
0E44
0C2B
0A58
0A32
0861
0831
055C
0184
0000
032A
05AE
06BA
07B0
0554
059C
0BEB
10BB
0EE0
042E
0000
0000
02DD
0AE0
106A
102C
0BA5
0710
0A55
0EC2
0EB6
0E7B
0D13
0BB2
0A20
09BA
0ABB
08F1
0E9A
0B5F
036F
0000
0538
06A6
03D2
05DC
06C6
05C6
05CE
0BD9
12EC
0D7D
03D9
0000
0000
0000
06EC
1132
11C1
0A3A
0791
0841
087E
099B
0985
0ABC
0E9D
10C2
0F11
090D
1034
0C71
0311
0000
060D
08C9
0198
0292
090B
0B26
040F
02EE
0D74
12CB
0EA7
0526
0000
0000
0038
0CAE
1326
103F
08E8
01E7
0144
0489
064C
0A19
119E
14AE
1090
07F9
0F23
09C4
030E
0000
0490
096F
01A3
0068
075E
0E7A
097D
01D6
0429
0DA3
1368
0E18
0540
0000
0000
00D8
091F
0F6E
0DFF
059A
0354
064F
0782
08C9
0BBA
0CC4
0A8E
040C
0CBC
09A8
0681
0000
02D7
07E0
0310
0242
043F
0AAE
0E94
094B
0004
027C
0F6A
14BF
0FF4
0771
004D
0000
0000
0938
0DEC
0943
073C
0A8E
0BBA
0A18
0861
07F7
077D
0218
096D
09AE
0993
0000
033C
0753
0461
0494
0175
0390
0DBF
1138
0595
0000
08A0
1258
10F9
0CED
0BC6
0705
0339
06CE
09DA
0799
05D0
0777
0990
0B53
0D84
0F52
0CFF
05D0
08FC
0936
0940
0000
0470
077F
05CE
068B
00AB
0000
08DD
12B7
0D7F
0461
0520
0948
0959
0B93
11CE
11A6
0CDF
09AB
0851
08FD
06C0
025C
02EA
0812
0D51
10FA
1055
0C89
0CF8
09C8
07CD
0000
03E3
06B0
0677
089C
03E7
0000
042E
0FD1
1127
0A7A
05E3
0549
0784
0A93
0C80
0E56
113C
0ECD
0997
0CB4
0F14
083D
0316
043C
0615
0923
0E33
106C
0E8F
07CB
04BD
0000
01ED
067A
06D3
0837
07CD
03C2
026A
090C
1031
0FFD
09E8
0632
0B21
0D48
0578
03D1
0DBC
10DA
098F
0AE0
1288
10B0
0A6F
0685
0500
0707
0C5D
0D41
0C2B
05D9
0353
0000
01E3
07A5
0966
0907
0A0D
07BE
0184
01C2
0BF4
12EF
0C4C
0503
0BFF
10BC
063C
0022
08C8
0EB4
08F0
0650
0A6F
0D60
1061
1024
0C2D
0829
0644
0475
09E2
08D2
078D
0000
0370
0936
0BE2
0A11
0A7D
08C7
0194
0000
068E
10DC
0CFE
05C8
0A8B
0F5F
0A2B
0541
06F4
0A0A
091A
06BE
03D8
04D7
0F83
1711
129E
07DE
0001
0000
0888
0C09
0C03
0000
0696
09EA
0927
063C
07E6
08CE
036E
0000
016B
0C4D
0DDB
08C2
080D
0A1C
0B5C
0A96
05C0
03E4
08FD
0C92
0865
0342
0798
0F28
0F30
083F
02D9
0128
0A39
0C0C
0A6B
008D
0A90
0BA8
0636
0383
04F7
0713
0536
0000
0000
04E2
0AE3
0B59
0623
0419
0977
0BBF
03C5
0000
0744
1062
1077
09D3
039C
015E
0452
07A8
0841
06F1
0D9C
0AC5
06C4
0000
099E
0C3B
05BF
04BB
04E1
0620
0738
042C
0000
0000
05D6
0CA0
078F
0124
048F
08CA
037E
0000
024B
0AC6
0E8B
0D12
0662
0000
0000
06E7
097E
06CD
0D59
08FE
059A
0000
0000
03A8
00CD
0467
04D5
0677
0911
07F0
01A5
0000
01ED
0ACD
08CB
0298
0227
0473
045E
0143
0000
0119
0456
07AE
06B9
01E1
0199
06FB
0909
066E
0B8A
0C8F
0AF8
0000
0000
04F9
0000
05A1
059A
0554
0735
080E
048C
0000
0000
03C6
04F2
0233
0051
0000
01B7
0328
01D5
0000
0000
00CD
0555
05CA
04E5
0697
0757
0423
07FD
0C0C
0B19
0000
011F
03C9
0000
0534
0436
02BE
027B
03FD
04CB
00D2
0000
0000
0000
0034
0000
0000
0000
012E
0181
0000
0000
0000
030E
0715
0545
024D
0278
05E1
0581
0C15
0639
0000
0000
0000
0000
0000
0000
0000
0000
0000
0000
0000
0000
0000
0000
0000
0000
0000
0000
0000
0000
0000
0000
0000
0000
0000
0000
0000
0000
023D
0000
01BF
014B
0A17
082B
0603
081C
03E0
058A
059D
0597
067E
0604
066F
0954
09EE
07A9
07D0
0A59
0885
0291
02AB
075F
087C
09A9
08D6
001F
0000
0BCF
0E05
03CA
006A
0902
0C90
0000
0ACC
05F5
0502
07FD
0722
07AC
0756
0815
094F
0A6A
0C18
0CB2
0AE0
097B
0A0F
08D7
062F
0735
0AB6
0A1B
062C
04D1
050B
0529
0A38
0CDB
0507
0000
0656
0710
0596
0000
08A7
0479
01C3
015C
00D3
0000
00A1
0358
0470
076A
08DA
0711
0467
0520
04BA
0000
0000
05C3
07E3
0299
0000
000E
0428
0AD2
0CD8
01B8
0000
01CC
0C28
0000
0000
0000
0836
0226
0000
0094
028F
048D
069F
0750
06C7
0852
068F
0263
0291
0780
07A5
0258
0523
0C03
09C4
04A1
03D1
0411
0A37
1498
0E54
0000
0000
0F16
1448
0000
0000
0185
00B0
0000
0000
0000
0303
064C
0624
03A4
02BF
0203
0000
0000
0000
005B
0182
0000
00BD
04F7
020E
02A2
03C7
0000
0000
0AC8
01C7
0000
0000
0A05
06F8
0000
0000
0654
0155
0000
0000
089B
0D46
0A5D
0633
04C7
05DB
0558
02EA
0087
0178
0577
04F4
0050
0018
03A8
06A3
0BBF
07F5
0000
0000
08EA
034D
0000
0079
0000
0000
0000
0B18
0622
01D4
02A4
0343
0D4B
0B0D
03B4
00C8
0197
0270
0135
027E
04D7
045A
0451
0235
0000
0000
0000
05FA
0768
0000
0000
0000
0178
0000
03B9
02F1
0000
0000
0000
0EA8
004F
0198
0A07
08D7
075D
0105
0000
0000
0109
00D5
0000
012A
0727
06BB
00DF
0000
0000
0000
0180
0401
0000
0000
0000
0000
0000
0000
0CC7
0682
0000
0000
0000
02A5
0000
0239
0C47
03DB
0000
0000
0000
0000
0000
0000
0000
0000
057C
0304
0000
0000
0000
0000
0000
0000
0000
0000
0000
0000
0000
0000
1493
083E
0000
0000
0000
0000
0445
03BA
09C4
0000
0000
0000
0000
0000
0000
0000
0000
0000
015A
0000
0000
0000
0000
027E
0000
0000
0000
0000
0000
0000
0000
0000
0EB8
0000
0000
0000
0000
0000
0BE5
02BC
0553
0000
0000
0000
0000
0128
0137
0000
0000
0000
0000
0000
0000
0000
0919
040B
0000
0000
045D
0258
0000
0000
0000
0669
0390
0000
0000
0000
0000
00AC
0BE8
00C7
032F
0000
0000
0000
0650
070D
0000
0000
0000
0000
0000
0000
0000
0196
0689
0000
0000
0830
0AF7
0000
0000
0000
0A77
079D
0000
0000
0000
051C
0000
0000
09E9
02F0
0467
0000
0000
02D0
09BB
0331
0000
0000
0000
0000
0000
0000
0371
059B
0000
0000
0025
08F7
027C
0000
0000
0000
072F
0000
0000
0000
0289
0426
0000
0000
0C02
0646
042B
0000
0216
07B7
039E
0000
0000
0505
0000
0000
0000
053B
07DE
02E9
0000
0000
0000
0000
0000
0000
0000
0000
0000
0000
0000
0000
0074
0000
0000
0000
11A6
0740
02B4
0000
033D
0521
0000
0000
0505
04D8
0000
0000
019F
0435
0000
0000
0000
0079
0000
0000
0000
041C
0000
0000
0000
0000
0000
0000
0000
0000
0000
0000
13D1
0583
0203
0000
01B6
0000
0000
011A
04A0
0000
0000
04FF
00BE
0000
0000
0000
0839
05CC
0000
0000
0379
0028
0000
0000
0000
0178
010A
0000
0000
0000
0000
0000
0EAC
026E
02E7
0000
0000
0000
0000
0843
0000
0000
02F5
0BA9
0000
0000
0000
033A
0BCE
04F5
0000
0000
01DA
0000
0000
0000
0000
0000
02BC
0160
0000
0000
0000
0000
0AEA
001C
06BA
0000
0000
0000
06E4
062B
0000
0000
08C9
04B0
0000
0000
0000
0000
0091
0000
0000
0342
0000
0000
0000
04AD
0000
0000
02FC
02A9
0000
0000
0000
0577
0A11
0040
097F
0000
0000
0000
06F8
0000
0000
0000
0541
0000
0000
018A
0000
0000
0000
0000
01D9
0000
0000
0000
093F
02CA
0000
0000
00C0
0000
0000
0000
0000
063D
0695
0247
0968
0000
0000
0000
0000
0000
0000
053D
0000
0000
0194
0882
0000
0000
0000
0093
0000
0000
0000
067E
0462
0000
0000
0000
0000
0000
0000
0000
0000
0000
041D
02F7
074F
0000
018C
0000
0000
0000
0A63
0849
0000
0000
0923
097F
0000
0000
0000
00F6
0000
0000
02D3
0712
0000
0000
0000
0000
0000
0000
0000
0175
0000
0000
0852
00F9
0553
0031
0505
0000
0000
0000
0FA9
0530
0000
0000
086D
0438
0000
0000
0000
0000
0000
003A
067B
0000
0000
0000
0000
0000
0000
0000
084B
042A
0000
0000
0D7A
0000
04F7
0157
04CF
0000
0000
0000
0AC5
0000
0000
0000
0110
0000
031A
04D8
0000
0000
0000
0C93
02D8
0000
0000
0611
0000
0000
0000
0090
05F7
0094
0000
0000
0F78
01BF
0616
0000
02E1
0000
0000
0000
0000
0000
0000
0522
0000
0000
0C64
0A8D
0000
0000
0CB5
1033
0000
0000
041E
04E1
0000
0000
0000
0000
0000
0000
0000
0000
0FB9
07C3
0757
0000
01F3
020B
0103
0000
0000
0000
0B88
07C2
0000
0000
10BB
09DD
0000
0000
1114
0A02
0000
0000
04EB
0000
0000
0000
0000
0000
0000
005A
0000
0000
0C3D
0D12
0414
0000
00A8
0362
04D3
0000
0000
0000
0FAC
0488
0000
0000
0E65
033C
0000
0000
075E
0000
0000
056A
0000
0000
0000
0000
0000
0000
0537
0284
0000
0000
0889
0A9B
0000
0000
0000
012A
02A6
0000
0000
0000
0A94
0000
0000
0000
0634
0000
0000
0432
0000
0000
08CC
08D2
0000
0000
0000
0000
0000
0074
0549
0000
0000
0000
09F9
0106
0000
0000
0000
0000
018C
0000
0000
0000
0000
0000
0038
06A9
0000
0000
08FE
05EE
0000
0000
0D13
0328
0000
0000
0000
0000
0080
07EE
0000
0000
0000
011D
0BF8
0000
009A
0000
0000
0000
00C2
00C8
0000
0000
0000
0000
0B04
0615
0000
0000
0F8F
0324
0000
0000
0635
0000
0000
0000
0000
0000
08F2
0469
0000
0000
0000
03FE
0957
0000
045C
0000
0000
0000
007A
01C6
0345
0000
0000
0000
0B9C
0000
0000
0000
0D94
0000
0000
0000
0000
0000
0000
0000
0000
0149
04A2
0000
0000
0000
0000
01DB
06A9
0000
05F5
0000
0000
0000
0000
0000
0000
0000
0000
0000
0000
0000
0000
0000
0000
0000
0000
0000
0000
0000
0000
0000
0000
0000
0000
0000
0000
0000
0000
0000
0000
04E6
13DD
0D03
0AD3
121F
1178
1373
1675
1075
0923
0BD1
0CF3
07EE
0822
0CB9
0CCC
0805
047D
0268
01E0
0784
0CD5
0F8D
1280
0DFA
070D
0D2F
1601
16F9
0000
0000
1236
0709
0863
0519
083B
0D37
0F19
0DFE
0BA9
0A95
0ABA
0CA4
0F36
0F2D
0ED6
1012
0FFD
0CE5
0B65
0FEE
12CA
0EC0
0BAC
09E9
070C
0B6B
1268
0E14
09DB
0F04
0C48
0AA8
0008
01A4
05C9
0000
0000
023B
02E4
0382
0476
046D
03AE
043E
04D4
02BB
028C
03F0
0348
0000
0000
04B0
0560
02A0
037E
02E5
0024
0358
04A4
0000
0000
098C
06D1
032A
0000
00FD
0611
0000
0000
0244
025B
03FA
089B
0AD3
0A55
09EA
08B5
0592
0589
0835
08E3
0643
06AD
0A3A
08B0
0719
0A10
09EC
097B
0EB2
0AE1
0000
0080
0E07
0DF1
0F00
0000
0714
0C69
02FF
0000
05D9
06CA
0750
0A56
0D15
0EF3
0FAB
0E83
0BFF
0BE7
0CEB
0B5C
08A5
0890
0BD3
0C4F
0C37
0E74
0AE5
09B9
1102
0EB3
0567
0776
0882
00AC
0DD5
0000
0301
07D2
03EE
03BD
0B9D
0F51
0C67
098D
0951
0BB8
0DB5
0E10
0DD2
0F7D
0FF6
0DF6
0AC4
0A43
0DE2
0F2E
0DCA
0D0C
08C2
07CD
0DFC
0F49
0E54
0EA4
0227
0000
0BFE
0000
01BD
0657
0594
07E8
0C2B
0D1D
0C3C
0C78
0B54
0B16
0B2B
0ACE
0D00
105C
1054
0E3E
0C95
0C3E
0F43
1066
0E07
0B34
0980
0AC2
0A99
0A58
11FC
14D8
0347
0000
0D65
0000
004C
0627
09B2
0CAF
0B4D
08D0
0A7E
0F4D
1022
0D83
0B39
0931
0C88
11BA
1054
0D44
0DEF
0E55
0FE8
1103
0D47
09E7
0ADF
0C9E
07A3
03FF
0DA4
1614
0D45
04E2
0F53
0000
00A3
0848
0C33
0DDD
0CD2
0C44
0CBC
0E91
1074
10BC
1060
0DEE
0F72
11AC
0C43
0936
0EB5
126E
10DC
0E6E
0DA0
0FA6
0F50
0A49
065F
078B
0F9C
149F
0D4F
0473
0EFD
0000
0249
09FA
0A6C
0AB9
0C60
0D03
0B44
093C
0AE3
1046
1472
1392
120C
0DFC
04E6
01F6
0B5A
121C
0DF9
0882
0AA4
110A
0F1F
06F7
07EC
0E3B
115B
0F81
0438
0000
104E
0000
01B1
08E0
089D
09FB
0B9F
09E9
0B05
0BDE
0A3C
0C0E
1128
1493
13F5
0D86
0639
048A
0A10
0CC9
0BC3
0BFB
0C31
0D7A
0C04
0915
0C60
0F56
0E4F
0D7B
05C8
0305
11E7
0000
0000
06D6
081E
0A0D
0A7C
09C9
108F
1398
0CBE
06AC
0812
0F1D
132B
0FCA
0E4A
0D14
0A62
0963
0DF4
1313
1159
0D41
0B85
0C3A
0FC0
0F65
0D53
0ECD
0D63
08E0
0F40
0000
0043
07D0
0769
07EE
0AA0
0DA4
11BD
10A1
0DAD
0B0A
0628
06AC
0CC1
111F
1388
0EE8
0AEF
0C24
0D12
0D8A
0F32
0FB6
0CDF
0BE1
0FED
100E
0D5B
0E8C
0D49
05EE
0AAB
0000
0357
0A10
058B
0670
0E56
10AF
0CC8
0A95
1151
150E
0B8C
028A
04C5
0EAD
155A
1154
110B
1104
07D9
0431
0C7A
1212
0C82
0A3A
0F8E
0FC2
0CE4
0E3A
0B4A
031B
09CA
0000
03AD
09CA
0510
077E
0ED8
0E92
0C15
0F1F
13B3
1266
0EAF
09A3
03C7
0636
0ED9
1316
17F3
15FF
0995
069E
0EA9
1109
0960
0705
0D0A
0EEE
0E7D
1001
0D90
05E5
0CF8
0000
02B8
0949
0739
091C
0AC9
0A83
101C
13CC
0CF2
09FC
1534
17EE
0936
0000
039E
0C29
16B4
1885
118E
0F79
0FF8
0D84
0811
0596
0884
0B54
0E89
0FF7
0DE4
055A
0E81
0000
0295
08E8
08CD
0A28
0837
087B
109B
10D1
07E6
0B47
1A22
1AF6
0DFD
059A
0363
0735
0FEB
114B
0FEA
121B
0F52
0AE3
0B44
0C77
09C0
06D3
0AE0
0D66
09EE
012A
0E57
0000
022B
07C9
090C
0A88
08EB
0989
0EBF
0DBE
0A6B
0E21
11BD
1111
1309
130D
0BB4
08AB
0BE1
09C7
0A98
1052
0E68
0B4E
0E6C
130F
0F8B
08D0
0AFA
0C68
0691
0000
0F23
0000
0118
087E
0AB4
0A2A
0974
0C63
0E2F
0A58
0BA3
0ED0
0A0E
0A58
1662
18F9
0D2C
08C2
0D84
0DE5
0C82
0CCB
0DDA
1002
0E4D
0C9A
0CC4
0E12
0EFC
0AF2
049A
01DB
0F47
0000
0085
09A5
0B9E
098D
0A61
0EC4
0C26
0690
0D2A
11B4
08A8
0700
1357
145D
0954
08AA
1018
11BD
0D13
09D3
0F7F
14D3
0D78
04C7
065A
0EA0
1050
08ED
0450
0484
0D32
0000
0089
0893
0B18
0AAA
0BD8
0DD3
09AB
0870
1199
118C
054D
0500
100F
0FF1
0B1F
0E9D
0ED6
0A22
0A75
0D17
10F3
1372
1060
0CD8
08B0
0988
0C4E
0A44
0914
0725
0A8D
0000
00D9
07A4
0A82
0BC7
0CC7
0C7F
07F5
0AA1
139E
0F85
0554
0701
0D5D
0CE9
0FA8
1363
08C8
026A
0D0D
11EA
0BD6
0CEC
1512
16C6
0B92
03C9
069A
0B5E
0FE8
0B7E
0AF8
0000
0099
07F9
0964
0C26
0EBA
0CCB
073A
0AED
11CC
0DAC
0A09
0C55
0924
05D1
0FC2
1452
05D2
0277
1244
149D
08DC
0A08
13AF
13D7
0C54
0857
06BC
070E
0E30
0B79
0B6B
0000
010C
0879
05B5
0A58
10F9
0EA7
0907
0B4A
0D2A
0A60
0F14
11EC
06C6
0201
104F
1524
06BC
0533
1363
150B
0DBD
0C63
0C46
0D13
120A
13CD
09B7
01BE
07C0
071B
0AAE
0000
034B
0B5C
0502
0754
0FFE
0F8F
0B5B
0B8B
08C7
0891
122F
12C3
0668
0590
12C7
12A6
069C
07FA
105A
0F9A
1039
1205
0C57
0C77
12EA
11E0
07A4
02BD
0833
066A
0A6F
0000
04A7
0EB9
07E5
0713
0D86
0EF1
0E77
0CD7
0650
07DE
11DB
10B5
0810
0A05
1098
0D9B
0994
0D48
0D15
0926
0F8F
16C8
124D
0E64
0C1B
0772
05E8
07D5
0AEE
0699
0A2F
0000
03C3
0C0F
07AA
08DB
0C12
0D23
0FAD
0DE7
0687
088A
0EFC
0C52
09DD
0E11
0EED
0AEC
0DC9
1220
0D07
09DE
1034
1408
0F78
0C07
07CA
04AA
08C7
0BBE
0952
024A
08D7
0000
0165
0774
079F
0A9D
0B3F
0B02
0EFD
0EB0
09E6
0B60
0B89
07C3
0BA1
1182
0EDC
09AF
0EE8
13F2
0F2C
0D2C
1007
0F76
0BC0
0A12
0732
0575
09E7
0C9B
0869
0079
08A7
0000
0000
06AB
0961
09E5
0946
09BC
0E72
0F4A
0D2F
0DBB
0ABC
0816
0D25
0F60
0C04
0ACD
0FBF
1224
0DB8
0C9E
0DBF
0D45
0B99
093B
0738
0677
0888
0982
0869
04A1
0BA8
0000
0000
023D
08F2
0516
0590
06AB
0A2E
0AC2
0A84
0B72
0851
0721
0ABF
0990
070D
0965
0DFA
0DB4
08A8
087F
0929
065B
0352
032B
0628
078E
0588
0274
01A6
05C3
0C31
0000
0000
0000
061D
03C4
0378
04F4
06A2
079B
09CF
0A78
0648
04AD
07F5
07D9
0621
0773
0B8E
0C3F
069B
0513
067E
0485
012A
00F0
052F
0776
04E2
031D
0000
0120
0357
0000
001F
04C3
0C5B
0964
0815
08B1
098B
0AB5
0D83
0D9F
08F4
0755
0A80
0A18
06C9
0741
0C6B
0EAE
0860
0432
062D
0879
08F9
083A
080D
07C1
0791
094C
08BE
057A
018B
0000
0000
06CE
1041
0C31
0CFB
0CD6
0D73
0E6B
1141
1147
0D8A
0CC7
0E4B
0D2E
0AD6
0B53
0EDB
0FE8
0AC1
08D9
0BA4
0C80
0CBB
0C82
0B52
0BD0
0CB2
0CE1
0DCC
094D
03E0
0000
0B5B
0CC1
0D0B
0064
06D0
0AB0
0ED7
138B
1588
14BC
1414
1364
11F4
0F59
0ECA
1046
0F29
0DF8
12A5
1861
1A4D
182E
134B
11E2
175B
1BE3
1722
0BB2
0573
06B6
0000
0000
002C
03B5
0C06
0642
0FEC
15DB
1847
1A24
18B7
1528
143E
13CB
1313
1095
10E7
146B
1271
1043
1437
17D9
199E
17B5
0E75
08F2
0FBD
183A
159B
07AD
013E
0613
0000
0000
0000
0000
087E
068F
0E25
1388
121D
0D46
099E
07EB
0873
09C0
0A5A
0745
05AB
0874
0831
067D
0810
085D
0818
061D
0000
0000
0000
08F1
0A6C
0090
0000
0000
0000
0000
08B5
1171
1C6E
164B
1478
1778
1626
1088
1030
124B
157C
1AA8
1D68
1804
0F92
0DEF
0D8B
0886
085A
0B8C
0C61
0991
0160
0000
0159
0EEB
1715
11D5
038D
0000
0000
0000
0565
0AA1
127C
0CB9
08CD
08AD
0A61
08DE
076F
0655
0673
0AD8
0E2B
0959
0000
0083
0427
0000
0000
00B7
04C7
0000
0000
0000
0000
0120
1297
150B
0358
0000
0000
0000
0349
0390
0880
030D
0000
0000
0000
02DF
0317
0352
0242
0217
028C
0000
0000
0000
0000
0000
0000
0000
00E9
0000
0000
0000
0000
0000
0FDF
145F
0000
0000
0000
0000
01B4
0000
043B
0000
0000
0000
0000
0000
011C
047B
03FF
0000
0000
0000
0000
0000
0000
0038
0000
0000
0000
027C
02C1
03D6
0289
03EE
0CEA
0C69
0000
0000
0000
0000
0134
00CB
07D6
065B
046F
0A1B
0FC2
0E2D
093D
073E
030F
0000
0000
0000
0000
0000
06EA
0FB6
0D01
095C
0C69
0F00
0B7F
082C
07C5
0859
0C67
0DE5
05B4
0000
0000
0000
02B9
02D7
0964
0C46
0E51
136B
18DF
18E4
0F7B
0409
0000
0000
04AE
0B2B
0C3F
0D59
1396
1513
108A
11BC
14DD
113B
08EB
073E
0A97
0967
0C26
159A
0F0A
0000
0000
0000
07A1
070E
09D6
0DA9
0F5D
0D89
0F7C
14D1
1123
0816
041B
0431
06E3
0D00
0E4E
0FF7
13C4
0DE5
0619
0A01
0E6F
0836
0000
0000
04CC
025D
03EB
0F84
0C21
0398
0000
0000
0AB1
0A51
0C02
0CDC
0C8E
0950
0A05
0D4E
105C
1392
1020
04B9
0000
0646
0ABC
0C0A
1002
0DD2
060C
03CB
07D8
061A
0000
0000
0000
0000
0000
047A
04EF
0953
0000
0000
099F
0B59
0E65
0990
06E3
06CB
07ED
046B
06F3
1195
128F
0843
0100
0246
02E7
00F8
0650
0E12
0C4E
035A
039E
0890
01CC
0000
0000
032C
033B
017E
0000
046F
0000
0000
06AC
0AC4
0F9D
0826
04FA
04F5
0480
01C2
02CF
064E
0C79
1208
0BE1
0000
0000
0000
0000
0DCA
1103
04D1
0052
06ED
056D
0000
0000
082A
0C27
04C2
0000
0000
0000
0000
0223
058C
0C76
089B
08F7
074A
056B
0A5D
0B99
0000
0000
0A78
0B1A
0000
0000
0000
01F0
0DE2
0FCD
07B6
04AF
07C5
05AB
0000
0000
0641
0DED
0B32
036F
0605
0000
0000
0000
0029
0909
0B10
0BD6
064E
048F
0EFD
0FFC
0000
0000
0000
0734
06D8
0180
0000
0000
008E
02C9
0795
0C5D
0BD7
0789
0368
0000
0000
0495
09E0
0764
08A2
0000
0000
003D
0000
0A54
0D7F
09C3
01DB
00D5
091E
0B6D
04EF
0000
0000
0313
0770
0259
0000
0000
0000
0000
013B
0786
0A9E
099A
076B
0000
0000
0000
00E8
02B5
0236
0000
0000
001B
016A
0C34
0D8D
07E8
0366
01C0
017C
0611
0D3A
09C0
0000
0000
02AF
05FE
0000
0000
0000
00D0
0000
0000
0752
0A81
0476
0000
0000
0000
0000
02D8
014E
0000
0000
0081
01DA
0AE9
0D85
0BA1
0897
01F6
0000
04A6
0DBB
07EB
0000
0000
09A9
0E3A
0078
0000
0106
0CCC
0518
009A
0889
09DA
010E
0000
0000
0000
036C
0A3D
0995
0000
0000
0286
0115
07AD
0D93
105D
0C01
010B
0000
05CA
0A4F
04C1
01BB
0713
0F6E
1019
0294
0000
00CA
0EE1
1247
0FF0
0C55
08FA
06D4
019F
0000
0000
023D
0CA8
0DBC
0000
0000
0577
01B1
04BE
0A9F
119C
1043
056D
0000
0419
0885
05FA
00E9
0337
0D99
141A
0F25
0404
0000
0712
14EC
19A0
0FC7
0A88
1212
10F2
00CD
0000
0000
0385
06D4
0000
0000
0849
0500
055C
07E7
10E2
1393
0AC0
00BE
0000
0707
09E7
028B
0000
065B
1582
1D42
10C7
0000
0078
12DF
1A05
0FE8
0A5B
1222
1430
099A
0000
0000
0000
01EA
0000
0000
09DE
0AB1
0AFF
075D
0D71
12FE
1014
0443
0000
03C5
0D05
0974
0000
0000
0AE7
1C7C
13D8
0221
046D
132E
1631
0EDE
0936
045C
004C
0000
0000
0000
0000
0625
0000
0000
08BD
0DC9
0EB0
03C9
05F7
0F46
1339
089D
0000
0000
0C44
0DAC
0000
0000
02E6
1552
128C
0889
08B3
0D5D
0FA8
0FAB
0855
0000
0000
0000
0000
0000
0000
08F0
0000
0000
05F2
0A35
0B7F
0000
0000
07B7
0F82
0BEB
0038
0000
067C
0EE8
0816
0000
019D
10B8
12FD
09AF
01B5
0173
08B1
0B89
01F6
0000
0000
0000
0000
0000
0000
07BC
0000
0000
02A9
0172
05C3
0000
0000
0140
0999
0DD1
067C
0000
0000
098A
0BE9
0239
0000
0AAF
1345
08FA
0000
0000
0273
0000
0000
0000
0000
0000
0000
0000
0000
0582
0000
0000
0000
0000
017E
0000
0000
0000
05A5
0DF1
0B5F
0000
0000
00D3
099E
0339
0000
00FE
113B
0AE2
0000
0000
0000
0000
0000
0000
0000
0000
0000
0000
0000
0000
0000
0000
0000
0000
0172
0194
0000
0000
0354
0C09
0EA6
0293
0000
0000
06A5
0000
0000
0000
0A73
0771
0000
0000
0000
0000
0000
0000
0000
02C1
066F
0021
0000
0000
0000
0000
0000
0000
075A
0867
02DA
009A
024E
0944
0E4B
05D5
0000
0000
000C
0000
0000
0000
0000
0000
0000
0000
0000
0000
0000
0000
0000
001F
0306
0022
0000
03F0
0000
0000
0A7C
0658
0C1B
1245
0A1A
06D5
06FC
0B11
1052
0D10
00B4
0000
0000
0280
0000
0000
0000
0316
0000
0000
0000
065E
0DFA
0B23
052F
0092
0177
0741
0894
0DCE
0000
0000
0000
0000
0000
0000
0000
0000
0000
0000
0000
0000
0000
0000
0000
0000
0000
0000
0000
0000
0000
0000
0000
0000
0000
0000
0000
0000
0000
0000
0000
0000
0000
0000
0000
0000
0000
0000
0000
0000
0000
0000
0000
0000
0000
0000
0000
0000
0000
0000
0000
0000
0000
0000
0000
0000
0000
0000
0000
0000
0000
0000
0000
0000
0000
0000
0000
0000
0000
0000
0000
0000
0000
0000
0000
0000
0000
0000
0000
0000
0000
0000
0000
0000
0000
0000
0000
0000
0000
0000
0000
0000
0000
0000
0000
0000
0000
0000
0000
03FF
0F6A
14FC
12A5
0FBC
0C85
0B4D
0C3B
0EF8
12AD
13B1
13C6
15B5
1717
16F1
15B4
1582
12B6
0DCB
0E46
0FAD
0DD4
1146
15EF
1044
0C3F
1022
1176
1451
0AA7
0D86
0000
011F
0E15
17C3
1B3B
1B40
1703
1291
1117
121D
13ED
1490
15C1
1865
1A37
1B27
1C54
1D7F
1C7C
1840
146B
102E
0C5D
11E4
19F1
1675
1385
156B
12B3
190D
116B
1528
0000
0000
0000
0535
0CAA
0EDA
0BEC
0722
0379
019F
0000
0000
0000
030C
051F
072A
0B8F
107F
1209
0E4C
06D0
0000
0000
076E
0DAF
08F2
07C8
0B9A
09AA
14F1
0DB8
147F
0000
0000
0000
0000
0009
00B6
0364
0540
0339
0293
00A3
0000
0000
0000
0000
0000
0007
058D
082D
077A
04DC
00C3
0188
0972
09F1
0367
03B6
0623
0794
1664
08D3
1072
0000
0000
0000
0000
0000
0000
055F
0A73
0B98
0C8E
0A99
0708
05CC
0357
0000
0000
030F
06B9
07A0
082F
0929
07F2
0B15
1154
0EAC
0796
035C
0000
0000
1431
0D50
1932
0000
0000
0189
015B
0000
0118
0232
044C
0842
0C67
0DBF
0E50
0F9F
0BAB
04E1
054E
0A4E
0AB8
06B8
066B
0A3E
0AE8
09E9
0E90
14A7
156B
0CED
0000
0000
05EE
0801
20AB
0000
0000
05CF
0484
00F3
0045
0000
0000
0000
003D
05F5
0E51
162F
1325
0A55
0BB5
1108
0DA8
050B
036F
0834
0813
02E7
062A
139D
1E2B
1A4F
01FB
0000
0000
0000
1DED
0000
0000
0823
073D
00E3
0000
0256
014D
0000
0000
0000
03EA
0B6E
0AD9
084E
0F6A
15F1
0FCF
07A0
0663
0662
01DE
0000
0000
0570
117C
1774
07D1
0000
0000
0000
0F7C
0000
0000
0991
06B1
0000
0000
0662
07AC
02F1
0000
0000
0000
0000
0000
00B5
0C3A
155E
10D1
085B
0623
0527
002C
0000
0000
0000
0206
09E5
0502
0156
06D6
0000
0493
0000
0000
0847
02D8
0000
0000
0018
0000
03C8
087D
0798
056F
00BE
0000
0000
008A
0CE1
0C8C
01A6
005D
08E3
0A38
0245
0000
0258
040B
01BF
0000
03B0
06AD
0000
0CC9
0000
0000
0476
0174
0054
0000
0000
0000
0000
07F6
0F18
11AE
0C74
025F
0000
0000
05A1
074F
0000
040C
1039
125F
0CC7
0F29
14A2
0E5E
0085
0000
0000
0369
0000
17A0
0000
0000
0396
051C
04EE
029C
0000
0000
0000
0000
06A9
1335
12DA
0D18
0574
02CE
03F1
0000
0000
079F
0FFF
0D1C
0AC2
1426
1B0F
132D
0582
0000
0012
00F4
0000
127D
0000
0000
057C
092E
0756
06FB
0874
0243
0000
0000
0000
034C
1089
18FE
17F5
1188
03FC
0000
0000
0049
06CE
0343
01B3
0C13
1476
12A4
0CD3
06A1
03DC
0000
0000
09C9
0000
0000
04DB
075A
0479
089A
0CD4
0742
0000
0000
0000
0000
0000
1352
19B1
1824
0BFA
0000
0000
0000
0000
0000
001A
07A4
0D17
0FF3
118F
0C20
0508
0000
0000
0750
0000
0000
029C
0345
0000
040B
08B9
0A67
0DAD
08E3
0000
0000
0000
0000
0C1B
18B5
1765
0BB7
0000
0000
0000
0000
01EE
06A7
097D
0EC4
1381
0DB1
046F
0000
0000
06B4
0000
0000
02CD
016B
0000
002D
009E
0652
117C
10F6
0285
0000
0000
0000
0000
0BF5
169A
13EF
0856
0069
0000
0000
0000
0027
06E6
0FD7
130A
0DB9
09B9
083E
0000
08AE
0000
0000
0469
0134
0000
0000
0000
0000
0ACB
1001
0E97
0AE5
0000
0000
0000
0000
0CB7
1648
12EB
0AA3
0349
0000
0000
0000
03A6
0E9F
11FC
1091
13D0
1457
0000
0CEB
0000
0000
050C
0184
0000
0000
0000
0000
0539
099A
0EA3
121E
0C18
0000
0000
0000
0000
074C
1280
111F
0442
0000
0000
0211
0345
08A5
0D66
0F7F
147B
12D3
0000
0E39
0000
0000
04FD
01C6
0000
0000
0000
025C
0617
02B0
03AD
0E40
14A3
0FDA
06BB
0000
0000
0000
0C13
10D3
0618
00D6
056D
0785
0547
05DA
05E6
063A
0C82
0A1F
0000
0BA4
0000
0000
05AF
0259
0000
0000
0000
049A
0981
0190
0000
0786
0FA8
11DE
1146
03EA
0000
0000
0AEA
0B2F
046C
022F
0000
0000
04A5
0B0C
0770
05AB
0D4F
081D
0000
05D7
0000
0000
0719
0550
0170
0000
0000
0541
0B04
04B5
0000
0179
0337
0C00
170B
0DED
0000
02E3
0C0E
08D1
044F
0000
0000
0000
0000
0A65
0DD5
13C5
19B3
0CE8
0000
00FE
0000
0000
07D7
0863
03A2
0000
0000
01EA
068D
05BE
04DD
00F9
0000
08CB
12DD
0A11
0000
05A9
0C63
0C47
0BBE
0384
0000
0000
0000
0000
06FC
17BC
1F28
1116
0000
0392
0000
0000
0719
099A
0582
0000
0000
0000
0000
0662
0B85
0361
0000
05D9
0CE8
0355
0000
0461
0B12
0D53
0E7F
0A2B
04FA
0440
0000
0000
0000
0B72
18D0
1118
0000
07D7
0000
0000
059C
09CB
053C
0000
0000
0000
0000
0653
0DEB
04A6
0000
065F
0A88
0136
0000
00A3
0514
0718
0735
066C
0875
09B3
06DA
0178
0000
035E
0F01
0BAC
0000
0A99
0000
0000
04DD
0A21
060A
0523
018D
0000
0000
0371
0BAA
05B9
00D1
0527
056E
0000
0000
0000
0000
0000
029A
0105
006A
0591
0BFB
0C92
06B1
0311
072B
0593
0000
0C50
0000
0000
0531
08D7
070D
096D
0519
0000
0000
0000
055A
0559
047D
0433
013E
0000
01A0
0000
0000
0000
06EA
0429
0000
0000
0762
0C1F
0AEE
088E
088C
05F3
0000
095C
0000
0000
0777
087A
05A6
091E
071F
0000
0000
0000
0000
03C0
09F1
05A4
0000
0000
0605
0000
0000
0000
0D4A
0B66
0000
0000
0000
0542
0C9C
0E3A
0C88
0911
0000
071D
0000
0000
0999
0A56
060A
0774
070A
0216
0000
0000
0000
0000
0C7E
0786
0000
00B5
0A7E
0048
0000
0000
0CFD
0CF6
02B0
0000
0000
023A
092F
0AEE
0883
06FD
0000
0A46
0000
0000
018E
0191
0000
0000
0000
0000
0000
0000
0000
0000
0000
0000
0000
0000
0000
0000
0000
0000
0000
0000
0000
0000
0000
0000
0000
0000
0000
0000
0000
0000
0000
0000
0000
0000
0000
0000
0000
0000
0000
0000
0000
0000
0000
0000
0000
0000
0000
0000
0000
0000
0000
0000
0000
0000
0000
0000
0000
0000
0000
0000
0000
086C
0000
0000
01CC
01F9
0487
0704
09AE
0DCD
0E87
0668
0000
0154
0497
03B5
04A5
08F9
08ED
0288
0000
0000
0000
0000
0195
047A
0739
0740
030E
0379
0D0E
060C
0000
0F84
0000
0000
00FA
0242
0237
0448
05AD
0933
0A96
05C2
00AF
0000
001D
0173
03EF
0454
0278
0000
0000
0000
0000
0000
0000
0000
0370
0328
01C3
043D
0749
0025
0000
0A63
0000
1527
10A6
04C4
002B
0000
0000
0000
0000
0064
00DF
033D
05FB
0473
00E9
015B
0177
0000
0000
0000
001B
0730
076A
0045
0000
0000
06D3
08BD
0000
01FE
05F3
087A
047F
16E6
0B63
0000
0000
0000
0000
0000
01EE
0632
07F5
08D4
07E2
00B9
0000
0000
0000
0000
0000
0000
01FB
0469
0389
00D9
0000
0324
0AA3
0000
0000
0000
05A0
0937
06E4
1222
01EA
0000
0000
0000
0000
0094
046A
0783
0805
0753
03E0
0000
0000
0000
02A7
0000
0000
02B2
02B8
0000
0000
00CF
040C
0B3D
078F
0000
0000
0112
080C
06F4
0654
0E82
0000
0000
0000
0149
08D1
09C0
0815
03CC
0000
0000
0000
0000
0000
063F
07AD
009F
0000
0155
0000
0000
0013
0147
0151
0101
0000
0000
0000
0704
0000
0000
051D
0DDF
0000
0000
0000
0B06
10AD
0CD2
053C
0000
0000
0000
0000
0000
0413
0D7F
090F
0000
0000
0000
02C6
022D
006E
005D
0000
0000
0000
0000
0865
0D88
0000
0000
0649
0D19
0000
0000
06B0
0DAD
0A9F
00B4
0000
0000
0000
0000
0000
016A
09A3
0AFA
0000
0000
0000
0073
0683
02E2
0000
0000
0000
0000
0000
0000
0BA2
0B1B
0000
0000
06EC
0C45
0000
02D9
0B29
0986
0000
0000
0000
0000
042F
04B1
031E
07A6
0BBE
0297
0000
0000
0000
046E
0674
0000
0000
0000
0203
0000
0000
0000
081A
03D5
0000
08C4
068C
0C66
001D
054F
0916
0156
0000
0000
0000
00DF
04C9
0665
078B
0A91
07BD
0000
0000
0000
0000
0636
0171
0000
0000
03D2
04E1
0000
0000
08CD
06DC
0000
0000
06E7
0424
0B53
002C
0493
0446
0000
0000
0000
034A
02B0
000A
01D5
061D
0776
0000
0000
0000
0000
059B
06AB
0000
0000
01ED
0676
0000
0000
0634
0FDB
04E7
0000
0000
0000
00D9
08F1
0000
0150
0000
0000
0045
09EF
0BE0
0593
0000
0000
0000
0000
0000
0000
0000
07DB
0B96
052B
0000
0000
0732
03D6
0000
0000
0877
0A4E
0000
0000
0000
0217
0000
09E0
0000
0000
0000
0000
060C
0B56
0AA4
06F4
0000
0000
0000
0000
0000
0000
081B
0C96
06E9
0000
0000
0504
05D7
0000
0000
0000
0541
0000
0000
0000
06F7
08C5
0000
0DDC
0312
0000
0000
0242
06B0
05CF
03B2
01AF
0000
0000
0000
0000
0000
04F8
0B05
073E
0000
0000
0000
0000
0000
0000
0000
0526
02CD
0000
0000
057E
062B
0191
018F
1203
05B9
0000
0000
0430
0535
0127
0000
0000
0000
01C2
0000
0000
030D
06CC
035B
0000
0000
0000
0000
0000
0000
0000
0069
0374
00D8
0000
04EE
07CF
0000
0000
04AA
139B
0450
0000
0000
01DF
01C4
007A
0000
0000
00E8
03D2
0318
02C5
01C3
0000
0000
0000
055C
057C
0000
0000
0000
0000
0000
0000
0000
008D
0915
05FA
0000
0000
0820
12B3
0000
0000
0000
0000
0000
0216
082D
047A
0000
0083
061D
0538
0000
0000
0000
0000
07D9
055D
0284
0451
0049
0000
0000
0000
0000
0142
07CE
0034
0000
0000
0A30
110B
0000
0000
0000
0000
0000
03E8
0B5E
0384
0000
003D
0823
02B8
0000
0000
0000
0666
0404
0000
0000
0000
0000
0000
0059
0587
0428
045A
038D
0000
0000
0000
0993
0EF2
0000
0000
0000
0000
0000
0523
034F
0000
0000
0710
03FE
0000
0000
0204
0539
0840
016A
0000
0000
0000
0000
0000
084B
0C0B
0747
03D1
0000
0000
0000
00EC
06A8
0C43
0000
0000
016E
00C3
03FA
0418
0000
0000
0501
0A47
0000
0000
0196
031C
0000
02D7
0066
0000
0000
0000
0000
051D
0503
0000
0000
0000
0000
0000
0000
09D9
037D
0A89
0000
0203
0117
02FE
07EB
0114
0000
0000
0A4D
0496
0000
0000
070D
0000
0000
0000
0000
0000
0095
0591
0B43
0BE6
0000
0000
0000
0000
0000
0000
02AC
0F38
0286
0B52
0046
02FB
00DB
02DC
05F2
0000
0000
0172
0A30
0000
0000
03F7
046F
0000
0000
01E5
0000
0000
0000
048E
0B94
0A0B
0000
0000
0000
0000
0000
0000
070B
0A89
0280
0CDC
0081
02B0
02BA
02DE
00C8
0000
0000
08C6
0308
0000
0000
04D0
0000
0000
08C3
0752
0000
0000
0000
02B9
027D
0092
0101
072B
07B7
0000
0000
0000
038D
00F1
001C
0C43
0000
0264
0573
0421
0000
0000
0515
08FD
0000
0000
0253
0638
0000
0000
0BB6
0251
0000
0000
0AB3
064C
0000
0000
029F
09A3
065C
0000
0000
0000
0000
0000
0000
0D7B
0273
042B
0618
030C
0000
0000
06FA
0189
0000
0000
0B5A
046E
0000
0000
067A
0000
0000
07ED
1142
059A
0000
0000
0276
00F7
0000
0000
0000
0000
0000
0000
0000
12FF
0944
0716
04E0
00B8
0000
0000
0235
0000
0000
0277
0C05
0000
0000
0276
0364
0000
0000
0CF8
092E
0000
01C5
0B58
062A
0000
0000
0000
0000
0000
01BE
0459
0064
1973
0BB2
0359
0000
0000
0000
0000
0000
0000
0000
07ED
0438
0000
0000
09A3
004D
0000
01E5
0AFD
0000
0000
0516
0F0E
06DC
0000
0000
0000
0000
03BA
0783
06C0
09FE
1D7B
064C
0000
0000
0000
008D
00D1
0000
0000
0483
08A2
0000
0000
05A6
0D60
0000
0000
06F8
09D2
0000
0000
067D
0514
0000
0000
0000
0000
05CB
0E8F
04DA
0000
122E
1A5D
0000
0000
0000
0000
029F
01C1
0000
01EE
0883
05C7
0000
0000
08FD
08E8
0000
0000
0747
076B
0000
024A
02E6
0000
0000
0000
0000
04EA
1338
0C0E
0000
0000
1279
0FA0
0000
0000
0000
02DE
038D
02A5
0198
03A0
07AE
030B
0000
0000
077F
0040
0000
0000
05C2
0289
00EA
019E
0000
0000
0000
0000
0329
0F59
0D12
0000
0000
0000
0C8F
006B
0000
0000
020B
0379
02D6
0315
02F7
0272
0346
0098
0000
03E7
02DB
0000
0000
04CD
04EA
0000
0000
0000
0000
0000
0000
052B
0DEF
0C50
0000
0000
0000
057A
150F
0990
0000
084D
07B5
02CF
014B
0183
011F
002E
0000
0000
0000
0159
0000
0000
0000
0666
028C
0000
0000
0000
0000
0000
05C0
0BFA
0C2C
0195
0000
0000
00EE
0000
0F37
06BC
0000
0A1C
0518
0058
0008
00C6
0130
0139
001E
0000
0000
0000
0000
0000
01B2
05A4
0226
0000
0000
0000
0000
0722
0A42
092C
03D4
0000
0000
0402
0965
0000
0D20
0081
0000
0349
0000
0000
0000
0000
0000
0000
0000
0000
0000
0000
0000
0000
0018
00BA
0000
0000
0000
0000
035A
06B2
03FF
0000
0000
0000
0000
0541
00F4
0000
0000
0000
0000
0000
0000
0000
0000
0000
0000
0000
0000
0000
0000
0000
0000
0000
0000
0000
0000
0000
0000
0000
0000
0000
0000
0000
0000
0000
0000
0000
0000
0000
040F
0000
0000
0000
0000
0000
0000
0000
0000
0000
0000
0000
0000
0000
0000
0000
0000
0000
0000
0000
0000
0000
0000
0000
0000
0000
0000
0000
0000
0000
0000
0000
0C74
075C
0DA2
09C5
08BF
0B0E
080F
042F
0227
0311
0606
081A
09FA
09AF
09F0
084C
02F9
0000
0000
0000
01DE
0159
0000
0000
0000
01B2
0515
0000
0000
0000
0000
03E3
0EBE
084C
0AB5
0498
0000
0000
0000
0000
0000
0000
0000
0000
0004
0111
0000
0000
0000
0000
0000
0000
0000
0000
0000
0000
0000
0000
0DF6
086C
0000
0000
0000
00D2
0E15
04E0
080F
0518
0000
0000
0000
0000
0000
0000
0000
0000
0000
0000
0000
0000
0000
0000
0000
0000
0000
0000
0000
0000
0000
0000
0D46
0E3A
0000
0000
0000
0000
0EB6
0567
0B58
0BEB
0392
0000
0000
0000
0000
0000
0000
0000
0000
0000
0000
0000
0000
05F9
060D
033C
0000
0006
06DD
05EB
0000
0000
0DA0
12C3
06A6
0000
0000
0000
105B
0545
0743
0976
0B64
0ED2
13C9
13D2
11CC
0E3E
08DE
03BF
032F
02F4
0000
0000
0925
13D6
129F
0F55
10D9
141C
1674
0FEB
0514
0218
086C
1152
0DEC
0000
0000
0000
123A
0576
038A
05E9
0C50
113F
16B9
19D8
17B6
12CB
0D97
0918
091E
09E5
07EE
068F
0B69
10B1
0D86
0DB6
14C7
1764
1462
10BE
0D5C
0453
0000
0983
1402
0BBC
0000
0000
13BD
0758
06F8
0A75
0D2B
0BBA
0EDC
110E
0AC0
0600
073C
0B02
0DAE
0FF1
152F
11A5
08AF
04F2
03F0
061F
08FA
0858
0715
0B36
1130
09DB
0000
0000
0DF9
118D
02C5
0000
1531
0A1E
08FD
0BBD
0D84
0A4E
089B
056E
0000
0000
00D8
052F
06BD
0CC9
1757
12B6
030D
0000
0000
0000
0000
0000
0000
0000
0BBF
0DCA
0155
0000
0494
0D20
0248
0000
150C
0C0F
06AE
0647
0C76
0D5A
0619
0072
01A4
00C7
0000
0000
0000
051E
0F50
0D1A
04F3
00B6
0000
0000
0000
0000
0000
0000
0000
0B31
0D32
0A2B
094C
07FF
0000
0000
10EF
0855
024A
0000
0695
0A87
072F
08B5
0F45
0950
0000
0000
0000
0000
0000
0388
0A5E
0C90
06D9
0000
0000
0000
0000
0000
0000
081C
16AC
1A09
1292
0A65
0265
0000
0DD0
033C
005E
0000
0000
0000
06C4
1156
1652
12EC
0FA1
0818
0000
0000
0000
0000
0776
11E1
1455
103E
0CCF
0CC7
0963
0058
0000
0305
112B
15D2
131F
1210
104F
0A04
0F7E
03DB
040D
00F8
0000
0000
0340
0D3E
1005
1548
1ED5
183F
01ED
0000
0000
0000
0096
0A8A
0F22
0D53
0A1A
09B9
09F5
04F1
0000
0000
04F9
0A93
0CE7
1120
14A9
0EF2
1134
06C4
0A26
09A1
03E2
0030
01C8
0309
0375
0A0F
14D5
1998
1698
0ACF
0000
0000
0000
0112
07C7
0652
0000
0000
0217
03E7
0000
0000
0047
0713
0665
057C
0C29
0B1D
1175
07FE
0DE4
0E33
0974
06B7
03ED
0000
0000
0033
080F
1539
22EC
1FD1
0E37
0000
0000
0049
0DAA
0C86
018B
0000
0568
0576
0000
0000
0000
03A7
028D
0000
04A7
0500
12EA
0799
0C6E
0E19
0BCB
0837
03FB
0210
0423
0316
0000
06C3
1A15
22F8
199F
07D9
0000
01A6
0CE6
1072
1030
1198
0E99
05F9
0000
0000
0000
0000
032A
036E
024F
0000
15C6
080E
08C3
0D6B
105E
09BE
0048
0461
1022
0A49
0000
0000
0D0F
2047
20C3
1565
08C8
0348
06F1
0F4B
1810
17AA
0D74
071E
0685
0351
0000
01F9
0BB4
0C52
02A0
0000
173E
0990
077A
0C5E
1296
0CF2
0000
0000
0F81
1259
0087
0000
0000
0DA9
1B2A
1D1D
1302
09E9
0B6C
1030
0F70
0980
0654
08FE
0B34
08ED
0728
0CB8
1497
12F4
03C4
0000
157B
0971
0690
0A93
1255
1073
04B5
0000
0542
11E6
1129
0000
0000
0000
0D89
19F3
10C1
07AF
0B8F
0F13
092A
03BA
0680
08E3
078F
05BB
0354
05B1
0B9A
0E3A
03EB
0000
126E
07A7
04A0
076A
1122
13BB
0D8A
01AE
0000
0432
1666
10F6
0000
0000
0254
0C63
0211
0000
0000
0A15
0CE1
0BFB
0B15
08BF
086E
03C9
0000
0000
0000
0624
07C2
01BF
1159
07ED
0448
0356
0B7C
128D
1485
077F
0000
0000
14CF
1B65
0402
0000
001C
0587
0000
0000
0000
0000
0531
0906
098E
0913
0A88
052C
0000
0000
0000
094D
1002
081C
1211
0992
054D
00A4
03FA
0B6E
14C6
0DCD
0000
0000
09FD
1521
0937
0000
01A9
0A22
0A32
0000
0000
0000
0000
0000
0000
0388
06B4
0839
07D4
04B9
0540
0D55
12D9
0A38
0FCF
0607
0190
0000
0054
0657
11D2
125D
034D
0000
0000
0879
0D80
05B9
0000
08DB
15B4
0AF2
0000
0000
0000
0000
0000
0000
02C7
0B59
120B
0F5D
07B3
08AA
0D57
08A8
0B6F
0000
0000
0000
0000
03B0
0E0D
13C9
0F61
020C
0000
0000
0EC5
0C35
0000
0000
11C4
116D
0000
0000
0920
0C2E
021E
0000
0000
061D
11C8
140D
09A4
0489
0754
04D9
0965
0000
038A
0624
033F
0499
0C4A
14FB
184D
0BC3
0000
0000
0E10
0F46
0000
0000
0A27
11F3
0579
0000
06EC
113B
1018
0586
0000
0435
1025
1432
09BF
02B8
05BA
03BB
0BF5
0000
07D6
0C90
0AB2
09C7
0BA7
1235
1A01
132D
0000
0000
097D
0EB1
01FA
0000
0715
0FC0
0B08
0142
0000
0971
14A3
1598
1190
0EBA
0D11
0A1B
04D6
0366
079B
051A
13DE
0152
0853
0D50
0D59
0A35
07FF
0CB9
1744
1876
0C4A
0217
04F1
0E87
0F23
0826
06F9
1061
168F
0D29
0168
05EC
14F3
1E17
1CA5
131D
067A
02BE
07A9
0A56
09A3
04D4
21F9
08E3
03B1
0884
07CF
0508
020F
0568
103C
16CB
136E
09A3
045A
0BE7
1494
1130
0B3B
1284
1D88
1944
0EF2
0E9E
15FD
17FD
1255
0A96
036D
0529
0D73
112A
031A
0000
273B
0EFA
0488
0694
06CD
0525
00D6
00BF
081A
118D
1670
1064
07B7
0AF3
156A
168A
105E
120C
1B0F
1DE7
19D2
1427
1029
0C6F
08FC
07A7
06C0
07A9
0E19
1133
0027
0000
245D
0DFE
0224
0153
056C
0534
0227
0105
035D
0ABF
1383
1339
0BD3
0C44
1551
17CC
120E
1105
16D5
1A37
19DE
14F9
0C1F
0605
0519
070E
0880
077E
0609
0745
00CF
00F3
307B
249A
19B1
1AD4
20DB
217D
20F3
1F34
1CBF
1EEB
261F
293C
24DF
2192
23CD
25EC
246E
23F8
25A6
255C
256C
25E8
2251
1DFA
1D19
1F5C
2189
1FE7
1B40
1BBE
1A2E
1448
0000
0016
099B
08D0
096B
08CC
076E
074E
07BD
06BE
042F
03E3
05A9
0601
067A
0A03
0EBF
0D92
0705
0219
0000
0363
0DDC
0E21
01A4
0000
02F5
0544
08AB
0C04
0FAE
0C48
0000
0000
08A8
0A15
0A54
0807
04E3
0357
03D9
020D
0000
004F
0379
05A1
0644
0B08
1130
0F4C
07C9
0047
0000
03A6
11CB
112B
014C
0000
01D8
08CE
0C9B
0ED1
1743
13E6
0000
0697
071A
0664
0936
08AF
051B
0000
0000
0000
0000
0000
023B
04CF
0505
0664
0661
04A9
05A1
04F6
01EB
041E
086C
0584
0000
0000
04BC
0B5E
0D15
0B23
1333
142B
08BC
1105
0C43
0695
06F3
067C
0578
01DC
008B
0161
0287
044A
04C0
058A
05E7
0440
0087
0000
0427
086E
07D6
0578
03E0
0235
0393
048E
02C5
0755
0DF6
093D
1227
1320
06E4
090F
0763
0432
0000
0000
0153
061C
0B73
1002
1056
0C7E
060D
031E
0502
0617
0586
05E3
084D
0BB4
0983
0580
08EF
1161
15FF
0CB6
0000
0000
0BB4
1551
212A
1959
075A
0873
034F
0000
0000
0000
0000
064C
0D96
12F6
14B5
0F50
062E
0297
062A
0854
07C7
0738
05C3
06D6
077E
06A5
0A61
14A5
1AB7
0D88
0000
0000
0882
1397
247D
1BD8
07D1
0931
007A
0000
0179
05F5
066F
05DC
0491
056A
0930
08E3
0443
058C
0C5B
0E38
0C26
0A2A
055D
033A
074A
0917
0606
07EA
0DDC
0D02
04D5
0103
0091
01A0
1BE4
21B4
065D
081C
003A
0054
095B
0EE1
0B3F
03CA
0000
0000
0000
016B
016B
063F
0FAB
114F
0AB9
06E8
054D
03EB
05E2
073B
0394
0000
00DC
074E
0AEC
0773
0000
0000
17D7
20B6
0323
0551
030E
051E
07A0
06B2
03FC
0392
03F0
01FC
0096
0000
0000
0384
0D91
0FFD
051B
0000
0631
097A
0466
0207
06FD
046C
0000
0000
0000
0324
0C8E
0D8D
1FAA
1B08
0164
0447
04CE
0610
0530
0084
0000
0184
0806
08D4
06ED
05C8
0564
06C2
0994
07DC
0000
0000
0896
0E84
0698
03BD
0E46
0DEB
0000
0000
0000
0161
11E6
1291
25E2
1DA4
0465
0711
0483
0323
0546
01E6
0000
0000
0000
084A
0DE4
1028
13CF
103F
039C
0000
0000
0000
05C4
07E9
05B9
09AB
1461
157C
0C3A
0405
018C
043B
0385
0130
2236
25CD
0650
0809
04F1
026A
0460
02B6
0000
0000
0000
03D1
0C6D
1166
1804
143D
05CA
0000
0000
0000
011A
0000
01EC
0A06
1134
1236
1194
0E8C
09E8
04FA
0000
0000
1C62
2577
0274
043F
0576
03FA
0246
0407
0AA8
0A44
0083
0000
0000
0488
0CD9
0ECD
1173
0C36
0278
019F
0426
035A
037C
0657
06A9
061E
0A55
0C86
0862
02F5
001B
0201
1BEF
1D4A
0090
02A8
0405
035A
02A9
0702
102C
1279
092D
0000
0000
0000
0000
0506
1579
1940
0DA8
0774
07C3
070A
05D1
0501
03C3
043E
0728
081B
0402
00F2
0866
0AEF
1BCC
1858
04E3
062F
012A
0106
0641
0716
03B2
074A
0F04
0A04
001A
0000
0000
0000
1059
1887
133C
082F
00E6
0019
0182
047B
0AC7
113C
1080
0AA9
040D
013A
069A
054D
161E
18C5
089B
09BB
0065
0063
0725
052D
0000
0000
0C53
0FC4
0B6E
02CF
0000
0000
0659
0B99
10B8
0AD0
0017
0000
0000
04E1
0CD8
13C7
1431
0E1B
0836
0679
0741
03BD
1462
1992
081F
0B7C
026D
0067
03B7
0554
050D
02A7
0060
06C7
10F4
0DFD
069E
01C9
0000
0000
0B2D
1562
0F46
0660
05D2
08A7
04DE
00DC
060F
0ADD
0BD2
0D2F
0E84
0B5B
1A33
1A5F
0645
0A8F
0439
00A5
0000
0359
0DAA
0944
0000
0000
0E4A
10C5
0D43
0429
0000
0000
04F3
13F3
14FF
0BE1
0863
07AC
0000
0000
0000
0808
0D0E
0DF6
0CDF
0966
1B95
1AAE
0565
07DC
0496
0071
0000
0000
0FDC
105E
00FE
0000
045A
09E3
0CB8
0994
0425
01FD
010F
0481
0853
0540
0000
0000
0381
0A2F
0C52
0DAB
0F34
0B14
007C
0000
1516
18FB
0567
067F
04EB
013E
0000
0000
0B39
1023
088C
0115
0000
0478
0A3B
0BF7
0CB3
0AD5
04FF
0057
0000
0000
0000
0000
058D
1437
14DF
10CE
120A
0CF5
0000
0000
12FA
19BC
0553
07AA
066E
03A5
0000
0000
0243
080D
0C58
0892
01FA
03CE
0949
0820
01AE
02A4
0C56
0C94
04B8
0390
0272
0000
0000
023B
049D
099A
12BA
1198
04E7
0000
18E9
1E0B
048E
0889
069B
0438
0430
00AC
0000
0025
0D25
0EBA
0597
0405
0933
04C6
0000
0000
0EA8
1330
0AD6
09FD
0AD8
044A
0000
0000
0000
029E
0EA9
1007
0B3A
09BA
1DE1
1D8A
0424
088D
0621
024C
0511
0140
0000
0000
0D14
11F9
0697
01A5
08FD
0905
0000
0000
077A
098B
06DC
0546
0501
079F
0CBF
0A7A
028E
017A
0617
0956
0D7E
0F00
1DE1
1770
0442
0731
0660
0281
0646
03B0
0000
0000
09E3
0ED5
07C6
030F
0844
0BA7
0803
03D8
0000
0000
037D
03B5
00D2
0744
1196
12C4
0E0D
0906
05E0
081B
0B05
09D1
199D
1503
03AE
02E6
041C
0487
0967
083C
02A7
00F5
03D2
08AE
0B57
08B0
055B
06CF
0B00
07E0
0000
0000
0898
0D4B
0545
0000
0067
0791
1316
1632
10F8
0D33
04F6
0000
141E
17F5
044C
0411
0487
0747
09AB
08D4
06FC
037E
0000
0247
0D83
0E15
043C
02EE
0B94
0B27
0019
0000
0BC7
11FD
098A
0000
0000
02CC
12A4
183F
1383
0BB2
01F5
0000
13B4
1A02
06DB
0D32
09FC
09C8
07AD
070E
083A
039F
0000
0000
0BFC
11BC
076C
0156
08EB
0BD0
0415
0032
0585
0BBE
0BCA
08D5
09B6
0D84
0F10
0DAE
075F
00EA
0403
08CD
1A2F
1A36
0804
1270
0BCA
08DC
05CF
0588
06D2
02B3
0000
0000
0807
0EB5
08FD
02D7
06E4
0AED
05F2
0040
00F2
061D
0AFC
1024
166B
13DC
08DF
01EE
0000
0000
070B
0EC9
1D10
18B9
066B
0D0A
05E4
069D
04BF
0573
06B8
04A4
01D0
00BE
0293
0683
08FC
08F9
0A00
093A
0586
0459
0621
0705
0902
0F61
1430
0E7C
02FC
0000
026B
0765
0777
06DB
18FE
126F
0892
08CF
0000
03FF
0313
040A
0407
0396
038C
0129
0000
0015
04BC
07EC
0713
02F8
0115
0471
07E6
05A3
0391
080C
0A21
0457
0000
0000
06E8
0C32
0736
0000
11D3
0C90
07DD
090B
0794
14DD
14CE
1695
16A8
1746
16FB
1541
1445
13B4
141F
16B7
1639
1144
0D50
1070
1670
1698
132E
1178
0D24
0B26
1080
1698
1A6D
1AA5
0DBF
0758
2036
265F
0000
0000
0000
00D8
03AD
0451
0529
0632
05A9
05C9
07EA
07C7
0608
077A
0739
0381
00EA
03CA
086B
0835
0474
0000
0000
0000
04EC
095C
08C0
0510
0000
02E6
1A0C
1E65
0000
0722
03E9
0000
00DB
0000
0079
0341
01BF
00A6
00BC
012F
021D
0233
00BE
01BE
0344
0235
0000
0000
0376
09C8
0232
0000
0000
00B6
0803
0A31
0000
0000
0000
0000
0241
0FED
08CF
069F
0377
0000
0172
0417
0510
046E
0254
029E
0727
0700
00EC
0292
0A24
08AA
0000
0000
029F
0CDE
0D3A
035F
0000
0000
1163
1903
0000
0000
04AF
0000
0000
09A8
028E
06FC
0382
026F
02C8
01FC
0356
0313
0000
0000
04AE
0536
0000
0000
07F4
093C
001E
0000
0000
03D7
0DA6
0A95
0000
0000
0D53
1A28
0000
0000
0629
0000
00D0
069A
018F
076A
0635
0782
07E3
071D
0707
06E6
03FA
02BA
0834
0A63
043E
0201
0740
0B70
09EE
06B7
00F2
0043
0E80
14A5
0000
0000
05E5
1526
0C43
0AC9
0392
0000
0000
03C4
0000
0245
02CB
0347
044C
0599
03C1
03D1
0346
00CF
0247
0617
04F1
00EE
0000
02B7
08F8
08EB
0000
0000
03DE
111C
0B88
0000
0000
0000
14C2
1FFD
0000
0000
00F2
0874
0059
00FE
0273
03D4
052D
055C
0429
0538
0610
0200
0000
03FB
0802
0505
00F6
00F4
0529
0780
03FA
0000
0000
0961
140C
0542
0000
0000
16A7
28B8
02B0
0000
034C
0C9E
0000
0000
0391
0663
0524
023D
0333
0641
0859
04F2
0000
00DB
080C
0696
026F
0162
0149
0404
080E
042A
0000
0000
14A3
13EA
0000
0000
08D7
1B9F
093A
0000
03BD
0D5F
0000
0000
0655
065C
0293
0103
0246
0550
08A9
07E1
0031
0000
0722
0755
00C8
0000
00CE
04C6
096C
0447
0000
0000
0CED
172E
01BD
0000
0000
055D
1219
0C26
0080
0AEF
0000
0129
0466
0145
0027
0437
052A
03BE
0434
0500
0000
0000
0570
07DC
0000
0000
0341
068D
05D6
027C
0000
0000
0000
0914
0EA8
04BB
0000
0000
11FE
0B4D
0000
0887
0486
0259
0000
0000
0000
0394
0880
0764
0174
0079
0000
0000
0152
03AF
0000
0144
05B0
0308
0000
0368
0946
0076
0000
0000
1063
1094
0000
0000
0651
05AB
0000
07B8
088C
03EC
0000
0000
0000
0000
05A6
0C1B
053C
034A
041E
0000
0000
0000
03D9
09EA
05C8
0000
0000
0540
104A
07C8
0000
0000
096B
0D54
0286
0122
00B3
066B
0000
0713
0761
05D1
0331
026D
0000
0000
0000
058F
0946
0D4B
0ACD
0000
0000
0000
090D
0C7D
0269
0000
004C
0354
0BC6
0BA1
0000
0000
0000
0175
0000
03FF
0851
0B10
0000
068A
05FF
06DB
0450
029C
0310
0143
0000
0000
061C
13F1
1058
0796
0000
0000
0283
0267
020E
0996
05C5
0000
0388
0C65
08D7
0000
0000
0000
0000
0000
0B1F
0C2D
0000
05FB
067B
071A
00A1
0286
0C29
08E2
0000
0000
0000
08C6
0F45
14D2
0A74
0000
0000
0000
05AD
11D8
055C
0000
0117
0BC2
0CF5
043A
0000
0000
02EB
0000
0124
0789
0000
058B
0335
056B
01F6
03F1
093C
074F
02AE
0000
0000
0000
0395
1883
17E6
0C71
0000
0000
031C
0DE5
03D5
0000
013D
072E
0ADE
067B
0000
0000
0709
0052
0000
01A4
007A
078D
0000
00B9
096C
08A3
0000
0000
1461
1448
0000
0000
0000
0BFD
164D
1905
01F3
0000
0000
0000
0657
0984
009A
0000
087D
09D9
0000
0000
063F
0519
0000
0000
037C
0B76
0000
0000
0CDA
0F4B
0000
0000
1299
197F
0000
0000
0000
0000
0720
19C5
11A8
02F8
0000
0000
07D0
1072
0103
0000
07A6
0C6C
0073
0000
037C
085C
0000
0000
02BE
0D41
0000
0000
068C
0F98
0213
0000
0000
0927
155C
109E
0000
0000
0000
1303
1607
0D68
0000
0000
02F3
089C
0167
025F
080D
0A23
01AD
0000
019F
073E
0000
0000
0000
0C01
01D9
0000
0000
078A
1246
0771
0000
0000
1CEA
24E2
0000
0000
0000
07D7
0C6F
0C03
03D8
0000
0000
0000
025D
0A3C
0659
042A
0329
0000
0000
02AF
03CC
0410
0000
0A61
075F
0000
0000
0000
188C
168C
0000
0000
0F91
21F1
0490
0000
0000
0000
0000
07F8
0BAB
05A4
0000
0000
0554
0895
0137
032C
06AF
00A1
0000
0000
0A38
0C99
0000
09F8
0907
01FA
0000
0000
10DF
1AEA
0000
0000
0000
0D50
100B
0842
0000
0000
0007
0A56
07D8
008A
0000
01B7
0340
0000
0000
098E
0C2D
0243
0000
0000
09B8
0F78
0000
0A37
075A
04C6
0000
0000
01B7
14AC
1108
0000
0000
0000
14FD
16BF
0000
0000
0A13
1269
0000
0000
097F
0D46
0000
0000
0000
0AA2
0E1B
09A1
0000
0000
019D
0A23
0000
0970
05FE
07C6
0174
0000
0000
07C4
1D20
1192
0000
0000
1387
1E17
0000
0000
0D82
188C
0000
0000
0B97
0EE9
0000
0000
0000
0000
08A0
115F
05A4
0000
0000
0207
0000
0639
06D7
0B08
05C4
0000
0000
0000
1C61
1CE6
0000
0000
0C66
1B98
0000
0000
03E9
11D3
0560
0000
0025
02ED
09C5
0B1E
0000
0000
01F7
10A7
0C44
009B
0000
0000
0000
03E9
05E4
0A6E
077A
0000
0000
0000
0F9B
1D1F
016D
0000
0000
0E4A
0ADE
0000
0000
001E
1323
111C
0000
0000
0CF4
15A8
0000
0000
0000
051E
0B26
08F9
0000
0000
0000
07FB
02E1
04DF
0815
058E
0000
0000
0000
1438
11CE
0000
0000
0000
155A
0DC6
0000
0000
1788
1D21
0000
0000
032B
10C7
0C6D
0265
0000
0000
0777
0C8A
01A1
0000
02A6
102A
0000
0000
06D2
0B9A
02CC
0000
0000
0573
1A02
106E
0000
0000
14A8
1701
0000
0000
0E72
197A
0304
0000
0000
0000
10F8
0FE6
0000
0000
05C8
0925
0283
0000
090E
1667
0000
0000
0436
0CC1
089D
0000
0000
0000
16E0
17AF
0000
0000
0B22
1336
0000
0000
0000
0B5A
0DD0
06F7
0000
0000
0718
0EA1
006C
0000
055C
02D9
0000
0000
07F9
1517
0000
0000
021C
085D
09AF
028B
0000
0000
0A49
135E
032B
0000
0000
064C
08E0
00C9
0000
0000
0F2F
0F66
0000
0000
0000
0388
07FF
072B
0197
00B4
0000
0359
02AC
0F2C
02F0
01A2
004D
0299
0802
0879
0000
0000
0000
0ABA
0ED3
05BE
0000
0000
0C3E
0912
0000
0000
06E6
0B8B
066C
015B
0000
0000
0ACA
0918
0000
0000
06E8
0BBD
0000
079B
07BA
0705
0000
0000
054D
095B
0563
0000
0000
019C
0FED
0AE5
0000
0000
07CB
06E6
0000
0000
0000
0169
0647
0737
0000
0000
084E
0583
0000
0000
0B1A
1838
0000
00FD
0719
0845
0000
0000
00C1
04C3
050F
0000
0000
0000
0646
06BA
0000
0000
0000
0079
02AB
0163
0000
0000
01A0
063B
02EC
0000
000C
0000
0000
0000
06F7
1300
0C87
112A
187C
1A09
15ED
124C
10D2
10C7
123A
13E3
1513
16CE
1A17
1D3D
1DE2
1C06
1BA2
19A4
1309
0EB8
10AB
15CE
1B5D
197B
0FF1
0A27
109E
1AB3
1A1A
11EC
1283
0F83
0939
03A1
0816
0ABF
09DA
08BF
06C9
05B1
06CD
0891
0955
09F9
0AC9
0C55
0D1C
0D0F
0EBE
0FE4
0E67
0C13
08E0
0889
0D70
105A
0E39
0AF9
0A23
0D3C
0C3F
0BED
10A5
0CAE
1510
1675
18AF
182D
112E
0BC9
08F2
096D
0C02
0E66
106E
1352
16B0
18D1
1884
194B
1B80
1886
11E3
0F69
1097
16B0
1E94
1B62
0FC9
0EF6
1910
203F
17AD
1729
1F69
13A9
0000
0000
0000
0000
0000
0000
0000
0000
0000
0000
0000
0000
0000
0000
0000
0000
0000
0000
0000
0000
0000
0000
0000
0000
0000
0000
0000
0000
0000
0000
0000
0000
0000
0000
0000
0000
0000
0000
0000
0000
0000
0000
0000
0000
0000
0000
0000
0000
0000
0000
0000
0000
0000
0000
0000
0000
0000
0000
0000
0000
0000
0000
0000
0000
0000
0000
0000
0000
0000
0000
0000
0000
0000
0000
0000
0000
0000
0000
0000
0000
0000
0000
0000
0000
0000
0000
0000
0000
0000
0000
0000
0000
0000
0000
0000
0000
0000
0000
0000
0000
0000
0000
0000
0000
0000
0000
0000
0000
0000
0000
0000
0000
0000
0000
0000
0000
0000
0000
0000
0000
0000
0000
0000
0000
0000
0000
0000
0000
0000
0000
0000
0000
0000
0000
0000
0000
0000
0000
0000
0000
0000
0000
0000
0000
0000
0000
0000
0000
0000
0000
0000
0000
0000
0000
0000
0000
0000
0000
0000
0000
0000
0000
0000
0000
0000
0000
0000
0000
0000
0000
0000
0000
0000
0000
0000
0000
0000
0000
0000
0000
0000
0000
0000
0000
0000
0000
0000
0000
0000
0000
0000
0000
0000
0000
0000
0000
0000
0000
0000
0000
0000
0000
0000
0000
0000
0000
0000
0000
0000
0000
0000
0000
0000
0000
0000
0000
0000
0000
0000
0000
0000
0000
0000
0000
0000
0000
0000
0000
0000
0000
0000
0000
0000
0000
0000
0000
0000
0000
0000
0000
0000
0000
0000
0000
0000
0000
0000
0000
0000
0000
0000
0000
0000
0000
0000
0000
0000
0000
0000
0000
0000
0000
0000
0000
0000
0000
0000
0000
0000
0000
0000
0000
0000
0000
0000
0000
0000
0000
0000
0000
0000
0000
0000
0000
0000
0000
0000
0000
0000
0000
0000
0000
0000
0000
0000
0000
0000
0000
0000
0000
0000
0000
0000
0000
0000
0000
0000
0000
0000
0000
0000
0000
0000
0000
0000
0000
0000
0000
0000
0000
0000
0000
0000
0000
0000
0000
0000
0000
0000
0000
0000
0000
0000
0000
0000
0000
0000
0000
0000
0000
0000
0000
0000
0000
0000
0000
0000
0000
0000
0000
0000
0000
0000
0000
0000
0000
0000
0000
0000
0000
0000
0000
0000
0000
0000
0000
0000
0000
0000
0000
0000
0000
0000
0000
0000
0000
0000
0000
0000
0000
0000
0000
0000
0000
0000
0000
0000
0000
0000
0000
0000
0000
0000
0000
0000
0000
0000
0000
0000
0000
0000
0000
0000
0000
0000
0000
0000
0000
0000
0000
0000
0000
0000
0000
0000
0000
0000
0000
0000
0000
0000
0000
0000
0000
0000
0000
0000
0000
0000
0000
0000
0000
0000
0000
0000
0000
0000
0000
0000
0000
0000
0000
0000
0000
0000
0000
0000
0000
0000
0000
0000
0000
0000
0000
0000
0000
0000
0000
0000
0000
0000
0000
0000
0000
0000
0000
0000
0000
0000
0000
0000
0000
0000
0000
0000
0000
0000
0000
0000
0000
0000
0000
0000
0000
0000
0000
0000
0000
0000
0000
0000
0000
0000
0000
0000
0000
0000
0000
0000
0000
0000
0000
0000
0000
0000
0000
0000
0000
0000
0000
0000
0000
0000
0000
0000
0000
0000
0000
0000
0000
0000
0000
0000
0000
0000
0000
0000
0000
0000
0000
0000
0000
0000
0000
0000
0000
0000
0000
0000
0000
0000
0000
0000
0000
0000
0000
0000
0000
0000
0000
0000
0000
0000
0000
0000
0000
0000
0000
0000
0000
0000
0000
0000
0000
0000
0000
0000
0000
0000
0000
0000
0000
0000
0000
0000
0000
0000
0000
0000
0000
0000
0000
0000
0000
0000
0000
0000
0000
0000
0000
0000
0000
0000
0000
0000
0000
0000
0000
0000
0000
0000
0000
0000
0000
0000
0000
0000
0000
0000
0000
0000
0000
0000
0000
0000
0000
0000
0000
0000
0000
0000
0000
0000
0000
0000
0000
0000
0000
0000
0000
0000
0000
0000
0000
0000
0000
0000
0000
0000
0000
0000
0000
0000
0000
0000
0000
0000
0000
0000
0000
0000
0000
0000
0000
0000
0000
0000
0000
0000
0000
0000
0000
0000
0000
0000
0000
0000
0000
0000
0000
0000
0000
0000
0000
0000
0000
0000
0000
0000
0000
0000
0000
0000
0000
0000
0000
0000
0000
0000
0000
0000
0000
0000
0000
0000
0000
0000
0000
0000
0000
0000
0000
0000
0000
0000
0000
0000
0000
0000
0000
0000
0000
0000
0000
0000
0000
0000
0000
0000
0000
0000
0000
0000
0000
0000
0000
0000
0000
0000
0000
0000
0000
0000
0000
0000
0000
0000
0000
0000
0000
0000
0000
0000
0000
0000
0000
0000
0000
0000
0000
0000
0000
0000
0000
0000
0000
0000
0000
0000
0000
0000
0000
0000
0000
0000
0000
0000
0000
0000
0000
0000
0000
0000
0000
0000
0000
0000
0000
0000
0000
0000
0000
0000
0000
0000
0000
0000
0000
0000
0000
0000
0000
0000
0000
0000
0000
0000
0000
0000
0000
0000
0000
0000
0000
0000
0000
0000
0000
0000
0000
0000
0000
0000
0000
0000
0000
0000
0000
0000
0000
0000
0000
0000
0000
0000
0000
0000
0000
0000
0000
0000
0000
0000
0000
0000
0000
0000
0000
0000
0000
0000
0000
0000
0000
0000
0000
0000
0000
0000
0000
0000
0000
0000
0000
0000
0000
0000
0000
0000
0000
0000
0000
0000
0000
0000
0000
0000
0000
0000
0000
0000
0000
0000
0000
0000
0000
0000
0000
0000
0000
0000
0000
0000
0000
0000
0000
0000
0000
0000
0000
0000
0000
0000
0000
0000
0000
0000
0000
0000
0000
0000
0000
0000
0000
0000
0000
0000
0000
0000
0000
0000
0000
0000
0000
0000
0000
0000
0000
0000
0000
0000
0000
0000
0000
0000
0000
0000
0000
15E3
19C2
17E0
1400
0F2C
0C10
0B25
0BFE
0E94
11CA
143F
1698
195C
1B6B
1C5B
1A40
17F3
1636
12F2
1330
16EC
16F1
16A6
1810
164D
1623
1ADA
1B2C
1DB6
11C7
06F8
00E0
0EB1
0D7E
0700
05F6
043C
06FB
092B
0817
0802
08A0
0958
0BE3
0E22
0F0F
1019
128C
13F5
1100
0F22
145E
185E
16EA
1610
1282
0E49
154E
1EB3
1B1E
1B94
1168
09B9
0000
15EE
1492
0A15
07B0
078C
0DD8
1423
15BA
1528
1319
10AB
1123
118B
1031
0FC7
1190
11CD
0E85
0F46
1749
1D2E
1CCF
1933
0F2B
070A
102D
1BF6
18E6
1CA4
0ECB
02E4
0000
18D1
1606
0F60
1097
1727
1DD4
2538
2BA7
2DAC
28F6
2165
1EC3
1D29
1A52
196F
1B1E
1AC4
189E
1AF2
208D
2217
238A
2228
14CF
0952
10CE
1679
121E
1C3D
1741
0B25
0000
13DC
0E19
0893
0DE4
139E
1924
1CDA
21AB
261F
2505
2038
1E75
1CE8
1A74
1916
17B2
144C
12D2
1595
17A4
1694
1805
1A1F
121C
09CD
0CAB
0B1B
0AE5
1E4D
17E9
0BB3
0000
1416
0E8F
0738
07DD
0941
0E12
0EE5
0DE9
0F92
1290
15C7
18FE
1B06
197E
15D2
0F3F
087E
078B
094C
071C
0551
0A5D
0D8A
0794
03FD
0620
06C5
1048
2386
0BB6
0000
0000
151F
0EAA
07E3
09FC
09F9
0CA7
0B8E
0852
05BA
05BA
0903
0CCC
1083
12BA
1075
0946
0263
02C2
0502
02DA
0000
0146
0127
0000
0000
0089
0566
15EA
26E1
06CC
0000
0000
1624
0CB7
0643
0DBC
0DE7
0AD3
0895
0B30
0C01
0900
0626
0481
0552
0813
087F
05D1
0367
0365
0647
0A1E
099B
01D9
0000
0000
0472
009A
052F
16D0
250E
0DAE
0512
0000
14D6
0A7F
03B1
0AAA
0A28
0674
0682
0E56
1640
1755
124C
0B10
0502
0273
0093
0000
03ED
0ACD
1082
15E5
1729
0FBB
078F
08ED
0A20
055C
0854
12D6
1E80
12CF
118C
0000
134F
0B9B
0510
066D
048A
0787
0BED
1020
18A3
2078
2125
17AB
0A95
0460
0000
0000
0275
14F3
1F69
1E67
1CC9
1DB1
1BBD
12B8
084E
07B1
0C53
0E65
1788
0E68
121A
0000
1589
1066
0B17
0A85
06FD
0958
0D03
0F01
124C
184B
1F18
1D01
14E3
0F1B
070B
0000
0469
1221
19DA
1752
1541
1934
1BD7
1148
0589
0819
0DA2
0BCD
10B5
0349
0741
0000
18B7
1400
0FE7
1335
1024
0A13
0854
0E60
0E19
08DA
0E27
198B
2142
1C69
10CB
0BAF
0B3A
08F9
091C
0BDB
0D01
0EB2
1028
0976
047E
08ED
0AF2
0709
0A0A
0000
005F
0000
1868
1383
0F3E
1409
1429
0FAB
0C90
0F5D
0CFD
06AA
05BC
0DFB
1A6F
1B10
15C5
15FB
13A8
0DA0
0B0D
0C4E
0E59
1134
0F96
0778
042A
0697
0523
02B8
0970
00E3
030A
0000
1700
122B
0C60
0F0D
1133
1632
15F7
0DC7
08C3
0D1F
0A30
0300
0757
0FF4
18D7
1C8C
16F2
14C7
148E
104B
1107
1758
1635
0EBC
0A8C
07E1
03C0
04D1
0D4F
04EF
043A
0000
17F7
11DB
0A34
0C95
0EE2
1426
1406
0C4D
0914
0D4F
0BB4
0724
0570
08FB
13E5
1656
1071
121B
12B4
0CAD
0BFD
1287
162C
15BD
14EE
1083
0AB9
0AA9
108C
043A
0253
0000
17E4
107A
076F
0B4F
0EA0
1000
0DD1
0ECD
1091
0AEC
082B
0E0A
09E8
038C
0826
07F7
087C
102E
0F01
05EE
0432
0ABE
10CE
1324
157C
151B
1202
0F43
11F3
04DB
0340
0000
166C
0C65
0324
0AF5
10A4
0FBE
0CC3
1174
13E7
0A99
06D2
0B05
0655
0352
051A
0115
0367
09DA
0790
0521
0806
0BEA
0DB7
0E59
0F26
0CA2
09AF
08EA
0D76
024A
03AA
0000
164F
08EA
0000
0AEC
128D
0F24
0CAC
11D4
10A5
0A70
0B5F
0924
028B
05E7
07BE
033C
0213
0000
0000
0556
1088
0D9E
0AF1
105A
10F4
0513
0000
0000
06FC
0000
0288
0000
16D6
0957
0000
091C
0EC4
0E8D
0FE8
0FE1
0A70
0CBF
1369
09E1
0000
0645
0CC4
0CCC
0A47
0000
0000
0000
08AD
0A95
0D1B
155A
1882
0DE5
0096
0000
0631
0000
03A1
0000
163B
0C12
03D0
077A
077E
0E76
1596
0D74
03E5
0EB5
16BD
0951
0163
0A12
10A6
124B
12E3
0BD8
0025
0000
0000
0AF9
131B
1358
14F3
1718
1398
0A16
0940
00DC
084A
0000
15EA
0E05
079A
0871
04CB
0DCC
1689
0C5B
0400
0EAC
1324
0991
0822
0B8D
0991
0D3B
153D
14D6
0F4B
0B66
0B46
1186
146F
0F5D
0BE2
0E04
115C
0BB3
0A95
04A4
0C76
0000
1711
1079
0ADB
0AD3
055F
0CF4
144C
0E11
0B57
1087
0D4C
08C5
0C4F
097C
02B8
0A1A
1621
1610
1544
1B62
1D2A
188B
157B
14E0
0D74
0301
0170
02A4
08A9
0785
0B86
0000
1A97
150D
0ECD
0D15
077C
0C13
104C
0FB0
133A
1138
07A9
09D1
11D8
0A91
02A4
0D88
164D
0FAE
0E94
1972
1EA9
1A7B
1935
1A90
1339
07D8
0000
0000
026B
045E
06CF
0000
200C
191F
114B
0FBA
0BE8
0BE5
0A53
0EE8
1734
0FB1
0549
0EE0
17A5
0AAF
0309
1109
15C9
0A53
0B0E
173F
1A61
183B
19F0
16E6
1037
0E2C
064F
0000
0000
0000
0279
0000
227D
1ABE
104D
0DEE
0ABA
0831
047D
0C6A
1604
0E13
07C5
12AB
163B
0A2D
075B
125D
142A
0FC0
15B0
1A7F
14E6
1330
1421
0AFC
02F7
05BC
05F2
0042
05CB
0022
01E8
0000
21CC
1AF7
0E2F
09B6
053B
0267
0000
08A4
10DB
0B66
0B31
137F
11B4
0B32
0DEF
1146
0FFF
1711
20AE
18ED
0CCC
0ED2
0D70
00B3
0000
0000
0000
0363
0E06
068E
0544
0000
20CF
1762
092F
0834
04B3
00C2
0000
049B
0A31
09EF
0E41
0FE4
0A0A
0AB7
1075
0C62
07F8
12E9
1C3B
10B5
05F2
0934
07B4
0000
0000
0000
0000
0029
0EB6
095E
07CB
0000
1ED8
1097
01A7
0835
08A1
042F
0124
0374
04FF
0A2E
0FE8
07B3
001B
08E0
0F56
04CA
0000
0977
0FC9
0690
006C
0000
0000
0000
0000
0000
0000
0167
0E80
0686
0412
0000
20AF
0FA0
0378
0FD9
1644
1583
1423
132A
110F
1692
1A6A
0F38
07D6
0F8B
12CB
09C0
069D
0E62
0F48
0858
0576
03F1
0199
05AD
0B15
0B3A
0DC4
134A
18ED
115F
0D71
0000
1AB6
0E92
0845
133C
135C
13E8
133B
0FB6
0BCD
0EC9
0F35
075F
02DB
038F
0274
0166
0359
03E8
0078
0000
0073
0000
0000
0096
0845
10A7
13A7
0FBC
0D9B
033F
06FC
0000
08F8
0000
0000
07DF
0692
07C7
08AD
060F
0303
0462
0393
0018
0000
0000
0000
0000
0000
0000
0000
0000
0000
0000
0000
0000
0051
07AF
0954
03CE
03EF
0000
07C9
0000
0000
0000
0000
0000
0000
0000
0000
0000
0000
0000
0000
0000
0000
0000
0000
0000
0000
0000
0000
0000
0000
0000
0000
0000
0000
0000
0000
0000
0000
0000
0000
0000
0000
0000
0000
0000
0000
0000
0000
0000
0000
0000
0000
0000
0000
0000
0000
0000
0000
0000
0000
0000
0000
0000
0000
0000
0000
0000
0000
0000
0000
0000
0000
0196
0000
0FC0
16B7
0BF2
06B6
0202
00BB
03C0
07A8
0B43
0D21
0FAB
0FB8
0DCC
0D63
0C5A
0963
05C7
035B
02FC
04F9
0895
0B56
081C
04A6
05EE
0493
02BF
0BAF
0860
06E3
0672
0197
111B
18E1
0BF5
03CB
0139
00B4
0323
06A8
0A2A
0CA7
0FE5
1082
0CAD
0B88
0E95
0E82
0838
024E
0101
01B4
0736
0CD7
08F5
03C6
077C
0567
0000
0795
07E7
0AFD
0844
00A1
0A33
0B51
0000
0000
0000
0000
0000
013E
0413
07C7
0AC6
0A42
0613
05EA
0C01
0C35
04EB
0000
0000
017A
05EF
0A1A
08EC
0641
082A
0637
0129
0532
0865
0E22
0A5C
0000
05F4
01E1
0000
0000
0000
0000
00BC
0283
02B9
0454
04B9
0345
029A
05EF
0CD1
0CA3
0658
03F5
0568
0764
0850
08D1
0A40
09CC
05F1
0455
064D
09AA
0C8B
14FF
0E6C
0000
06F3
05F1
022D
062F
0DB8
1084
0E42
0C7F
0975
05EE
028B
015B
0591
0D6A
13DF
115C
0A91
0A40
0DD8
0DCB
0C8A
0CC3
0CEA
0934
00B0
0000
035B
0FB5
12D0
1923
0E60
0000
08BC
0B15
07F7
09E4
1155
155E
123D
10EA
1193
0F39
0A60
0814
0D5F
13FF
141A
0E48
09C6
0D23
12C2
11F9
1095
13CF
156F
0EEB
0000
0000
01D8
17AF
14EC
1A20
1283
0000
0921
0A03
06DA
082C
0AB6
0AD0
08E2
0A5B
1089
1537
14E8
1345
15F6
1536
0D2C
0625
036A
0710
0F58
11E5
0F44
1175
1588
115A
034A
0000
0631
15E7
1043
1CE9
1BCA
00A1
0872
067E
065F
0AA4
06F2
022A
02FA
062A
0BA6
1201
160F
1865
19DE
155F
0BA2
0599
020D
01F9
0969
0E9A
0A64
08F8
0F27
0FB7
095D
0631
0A7D
0B1B
0B42
1E7A
1C1F
0000
0869
078A
0691
0738
01D8
0000
034C
067B
09DA
0E17
101B
134B
1592
1363
0B93
025D
0058
0268
052B
07FC
0749
0787
0B67
0D70
0CF9
0BE6
0C35
0992
0970
1832
111F
0000
0813
0A78
04F5
001F
00A6
0530
08BA
099B
0B99
0CE2
09C7
0904
0B06
0E68
0B1A
01B2
043E
0BEB
0934
05A9
09CC
0EC5
0B0B
0730
09C1
0A74
0A2B
0FCB
0C49
162E
0C89
0000
070F
08F2
026B
019E
069E
0AC7
0D2B
102A
113C
0DFB
0924
0449
00EF
0692
0C2E
0C94
1327
197F
145C
0D67
112C
160B
0E1E
04AC
0554
0774
06B6
0EEF
111A
1F56
1298
0000
08A6
07C7
02E8
0764
08B0
059E
09DE
12B6
13CB
0EAE
0E96
0C43
03D9
01DA
0889
105F
1528
1662
1598
1272
12FD
1425
0F53
0937
06A8
071A
06D5
0A53
12CB
253A
1639
0000
0C95
0BF9
064D
07D2
0625
03CE
0701
0AFC
0B4D
0D2B
14F0
1889
12FE
0972
035E
0654
0831
079F
0BC3
0DEF
0DD8
0E68
0F19
0FA6
0BD5
0816
0811
08D8
0D88
1C80
1193
0000
0E1C
0EB4
0685
03AB
057F
0A61
0948
02FE
02F9
0C77
168F
1A55
1AF8
13E9
04FC
0000
0119
02DA
0638
0A6B
0C59
0D65
0EF3
1103
0C89
0602
0678
097A
05D4
0FB9
0D2B
0000
0CA9
0D0E
0514
02CB
05E3
0CBD
0CF5
06A0
048F
09DD
0E0A
100E
1668
18E2
0E10
048B
0594
0945
0918
0A38
0E01
0F14
0D3D
0BDC
0934
05B5
06EF
0A4D
0266
0B5A
0DC6
00CC
0AE2
0A52
0554
0532
0522
0944
108A
1050
07B5
03F1
062C
08B1
1021
178C
1694
118C
1000
0F7F
099C
0519
0929
0E31
0F01
0CDF
0C92
0DC7
0D19
0AB4
00E4
0A85
0E55
0219
0A65
07AD
0492
059A
0641
08DD
0F54
1153
0A67
062A
072D
0852
0A42
0D90
1496
1B24
199E
0EBD
030A
0000
0232
0A92
1427
18A6
17BC
17EB
14D5
0C4C
0000
08A2
0C31
01DD
0A1D
06A5
03E8
0511
093D
0C92
0ADF
0A17
0EAE
0FE7
0A12
073C
05BF
0265
099B
1882
1A6E
0D51
0437
0501
069F
09DD
1557
1D97
1931
156E
12FF
0BF0
0073
0AE3
0C67
0000
095E
07BC
0422
0505
0B39
0F03
08A5
0622
0F6A
1282
0A15
06CF
0552
0000
001C
0BF5
129E
0FD7
0CCF
0D84
0CC3
0D37
11F1
141F
0F05
0A9F
080E
0709
0453
125A
106B
0000
091C
0AAD
048B
039E
0B38
0FCF
097D
072F
0DCA
0EB0
0988
0934
088C
02C9
0000
033E
0A24
0F62
0C62
0760
0AE1
1219
1196
0D66
0E20
0D38
0562
01E6
0332
14BA
10AB
0000
0A46
0CF8
051E
025E
08A4
0D70
0B41
0ACE
0CB0
0C11
0ACA
0B8B
0B84
087B
06A5
054A
050C
0772
0541
020D
08AB
1141
1208
11F0
1987
1A72
0E5D
02B0
0000
1135
0DD5
0000
0B32
0D85
064F
03A6
0519
06CF
0B66
0EBB
0A9D
0881
0CB7
0E1E
09E9
083F
0CC2
0C71
042C
0242
0807
0A24
0810
08B9
0EFD
15DE
1B8C
1A06
0FDC
04C6
0037
0EA8
0C6B
0000
0C5B
0E3A
08C2
066E
0392
02E5
0B6B
106F
095D
05F6
0D41
0F86
0815
0600
0E01
1086
0887
0712
10AF
136A
0A25
0722
0EF0
1346
111A
0E3C
0914
061A
039D
0CD2
09C5
0000
0FB0
1012
092D
0783
0392
01C2
0989
0E86
0908
06AB
0D44
0F26
0760
0584
0C9C
0EC0
0A9A
0B02
1144
122B
0DED
0E6B
1176
0E85
07F5
04E8
0223
05D8
065F
0E64
09C5
0000
1457
1538
0A60
08C5
04BB
0121
055C
09CC
09BD
09B1
0CEB
0D12
06AB
05C3
0A39
0993
077E
0B66
0FF8
0FBF
106C
13B2
1481
0EF8
0594
0000
0000
00C8
05A4
138B
0E9A
01A8
1460
15CC
090F
0752
0594
03C0
0471
06DD
0B92
0F21
0D71
0A42
0886
0916
0779
0330
05F8
0E2B
1080
0EB8
0F77
117B
11D2
0E9A
05D8
0000
0000
0211
04FF
1521
107D
06BF
12AF
10D1
04B0
0277
049C
0634
0542
0501
0BD9
12BF
0F26
0925
0AD1
0D41
07AC
02C7
08D6
1143
121E
0F56
0E0F
0B37
0680
0524
03A3
0344
096E
0BB5
0651
1096
0DCE
0D09
11E8
0A16
0566
0218
04AB
0687
0429
01D3
093E
1238
0FE3
0988
0BC1
0ED5
090A
0457
09A3
103D
12C1
113B
0D17
074F
00C8
0015
03CA
0677
0BC6
0A8F
0475
0C30
06E3
02EE
0523
0000
0000
0000
0000
0000
0000
0000
0000
0000
0000
0000
0000
0000
0000
0000
0000
0000
01D7
0000
0000
0000
0000
0000
0000
0000
0000
0000
0000
012A
0000
0000
0385
025D
0320
0703
06C0
06C7
051B
048F
056D
0728
0AFC
0CDB
0B0B
081B
05AA
054A
0693
07DD
0732
048F
0219
02CB
0372
01F6
0563
0983
0560
0709
0AE3
14DD
0478
0842
0BFF
08D5
09E7
066A
0414
01AB
0000
0000
0000
0000
0000
012C
0000
0000
0000
0000
0000
0000
0000
0000
0000
0286
041B
0403
0483
047C
0000
0000
0000
05E8
0000
0000
0165
0B8B
0195
0000
0000
0000
0000
0000
0000
0000
0000
0000
0000
0000
0000
0000
0000
0000
0000
0000
0000
0000
0000
0000
0000
0000
0000
0000
0000
0000
0000
0000
0000
0195
0000
0000
0000
0000
0000
0000
0000
0000
0000
0000
0000
0000
0000
0000
0000
0000
0000
0000
0000
0000
0000
0000
0000
0000
0000
0000
0000
0000
0000
0000
0000
0B23
064C
0434
05DD
0285
0000
0000
0000
0000
0000
0000
0000
0000
0000
0000
0000
01DF
0149
0000
0000
0000
0000
02A8
001E
0000
0000
0000
05ED
0775
0000
0000
01AC
0BF4
0371
0000
054B
07A9
05D2
02B2
01A5
005A
0000
0000
0000
0000
0000
0171
0000
0000
0561
063A
0000
0000
0000
0671
081B
0000
0000
0000
0695
1500
044A
0000
0337
0BB8
0000
0000
0000
0027
037C
03D7
0387
00DE
0000
0000
0000
0000
0000
0000
0000
0000
0000
04A6
027A
0000
0000
0505
0396
0000
0000
0000
0328
19A1
0E2D
0000
02CE
0C12
0023
0000
0000
0000
0000
0000
0000
0000
0000
0000
0000
0000
0000
006D
0000
0000
0000
0000
0000
0000
0000
03DA
064F
06F1
0000
0000
0000
0D36
127E
0000
01DF
0CE7
0404
0000
0000
0000
0000
0000
0000
0406
062B
067A
0447
0000
00E7
03A6
0000
0000
0000
0000
0000
0000
003D
024A
0791
0FE3
06AE
0000
0000
0000
0FAF
0000
0000
0AF3
067C
0000
0125
040F
010D
0000
00BA
032C
00F4
015C
0316
01F8
0401
078A
03EB
0000
0000
0175
0000
0000
0000
0000
0000
0641
0DC9
0147
0000
0000
0218
0000
0000
075D
0677
015C
0000
00ED
03E1
0382
0097
0000
0000
0000
0000
0019
01DB
06CE
06AE
0217
03D4
04A6
0000
0000
0000
0000
0000
0000
0996
10C6
084E
0000
0000
0000
0000
060C
048F
0071
0000
0000
0000
0050
02B8
040A
0426
01CF
0000
0000
0000
0000
008F
0281
0570
0625
014B
0000
022E
0253
0000
0000
0000
0723
0DBB
0490
0000
0000
0000
0797
0232
0000
0000
0000
0000
0000
0189
0AE8
0D8C
08B0
0000
0000
0000
0000
0000
0000
0000
00EB
027C
0161
01A9
047D
0000
0000
0000
0000
0657
0B98
0A7F
0000
0094
0A84
02E0
0000
0000
0000
0000
0000
0000
0000
0632
0D9E
0DA3
0720
0000
0000
0000
0000
0000
0000
0000
0000
0000
0019
0208
0000
0000
0000
0000
0517
0854
0000
0041
0B5A
0373
0000
0000
00E0
0000
0000
0000
0000
0000
0E1F
16DF
15CA
0A76
0000
0000
0000
0000
0098
0200
0000
0000
03BF
07DF
041E
0000
0000
0000
0000
0000
0000
0009
09C4
0132
0000
0000
007B
02EE
0492
0000
0000
0000
0000
0893
154C
197F
10C8
0000
0000
0000
0000
066E
0524
0571
0870
09CF
07B4
0000
0000
0000
0000
0000
0000
0180
0A57
0112
0000
0000
018F
03EA
07AC
06B2
0000
0000
0000
0000
0B92
1B40
1ED2
0F4F
0000
0000
0000
0265
0810
0685
04AD
0482
04DF
0036
0000
0000
0000
0000
0000
032E
0DED
03B5
0000
0000
02B1
0332
016F
0418
0914
0234
0000
0000
0000
04EA
1912
1EE9
1148
0000
0000
0000
01E2
01B5
0000
0000
0504
0631
0289
0000
0000
0000
0000
025A
1068
069B
0000
0000
02E9
05B3
0000
0000
0567
0FD7
08C8
0000
0000
0000
08BC
205C
2381
0B55
0000
0000
0000
0000
0000
0143
084F
0965
03D4
0000
0000
0000
0000
0000
0EF8
0771
0000
0000
014F
09CF
05C2
0000
0000
0918
1748
0569
0000
0000
0000
0B0E
1B94
105B
0000
0000
0000
03C4
052F
04D7
04F5
03FC
0000
0000
0000
0000
0000
0000
0C1E
06EE
0000
0000
0000
07B6
0CCC
0000
0000
0000
13C9
177E
02A9
0000
0000
0000
0A52
0D27
0560
0000
0000
03BA
0889
03E6
0000
02B4
01C8
0000
0000
00D7
0000
0000
0AB9
05A7
0000
0000
0000
0000
0F28
0B93
0000
0000
0000
1488
1332
0000
0000
0000
0338
0592
0138
0000
0000
0000
010D
03AA
05EC
0B3A
09EB
0000
0000
0000
0000
0000
0A0A
03D1
0000
0000
0000
0000
0A76
1301
0437
0000
0000
04A5
1426
0777
0000
0000
0137
0000
0000
0000
0000
0000
0000
02CE
0B74
0D24
09DC
0091
0000
0000
0000
0000
09FB
03A4
0104
0000
0000
0000
0019
1180
11E3
0000
0000
0000
0B67
09AF
0000
0000
008B
0124
0000
0000
0000
0000
0000
0000
0000
02D8
092D
074B
0000
0000
0000
0000
0A56
043B
02D8
0000
0000
0000
0000
08C7
15C0
0813
0000
0000
0291
083B
0000
0000
0000
08D0
0596
0000
0000
012B
0000
0000
0000
0000
0BFC
0FBD
0505
0000
0000
0000
0A26
032B
01F1
0202
0000
0000
0000
0000
11FA
133C
0000
0000
0000
0922
01C6
0000
0000
0810
0D91
0000
0000
0000
0AF8
058E
0000
0000
02C2
0AF2
0944
029B
0000
017B
0BE2
02A5
0000
028D
03AC
0000
0000
0000
0B37
16F5
0ADD
0000
0000
06FB
0B16
0000
0000
025D
126C
0286
0000
0000
126A
165C
0959
0000
0000
0041
0838
07C1
0000
0501
1106
041A
0000
0000
060B
01A4
0000
0000
0139
13F7
161C
01B6
0000
00B2
100E
040E
0000
0000
12F5
0F56
0000
0000
0783
11AA
10C0
02EA
0000
0000
04D1
06F8
0000
06DF
166E
073F
0000
0000
06CC
0556
0000
0000
0000
0BB6
1986
0C17
0000
0000
0E3D
0A6D
0000
0000
0D24
15C7
0C4C
0000
0000
0271
0D3A
0DB1
04D3
009E
000D
008E
0000
02B6
157F
0C79
0000
0000
0433
056C
0157
0000
0000
0000
1201
12AD
01E5
0000
0601
0A39
0009
0000
03F8
11CE
1614
0AFE
0000
0000
03BA
0D3F
0B67
02D5
0000
0000
0000
0B01
1AE6
1D3A
0F23
0A85
0AB3
0D00
0E64
06C6
0000
0000
10A2
1AF4
1404
075A
07CB
0FEB
1086
0B43
0978
133F
1E81
1C5C
11B4
0896
076A
0F66
0F27
0B9E
0029
0005
0000
0000
0C1E
1967
1678
122C
0EA5
10F3
15B6
1231
0878
0576
0D5C
1918
1BCE
12B0
0C14
106C
1656
1615
1151
1103
168F
1A36
1936
1466
0E98
1001
0F75
104F
0A06
0D0E
0000
0000
08A2
14E3
16D8
1484
0F8C
0FEA
1486
1410
0ECE
0A03
09DE
1092
1737
1558
0F3D
0EC6
12C6
1671
1490
0DA1
0B5A
1196
1811
1906
1352
0CFC
0A54
1311
0E82
0C24
0000
0000
0000
011B
06CB
06F5
0470
0416
06EE
08C9
0867
0617
0319
03E6
08EC
0C3F
0A5F
07A7
0786
0A6D
0C39
0742
01C1
031D
07BD
0ABE
08EC
031F
0303
0947
091B
013F
11D3
0E27
0E33
0AD7
09CC
070C
0669
06F0
075A
078D
0754
0738
0491
02E0
0326
030E
0451
0504
047E
0288
0000
0195
064F
054B
04D2
0532
0000
005B
04E7
0525
0FA6
1252
17E1
169A
15FF
141C
1486
1219
11B8
11F1
11AA
12A7
1411
1475
122D
1298
16C2
1853
16A3
148F
124B
0FCB
0F55
1170
123C
1206
15B8
1583
0C98
0DB7
15D2
17BD
1F7C
1E7C
2296
1AF9
15A3
0D53
1267
12BD
12C8
13FF
1398
13B6
157D
1507
1271
1318
1782
17FB
1431
126F
1344
1339
1436
1600
141E
13DB
1838
172C
10AA
14F9
1494
119A
1B8B
1B25
1BFE
1212
0CAC
0614
0A31
09E6
06DA
0651
0633
056F
069C
04F1
01BF
03E9
08B3
07EE
04C4
06AD
096D
0843
066C
07A7
0B02
0FB5
10F5
093C
03C7
0C13
0A29
05B1
1301
13F8
0D1A
0735
0941
0AA7
0CA7
0AC6
05EA
0367
03FC
03A2
0354
00B4
0000
04B8
0D04
0E4C
09F7
09E9
0CAF
0B0F
0786
08B1
10B3
163C
126C
0739
0227
0910
0DE6
1352
2269
1D2D
0C2E
07C6
0BAB
0D62
110B
120D
0F5D
0D59
0F03
0FCF
0D66
09BE
090D
0DD3
13CA
12CA
0D1A
0D2D
1284
136B
0E8B
0EAA
1611
18C8
10B8
06EE
052C
0A61
0DEA
1289
2482
1DE0
0E76
0D0B
11BD
12FE
1833
194D
1428
0F22
0DA7
0CF7
0C0E
0D28
1010
1495
14C7
1118
0EB8
0FC3
1290
129B
0E0A
0C82
0F62
0F41
0AF9
09AD
0C95
0EB1
0A71
0B04
24F7
21AA
0FBC
0ED7
13DE
13B6
1421
0F6F
08BF
0579
04EC
0476
0623
09F3
0DCE
103D
0D6D
0A40
0A76
0A37
0A7B
08F2
0386
0179
05A9
086D
0929
0BA4
0A28
0644
016E
0A0E
2879
2716
0E08
0ACD
0DE9
09D3
038B
0000
0000
0457
06F8
0848
0892
07AC
0573
0389
03FA
052B
02F6
0180
02AA
01BE
0000
0000
05F3
088D
0787
088C
0307
0000
012F
1115
2B8D
28AC
0C20
0943
098F
0289
0000
0000
04FA
086A
078F
0834
0796
03AE
00A5
0000
00DC
047E
0285
02FD
0357
0000
0000
03D4
07B9
0575
0534
0884
0637
04C8
05BF
0D44
2865
2788
0BFB
0A1B
0890
0301
03A9
072E
05AD
029D
021B
03D3
03DE
0341
038C
0179
0355
06C3
0686
086A
0680
014E
01EB
0631
0901
091F
0BCC
0D7A
0A0C
0727
04FA
047E
2476
28D5
0CA0
08E9
0798
0560
0744
0686
01EC
01E3
066C
0806
068A
07F6
063F
02AF
06B1
09E7
080A
07B1
068B
0871
0B56
0B44
0D3A
121A
1313
0CDC
0537
03A7
0762
0B57
2557
28DA
0D07
08AD
08B8
07E1
0898
06E1
0822
0AF5
0985
05C9
04DE
0767
06C8
0747
0B62
0B25
0962
087F
07CD
0CD3
109C
0D2D
0963
0B01
0B51
0515
0186
0710
0E2B
147B
250A
2533
0F2D
0BE5
0BF3
09C7
0B01
0B55
0BFC
0837
00C5
0020
0666
092D
0A4B
0F36
0DDC
0786
09C5
0B7C
08A5
0985
0930
051A
0234
0181
0251
0105
028B
0978
0B91
0CD5
1FED
2347
11B9
0DCF
0E1B
092F
070B
0552
0569
01BF
0000
057A
1044
107F
0C30
0D27
0A34
04AD
0641
0564
03D3
0575
03BE
021D
063F
084B
06B5
049D
044D
045E
0180
0138
1DBC
2680
1036
0B3D
0D9D
08AA
02B7
0000
05D7
0773
0321
04FD
0C1C
0E6F
0D99
0BDD
07D9
0795
0743
015C
0132
0636
083D
09D7
0DAB
0F94
0DFB
0BDF
08D7
02E5
0000
0090
20BB
2928
0D55
0984
0CD8
090B
06A2
07B3
0B7E
07FE
001A
0000
0315
07F3
1009
10AC
08BD
0A9A
0F87
0AAF
05D9
07F1
0B94
0DB8
0BB2
0ACE
0C76
0E43
0E0E
0883
019E
067A
241A
285D
0CA3
09A7
0C79
091D
0959
0CCB
0AA5
0293
013E
0515
037E
0312
0991
0A88
0731
0E16
157F
107F
0723
04CD
06DF
0734
05E8
06C8
0948
0C12
1036
0E62
070E
0AB8
2614
27A6
0BBC
0913
0C12
07F7
06D8
0AB8
09B9
053F
08F8
0A0D
0064
0000
03F7
0414
0667
104C
12F7
0AA5
018E
0000
0000
0326
09AB
0D97
0CC4
0CAA
0F58
0B0F
0414
0941
2381
2489
0A3F
089C
0B65
06BE
05D9
0908
08A6
086F
0C3A
07D6
0000
01FE
0977
056C
014E
0610
098A
069A
0167
0000
0000
059E
0E14
0DB6
0A18
0BF3
0D1B
05CD
00D8
079A
1F50
2098
0A38
089A
0B82
07B7
05FA
0618
0532
0960
0DAC
06EC
0389
0A19
0A47
00E2
0000
0000
0380
09E5
0BCC
0499
0000
0123
0278
0000
00C9
09FC
0F21
0D85
0919
0AC0
1FBA
2235
0B61
0812
0AD5
0903
0629
02F1
03BB
0C18
0E79
05C1
0507
0A96
075C
01FC
0222
02EA
0371
09B8
1101
0BE8
0000
0000
0000
0000
0606
0E8B
11A3
14AB
1115
0DAA
2097
25F5
0C46
081F
08C5
07B1
064E
02BD
048C
0C61
0B9D
04C7
06A9
0A5C
09B0
0C5D
0DC6
065A
0000
0346
0A7D
0685
0000
0000
021B
0BEE
1305
1259
0E0C
0E40
0E69
0C91
1E32
2467
0E2A
09DA
0909
06D6
063B
0406
05D9
0A75
0849
0790
0C39
0A9B
07F9
0D60
0F07
0454
0000
0253
08FB
0581
01CA
066A
0E21
125F
11DC
0E1E
0C32
0B5E
0AB4
09E7
1C33
208B
1004
0B78
0AAF
079D
07F2
06A2
076A
082A
0739
0BC3
0EA4
069C
01CE
0941
0DEF
06F6
014E
07E4
0F30
0C41
067A
061D
088F
0AAA
0A26
09E4
0F1F
118E
0C59
08EA
1C59
1F9B
10D9
0C8B
0D14
0855
0A6E
09ED
0900
0621
0739
0F03
0F87
052B
01E8
093E
0E83
0A4D
0577
0984
0FA0
0DA2
064E
02BF
0643
0A89
09D3
0920
0E75
1321
0F25
0C8C
1DB0
1F17
116D
0CF9
0F26
086F
0A06
09E4
08D6
055E
0646
0E7A
10B8
09C8
068B
0986
0C81
0A57
05B9
0677
0B9A
0EC5
0D88
0ADE
0C4F
0D30
0AA4
0967
0C42
108A
0FA5
10AA
204D
2023
0FE8
0A29
0DF4
080F
0911
08A5
06BF
03D5
04E5
0B58
0F72
0E2E
0B16
0979
0AF4
0C06
0840
0672
0BC7
1393
14A1
0F3F
09C2
0794
0A5F
0DE5
0F3B
0F7C
0B85
0C3A
20F4
236A
088A
064F
0E3C
08FE
09C7
09B5
075A
04ED
0597
096A
0CEC
101C
0FAA
0BEF
0B33
0D9F
0CF7
0AB1
0C51
1058
0EAF
0886
0468
0682
0EA7
1524
134E
0D75
0964
0C85
1E9E
20B9
02DE
07FD
0ED7
094F
085F
08C6
08B2
0700
0573
0554
09D9
10AB
1110
0B46
0860
0B76
0DE0
0B6B
0845
076B
0718
0624
0720
0A3D
0F73
13B3
1084
0930
0B22
0F96
1BA7
1804
0CAD
1669
2188
1D0D
1A80
19B6
19EF
18DD
1658
1420
17F9
1E1A
1DEA
1863
1566
169D
174B
14D1
1309
1389
16D2
1991
1A0E
1AD1
1C9E
1D62
1BA7
18C7
196F
185D
2381
2273
0A2F
1244
1C70
1EA2
1972
18D9
185E
17BE
164E
145C
150B
17A1
18C1
173B
14A4
122B
10F2
1100
10FE
110B
1466
187C
1A7F
1B30
197F
169B
16D1
1921
1C52
1C8B
21FE
2373
18FC
1B7F
17B4
176A
1218
1215
141D
14C6
15D1
16E6
1946
1C91
1F95
2071
1F77
1E77
1AE1
144E
10F0
1518
1C79
1EF5
1A38
11BE
0E5F
1584
1EB9
1DF9
15B3
1188
0F9F
0411
228D
1F6E
182B
16C4
1145
113B
13D3
15DB
180D
1A8B
1DA9
20B2
2268
21CD
20B5
1E56
1965
14BE
1418
1A67
21A4
20D1
1973
1291
13C2
1DBE
242B
1DF4
166F
132D
0F71
0000
1814
0EE6
0CBC
0EA1
0DAC
0D2B
0D63
100D
13D5
1709
1963
1A09
1891
183E
18E2
182D
176E
18F3
1B1C
1BA6
197D
17CB
176A
191F
1E32
20C8
1B58
158C
16B7
189F
1151
0015
0000
0000
0000
0000
0000
0000
0000
0000
0000
0000
0000
0000
0000
0000
0000
0000
0000
06DE
0BC8
0221
0000
0000
0000
0A40
0A82
0000
0000
0000
0663
058D
0000
0000
0000
0000
0000
0000
0ADD
13B2
18F1
17C7
115E
0A07
02CE
0000
0000
038C
0796
057F
06CA
0D7A
0E70
08B2
0747
0AA2
0C37
0A28
0057
0000
0000
0D31
18F9
0906
0000
0000
0000
0000
0000
07EF
1441
1AAF
1C5C
17F8
10CE
0ADD
05AD
02F1
05FB
0B9D
0C7D
064B
01B2
0334
05E3
08D3
0B89
07CE
0166
0000
0000
0000
0000
084D
0D3B
042C
0000
0000
0000
0000
0000
0819
0A4F
020D
0000
0000
0000
04C4
07AB
090F
0A43
08DD
029D
0000
0000
0000
0000
0000
0000
0000
0000
0000
0000
0000
0000
0000
0000
00E7
0C6D
0892
0000
0000
01ED
0076
0000
0000
0000
0000
0000
0000
0162
05F1
04B3
0000
0000
0000
0000
0000
0000
0000
0000
0000
0000
0000
0100
05F7
0000
0000
0000
0000
0D3A
077A
0000
0000
01B0
0000
0000
0000
0000
0000
0000
0000
0000
0000
0000
0000
0000
0000
0000
0000
0000
0000
0000
0000
0000
0000
0000
05AE
0AF5
0000
0000
0000
0000
0000
0000
0000
0000
0000
0000
0000
0053
013F
0000
0000
0000
0000
0000
0000
0000
0000
0059
058E
0000
0000
0000
0000
0000
0000
0000
023C
0E91
0253
0000
0000
0000
0000
0000
0000
0000
0000
0000
0000
0210
0764
072E
0000
0000
0000
0000
0000
0000
0000
0C87
08A9
0000
03FE
0D34
0D1D
01D5
0000
0000
0000
0000
0000
0000
0000
0000
0202
0000
0000
0000
0000
0000
0000
0000
0026
02FF
043A
027F
0000
0000
0000
0000
053D
0A51
00D7
0000
0936
10F6
0A62
02AE
0443
03A3
0000
0000
0000
0000
0337
02E9
06A7
0000
0000
01BC
01D1
01F4
02B8
0000
0000
0000
0000
0327
03E1
00B6
0475
0748
0472
0000
0000
0000
0000
0000
0000
0000
0785
0672
0000
0000
0000
0000
0000
0000
0000
01A5
0259
0466
04BB
0592
03F0
0000
0000
0000
0000
0000
012B
0E4F
1789
0F5D
0000
0000
0000
0000
0000
0000
0000
0000
0121
02C8
0000
0000
0000
0000
0000
0000
0000
0000
0000
0000
0000
02A9
00AC
0000
0000
0000
0000
0000
0000
04D2
0D4C
063F
0000
0000
0000
0000
0000
0000
0000
0000
0000
0000
0000
0000
0000
0000
0000
0000
0000
0000
0000
0000
0000
0000
0000
0000
08DC
0877
0000
0000
0000
0000
0000
0000
0418
0739
0000
0000
0000
0601
0000
0000
0000
0000
0000
0000
0000
0000
0000
0000
023C
0000
0000
0000
0000
0000
0000
0000
05C4
024D
0000
0000
0000
0000
0000
0000
0B2F
0EF4
0000
0000
0000
0000
0000
0000
0000
0925
0BBE
06E0
0000
0000
0000
0000
000C
0000
0000
0000
0000
0000
0000
0000
0000
0000
0360
0B50
0000
0000
0000
0000
0000
033B
0000
0000
0000
0000
0000
0000
0201
0842
089D
0373
0000
0000
0000
0000
0063
0000
0000
0000
0000
0000
0000
0000
0000
0000
0254
0952
0000
0000
0000
0000
0000
0000
0000
0000
0000
0000
0000
021E
0000
0000
0000
0000
0000
0000
0000
0168
048B
0000
0000
0000
0000
0000
0000
0000
0000
0000
0000
0000
0160
087E
0000
0000
0000
0000
0000
0000
0000
0000
0621
0144
0000
0000
0000
0000
0000
0000
0059
0375
02BD
0000
0000
0000
0000
0000
0000
0000
0000
0000
0000
0000
0000
0B55
010E
0000
0000
0000
0000
0000
0000
0000
0000
0000
0000
0000
0000
0000
0000
0000
0000
0000
0000
0000
0000
0000
0000
0000
0000
0000
029B
087A
0000
0000
0000
03D2
01D4
034A
09FE
0663
0000
0000
0000
0000
0000
0000
0000
07E6
09EE
0487
04F2
0244
0000
0000
0000
0000
0000
0000
0000
0000
0000
0000
035C
0474
0000
0000
0000
004A
0000
01A2
024F
0000
0000
05E6
0B0D
046E
0000
0000
0000
0000
0000
0000
05C9
0000
0000
0000
0000
0000
0000
038E
01EB
0000
0000
0000
0000
0000
0000
0000
0000
0000
0000
0000
0000
0000
05B3
1792
11F7
0616
04DD
03A2
0000
0000
0000
0000
0000
0000
0000
0000
0000
0000
01A2
05F1
0355
0000
0000
0000
0000
0000
0000
03EA
0000
0000
0000
0019
0000
0000
04DB
10A2
00B0
0000
0088
06DB
0000
0000
0000
0000
0000
0000
0000
0000
0279
050A
01F0
004A
0000
0000
0000
0000
0000
0000
0214
07E8
0000
0000
0000
0714
0000
0000
0000
0000
0000
0000
0000
0000
001B
0000
0000
0000
0000
0000
009C
0000
016D
069D
0000
0000
0000
0000
0000
0000
0000
0000
0180
046B
0000
0000
0092
03BD
0000
0000
0000
0000
0000
0000
0000
0000
0000
0000
0000
0000
0241
061F
0000
0000
0000
0000
0000
0000
0000
0000
0000
0000
0000
0000
0000
0000
0000
0000
0000
0000
0000
0000
0000
0000
0000
000B
0000
0000
0000
0000
0000
0B0B
0EB5
0000
0000
0000
0000
0000
0000
0000
0000
0000
0000
0000
0000
0000
0000
0000
0000
0000
0000
0000
0000
0000
0000
0000
0000
0000
0000
0000
0000
0000
00DA
0AAD
0000
0000
0000
0000
02F1
0000
0000
0000
0000
0000
0000
0000
0000
0000
0000
0000
0000
0000
0000
0000
0000
0000
0000
0000
0000
0000
0000
0000
0000
0000
0026
0000
0000
0000
0000
0000
05DC
0000
0000
05B8
0164
0000
0000
006D
0000
0000
0000
0000
0000
0000
0000
0000
0000
0000
0000
0000
0000
0000
0000
0000
0224
0423
0000
0000
0000
0000
003E
0000
0000
0000
0000
019B
0000
0000
0000
0000
0000
0000
0000
0000
0000
0000
0000
0000
0000
0000
0000
0000
0000
0000
0000
0000
02FF
0000
0000
0000
0000
01D2
0000
0000
0000
0000
0000
0000
06D8
04A1
05EF
07D5
06EA
0453
0154
0000
0000
0000
0000
0000
0157
05B7
0758
044D
01FE
03CA
048D
00ED
0000
0000
00E5
0561
04CD
00BF
04B1
0BA1
0C68
05A1
084A
0D72
1626
1186
11BF
134F
12F6
1246
107D
0EB0
0DFA
0FEB
1165
0FA6
0EA3
1074
11DB
0E53
0AC6
0DED
10A3
0E70
0B40
06C4
0508
0D7F
1466
0EF1
0C57
0FCD
13B0
0000
0569
0AD4
11D3
0B83
0972
0B57
0C71
0CB2
0D04
0D04
0CC1
0EBF
1038
0D4F
0A1D
0C42
0F33
0B86
05F3
0792
0CE5
115D
1303
0B8D
008D
0714
148C
14BF
0FAA
0E59
1483
0000
04A5
0639
060D
0000
0000
0000
0000
0092
0488
0733
077B
09A1
0A1B
045F
0000
0214
077A
03A8
0000
0121
048E
0C5F
14C8
0D63
0000
032D
0FF7
1145
0ACE
03E3
0E07
0000
00D7
03AD
0510
023C
0000
0000
0069
0139
0580
0759
078B
09BE
0A30
06A5
03A9
07CD
0BE1
0847
0536
0674
04C6
08B9
13F5
1188
064E
0587
08AE
0D6B
1031
0620
0D41
0000
04B0
05B7
0728
0B95
0CAA
0D5E
0F9C
0FE0
0FAE
0DCF
0B4A
0B72
0B5B
0BCE
0DA9
116E
1460
12A6
1100
123E
0DC3
0A54
0FE4
11BA
0D2A
0789
01AD
08FC
14E1
0A24
0E6D
0000
087C
08CF
06FE
0B32
0EC1
1054
1361
14A1
11F4
0FD8
0D30
09E3
08C1
0B6A
0FFA
119E
12E2
1614
1599
12CA
0EDE
0AF4
0A70
0C07
0CA2
03E6
0000
05A8
189E
0E20
1387
0000
0BB3
0C95
07C1
06C0
07F9
095E
0B42
0C15
0C37
0F67
10FC
0D42
0857
0A52
0FE8
0BBE
0806
0E40
10C8
0CDC
0BAE
0AE0
06EB
0805
0C5D
01D6
0000
0100
18C4
0EBF
17B3
0000
0DA5
0D8F
077B
04CA
0402
01C1
006E
02A7
075F
0D14
1244
122E
0AB0
080D
0CB7
07A4
0000
00FC
0532
06DB
097B
0984
05B7
0937
0F12
055D
0000
0000
0D9E
0ADC
1ADB
0000
0E02
0C22
05A0
0675
06A8
0000
0000
0000
0455
07F3
0DAA
1156
0C59
08B9
0AC9
06C3
0000
0000
0000
037A
06D3
0518
0574
0C0E
0FDE
0A02
00C0
0000
0086
032C
1C2A
0000
09E1
0A1A
0570
070D
0A53
0693
0000
0000
01B5
047F
0961
0A68
0A09
0E27
0F8F
0A5C
01AC
0000
0106
0816
082C
07A7
0D09
1011
0CBD
0A64
09A6
02AC
0000
0000
1D13
0000
0388
0775
0609
0464
08AD
0E89
0B85
0452
02A0
0623
0787
0213
03E9
0E2E
107B
0D39
0AA1
0BFF
0F69
0D21
0A4B
117B
19D3
13EB
08FC
0913
0D27
0751
0275
0071
1F5D
0000
0214
072C
0887
05D0
0705
0D36
0F98
0B16
0669
0650
04C7
0133
05A9
0BB2
0CB9
0D51
0DED
122D
1276
0762
0361
116E
1C80
13DD
0899
0A36
0D18
06F6
013B
0009
1E05
0000
04CA
0866
0B40
0B2A
0957
07BC
0A5E
0E55
0A1B
0245
005C
078D
0E7C
0B56
0A46
0CE1
0B44
0CB0
0BCB
0027
0000
0636
1316
1103
0BE5
0C8B
0C1B
05C2
0000
0000
1A44
0000
069F
07C2
0A7C
0D4E
0ACA
0569
06DD
0E22
0CD2
0215
0000
0BB6
115B
08B1
0925
0B7A
06B5
08B2
0CB6
06A1
0000
0041
0A69
1045
0F6D
0B91
080C
05F0
0000
0000
176B
0000
07FD
06C0
065F
09EB
0A87
07A3
06A5
0BA0
0FC6
099E
0287
0814
0C99
0A9B
0BCF
07BC
0197
07D6
1158
10AB
09E6
05AE
0890
0F55
0F4F
0706
019C
0538
0535
022C
13CD
0000
09A8
0720
020B
054E
0AE6
0B24
0701
08FF
1101
0FB8
05D6
00FC
0567
1110
1437
0779
006A
0864
0E7E
0BE6
0A2D
0AD6
0ACA
0EF9
10C9
0AC6
04D9
0755
0968
03CC
1143
0000
0C6F
0917
0000
025E
0B1D
0BCD
05C9
0783
1005
1119
099B
0000
0000
11CB
19C2
0CF4
0704
0CA7
09DE
00CA
00A9
07C3
0AB7
0E3A
152B
14C9
0E85
0B5B
0B11
0414
102A
0000
0E01
0AF6
0000
01AE
08C8
0996
0774
0779
09AE
0FF1
1233
0405
0000
078F
1355
0F0F
0D1C
0E8E
0909
01B3
0000
02A5
0511
099B
125D
1305
0D40
0A1D
09F9
02BF
1180
0000
0D9D
0B94
0205
029A
049B
0797
0D67
083A
0000
0AE4
1AA2
0C3E
0000
0000
068D
0ADD
0CCB
09BB
0889
0DA3
0C0A
02AF
0000
0655
0B1F
05F7
02FD
0496
0507
0131
170D
0000
0CA3
0CD9
062A
0346
0008
04FD
112D
0A0A
0000
04E4
19A9
13E7
0253
0000
0000
0729
0D27
0560
049F
11CA
12DD
0552
0000
06BD
07D4
02A3
0460
0549
0150
0209
1DC8
0000
0B13
0ED6
0B03
023F
0000
028B
117B
0B7C
0000
0256
10E9
1597
0F6B
00B6
0000
069C
11CE
06BD
0000
07D4
0C6A
0736
0477
06DF
0820
0C6C
1225
0AC1
0000
03CC
20E7
0000
0780
0F53
0E21
01CA
0000
017A
0D7A
0B26
0553
046B
05D5
1109
1895
07DB
0000
0532
16D8
0D96
0000
0183
0885
0994
0886
0661
084B
1315
195A
0C13
0000
0315
1E79
0000
0353
0CE7
0E9E
03C6
0000
0160
05F1
09D9
0F06
07A2
0000
0ADF
1D8F
0D0D
0000
00FB
16C5
12FF
04B8
061A
0CD1
0C67
0938
05E9
0660
0F47
16E1
0D10
0000
0000
18B0
0000
0435
0BA0
0F3D
09CC
0543
02E8
0000
06EC
13F8
0AAC
0000
05D0
1A07
0F04
0000
0000
0F2F
1114
0B21
0B26
0D29
0DF7
0CED
07D0
0417
07F2
102C
0F2A
032B
0000
1495
0000
0830
0B86
106E
10DA
0DD5
0595
0000
0426
1217
0A8A
0000
03D4
11CB
0E51
035A
01E1
056A
09F2
0EE1
0CD1
07C2
0C11
1313
0E8A
0735
0629
08B7
0A87
05A4
003B
143E
0000
0BF5
0A85
0D5D
12F9
11B4
07BE
0000
031B
0C5F
07CC
035C
065F
09A2
0BB3
0D06
0834
0021
0548
11FA
0F77
05C0
08EA
11EA
1128
0CBA
09CB
04EF
03EE
04CF
02E6
1560
0000
0FF4
0B18
0749
0E0A
0FDF
08F3
01AF
0415
06D9
071A
0B8D
0A5C
0352
092A
1501
0EC6
0000
05EF
1599
124F
0771
0701
0B0F
0C65
0C8C
0B24
0598
034E
06A9
06CB
15EF
0000
0C2C
028B
0000
0367
07CA
06E2
037C
01D8
0004
0556
0EFE
0A87
0000
05AF
13E4
0E45
0000
04B6
1004
0C38
0421
01E5
0204
03B1
058D
05BE
0301
0000
07B5
0853
161F
0000
0DA8
019B
0000
011A
0674
0868
0826
0388
0000
0603
1124
0B80
01B7
0878
125B
0C19
01B7
04F3
0AD4
0751
02E9
007B
0000
0297
0525
046E
0494
0000
0000
0487
1ADD
0000
0ADD
0000
0000
0000
02B4
0577
06F5
01BB
0000
0218
0A02
058A
0028
04FA
09B7
04FD
0000
0011
0167
0007
001C
006E
0000
0000
0000
0000
0398
0000
0000
0000
166B
0563
1DAE
18B2
0F03
19DD
1B0E
1D65
1EFD
1A80
1471
15D0
18BA
16C2
150E
15A9
154D
1350
1162
102E
10F6
1166
118F
1556
1842
1682
151E
1721
1ADB
143D
0A91
083B
1FED
0000
0000
0000
0000
0000
0000
0000
0000
0000
0000
0000
0000
0000
0000
0000
0000
0000
0000
0000
0000
0000
0000
0000
0000
0000
0000
0000
0000
0000
0000
0000
0000
0000
0000
0000
0000
0000
0000
0000
0000
0000
0000
0000
0000
0000
0000
0000
0000
0000
0000
0000
0000
0000
0000
0000
0000
0000
0000
0000
0000
0000
0000
0000
0000
0000
0000
0000
0000
0000
0000
0000
0000
0000
0000
0000
0000
0000
0000
0000
0000
0000
0000
0000
0000
0000
0000
0000
0000
0000
0000
0000
0000
0000
0000
0000
0000
0111
02F7
036B
0000
0000
0055
019F
01B8
0204
0168
023C
0336
0113
0000
0000
0000
0000
0000
0000
0000
0000
0000
0000
0000
0000
0000
0000
0000
0000
0000
0000
0000
0000
0351
0235
0000
0000
0000
0000
0000
0000
0000
0000
0000
0000
0000
0000
0000
0000
0000
0000
0000
0000
0000
0000
0000
0000
0000
03B3
0000
0000
0000
0000
042E
0000
0000
0000
0000
0000
0000
0000
0000
0000
0000
0000
0000
0000
0000
0000
0000
0000
0000
0000
0000
0000
0000
0000
0000
0000
0000
122B
0000
0000
0000
0000
039F
0000
0000
0000
0000
0000
0000
0000
0000
0000
0000
0000
0000
0000
0000
0000
0000
0000
0000
0000
0000
0000
0000
0000
0000
0000
0000
130A
0F95
0000
0000
0000
0000
0000
0000
01FD
01F2
0000
0567
0C8B
0A8E
0314
0000
0000
0000
0000
0000
0000
0000
04A6
079C
057B
0462
03CE
02F9
0573
012F
0000
0000
02A9
122F
0A7D
0000
0000
0000
0000
0000
0201
0764
08B4
0AE9
0FF8
1353
1164
0B07
01C6
0000
0000
0000
0000
01A2
0B7A
0B1A
06E4
0AD3
0FA9
0AF4
08F0
0D89
072F
0000
0000
0000
0CA8
03B3
0000
0000
01F3
0000
0000
0396
068A
069E
06D9
0661
04C9
074C
0B19
08D4
0672
0403
00FA
0203
0442
013B
0000
0229
08AA
034B
0000
0B30
123C
0252
0000
0000
0000
050C
0000
000A
040A
02A3
004D
00C4
039D
0718
061A
0000
0000
0000
0000
0548
0744
0AED
0AF4
0374
0000
0000
0000
0000
0000
0000
0000
0000
0A6B
0B35
0000
0000
0000
0000
0000
0000
0218
03A6
01CC
0000
00C3
040E
0475
0000
0000
0000
0000
0000
0000
084E
0E5B
06CF
0000
0000
0000
0000
0000
0000
0000
0000
0000
0960
0C78
0349
0000
0000
0000
0000
0000
0000
0000
0000
0000
0000
0000
07D7
0A83
0000
0000
0000
0000
0000
0000
0479
0258
0000
0000
0000
0000
0000
0000
0000
0000
0032
0CBC
0AEF
06B4
0000
0000
0000
0000
0000
0000
0000
0000
0000
0000
09E1
1902
151A
018C
0000
0000
0000
0000
0000
0D81
0B6E
0207
0144
07EA
0747
0000
0000
0000
0000
061C
0976
088D
0C34
0000
023C
0000
0000
0000
0000
0000
0000
0000
0000
08F8
1866
1B3F
07AC
0000
0000
0000
0000
0756
10CE
085E
0000
0248
0523
0000
0000
0000
0000
022A
06F1
0520
0AA6
0000
0A69
0000
025D
060E
0000
0000
0000
0000
0000
0000
01BC
1D2C
22A2
0D03
0000
0000
0000
0000
065F
0A8F
0000
0000
0000
0000
0000
0000
0000
0000
041A
0000
0046
0000
0733
0000
019C
0B93
06A6
0000
0000
0000
0000
0000
0000
0553
2268
2618
10DF
0000
0000
0000
0000
0C3C
0742
0000
0000
0000
0000
0000
0000
0000
0000
0000
0000
0000
03AC
0000
0000
0846
0AF3
00B5
0000
0000
0388
01FB
0000
0000
056A
2544
29A2
11A7
0000
0000
0000
04EF
0FF9
0EAE
08E8
0445
0000
0000
0000
0000
0000
0000
0000
0000
00F4
006B
0000
041C
0B9E
0998
0000
0000
0000
104A
0000
0000
0000
0D24
2996
23D2
09EC
0000
0000
0000
0A27
11C3
09F3
0000
0000
0000
0000
0000
0000
0000
0000
0000
0000
03AD
00F4
019C
0A22
0E85
0000
0000
0000
0DB7
0FDF
0000
0000
0000
136C
20AC
18B3
0F06
0716
0000
0102
06EB
0143
0000
0000
0281
027B
00AC
0946
0EB1
0000
0000
0000
0192
0046
0000
0794
1022
084E
0000
0000
0000
104F
06ED
0000
0000
0000
0FF1
0E1F
06AF
073B
0768
04BD
058D
056E
02ED
0000
0000
0000
0000
0337
0D06
02B6
0000
0000
0000
0000
0000
0351
0CA2
0ED8
024B
0000
0000
052F
12DF
0000
0000
0000
026C
0000
0000
0000
06E7
0C7F
05B0
05B8
0C15
0508
0000
0000
0000
0000
0000
02ED
0000
0000
0000
0000
0000
0000
0645
0EE4
0CE8
0000
0000
0000
1200
0A27
0000
0000
0000
0284
0000
0000
0000
0416
0000
0000
003C
0A6E
032C
0000
0000
0000
0000
0323
0000
0000
0000
0000
0000
0000
003E
0C22
1180
0000
0000
0000
071B
0E75
0000
0000
0000
0C2E
0000
0000
0000
0000
0000
0000
0000
0000
0E1E
0AA3
0000
0000
0000
0000
0000
0392
0000
0000
0000
0000
0000
0613
108C
082A
0000
0000
0000
0A10
03F1
0000
0000
0947
0D01
0000
0000
0000
0000
0000
0000
0000
0000
0FE7
0E98
0280
0000
0000
0000
0247
0000
0000
0000
0000
0000
0000
0BBF
0F0B
0213
0000
0000
0000
0BC3
0000
0000
0000
138C
0374
0000
0000
04F0
071B
0000
0000
0000
0000
0F9D
0D7D
0073
0000
0000
0000
0000
0000
0000
0000
0000
0000
066B
11B6
0F0A
0000
0000
0000
0BEF
02A3
0000
0000
0DDA
0BFA
0000
0000
0000
0953
0971
0000
0000
0000
059B
0943
0000
0000
0000
0000
0000
0000
0277
061F
0000
0000
0290
0F7D
157F
0341
0000
0000
0347
06BE
0000
0000
00EE
08FF
0000
0000
0000
0070
101E
115C
061B
0000
0000
0000
0000
0000
0000
0076
0000
0000
0000
06A2
01B2
0000
0000
09C8
1560
0EF7
0000
0000
0000
055E
02F0
0000
0000
0615
0B36
01EC
0000
0000
0BB9
16BD
11A4
02F6
0000
0000
0000
0000
0000
0000
076E
0000
0000
0658
01C3
0000
0000
030B
0EF4
1392
0B86
0000
0000
031B
0B75
0873
042F
08C8
1238
1268
09D2
0332
0549
0D1C
0F63
06A6
0000
0000
0820
031E
0000
0000
0EC5
008F
0000
0000
0000
0000
0000
0000
0326
0C6E
0FB3
080D
0000
0204
0C8A
0FE4
0C42
0A5B
1004
169A
157F
0C46
0235
0000
0335
037F
0000
0000
02D2
0000
0000
0000
0AF9
0000
0000
0000
0000
0000
0000
0000
0000
0000
0000
00F0
0000
0000
0000
0508
05E1
024E
021B
071F
0A3D
057D
0000
0000
0000
0000
0000
0000
0000
0000
0000
0000
0000
0D98
0000
0000
0000
0000
0000
0000
0000
0000
0000
0000
0000
0000
0000
0000
0000
0000
0000
0000
0000
0000
0000
0000
0000
0000
0000
0000
0000
0000
0000
0000
0000
0B30
0000
0000
0000
0000
0000
0000
0000
0000
0000
0000
0000
0000
0000
0000
0000
0000
0000
0000
0000
0000
0000
0000
0000
0000
0000
0000
0000
0000
0000
0000
0000
06D1
0000
0000
0000
0000
0000
0000
0000
0000
0000
0000
0000
0000
0000
0000
0000
0000
0000
0000
0000
0000
0000
0000
0000
0000
0000
0000
0000
0000
0000
0000
0000
0000
0000
0000
0000
0000
0000
0000
0000
0000
0000
0000
0000
0000
0000
0000
0000
0000
0000
0000
0000
0000
0000
0000
0000
0000
0000
0000
0000
0000
0000
0000
0000
0000
0000
0000
0000
0000
0000
0000
0000
0000
0000
0000
0000
0000
0000
0000
0000
0000
0000
0000
0000
0000
0000
0000
0000
0000
0000
0000
0000
0584
0000
0000
0000
0000
0000
0000
0000
0000
0000
0000
0000
0000
0000
0000
0000
0000
0000
0000
0000
0000
0000
0000
0000
0000
0000
0000
0000
0000
0000
0000
0000
15A0
0000
0000
0000
0000
0000
0000
0000
0000
0000
0000
0000
0000
0000
0000
0000
0000
0000
0000
0000
0000
0000
0000
0000
0000
0000
0000
0000
0000
0000
0000
0000
178B
00C8
0000
0000
025C
0000
0000
0000
0000
0000
0000
0000
0000
0000
0000
0000
0000
0000
0000
0000
0000
0000
0000
0000
0000
0000
0000
0000
0000
0000
0000
0000
0594
0000
0000
0000
04F4
0000
0000
0000
0000
0000
0000
0000
0000
0000
0000
0000
0000
0000
0000
0000
0000
0000
0000
0000
0000
0000
0000
0000
0000
0000
0000
0000
0000
0000
0000
0000
016C
0000
0000
0000
0000
0000
0000
0000
0000
0000
0000
0000
0000
0000
0000
0000
0000
0000
0000
0000
0000
0000
0000
0000
0000
0000
0000
0000
0296
0000
0000
0000
0000
0000
0000
0000
0000
0000
0000
0000
0000
0000
0000
0000
0000
0000
0000
0000
0000
0000
0000
0000
0000
0000
0000
0000
0000
0000
0000
0000
10C3
017E
0000
0000
001D
0000
0000
0000
0000
0000
0000
0000
0000
0000
0000
0000
0000
0000
0000
0000
0000
0000
0000
0000
0000
0000
0000
0000
0000
0000
0000
0000
0F25
0554
0000
0000
043C
0000
0000
0000
0000
0000
0000
0000
0000
0000
0000
0000
0000
0000
0000
0000
0000
0000
0000
0000
0000
0000
0000
0000
0000
0000
0000
0000
0688
012E
0000
0000
036B
0000
0000
0000
0000
0000
0000
0000
0000
0000
0000
0000
0000
0000
0000
0000
0000
0000
0000
0000
0000
0000
0000
0000
0000
0000
0000
0000
0204
0000
0000
0000
00BB
0000
0000
0000
0000
0000
0000
0000
0000
0000
0000
0000
0000
0000
0000
0000
0000
0000
0000
0000
0000
0000
0000
0000
0000
0000
0000
0000
0047
0000
0000
0000
0000
0000
0000
0000
0000
0000
0000
0000
0000
0000
0000
0000
0000
0000
0000
0000
0000
0000
0000
0000
0000
0000
0000
0000
0000
0000
0000
0000
0000
0000
0000
0000
01BC
0000
0000
0000
0000
0000
0000
0000
0000
0000
0000
0000
0000
0000
00ED
0000
0000
0000
0000
0000
0000
0000
0000
0000
0000
0000
0000
0000
0000
0000
0000
0000
0308
0000
0000
0000
0000
0000
0000
0000
0000
0000
0000
0000
0000
0000
0000
0000
0000
0000
0000
0000
0000
0000
0000
0000
0000
0000
0000
0000
0030
0000
0000
0000
0287
0000
0000
0000
0000
0000
0000
0000
0000
0000
0000
0000
0000
0000
0000
0000
0000
0000
0000
0000
0000
0000
0000
0000
0000
0000
0000
0000
02B0
00DC
0000
0000
02B9
0000
0000
0000
0000
0000
0000
0000
0000
0000
0000
0000
0000
0000
0000
0000
0000
0000
0000
0000
0000
0000
0000
0000
0000
0000
0000
0000
0468
06D8
0000
0000
0350
0000
0000
0000
0000
0000
0000
0000
0000
0000
0000
0000
0000
0000
0000
0000
0000
0000
0000
0000
0000
0000
0000
0000
0000
0000
0000
0000
0000
0691
0000
0000
020E
0000
0000
0000
0000
0000
0000
0000
0000
0000
0000
0000
0000
0000
0000
0000
0000
0000
0000
0000
0000
0000
0000
0000
0000
0000
0000
0000
0000
0000
0000
0000
0052
0000
0000
0000
0000
0000
0000
0000
0000
0000
0000
0000
0000
0000
0000
0000
0000
0000
0000
0000
0000
0000
0000
0000
0000
0000
0000
0000
0000
0000
0000
0000
027C
0000
0000
0000
0000
0000
0000
0000
0000
0000
0000
0000
0000
0000
0000
0000
0000
0000
0000
0000
0000
0000
0000
0000
0000
0000
0000
0000
0000
0000
0000
0000
04EB
0000
0000
0000
0000
0000
0000
0000
0000
0000
0000
0000
0000
0000
0000
0000
0000
0000
0000
0000
0000
0000
0000
0000
0000
0000
0000
0000
044E
0000
0000
0000
0742
0000
0000
0000
0000
0000
0000
0000
0000
0000
0000
0000
0000
0000
0000
0000
0000
0000
0000
0000
0000
0000
0000
0000
0000
0000
0000
0000
0537
0000
0000
0000
0A60
0000
0000
0000
0000
0000
0000
0000
0000
0000
0000
0000
0000
0000
0000
0000
0000
0000
0000
0000
0000
0000
0000
0000
0000
0000
0000
0000
05DE
0000
0000
0000
09F3
0000
0000
0000
0000
0000
0000
0000
0000
0000
0000
0000
0000
0000
0000
0000
0000
0000
0000
0000
0000
0000
0000
0000
0000
0000
0000
0000
0299
0000
0000
0000
0630
0000
0000
0000
0000
0000
0000
0000
0000
0000
0000
0000
0000
0000
0000
0000
0000
0000
0000
0000
0000
0000
0000
0000
0000
0000
0000
0000
0000
0000
0000
0000
057D
0000
0000
0000
0000
0000
0000
0000
0000
0000
0000
0000
0000
0000
0000
0000
0000
0000
0000
0000
0000
0000
0000
0000
0000
0000
0000
0000
03F2
0000
0000
0FA7
2353
0C5D
0F78
106B
108B
101E
0CD6
090B
072E
0948
0C71
0BFE
07DA
0305
020F
06D0
0A73
079B
0373
0179
03BA
0AE4
0F5F
0D8B
0D1C
0C39
0790
0491
1FB3
1928
0000
0000
0CE7
0000
0154
0000
0000
0000
0000
0000
0000
0000
0000
0000
0000
0000
0000
0000
0000
0000
0000
0000
0000
0000
0060
0000
0000
0000
0000
0000
07F6
06E6
0000
0D25
0CA3
077A
0363
095C
0C18
0E13
0E92
0DAD
0D36
0B82
08CE
06A3
07EA
0A26
090F
060D
079E
0CC0
0F82
0F20
0AD4
06A1
0BF6
12C0
0E29
06D8
0779
107D
1045
0B5E
0E29
0E69
0F4E
11C5
1252
10CD
11B1
1192
1075
1058
113B
10F4
1015
0FB8
10FC
124C
1155
0F1D
0EE8
0E8A
0F53
107C
0D92
0DC0
13FE
1514
1000
0A65
09CE
13AF
1464
0AD6
0FE5
0B19
0F0F
1708
1B57
18D3
16CA
135D
0F9F
0D3E
0D26
0F1F
11E3
1594
16D8
168A
177D
176E
14A8
0FC4
0FFA
129C
1173
11B7
12B0
107D
135C
16A6
10DE
1269
16DE
108D
16C5
0B71
0CF0
148D
1831
155A
140C
0D62
0850
072E
0687
0816
0CC8
11D2
10A6
0DE0
0FDB
11D1
0F37
0C53
0E9A
0F7C
0D60
0BF5
07A7
05FD
134E
1EA4
12A6
0A3F
0D74
10B6
15CC
0A0F
0F28
1326
11FC
0F5F
0E67
0A05
084B
0A61
09A8
0810
0B5D
0E4B
09FC
0462
06C0
0C80
0D16
0D33
0D9E
0B5C
0D43
0DEC
04AF
0017
0E67
1CE3
14D7
09F8
0743
0E10
141F
09B1
0E99
13C7
119B
097E
093F
0CCB
102A
12CF
122F
0E36
0E5E
0D53
069C
0144
0561
0C13
0E55
1064
0EEF
09DD
0DC9
14F6
0E27
04D9
0A4B
1066
0CC1
10BC
0E92
0B63
1155
0B41
0DAA
11B3
1003
05BE
0549
0DAD
134A
151A
1582
1346
11F2
0D6C
0607
0217
06EA
0D5D
0E2A
0E98
0D15
096C
0CE3
15F3
16D5
0F02
098C
0391
0422
1142
0F6A
08BB
1257
0E82
0EB5
0E8A
0E17
0A2D
0BCB
0D95
0CE4
0C3F
0D3C
0FC7
1052
0EF2
0CA8
0901
0B58
10BB
0EE5
07FC
06D8
0BB5
0CE6
0CBB
124F
18D8
1109
0262
05D8
0DC1
05F2
090C
1955
10B9
0FE0
0E39
0FBA
1121
145C
0FE4
08EA
03E7
02D6
0657
07B8
0B90
1140
12D5
12A9
1387
0FD2
0529
0330
0C29
0A50
0147
08F9
1A54
14C0
05C8
09B9
0C9D
032A
0B5B
17C6
10A0
0E5B
0F7D
1296
1055
110A
1215
0F1B
0630
01F7
0394
022F
0326
0BC2
17D1
1737
0E74
0A50
081B
085A
0998
0451
0000
0650
1282
0D32
0686
0BC6
1029
0BA6
0BA4
0AA0
101A
0D90
0F1E
11F8
0C81
0A48
0F59
1343
0E38
0993
0914
0552
0000
04D1
1267
1270
0870
052A
09D4
0D0C
09B9
058F
0592
0901
0953
06E1
0935
0D1E
1085
100C
0C90
06F6
0FDC
0EC1
0D51
0E26
0D4B
0AED
06CD
0A55
1397
1589
1095
0BB8
0557
040C
05C1
0657
097A
0B1F
0B94
0D35
0C6C
0D1A
0EE4
0C7D
07CB
0A81
0E93
0C3A
0993
0B1F
1020
11FC
0E96
0F93
0E24
0D81
0E7F
0CAB
02C7
0214
0FF5
1886
1592
114A
0E23
08D1
0000
0000
0BC0
0F91
0D39
0C18
0C23
0F42
11CF
0DCF
0A86
0F22
1077
0B02
03FE
0634
12D7
188F
0BCF
0ECF
1154
10F8
0DF8
0D65
0B62
07BB
0492
090E
12A1
1524
138C
0E86
050B
0506
0A36
0A0E
0B22
0AC6
0999
0CCA
0ECA
0B0F
0C18
0FF9
0E06
09B7
0347
0779
14CA
150F
090A
0E0B
1345
12FE
0E19
1089
14F0
0EF1
0000
0000
08E2
10B6
1406
129D
10CD
0FB4
0855
0634
0AC9
07CA
066C
0C1E
0E61
0BAF
0D41
0F4F
0B5D
07E4
0352
0979
1480
1128
08AE
0D54
1316
1334
0D50
0F9F
130C
0FE6
093A
0435
00E6
0529
0D84
110C
17E7
15DE
0680
06A7
0D59
0762
0370
0A52
1156
10CC
0CAD
0B23
0A1A
09E0
04DB
07A2
1165
10B3
0B04
0D0F
11D4
13A4
0D14
0A67
0A78
10C2
1717
0E49
0000
0000
0613
0A37
1580
1405
0776
09A8
0EEB
0B94
068E
07A4
0D84
1019
0B49
0760
0A66
0EE5
0C12
0930
0E5D
105B
0EA3
0E2E
0EFD
136C
110B
0938
028C
0E85
1C3E
11A8
0330
0554
0616
06B5
0BC2
0983
0C34
1237
0E6F
0CCD
0E99
0A2D
0407
05D9
0B3E
0A0F
0A50
1150
15C8
0FD7
0CC7
0E0F
1081
0F03
0CA1
1265
1398
0AD1
012A
0A78
1664
1295
0D74
0B8B
06BC
08AA
07B4
01F3
0B07
12DA
0C7C
0BE8
1212
0DDD
01E0
00C3
0B29
0C2C
07FF
0F0A
189E
1205
0B77
0CE9
0FA2
0DEF
0C81
1169
1102
0C0F
086F
0994
0AAE
100D
154D
0C65
05A4
0E70
0DE9
0399
037C
0856
0C41
0E4F
0CC1
09FA
09D7
0C40
0D3E
094A
04C4
09F4
10A9
0C43
0AA2
0F24
0EB0
0D5D
0E61
1052
0BA6
0D3E
1231
0A6C
0000
0ABE
183E
0D57
0703
11BB
129E
08D5
01C4
03A7
0CFC
0E73
060E
03E2
0D67
146C
1034
096F
0635
0801
0736
063E
0C55
1229
101D
0F29
1099
0E91
077A
0E8D
173A
0A97
0000
09A5
18B1
0F07
070E
0CE5
1102
0E3C
0863
07D1
0D29
0CF4
064A
03FE
06D6
0A8E
0DCF
0DE1
0CED
0CDE
07EC
089F
117F
1280
11C9
10ED
1212
0DB9
054D
0D26
1601
0BE4
01E5
0ACE
1200
0DFF
0980
0759
0A0B
10F0
11AB
0BD3
0ACC
0EF5
0DC6
07D3
01BB
0164
06A0
0BDE
1144
1261
0DD9
0F7F
1570
1116
0FB8
1071
10F7
0CE8
075F
0CB7
11A8
0DB6
0B22
0AD1
0827
0D4E
11A7
0788
01E3
0F0F
1893
0D89
04CE
0E12
1517
0E32
0682
0503
029E
06D5
11AA
134A
0F4A
11B8
132A
0D6C
09E0
0E19
0F8A
0D39
0BED
0DE7
0D0C
0F1A
1490
0C3C
0113
0C7D
18F4
0B0F
0000
0BDD
1888
0DB6
027A
09D4
1472
127A
0DE0
09E0
046D
0A91
14CD
1264
0BB9
0D32
0E72
0C11
0321
0A68
10E8
1215
0FBD
0E2A
0975
0F63
1927
0CE4
0000
0BBA
1A4F
0D75
0000
0961
142A
0E65
07B1
08AE
0B63
0D82
0ED8
0B09
0AE5
13E4
179B
0F6D
0502
0574
0D7D
11AE
01C4
0893
1264
1747
1234
0DC0
07C5
0E48
16F5
0D6F
0335
0BB9
14E9
0F19
07AD
0994
0DD9
0FA0
0F81
09B2
0393
0721
0CEE
0DD2
12AC
1780
1349
0C00
040A
02FD
0ED2
1620
07D5
0C37
131C
17E2
1160
0CC9
0784
0CA4
108E
0C52
0BA5
0DD9
0C67
0E9C
106F
0B45
084C
0F16
12F2
0ABE
04AF
0A50
0D85
0F62
14A3
11A4
0994
09A5
0B2D
0A3A
1031
13A9
14C0
1753
1657
1C1E
184C
147D
129E
1492
1364
1477
1A81
17BB
0F8A
1554
1E03
17A3
0EDF
135E
1989
1651
15B6
19B5
17CC
1803
1959
1292
0C90
11E6
170C
1063
148A
1334
1462
1490
0F47
156C
0FE9
0D13
0C26
0AFF
0760
0B14
11C2
0C8F
0754
0F0A
157E
0FD6
09DB
0B9F
0DE2
0E77
11DA
11F4
101E
1125
0D68
06F5
06B8
0BAB
10C8
0ED2
0C01
08BA
10BC
0C37
0B8A
13FC
0D80
0E29
0F86
0CD4
087D
0BC9
0F4C
0ACE
0A30
0FD2
1222
0EF5
0C9F
0BA1
09C8
0BE1
108E
0FA2
0D6E
0C09
082E
0779
0C6C
0F11
0CF1
0D60
0E29
0E3F
163D
107D
1133
1688
1414
16D3
18FD
1633
1222
1404
159C
13AC
1376
1454
1511
14E0
135F
1163
10D8
12DC
1340
1244
1214
1051
0FF4
138C
1683
1545
0E12
1187
1E2D
1AE1
0000
0000
0000
0000
0000
0000
0000
0000
0000
0000
0000
0000
0000
0000
0000
0000
0000
0000
0000
0000
0000
0000
0000
0000
0000
0000
0000
0000
0000
04D1
1127
0B80
0000
0000
0000
04B0
0014
0000
0000
0000
0000
0000
0000
0105
0000
0000
0000
01D5
014C
0000
0000
006D
0000
0000
0000
0000
0000
0CD3
0249
0000
0000
058A
1968
18AC
0000
0000
0000
0000
00F4
0000
0000
0000
0000
0000
0000
0000
0000
0000
0000
0000
0000
0558
07CC
0000
0000
0000
0000
0000
07B7
0BBF
0000
0000
0000
0000
1CE5
267D
0000
0000
0000
0000
0000
0000
0000
0000
0000
0000
0000
0000
0000
0000
0000
0000
0000
0000
00DB
0000
0000
0000
0000
0000
049D
0000
0000
03AF
0933
0000
1762
266F
0000
0000
0000
0000
0000
0000
0000
0000
0000
0000
0000
0000
0000
0000
0000
0000
0000
0000
0000
0000
0000
0000
03DC
0665
0178
0000
0000
0A38
092A
0000
0FD4
2019
0000
0000
0000
0000
0000
0000
0000
0000
0000
0000
0000
0000
0000
0000
0311
008E
0000
0169
0297
00EE
0000
0000
0545
0CC4
0741
0000
0000
0279
0000
0000
1AC9
1DB8
0000
0000
0000
0039
0069
0000
0000
0000
0000
0000
0000
0000
0304
08DA
096B
053D
049C
05BC
0389
01CE
0137
0000
0265
0BF7
0C22
04A8
0000
0000
0000
0000
2999
194E
0000
0000
0000
0000
0000
0000
0000
0000
0000
0000
0000
0000
05D6
0D6E
0BFD
0488
0316
0508
02F3
0000
0000
000A
038B
03B3
0203
059C
057C
0000
0000
0000
224C
11F4
0000
0000
0000
0000
0000
0000
0000
0000
0000
0000
0000
0000
0365
09DE
0A1A
0486
0000
0138
0479
0000
0000
0004
0631
0000
0000
0453
082E
0000
0000
0000
1251
0EDF
0000
0000
0000
0000
0000
0000
0000
0000
0000
0000
0000
0000
0000
0000
0185
04BE
0000
0000
0000
0000
0000
0000
04AD
0000
0000
04EA
00FE
0000
0000
0000
1862
120A
0000
0000
0000
0000
0000
0000
0000
0000
0000
0000
0000
0000
0000
0000
0000
044C
017F
0000
0000
0000
0000
00B5
01CF
00C9
0574
059D
0000
0000
0000
0337
260C
13BC
0000
0000
0000
0000
0000
0000
0000
0000
0000
0000
0000
0000
0000
0000
0000
0390
0143
0000
0000
0000
0000
0000
0000
07B7
0F28
0B05
034C
02A7
0000
0185
1FE4
113E
0000
0000
0000
0000
0000
0150
0098
0000
0000
0000
0000
0000
0000
0000
06FD
011B
0000
05D8
00BB
0000
0000
0000
0030
08A5
1007
0D76
0A74
0CBB
06FB
0000
139D
10B9
0000
0000
0000
0000
0000
0000
0000
0000
0000
0000
0000
0000
0000
0000
055F
0000
0000
07E6
01B0
0000
0000
0000
0000
01B7
04F7
0415
0737
0CF4
0A69
0073
156B
1389
0000
0000
0000
0000
0000
0000
0000
0DC9
09F5
0000
0000
0000
0000
0000
0000
0000
0206
06B9
017E
038F
0000
0000
0000
0000
0000
0000
0766
0F10
0AA7
034C
1B7D
144A
0000
0000
0000
0000
0000
0000
0000
07E3
05C8
0000
0000
0000
0000
0000
0000
0000
09E7
0755
02BC
0A4A
00B1
0000
0000
0000
0000
0095
0BDA
1184
094F
0220
1AAC
1244
0000
0000
0000
0000
0000
0000
0000
0000
0000
0D5B
104B
0000
0000
0000
0000
0000
0B10
06E6
0217
0963
0174
0000
0000
0000
00E4
064F
0C1C
0FC5
0A68
0442
1B03
111A
0000
0000
0000
0000
0000
0000
0000
0000
0000
0FDF
0F4F
0000
0000
09EE
0000
0000
0000
005B
0291
07E3
036B
0000
0000
0000
0000
024F
0906
0BC4
09C1
0AEE
2221
1253
0000
0000
0000
0000
0000
0000
0000
0000
0000
091D
0545
0000
0D49
0EE3
0000
0000
0000
0000
03EF
0510
0000
0298
01AA
0000
0000
0000
0893
07C6
056A
0F68
278B
1076
0000
0000
0000
0000
0000
0000
0000
0000
0000
0412
0000
0223
0B89
0161
0000
04FD
0000
0000
0000
00B2
0000
0000
0000
0000
0000
0000
09C0
04FC
0310
0E47
23F1
0C79
0000
0000
0000
0000
0000
0000
0000
0000
01DB
0000
0000
06B6
05A7
0000
0000
14D3
0923
0000
0000
00C5
0000
0000
0000
0000
020C
06E9
07C6
046A
072C
0C38
1E29
0C8C
0000
0000
0000
0000
0000
0000
0000
0000
0125
0000
0000
0E44
0666
0000
0000
0ECA
01BA
0000
0000
0028
0000
0000
0000
0000
0000
06F8
087C
099C
0ED7
0BB6
1AB2
1126
0000
0000
0000
0000
0000
0000
0000
0000
0000
0000
0000
0ECA
041E
0000
0000
0000
0000
0000
0000
0000
0000
04B6
01DA
0000
0000
07A2
0D86
0D1B
0F7C
0913
1890
1567
0000
0000
0000
0038
0101
0000
0000
0000
0000
0000
0000
057A
0000
0000
027B
0000
0000
0000
0182
0000
0000
075C
0953
0000
032D
0D6D
0BEF
0726
06F7
046E
1A6D
1737
0000
0000
0000
0585
02F9
0000
0000
0000
0000
0000
0000
0000
0000
0A2E
0903
0000
0000
0490
0124
0000
0000
04B1
0C03
10B3
1482
0BDD
0447
0450
0169
0099
1CFC
165E
0000
0000
0000
0749
0448
00A2
00CD
0000
0000
0000
0000
0000
0000
0D12
0898
0000
0000
01A9
0000
0000
0000
07F7
0B63
1109
0FB4
03BA
03B8
0B06
0552
0000
1847
11D9
0000
0000
0000
060B
0564
0293
025A
0000
0000
0000
0000
0000
0000
09D6
06FB
0000
0000
0000
0000
0022
07AC
07C7
07C0
098D
04B9
0108
073B
0C8A
089D
007E
12C9
0E73
0000
0000
0000
038B
047F
027B
0226
0000
0000
0000
0000
0000
0000
067C
049B
036D
019A
0000
0000
078E
09AC
059F
082D
07B2
0201
03BF
071D
033E
0285
01EE
15DE
0FE4
0000
0000
0000
0000
00CC
025D
0297
0000
0000
0000
0000
0000
05C9
0232
0171
08D7
07BB
0000
0071
0740
06FB
0669
08DF
0447
0000
0503
0527
0000
0000
0717
1803
0E26
0000
0000
0000
0000
0000
028B
0229
003C
012C
0000
0000
007F
0422
0000
019E
0964
079B
02FA
0437
0503
02A3
036D
041A
00C5
0068
039C
0163
0000
0000
0912
157E
0221
0000
0000
0000
0000
0000
0047
019E
0201
0412
0391
01FA
0234
0106
00DC
04F6
065B
0470
0658
079F
020F
0000
0000
0000
002C
02E9
0000
0000
0000
00FE
0CA1
188D
02A4
0000
058D
0261
02F0
0B2C
0E05
0F65
106A
10E9
10C6
10E1
0F27
0BBA
0CB6
0FEC
0E2A
0CEA
0F9B
0F1E
0A82
0910
0A93
0981
0A36
0CD8
09F8
096C
0EC1
0DE9
0DAD
0FE2
056E
02AD
0000
05FF
08DC
084A
04C9
014F
0000
0000
0000
0000
0000
00EF
04DF
04CF
027A
0407
05DE
004D
0000
0000
0000
04E5
0596
0000
0000
001B
0EB5
121A
0780
0204
0F49
0085
0000
0000
02F0
0490
04D3
0264
0000
0000
0000
0000
0000
00D9
0323
04F9
0492
0668
08BE
06FE
05FB
02C8
0000
0593
0B45
0431
0000
0210
072F
1388
1331
0C4F
179A
04A0
0000
0000
0000
0000
0000
0000
0000
0000
00E0
023E
0200
0000
0000
00ED
0000
0000
0000
01CD
074A
03CA
0000
01A3
07EF
0A2E
081C
0000
0000
1156
19E1
0A44
0E71
0749
0000
00EB
0000
0000
0000
0000
0000
01B0
01BA
02F5
049C
032C
0228
0643
060A
00AE
0000
038E
07E2
0887
06B1
067C
052E
0883
0DC7
032D
0000
11F7
1E45
106B
1363
068F
0000
0108
0000
0000
0061
0304
05DE
06BC
0515
0435
05FA
0505
03C1
0847
0C13
0B4B
0A1E
07C2
0522
06FB
0AC9
0A17
0526
07DA
0FA1
04BD
0000
0885
130C
0DD7
1DB1
05A6
0000
00DB
0000
0000
0000
0100
01FB
06AC
0944
0926
0A4E
0916
0620
0862
0C8D
0C4F
0ACB
07CC
0409
05E6
0B82
0AD6
03D5
04E1
0D67
0809
0000
08AC
0851
0BE5
2B73
0540
0000
0000
0000
009A
03DA
0322
01FA
04B6
0508
03F8
05FD
0710
064D
081F
0CEC
0BCD
07E3
05E7
0552
067B
0814
063B
0000
0000
0000
099A
0B14
0B1E
0254
0B82
2FBE
05A9
0000
0000
01DA
013F
012C
0199
0297
02B5
0085
0007
0237
0514
0721
069F
0888
0775
03D8
0324
0538
03E4
0132
049D
047F
0000
0000
0284
0F72
10B9
05A5
0794
2396
0674
0000
03D5
0497
0000
0000
0000
0000
0000
0452
086E
093D
0A37
0959
0257
0000
0000
0000
000B
0113
0000
0025
0A9C
1049
029A
0000
0000
0605
1773
115C
05AF
1A10
05F8
0000
0364
036A
0000
0000
0000
0000
0000
04E0
0A49
0AD7
0C00
0AAE
0235
0000
0000
0235
031C
006A
02E5
076B
0BF4
0D74
071A
0000
0000
0000
13DE
16DA
0C75
21F6
060C
0000
0000
0000
031A
0455
0053
0000
0000
0000
02B9
0A53
0DD9
0D32
04DB
0000
00A4
0675
050A
03EE
0A1E
0C13
07BE
0733
0C28
0D2E
026D
0000
0A8D
0F9D
0DE4
2993
0735
0000
0000
009A
0388
01CA
008D
0364
0000
0000
0000
0A52
0EAF
0E10
0A5D
072F
00F2
0000
0000
05A2
0AC6
07F5
05DC
0986
0FCF
1304
08B6
0000
0877
0A1D
06F2
20CB
05F5
0000
0000
01F7
005E
0000
056A
0AE5
057D
0000
0000
0000
00C3
0949
1235
14EB
03B1
0000
0000
057A
05A8
03BE
0802
0BC8
0D46
0DB1
0728
01F3
0CFE
0D26
042D
147D
0625
0000
0000
0000
00C6
0533
06EF
0520
0757
0C8D
033A
0000
0000
0306
0EFA
157D
0C4E
02FB
02EE
02BB
04A2
08FA
0A62
0652
058E
0654
03E3
0327
0F3B
109D
08FB
1392
08AB
0000
0000
0000
04FF
09B7
0000
0000
05DD
15F7
0CD1
0000
0000
0000
0287
0AF4
10A3
123F
0686
0000
04C0
0D7C
09D1
0127
0135
0556
0672
0654
0D8C
10DC
0DE7
188B
08F1
0000
0029
0000
036E
0691
00D2
0000
012E
0793
0BBF
0F28
059F
0000
0000
0530
0F5B
14F4
069D
0000
0000
070B
0802
05F7
090A
0D90
0CB2
08B2
0B1B
0D87
0BF6
18F3
07D6
0000
0190
0000
0000
0000
0A71
0C91
0000
0000
08E9
1CB3
0E5A
0000
0000
00CB
08D7
0E02
0678
00EA
0000
0000
0415
0A7A
0EA4
0FDA
0D8C
09CB
0B35
09CE
089B
1936
07A0
0000
012D
021D
0000
0000
0916
13B1
0219
0000
0196
13A2
0E15
0573
0024
0000
00AB
03D7
05FA
0CD4
053B
0000
0000
07D4
08A9
054A
0821
0C23
0DA2
07F5
088A
1EDB
07A5
0000
00D6
030D
0000
0000
0245
0FFF
0CC1
0000
0000
0000
08B4
0F17
0660
0000
003C
0169
05BA
0B1B
01C7
0000
0000
030E
03F9
038C
08A8
0C73
0C19
04FD
06E8
20E5
0879
0000
0049
0061
0000
0000
0000
0498
0E5C
0FB9
0000
0000
0187
1153
095D
0000
03F9
06A2
0186
0000
0000
0000
021C
0002
064A
0D63
0E5C
0BA7
0CAC
07A4
043C
1978
09B5
0000
0000
0000
0000
0000
0000
0000
0B4C
18AB
07D9
0000
0000
0D5C
03C3
0000
0409
0A92
0000
0000
0000
09D3
0620
0000
063B
0B8F
0AC8
0CBA
1496
1196
073F
13A6
0920
0000
0000
009F
01E1
023E
0000
0000
04B2
1487
0C18
0000
0000
06EE
0188
0000
0058
0689
05D3
0382
0468
0543
059C
063E
0716
0237
0423
0E06
17A5
1441
09CC
1253
084E
0000
0000
01F1
024F
0443
0175
0000
0043
0C10
0D1C
0503
0000
0125
0756
0682
0000
0000
0947
0F9E
0000
0000
0808
1423
0E09
056F
07CF
0C26
131B
1045
06D7
1084
0AB7
0000
0206
03CD
02CF
0481
03F6
0000
0000
01B5
0A94
0DEA
0132
0000
063A
0F30
0000
0000
03CC
1151
02C9
0000
096F
158D
13DB
1260
0C5C
0206
09FC
0E53
0815
146A
0C3F
0000
0676
05A5
05A5
06EE
0525
0100
0000
0000
082E
13F5
0459
0000
009C
0ECD
0375
0000
0159
0F6F
0EA0
083A
063A
094F
13D0
1AC1
0C5F
0000
02BB
0A98
09AA
194F
0BBE
0000
088A
03C0
0482
070F
058E
03F0
0000
0000
039A
11DA
0910
0000
0000
08CA
06DA
01B5
0378
0785
10DA
14F8
09F1
00DE
09B1
12C0
0C38
031A
0671
07DA
05FE
15AE
0CC0
0000
0ADF
04AF
024C
0337
02B8
04D8
0161
0000
0000
0966
0CF4
07C8
0000
01A6
0B1C
0D7A
03C2
0000
0D94
1B07
12FE
05B6
0111
00AD
04F7
082B
0B87
08A7
057A
1368
0B13
0000
0A40
0987
03F8
003B
0000
031A
032F
0000
0000
0185
0BA3
10A9
03A4
0000
0824
1025
06CB
0000
0758
1308
121F
0CD3
02E4
0000
0000
052B
09BC
0700
0759
17EC
00C2
0000
04E4
0B3A
0406
0000
0018
0571
08BE
0789
019C
0000
0A38
13D6
097A
0000
03B4
0B51
0C06
0683
0339
03A2
0629
07D3
026A
0000
00DE
0615
07F2
0365
07C0
2126
0017
0000
01F5
076C
0546
03DE
04F8
07C0
0A84
0C2C
07F1
031C
0843
0DC3
0ACF
06CD
0558
06F9
0C77
0CA7
0547
0000
0184
0446
02E3
040E
0535
04FB
0CD0
0D02
0A91
1BF6
13BF
0738
1320
147F
109C
0F86
0D7A
0BDE
0BEF
0ED5
0FAA
0BBB
07EB
08AB
0D65
0EA1
085E
056A
0B95
1092
0D34
076D
067A
08D9
0E48
1155
0B8F
076F
0B53
09D1
0000
0B11
01F4
0000
0000
03EA
02C2
05E5
058F
0409
02C3
04EB
0792
06A5
023E
00A6
04D3
058A
0106
0000
0208
0274
00FE
0000
0000
0000
0246
05F9
025D
00AE
040B
08DE
06CE
0937
15A4
1616
1503
0912
0776
05CB
067D
0AB6
0E25
110E
13BF
149C
1392
1164
1054
0EB1
0B07
0827
0955
0B1F
0D38
1192
11EB
0D92
0DEB
100C
0D8B
0C97
09C6
0C4B
06E2
0000
0CC4
0C2E
0FA4
069E
0700
06F3
06C2
0879
0943
0A98
0CB6
0DBA
0D5C
0D5C
0F40
10B2
0F1A
0B32
0A74
0B79
0C53
0F9E
0F7C
0C0F
0E2B
1010
0C2A
0B92
0B2C
10B2
0EC4
017A
0ADE
06F8
0860
0428
0992
0B7F
0A51
09CE
09AE
0939
0920
07B8
072D
0986
0BEB
0DA2
0E4F
0E3D
0F20
0D9A
0B6C
09FE
086C
0AE4
0F6F
0C75
08CC
0A1A
0527
08B1
0E6E
027F
0F1F
0CFD
10EB
0CB6
1167
12CA
1029
0F59
1014
0EFC
0D06
09FF
096E
0D56
0F61
0E10
0D29
0E32
1033
0EA6
0C04
0BA7
0AC5
0CC2
0DA6
0654
0557
0DC1
0762
095E
0E3A
0000
0DB2
0934
0E8F
0C4D
0FE6
13E6
15BC
13DA
1125
0DF1
0B12
0796
07CD
0D1E
0E31
0C4F
0B1D
0ADF
0C7B
0E79
0D87
0CEB
0CAF
0AA4
0552
0000
0416
108E
09D6
0EA3
105B
0000
0CA1
084D
0EA0
0A12
0950
0B22
0E5D
0D52
0C3D
0D48
0DE1
0C5F
0D38
0FF9
0DAB
07DA
063E
05DC
072A
0A08
09E2
0A9B
0DDA
0D82
07DA
0227
0625
0F6C
0884
0CEB
0E36
0000
0D43
08A5
0E24
0A4F
096A
0542
033F
034B
06A2
0BB6
0F5C
1093
113E
10AD
0B0E
02EC
01E3
0331
016F
03F0
0723
082A
0A1C
0C45
0E06
0D2C
0B62
0981
0040
0A74
12FD
018E
0D46
09A3
0E41
0C3A
0E36
0941
05A0
069A
07D0
0872
0892
09F9
0B5B
0C4F
09BA
0557
0792
091E
0489
03D5
072C
0718
04B9
0637
0C44
1042
0EB4
098B
0000
0AAC
13BD
0000
0AD6
09BB
0E60
09AE
0B07
0B82
0EA5
100E
0B16
0643
04A0
049D
0565
0742
0994
09CB
0B32
0F21
0F0A
09A8
06B8
0863
0759
0445
0660
0D05
10BC
108F
077A
0A00
09F5
0000
09D1
09BD
0E47
0674
05C0
0A23
115F
12E4
0E84
0C03
0B5F
08CC
0416
0262
058D
0836
0935
0FB5
14C0
0EB4
0940
0CDD
0D6B
060D
0358
0877
0C9C
0F6B
0C35
0DCA
08C3
0000
0C1F
09E2
0C94
06C9
08C0
09E2
0BB5
0F6D
146F
14CC
0F7E
099C
0541
006A
00A8
0734
0C55
0F7F
1044
0ECF
0F13
0EE3
0B53
07A7
0681
05C1
0540
085D
07ED
129F
119A
0000
0F51
0BA6
0D1C
0952
0D31
097A
03EC
07C2
10DA
126B
0E01
0D4A
0E65
0950
040A
05BB
0973
0902
06BE
0AED
103D
0C3F
0694
08DA
0C2A
0763
03B1
0683
0448
0EF1
1128
0000
0FF0
0DC8
10BE
0A30
0C16
0AF1
0742
0407
03E0
0876
10AB
150D
13D6
10BC
0BDC
03AA
01B9
056F
05D9
08E0
0CA6
0A2F
0668
078F
0A7B
07AD
054A
07FD
0564
08BE
0A3A
0000
0E80
0BF8
1125
0941
09EA
0DC6
104C
0950
000F
0403
0F09
1094
0BD3
0EF3
11BD
09CE
0606
0A4F
0AC6
09DA
0AC2
0B63
0989
06F9
0684
05CE
0699
08ED
050F
06F0
0743
0000
0E3C
08CE
0F3B
099F
09C0
0ABF
0F38
0F71
08A5
0462
058A
07D5
09A9
0E76
11F7
1009
0CC3
094B
0847
0A1B
0A7E
0BA7
0CAD
0A67
0669
06FC
0A20
09C4
0191
06E6
0852
00FC
0EB0
082B
0F2B
0A6D
0977
0786
0A46
0F1C
0E60
0766
02F8
06C1
0B3E
0AB4
09F2
0EDE
1019
08AD
0551
06C2
069A
07CC
0BC6
0CCA
0A2C
0B79
0EBF
0B21
0000
0717
0A00
00C9
0E2D
096C
0F6A
0903
0900
0B69
0B5D
0878
0AF9
0DBE
099D
0593
05E8
0364
024C
0CA5
1489
0E95
069B
036F
04F3
06A8
0737
0A5C
0D51
0E29
0D19
0969
00A9
08C7
0A18
0000
0D15
0992
0E96
085F
0A87
0F15
0C79
044B
0799
101D
0D28
05E8
0634
0458
0000
0747
0F61
0D01
07A1
0607
0A63
0C0F
07CD
07DD
0ACF
097B
0603
043E
0157
0BF5
0C70
00A9
0AE9
08D4
0EDD
0921
0AD9
0E47
0C4B
0716
08A0
0B66
0983
0A22
0DB3
0923
01AF
018D
0328
0642
0AA5
09A9
09F3
0F46
10AD
0C09
065A
04F0
0579
0349
0038
0D99
0FEB
0112
0A3A
08CC
0EE5
08B2
0A02
0C93
0C33
0B30
0BBD
07C3
04A9
0A9F
0FDF
0C3B
086A
0698
0279
0551
0BE1
0723
0124
09F2
13E3
106A
09A9
0C0F
0EE3
07B9
0000
0A07
0BD8
0000
0B9C
0915
0D2F
0949
0B56
0A89
0A4F
0E4F
0EE1
074D
042B
09AA
0B38
09DB
0EC3
10C3
08FF
04D3
093A
08A3
0297
042B
0B25
0F3C
119E
13F8
10B9
08FA
02A2
06F2
0673
0000
0CCE
0A5E
0D35
0AB0
0DA7
0967
087B
0F2C
0F96
072B
0625
09C9
05E5
0545
0E8C
11B2
0A36
05F0
0C2B
1148
0DF2
0709
0518
0B16
1060
0CC8
0657
05A8
0600
09E2
0726
0000
0D66
0D72
0ED2
0A8B
0E20
0AF0
09AC
0D39
0C31
07D0
0930
09D9
04BE
0597
0C7F
0BA0
07F1
0B19
1039
11BB
11AA
0FAC
0AD9
08DA
07A3
03FC
024F
04D9
047D
0A75
0740
0000
0F34
0EE9
108B
08DA
0C93
0B4D
0A7B
0ABF
092D
0A84
0D98
0A56
05A9
0872
0C3B
08ED
0788
0CA0
0D37
0A2A
0D1A
129D
1133
0BB6
0733
047C
04AC
048D
0073
08B4
0857
0000
103C
0CFF
125B
0828
097A
0990
0A23
08CF
07E8
0DAF
101F
092C
068B
0B4F
0C7C
0867
092E
0E01
0C1F
0890
09F1
0CDC
0E07
0E59
0B84
0428
012B
02B9
0000
09FF
0DD2
0189
0FF2
092F
11D5
0634
0694
082E
0A39
0889
07FF
0F3F
1090
08C9
0865
0D78
0BE8
07FD
0AF2
1047
0E7E
0B3E
0A47
07ED
062A
0777
0770
0268
01D3
06DC
0300
0A7C
0E11
0065
1184
0659
0DEA
0389
0494
0777
0A01
08BF
093F
0EB0
0FEE
0B52
0ABD
0C22
0A8C
0941
0B3E
0D65
0C32
0C76
0C09
06D7
011F
0000
0000
04BD
082C
0BE4
07F0
09B8
0944
0000
10A7
05E8
0D67
05F4
06BF
07D6
08E9
07FE
0872
0B4B
0C5E
0BCC
0BAB
09CE
07EA
08A5
0A10
090D
07F0
0B37
0C9A
06EC
0200
0000
00E8
07E6
098D
08C8
05B3
096C
08A2
0050
137A
0BA0
1755
0DED
0C6F
0B32
0A99
09C1
098B
0868
07FC
0B7C
0D7D
096F
05C8
06A4
0917
09B4
0788
0732
096E
0896
07B0
0784
082E
0BE3
0BCA
07B5
0388
0961
0863
0000
0C9B
094C
1638
0EFD
0BDB
0BD6
0C12
0BFE
0BC2
08C5
0625
0A12
0CB6
086F
051B
0713
0A15
0AAF
0735
044A
0646
08B0
098F
09C1
0955
0BF4
0DBF
09AE
057D
0BF6
0807
0000
0BB0
0951
117C
0D19
0A16
0969
0908
08A3
08A9
0768
04FC
0549
063D
05CE
04F1
0547
0684
07A3
068E
03AA
0348
0587
0800
0AC6
0B2D
08B7
074C
06A4
09FA
0A46
0A9D
0000
0A48
0452
062D
05BA
0418
0305
0264
02AC
0346
03E3
02D1
00D7
0088
033B
0466
0201
00A3
0324
04B7
01D8
004F
0225
037B
065B
06FC
0256
0044
0343
036A
045F
04AE
0000
0000
0304
0495
060F
044C
01E5
0000
0000
0000
0000
0000
0000
0207
00E8
0000
0000
0000
0000
0000
0000
0000
0000
0000
0000
0000
0000
0764
01A2
0000
0000
0000
10ED
000B
018C
038D
017E
0000
0000
0000
0000
0000
0000
0000
0000
0000
0000
0000
0000
0000
0000
0000
0000
0000
0000
0000
0000
0000
051D
020F
0000
0000
044E
0000
1000
0000
0050
0000
0000
0000
0000
0000
0000
0000
0000
0000
0000
0000
0000
0000
0000
0000
0000
0000
0000
0000
0000
0000
00E3
066E
06BE
0000
0000
0000
0F48
0000
0EAF
0000
0000
0000
0000
0000
0000
0000
0000
0000
0000
0000
0000
0000
0000
0000
0000
0051
0000
0000
0000
0000
02B8
0695
053E
03C6
004D
0000
0000
06FC
0EBE
0000
13F8
0000
0000
0000
0000
0000
069E
09DE
05DC
006A
0000
0000
0000
0000
0000
0000
0AE9
09BB
018E
0000
0000
0792
092A
0196
0000
017B
015F
0000
0000
0000
0000
0000
1E02
001B
0000
0000
0000
0668
096E
00D0
0000
0000
0000
0000
0000
0000
0000
0885
0F6D
071F
0000
0000
0339
0596
0000
0000
0000
04F1
0000
0000
0000
0000
0000
0000
28B7
0000
0000
0000
0261
028F
0000
0000
0000
0000
0000
0000
0000
0000
04A1
0CB1
0B75
0000
0000
0000
07A5
00A1
0000
0000
0779
000E
0000
0000
0000
0000
0E3F
04DE
22A5
0000
0000
0000
00D4
0000
0000
0000
0000
0000
0000
0000
0000
000C
0994
0871
0000
0000
0000
01F6
0076
0000
0000
0112
037A
0000
0000
0000
06BA
0918
0A91
0000
17AF
0000
0000
0000
0000
0000
0000
0000
0000
0000
0000
0000
01B0
0A40
0BD0
0000
0000
0000
0000
0000
0000
0000
0000
0000
0000
0000
0000
0543
074A
0000
0000
0000
1E25
0000
0000
0000
0000
0000
0000
0000
0000
0000
005E
0198
061F
064B
0000
0000
0000
0000
0000
0000
0000
0000
03D5
0168
00B9
02AB
0457
0129
0000
0000
0157
040A
28AB
0000
0000
0000
0000
0000
0000
0000
077F
018F
0000
0000
0000
0000
0000
0000
004B
00EE
0000
0000
0768
0935
0316
0000
0170
0297
0204
0000
0000
0000
146D
0BB9
1F9A
0000
0000
0000
0000
0000
0000
0860
01FE
0000
0000
0000
0000
0000
0000
06D2
0882
0000
0000
04AC
04D0
0000
0000
0000
0057
0000
0000
0000
0000
03DD
11FB
0169
10F2
0000
0000
0000
0000
0000
02E5
0000
0000
0000
0390
0000
0000
0000
0545
07B2
0158
0000
0000
0000
0000
0000
0000
028E
0353
011B
0021
0000
0000
01BB
087E
0000
0F98
0000
0000
0000
0000
0000
0000
0000
0000
091B
07A6
0000
0000
0223
05A4
0000
0000
0000
0000
0000
0000
0000
0975
07C1
003F
0000
0000
0000
0000
0000
07E8
000F
11C1
0006
0000
0000
0000
0000
0000
0000
0254
0487
0000
0000
0458
098E
0000
0000
0000
0000
042F
00C6
00A9
0BCF
0BE6
0000
0000
0000
0000
0000
0000
0434
0AC6
0000
10C8
013F
0000
0000
0000
0000
0000
0000
0510
0000
0000
0269
0D2E
0000
0000
0000
0000
05CD
0A7C
05D5
0509
0468
0000
0000
0000
0000
0000
004B
0897
0A83
07EE
0000
124C
00D1
0000
0000
0000
0000
0000
023C
06DA
0000
0000
03FA
054F
0000
0000
0998
0A25
04C6
0375
0233
0000
0000
0000
0000
0750
0A63
064A
0832
0D8F
03AD
0000
0000
1774
0000
0000
0000
0000
0000
0000
0433
027E
0000
0000
0279
0014
0000
08F2
0A5E
0000
0000
0000
00C6
0000
0000
0000
08AF
0C55
0273
0000
0348
0458
0000
0000
0000
1CC1
0000
0000
0000
0000
0000
0000
0064
0000
0000
0183
04AA
0000
0000
05D6
0000
0000
0000
09A5
0420
0000
0000
050F
0107
0000
0000
0000
0000
0000
0000
0054
0092
1D6D
0029
0000
0000
0000
0000
0000
0000
0000
0000
0969
0168
0000
0000
0100
0000
0000
08FC
0DD3
0000
0000
0000
0000
0000
0000
0000
0079
0000
01DD
016F
0A6B
03EC
1835
0015
0000
0000
0000
0000
0000
0000
0000
033D
0955
0000
0000
010A
04CC
0000
0000
06E9
0000
0000
0000
0000
0000
0000
0000
0309
0084
0276
0707
06EB
0BD8
0203
11C0
0000
0000
0000
0000
0000
0000
0000
0000
0376
0216
0000
0000
0639
0059
0000
0000
0000
0000
0000
0000
0000
0000
0100
0411
0000
0000
0A37
0A9A
02CE
04E6
0000
0EB0
0000
0000
0000
0000
0000
0000
0000
0000
00DA
0000
0000
02D8
02CA
0000
0000
0312
0000
0000
0000
08B5
0000
0000
0000
0000
0061
0E3C
11F1
05D0
0000
0000
0000
10F4
0000
0000
0106
0020
0000
0000
0000
0000
0000
0000
0000
0758
0000
0000
0000
0714
0000
0000
003E
0261
0000
0000
0000
058F
1142
1689
06B1
0000
0000
03D4
0018
14ED
0000
058C
0607
0105
00BB
0158
0000
0000
0000
0000
002E
07AF
0000
0000
0000
03AC
0000
0000
0000
0000
0000
0000
0B0C
1319
1375
0834
0000
0000
0000
0C7D
02E4
133F
0742
0B61
022D
0000
0000
0000
0000
0000
0000
0000
0105
02A8
0000
0000
0155
003C
0000
0000
0000
0000
05B9
0FC8
1092
0C79
0351
0000
0000
0000
05EA
0B9C
0000
0F5F
0AA6
0683
0000
0000
0000
0000
0000
0000
0000
0000
0000
0000
0000
027F
030F
0000
0000
0000
0147
04A8
0BA8
103F
0AFF
02B1
0000
0000
0000
0956
05FD
025E
0000
1122
04BA
0000
0000
0000
0000
0000
0000
0000
0000
0000
0000
0000
02DF
0740
01F6
0000
00E4
0362
0488
0669
0831
07ED
033D
0000
0000
0000
0411
0660
0000
0000
0000
1510
0000
0000
0000
0000
0000
0000
0000
0000
0000
0000
0000
0168
04C5
060C
0202
0000
001A
0241
05E0
0811
0524
0000
0000
0000
0000
0067
0288
0000
0000
0000
0211
1BC6
0000
0000
0000
0000
0000
0000
0000
0000
0000
0007
0254
0130
0070
00D6
0051
0000
0000
0000
0381
024C
0000
0000
0000
0000
0000
0036
0000
0000
0000
0D16
0FE3
16E9
13F6
163E
1949
1EDA
1CF9
1D72
1C44
1AAE
1A16
1BAD
1AF6
17DB
16EE
1755
15B9
1343
145B
1778
1652
127C
0F4A
105C
1602
1AC3
1BEA
1916
13EF
13F4
1BF5
28C6
18C4
08FE
082D
02B8
0466
031C
0000
0000
0000
0000
0000
0000
0000
0000
0000
0000
0000
0000
0000
00E9
0000
0000
0000
0212
02BB
0135
0000
0000
0000
0000
0000
000F
0000
0000
0000
0000
0000
0000
0000
0000
0000
0000
0000
0000
0000
0000
0000
0000
0000
0000
0232
0000
0000
0000
0000
0000
031A
0000
0000
0000
0000
0576
0000
16B9
1B9E
1CDC
0000
0000
0000
0000
0000
0000
0000
0000
0000
0000
0000
0000
0000
0000
0000
0000
0000
0000
0000
0000
0000
0000
0000
0000
0000
0000
0000
0000
0000
0BC4
1156
1418
0000
0000
0000
0000
0000
0000
0000
0000
0000
0000
0000
0000
0000
0000
0000
0000
0000
0000
0000
0000
0000
0000
0000
0000
0000
0000
0000
0000
0000
1E61
1672
15A2
0000
0000
0000
0000
0000
0000
0000
0000
0000
0000
0000
0000
0000
0000
0000
0000
0000
0000
0000
0000
0000
0000
0000
0000
0000
0000
0000
0000
0000
2D6F
18B8
1242
0000
0000
0000
0000
0000
0000
0000
0000
0000
0000
0000
0000
0000
0000
0000
0000
0000
0000
0000
0000
0000
0000
0000
0000
0000
0000
0000
0000
0000
2FB4
1884
143C
0000
0000
0000
0000
0000
0000
0000
0000
0000
0000
0000
0000
0000
0000
0000
0000
0000
0000
0000
0000
0000
0000
0000
0000
0000
0000
0000
0000
0000
2602
1D70
1E6C
0000
0000
0000
0000
0000
0000
0000
0000
0000
0000
0000
0000
0000
0000
0000
0000
0000
0000
0000
0000
0000
0000
0000
0000
0000
0000
0000
0000
0000
1E69
234B
250C
0000
0000
0000
0000
0000
0000
0000
0000
0000
0000
0000
0000
0000
0000
00A6
0000
0000
0000
0000
0000
0000
0000
0000
0000
0000
0000
0000
0000
0000
235F
24F1
20DD
0000
0000
0000
0000
0000
0000
0000
0000
0000
0000
0000
0000
0000
0000
0000
0000
0000
0000
0000
0000
0000
0000
0000
0000
0000
0000
0000
0000
0000
2579
23DF
1DB6
0000
0000
0000
0000
0000
0000
0000
0000
0000
0000
0000
0000
0000
0000
0000
0000
0000
0000
0000
0000
0000
0000
0000
0000
0000
0000
0000
0000
0000
1FD4
26BB
2308
0000
0000
0000
0000
0000
0000
0000
0000
0000
0000
0000
0000
0000
0000
0000
0000
0000
0000
0000
0000
0000
0000
0000
0000
0000
0000
0000
0000
0000
1D95
296D
2589
0000
0000
0000
0000
0000
0000
0000
0000
0000
0000
0000
0000
0000
0000
0000
0000
0000
0000
0000
0000
0000
0000
0000
0000
0000
0000
0000
0000
0000
2136
25BB
1E76
0000
0000
0000
0000
0000
0000
0000
0000
0000
0000
0000
0000
0000
0000
0000
0000
0000
0000
0000
0000
0000
0000
0000
0000
0000
0000
0000
0000
0000
2455
2118
171F
0000
0000
0000
0000
0000
0000
0000
0000
0000
0000
0000
0000
0000
0000
0000
0000
0000
0000
0000
0000
0000
0000
0000
0000
0000
0000
0000
0000
0000
2531
2040
16B0
0000
0000
0000
0000
0000
0000
0000
0000
0000
0000
0000
0000
0000
0000
0000
0000
0000
0000
0000
0000
0000
0000
0000
0000
0000
0000
0000
0000
0000
2391
1CD4
15C0
0000
0000
0000
0000
0000
0000
0000
0000
0000
0000
0000
0000
0000
0000
0000
0000
0000
0000
0000
0000
0000
0000
0000
0000
0000
0000
0000
0000
0000
21BD
18D8
141F
0000
0000
0000
0000
0000
0000
0000
0000
0000
0000
0000
0000
0000
0000
0000
0000
0000
0000
0000
0000
0000
0000
0000
0000
0000
0000
0000
0000
0000
200A
1A1F
176C
0000
0000
0000
0000
0000
0000
0000
0000
0000
0000
0650
0000
0000
0000
0000
0000
0000
0000
0000
0000
0000
0000
0000
0000
0000
0000
0000
0000
0000
1A98
1D27
1CB4
0000
0000
0000
0000
0000
0000
0000
0000
0000
0000
0000
019E
0000
0000
0000
0000
0000
0000
0000
0000
0000
0000
0000
0000
0000
0000
0000
0000
0000
1638
20D6
2066
0000
0000
0000
0000
0000
0000
0000
0000
0000
0000
0000
0000
0000
0000
0000
0000
0000
0000
0000
0000
0000
0000
0000
0000
0000
0000
01F2
0000
0000
16C9
23FA
20EB
0000
0000
0000
0000
0000
0000
0000
0000
0000
0000
0000
0000
0000
0000
0000
0000
03BA
0000
0000
0000
0000
0000
0000
0000
0000
0000
0000
0000
0000
19A6
22D2
1D74
0000
0000
0000
0000
0000
0000
0000
0000
0000
0000
0000
0000
0000
0000
0000
0000
0000
0000
0000
0000
0000
0000
0000
0000
0000
0000
0000
0000
0000
1C85
1E7F
178C
0000
0000
0000
0000
0000
0000
0000
0000
0000
0000
0000
0000
0000
0000
0000
0000
0000
0000
0000
0000
0000
0000
0000
0000
0000
0000
0000
0000
0000
1D64
1BE2
1586
0000
0000
0000
0000
0000
0000
0000
0000
0000
0000
0000
0000
0000
0000
0000
0000
0000
0000
0000
0000
0000
0000
0000
0000
0000
0000
0000
0000
0000
1B2E
1BC2
17D3
0000
0000
0000
0000
0000
0000
0000
0000
0000
0000
0000
0000
0000
0000
0000
0000
0000
0000
0000
0000
0000
0000
0000
0000
01CB
0000
0000
0000
0000
1C44
1BEA
181B
0000
0000
0000
0000
0000
0000
0000
0000
0000
0000
0000
0000
0000
0000
0000
0000
0000
0000
0000
0000
0000
0000
0000
0000
0000
0000
0000
0000
0000
20CD
1BA6
15EF
0000
0000
0000
0000
0000
0000
0000
0000
0000
0000
0000
0000
0000
0000
0000
0000
0000
0000
0000
0000
0000
0000
0000
0000
0000
0000
0000
0000
0000
1FBA
1A25
1507
0000
0000
0000
0000
0000
0000
0000
0000
0000
0000
0000
0000
0000
0000
0000
0000
0000
0000
0000
0000
0000
0000
0000
0000
0000
0000
0000
0000
0000
1A18
18D8
1667
0000
0000
0000
0000
0000
0000
0000
0000
0000
0000
0000
0000
0000
0000
0000
0000
0000
0000
0000
0000
0000
0000
0000
0000
0000
0000
0000
0000
0000
1324
1A05
1970
0000
0000
0000
0000
0000
0000
0000
0000
0000
0000
0000
0000
0000
0000
0000
0000
0000
0000
0000
0000
0000
0000
0000
0000
0000
0000
0000
0000
0000
117A
2177
1EAF
0000
0000
0000
0000
0000
0000
0000
0000
0000
0000
0000
0000
0000
0000
0000
0000
0000
0000
0000
0000
0000
0000
0000
0000
0000
0000
0000
0000
0000
0DE5
1C96
1637
0000
0000
0000
0000
0000
0000
0000
0000
0000
0000
0000
0000
0000
0050
0000
0000
0000
008A
0197
0000
0000
0000
0000
0000
0000
0000
0000
0000
0000
17AF
1A38
100B
0000
0000
0000
0000
0000
0000
0000
0000
0000
0000
0000
0000
0000
0000
0000
0000
0000
0000
0000
0000
0000
0000
0000
0000
0000
0000
0000
0000
0000
0000
0000
0116
0000
0000
0000
0000
0000
0000
0000
0000
0000
0000
0000
0000
0000
0000
0000
0000
0000
0000
0000
0000
0000
0000
0000
0000
0000
0000
0000
0000
0000
0000
0000
0000
00C7
0000
091F
0855
06F7
088A
0881
07FF
0504
01D2
0137
027B
0467
062A
06A9
055C
04E0
01DA
0000
0119
0377
03A4
027A
0000
0000
0000
0000
04F2
05ED
0000
00B5
0000
0041
0000
06C0
0AE9
07BA
050D
03F3
070C
07CE
0532
0411
0567
0718
0574
03F9
048F
0723
050E
0000
0004
01C7
01B8
0314
0000
0000
0126
058E
0000
0000
0163
0F02
0000
01A3
0000
0329
01B4
0000
0000
0000
0000
0000
0000
0000
006E
0209
0000
0000
0000
0000
0000
0000
0000
0000
0000
0000
0000
0000
0A64
0D9C
0000
0000
0000
0FF8
0356
0062
0000
03DD
0000
0000
0000
0000
0000
0000
0000
0000
0000
0000
0000
0000
0000
0000
0000
0000
0000
0000
0000
0000
0000
0000
06E8
0CB5
0181
0000
0000
0256
06A4
00CC
0000
065C
0000
0000
01A6
0833
06F8
030D
0000
0000
0000
0000
0000
0000
020D
07A9
0886
076D
030C
0000
0662
0A89
0217
0000
020A
0391
09E3
0D38
0000
0000
0000
03FB
0000
0389
041C
0157
039B
0A83
0E84
0D98
08DE
0442
0010
0000
0000
0180
08CB
0EC2
098F
052E
0A4D
0C61
0898
0802
0ACD
0BC8
01AC
0000
059F
0F37
03E7
025B
0000
0736
0000
0000
04FE
06E3
0373
038A
05E3
079C
0B32
0AB3
03EB
0149
03B9
069C
0B3D
0E5C
08A5
0077
0649
0ECA
08F7
0213
0A48
10B0
02F3
0000
0000
02C9
0805
1476
076A
0757
0000
0002
0297
04B0
05FF
0480
0000
0000
0603
0B9C
0789
0451
09BF
0DCC
062C
0321
0A0C
062D
0024
05B6
0802
0377
0689
0CFE
06CE
0000
0000
0154
0000
0EAD
0CED
0606
0000
0610
04AD
01D1
03C4
02D2
0000
0000
0000
0039
0699
0737
0C7D
111D
0208
0000
011F
02C8
0000
0000
0000
0000
0000
01EC
05DB
05FC
065D
0803
0000
0000
0232
047E
0000
0467
07EF
0473
0000
0000
030D
019E
0000
0000
0161
06E9
0721
0960
054B
0000
0000
0000
0000
0000
0000
0000
0000
0000
0180
0707
05FA
0663
02B0
01ED
0000
023C
0000
0000
033F
03E1
0000
0000
092F
10C4
0464
0000
0000
0000
0000
0000
020D
083F
027B
0192
0A83
0BAC
072C
05E8
01BB
0000
0224
0649
0510
02A0
09F3
1425
0873
00F8
0000
0000
0000
0000
0000
0000
0000
0676
0FFA
0C64
0000
0000
0000
0000
0000
0885
0538
02ED
0A29
0E74
0CF2
0B3E
091F
0715
066B
0636
058C
029C
07CD
17D8
0C74
0098
0000
0590
000A
0000
04B4
079F
0000
0000
0CA4
14EF
03AB
0000
0179
0153
0212
02E4
02F5
028B
0000
0000
0103
0359
03B5
0742
08F0
06B7
04FA
043C
0569
107D
0548
0000
0000
0910
0355
0000
02FC
08AD
0000
0000
01EB
0A75
099F
075B
0550
0565
0135
0000
02A9
0925
0000
0000
0000
036B
0000
0000
03B2
057A
0444
05D6
0868
0FAA
01B8
0143
0000
06BA
05A8
0200
00AE
004F
043D
05EF
0000
0000
0941
10FC
0A86
0841
016B
0000
0000
08E5
09F5
0679
0913
0B0C
01FA
0000
0000
0000
0000
031F
070B
0EB8
02F6
05E6
0000
0279
0680
0716
0000
0000
04FA
101E
0045
0000
04CA
1048
0956
07A3
0A2F
03DB
0000
0000
0CBA
0FE7
05C6
036C
08D9
056E
0000
0000
0000
045A
024C
066A
01EE
09F4
0000
014F
05C8
06C5
0000
0000
0429
0D80
0416
0000
0285
0638
0365
06EC
1267
144F
04F6
0000
07D0
0ABD
0000
0000
045A
0FEF
0CA5
07C4
09FF
0DF4
0610
01EF
0017
0873
0000
0306
03DF
03F1
027A
0019
0052
026E
0552
0718
0336
0000
0362
07D3
09E9
0DBF
0E03
09E3
0478
025A
02C7
0000
0000
0440
0DFD
0ED5
0E12
1054
0AA3
0563
01DA
0429
0000
03C1
02BB
00A9
05D4
0875
0000
0000
03F5
0C58
0345
0000
0494
06C2
0000
0000
08E7
1201
0505
0000
0CE5
0DEF
0000
0000
0000
02E5
0498
0536
047E
075C
02B5
039A
0000
0366
02CA
0000
04FD
0BB9
00F4
0000
03EA
0E62
01DA
0000
042D
08BF
0000
0000
0089
0BD6
02F8
0000
075C
0E11
076E
00BC
0000
0000
001B
0000
024B
0B2E
00EE
0641
0000
0220
0489
0000
029B
0754
011E
0000
0434
0B5A
0213
0000
0457
0711
0365
0035
0000
0000
0000
0000
0000
0000
0969
0E3C
05D0
023C
03BB
025F
079F
11A6
04EA
0742
0000
0000
04BF
02F2
027E
036B
02D4
01FF
01CD
02FF
04BD
0543
00F5
0000
0713
0BD4
0000
0000
0000
031C
0000
0000
0000
0956
0D32
0D90
08C3
05E2
069B
0DC6
06D9
032A
0000
0000
0000
00E0
0146
0180
0538
084F
00B3
0000
0532
0BED
0000
0000
075E
0F83
0000
0000
0267
0AF0
038C
0000
0000
0000
0A26
13C6
0D22
0913
05D8
0658
00DE
0000
0000
0343
0000
0000
0037
0000
0550
0AA1
0000
0000
0465
0F1F
018A
0000
0392
0C8A
0576
0000
0000
05A5
0913
07C4
0000
0000
0733
0FA1
080B
036E
0710
0A1D
0000
0000
0000
0B07
0616
046D
03F5
024D
0628
0932
0066
0000
0260
0A5D
03F8
0000
0000
0262
0644
03F6
0000
0000
0762
0CAB
0BD6
0D2F
0C24
0862
017B
0000
01A6
0DA9
0499
0000
0000
0ADF
0770
05E0
0574
0402
0598
066A
049A
026C
0000
001D
0708
070A
0000
0000
055D
08F3
0000
0000
055A
0AEB
0E68
1369
0AA5
014D
03EA
0240
0000
092E
041C
0A36
0000
0A52
056F
05D1
0445
040D
04BC
0413
08D2
0BEF
01A1
0000
08C2
0E1E
0469
0000
0837
0CCB
074C
0614
0A4B
0C6A
0F4F
1050
05A3
0000
0638
0C92
07CD
087A
04EC
0EBC
0000
0C02
05A8
0686
0471
03F7
03AD
024B
0736
0CC6
0668
0069
075C
0CCC
0888
04DE
0707
091A
0BB2
0F43
0DBB
0BD6
0B05
08CD
05DA
0227
045E
0AF0
083D
0292
06A0
06B9
0000
0332
01B2
0313
036E
041F
0400
0410
06E6
0A41
0A4B
0A66
0B5D
0CAC
0D14
0B74
089E
0890
0DAD
1192
0DED
095A
02E4
0000
04C2
08F2
0560
07B2
03F2
02A2
0D35
04DF
0000
0000
0000
0000
0000
0000
0000
0000
0000
0000
0000
0000
0000
0000
0000
0000
0000
0000
0000
0000
0000
0000
0000
0000
0000
0000
0000
0000
0000
0000
0000
231E
1C90
1F9E
23A8
24C4
2507
234A
2216
22D3
2542
28DD
2BB1
2C8C
2C1A
2C59
2A56
280B
2A21
2E2A
2E81
285B
2330
24C7
29E4
2F9A
30A8
269D
204A
200B
1BBD
120B
1865
0D49
044D
0098
02F9
07B6
0952
0BCF
0CEF
0BDE
0B0A
0B92
0A75
07C9
0634
0811
0892
08DA
0D7E
1318
143F
123D
0EA8
0BE3
0EF6
16E9
178D
0D0C
0734
0815
0515
0125
10A6
0BA3
057B
0000
037C
07AA
0AD2
0F8F
132B
1490
1375
126B
0F72
0AC7
07F6
0A84
0C78
0C5A
0FDF
146E
15EB
1873
16C8
1105
11A1
1907
18B9
0FDA
090E
0597
0186
0156
139C
101E
0B5F
0562
0C63
149C
1838
1B4F
1CAA
1D14
1C77
1B9D
19CA
15CB
12F8
146F
1481
12D7
1598
1867
1995
1C26
1701
0D72
0EC8
1797
195E
1502
0C91
0138
0000
0000
191E
0E69
0E0A
0E81
17A1
1BE7
1CB1
1AF1
17AA
15F3
1628
180C
1A77
19DA
1834
18FF
1879
13F6
1319
14A1
1373
1236
0CD8
069D
08F7
0FCB
1477
157A
0D01
0000
0000
0000
14D8
0C77
0B22
0B66
1063
0F41
0C7D
0A49
078F
057F
060D
0983
0DDD
105D
0EDC
0DF3
0D81
09AE
0701
06AE
0522
0280
0000
0000
028E
03D4
0A64
14D0
1034
0116
0000
0000
0C16
0A04
07DF
066F
080C
054A
02B1
00C2
0000
0000
0000
0000
022C
0556
0475
020F
029E
0264
0018
0000
0000
0000
0000
0000
0000
0000
02FD
1148
113A
072F
0000
0000
0616
07E1
0576
0346
0647
06DD
0731
0527
0384
03BA
0312
0095
008A
01FE
0000
0000
0000
0470
04EB
033E
0382
042C
02C9
025E
0230
011C
0983
1294
0D2C
060B
0000
0000
0841
0698
0389
0095
0534
0664
0810
0835
0886
0895
0892
0678
04B9
029B
0000
0000
0000
0415
062A
09E8
0C73
0C3D
0BDD
0D25
0D6C
0C48
1060
1174
06E3
0145
0000
0000
0E97
0666
045B
021E
0727
071F
0A1D
0E66
0FE0
0C98
09A3
07CF
07B6
0755
04AD
0354
08B3
0A21
09C3
0F88
125D
0EFB
0D5E
0F1E
1044
0E70
0EC8
0DC5
0750
03A7
0000
0000
0FE9
07EF
06B3
0546
0AB8
0AFD
0F83
137C
11FE
0D81
07BF
023C
0445
0B7C
0EED
0FC0
148C
1344
0F72
101F
0F9E
0CD5
0982
084E
09AB
0A75
0CCA
0EA1
0C0C
06AA
0000
0000
0AF5
0CE1
0A8B
080A
0D0C
0C87
0E63
0E10
0B1F
0B37
08DF
00F4
0109
0A21
0F78
11AB
15DE
154E
0E42
0587
01FC
0555
0367
0000
0148
06C0
0A9A
0CF4
098C
0293
0000
0000
043C
1029
0C9A
0862
0C52
0AF6
094C
0813
0904
0C89
0C51
0830
045E
032B
05DE
0BAB
1152
1571
0F72
00A8
0000
056E
042B
0000
0000
0582
0792
0778
04E1
0294
0000
0000
019F
0DDF
0A8C
0664
098C
07EF
071F
08E4
0BC9
0B9E
0A73
0DDA
0A87
0000
0000
01B9
09A4
14CD
167E
0C7D
0A3E
0E13
08C3
00D9
012A
0547
07C6
0976
09A8
0CA1
03A7
0000
062A
0B3D
089A
067C
09B4
0668
050C
092D
0ADF
05B0
06CF
11CE
10A6
01AF
0000
0000
0000
0CFB
16B9
1813
16FB
102D
074A
03A8
033E
02B1
06D6
0D45
0F79
123C
08DD
0000
0C4C
0993
06E6
0721
0BB0
0660
0264
06DB
0994
03C8
0555
0E64
0EA9
0A1F
046B
0000
0000
0000
0780
0F46
129B
0ADF
047D
05B1
0507
013E
03A1
0B6B
0DD4
0CE0
0555
0000
0EA7
0756
058F
065B
0C2A
0888
042C
0536
0770
0616
0463
0200
04AC
1162
1255
0000
0000
0000
0000
0000
070C
0A9D
0A11
08AB
0614
02FF
02A5
0643
077D
0567
000F
0000
0DB5
054E
0561
06B7
0C84
09BC
06A0
0437
0373
0721
06FC
0000
0000
111D
1465
04D9
0000
0000
0000
0000
02CA
0D36
0E44
0681
0036
0000
0000
006E
031F
0398
004A
0000
0C71
0493
052E
070C
0CFA
0A51
06D6
026A
0151
0898
0AC3
0078
0000
0747
0BB4
09DE
0551
0000
0000
0000
03B1
09F2
08EB
02D4
0000
0000
0000
004B
06AB
0876
0523
0000
0B2D
0568
0431
0588
0CA1
0C2B
0819
00D8
01A3
0A92
0AD6
0284
0075
03B1
096C
11CE
1026
060C
02E3
0515
07DB
07A6
0653
08CA
0700
0000
0000
059A
0E2B
0FA4
0978
0000
0A2D
0677
032A
02F5
0B24
0E14
0ACA
013D
0173
0944
095F
06D6
077F
0541
08AE
1378
11C4
06BE
0599
0C13
0E3B
09B7
09BA
1047
0E33
05B1
020B
04FF
0CDA
125B
0AD1
0000
09F0
085A
0432
0153
0B69
1188
0F03
0555
0374
069F
0769
0B0C
0B8E
0312
03C6
0F80
1002
0731
0837
114F
145F
0F99
0D52
0F7A
0C10
089F
0522
0000
010B
0B47
057B
0000
09AE
0AF5
0666
0000
0B2D
13D1
12F9
0B4B
0774
0469
044D
0BD8
0C63
0331
04B3
0F11
0F54
097A
0A50
0EB0
1185
12A7
0F3C
09A9
089C
0D9E
0AF6
0000
0000
040B
0000
0000
09EA
0F1F
0A01
0154
09C5
1041
11AB
0F5D
0A35
0216
01BE
0B5A
0C96
060E
09D6
1121
0EB1
09F3
0A24
090A
08F3
0F72
0FA5
0766
052E
0B1A
094F
0076
005A
0525
0000
0000
0B2F
10D4
0AF1
04AF
096F
09E7
0C2F
1092
0CA3
019F
0163
097D
0A00
0778
0BED
0FEB
0E6C
0C72
0B33
078B
06A2
0C16
0D65
080E
0324
013C
00BE
03FA
0907
08D9
0195
0000
0B55
0C92
0451
0250
05E7
02D4
0584
0E85
0D36
034F
022C
0595
05D9
0796
0C5A
0D93
0E9A
1024
0D0F
07EB
06A9
06CC
03E3
0208
008D
0000
0000
05C8
0AEE
0925
021B
0000
09E1
0779
0000
0000
02DB
0000
0262
0B69
0C56
0674
03DF
02A1
02C3
060F
09BC
0ADA
0DEE
0FFC
0B33
0619
0467
007B
0000
0000
0000
0000
0000
02EE
0690
08C4
0254
0000
0860
0383
0000
0000
02B3
0236
04BC
0A09
0B90
0AA8
0650
0046
003C
0245
01BC
02FB
0832
08DC
015C
0000
0000
0000
0000
0000
0000
0083
028D
020C
0352
083D
029F
0000
07D8
0733
096E
0C50
1241
16D5
1913
1AA3
1C12
1EFA
19EF
1119
0FB2
1066
0C66
0AF2
0FEC
123C
0AB3
0571
063E
0646
0661
0A94
0F20
1323
1667
15B4
1485
1540
141D
0000
13C0
0000
0000
0114
045A
05CF
0691
04FE
072C
0BBE
070C
0000
0000
0000
0000
0000
0000
00FA
0000
0000
0000
0000
0000
0000
0014
04F9
0774
07A6
066F
0545
05E1
0000
0763
084A
0720
0493
035C
0185
000E
0000
0019
03B4
004A
0000
0000
0000
0000
0000
0000
0000
0000
0000
0000
0000
018D
00E2
0075
0194
0176
02AC
0433
020C
0000
0000
0000
0000
0000
0000
0000
0000
0000
0000
0000
0000
0000
0000
0000
0000
0000
0000
0000
0000
0000
0000
0000
0000
0000
0000
0000
0000
0000
0000
0000
0000
0000
0000
0000
158B
183F
1B4E
1C7A
2040
1EE4
1DEA
1D41
1CE2
1C77
1DA6
2070
2410
27B9
297F
2B2A
2C5B
2A29
2587
211D
1F6F
247C
2892
23CB
1CA5
1C5E
221A
2A50
27C0
1FA0
1D5F
0E64
18D2
198E
19D0
1A46
2069
2056
2046
1F7B
1E4B
1D6E
1DAB
1E76
2117
2610
2940
275F
25D3
2727
26F7
2447
2307
24F8
2726
2551
1FFD
1A52
1CE1
2B33
307A
22E8
1B53
0B8A
11B9
130B
16C3
1800
1E3E
1E89
1E4D
1EE0
1F72
1F96
1F20
1D7F
1E6C
2414
2996
26FC
23DA
2615
2704
256C
250E
276A
2BC8
2C76
2567
18CB
1726
2A25
3A6F
30E0
2806
12B0
163D
1586
197A
1862
2330
246A
2583
296F
2CCF
309F
326C
2F5B
2D34
30DA
355E
3095
2B4E
2EA6
329E
3367
32CE
30B9
3156
37D5
37FA
2868
1E96
2BAF
3F7C
39BB
34FF
1EFA
1908
1A21
1C89
1C4F
23FD
2516
25ED
2AA4
30D6
36C3
39A1
37A6
34C5
362C
385B
31EA
2B9C
2DE7
31E2
3297
3151
2E0D
2F3B
3760
383D
2BEF
2206
2560
3581
3409
377E
2261
181D
1A20
1C19
1B01
2335
255C
274A
2BA8
315C
346B
3579
3526
33FC
3568
37EC
3461
2EED
2F12
3145
313F
2F4E
2C0E
2D2E
306A
2F94
2E4C
2B75
269E
2E01
32CB
3A8D
26A2
15A8
18F2
1A90
1663
1D5A
20C5
24A6
2A31
3068
3187
2FF1
2F73
2F60
3067
32FE
3432
312A
2F17
2F39
2E1B
2AAA
294D
2B30
27C8
226A
2933
2E31
28A7
2C1B
3163
3BCA
2A45
1332
18AA
1C21
15CE
1AEF
1EE7
2360
2983
30DA
334A
321A
311C
2F94
2CCC
2DD3
318A
30A4
2FA6
30E7
2FBF
2BA9
2C82
2FF9
267D
1C51
2491
2BB4
2772
2F4A
3035
3D27
2F7B
1386
19C3
1F32
18DD
1BE6
1E4D
2148
2566
2C29
324C
34FB
358D
3278
2A65
27FB
2B1C
2C13
2D31
2FBF
3090
2E54
3027
3428
2A46
1EE2
2262
2679
23E5
30BF
2E8E
3B7E
3244
158D
1B34
20A5
1B3F
1E62
1EAD
1F3B
20D9
25D8
2EFB
35B5
3B25
3B03
30D0
2944
2865
27BF
2904
2C86
312D
3169
32AD
3530
3099
2838
2471
2322
23F0
313C
2CA5
355F
315C
1694
1BD8
205C
1C5D
2167
2283
21D0
2102
23A7
2BA9
3464
3EED
4321
3BBF
324B
2A95
25A1
273C
2D69
3461
375F
37A2
37C7
3669
305E
27C2
225B
25F6
3309
2ADD
3000
30E3
17C7
1BDB
1FC5
1CA6
22B1
269F
279E
2525
2527
2897
2F69
397D
3F08
3F79
3B13
3084
2778
275C
2D82
34B4
391D
3863
36FD
3756
3278
2818
20E4
2367
312A
25E1
2BE6
2F79
19D2
1BDD
1F87
1E31
24AD
277A
290C
28A9
289A
27C0
2A61
3078
36D4
3EAB
40D5
3A03
2E6F
264F
2840
301E
3547
34E8
363E
3ACE
3766
2BE2
226E
1FBC
2B7B
1FA7
253F
29BF
1B1B
1BDE
1E26
1EC8
27D3
2838
2770
29FC
2C49
29E6
2976
2A7C
2EE0
38DA
3F70
4072
3852
2A38
25C7
2CBA
331C
33DD
375C
3E48
3D84
3423
29BC
22A6
2AE0
1E22
21FC
255A
1A0B
1BC3
1D51
1D82
2966
2CBF
2B18
2A4E
2B55
2CB6
2C9B
2646
24CB
2CC1
3602
4048
4187
3591
2B6B
2DA8
32B8
337B
3583
39EC
3BCB
37B9
2FDC
284A
2E17
20C6
2650
24F0
18F5
1BF6
1DE2
1B5A
26E9
2F02
3122
2A6C
25B8
2D7F
32B4
2916
2255
2394
2A8D
3857
3F72
3801
2E2A
2DF4
3215
33D2
34F3
3545
3538
349B
305F
292B
2D8B
2372
2D2E
267F
17D0
1BC2
1ED9
18C5
20BF
2BD9
341B
2D68
23E1
2B63
3525
30FE
27DF
202E
21F3
2E8B
3585
30D2
2A15
2923
2D23
32B9
3733
36AD
3531
3603
32AD
289E
2993
2397
303A
279A
168C
1BF0
2035
1664
1A88
2794
3475
3171
27D9
28A6
2F6F
334F
2E84
2286
1F9A
28E8
305F
2E8E
283B
232F
2441
2CAE
3498
36EC
380C
3B44
3888
2A86
251A
1F4F
2CC4
25FB
15FE
1C73
20D2
1630
18C5
2345
2F46
32D2
2F92
284D
26EC
3198
345B
2732
1EA5
2578
2FDE
30F3
29DD
22BD
2145
25EC
2BBE
2FB5
3373
396A
39EC
2DA2
2508
1C1A
27C5
2586
16A1
1CA2
2020
181B
1B9F
1EDE
261F
3317
3866
2A41
20FA
2E72
37DA
2C19
1FC4
237C
2EE9
323E
2BEA
27D5
27D3
279F
287D
2B30
2F10
33D6
35EB
3010
2AC3
1E53
2628
2783
17E3
1D2B
2041
1A08
1E0D
1B26
1F2E
3223
3C46
2D3D
20F4
2AE9
3681
326D
26D5
2357
2C22
3359
2F21
29E6
2B11
2DB2
2F26
2F53
30C2
3136
31BA
3102
309F
211C
2535
26E4
1A5B
1E6A
20F7
1C01
201A
1A4E
1BCB
2DC4
39B3
31CE
2870
28E7
2F53
33ED
2E37
24E1
2857
3451
351A
2BCD
27D3
2F7C
378C
36C4
3467
3042
2DA6
2ECB
3241
2029
2324
243A
1D39
1E90
2181
1E70
22D2
1C1F
1C6F
28DC
338F
36D2
32F0
281A
2577
30D0
3413
27F0
24DC
33E7
3DA3
34AA
28B2
2DA1
38F2
3B2B
36CC
2EF2
2A9E
2D3A
32DA
1F5D
224B
2270
20AC
1FC3
2119
1ECF
2425
205E
2114
247E
2A98
376D
3B3A
2A53
208B
2F6E
38A4
2A0C
215E
3164
4170
3C3D
2ED3
2C9A
33D2
38F6
36F3
2E9E
2A6E
2DA4
32D7
2059
2177
2039
23F1
2391
2255
1F74
25E2
24E4
242F
1FA7
2276
34C3
3E2C
2E79
221B
2D3C
3732
2BBF
214E
2BA0
3AA6
3CCC
3616
309F
31E6
367A
369F
2FE5
2AE0
2B14
2F1D
1FDD
207F
1E43
23A8
25B8
24B2
2079
2662
26DB
2505
1C50
1C8A
2DD5
3924
3132
27C0
2B17
307A
2D75
273C
2840
307A
39BC
3A2B
330B
30E2
3494
3557
3003
29D5
2526
2744
1CC5
2255
1FAB
1FED
25DF
2822
20C6
25E5
271E
2476
1B53
19DA
253D
2F45
304C
2CFD
2995
29BA
2E1C
2DE0
289E
2A8B
3566
385C
314E
2DD0
2F82
2F85
2C86
280B
20B2
20E7
1A2A
2427
209E
1B4C
24D3
2B51
20BC
242B
25CA
2382
1DD0
1CE7
1FBF
24B8
2CFE
2F1C
26F1
22BD
2AC8
2DC0
2663
262D
2E38
30B5
2DC2
2C93
2A3B
26BD
2649
252C
1F93
207A
1AA3
2461
1FBE
130D
2084
2A32
2212
2310
24AC
2407
2285
224F
1EDD
20AC
2AB3
2E2E
24FF
1F98
26F5
29B2
2334
2308
281B
2955
29AA
2A49
25B4
210B
2144
215B
1F39
23EC
1D8F
2438
24BE
0631
1449
2099
1AC3
1D5F
1EC1
1ECB
2023
1FDA
1AAF
1B69
2382
2616
1FD4
1C06
1EAC
1E68
1BEC
1E6C
202B
1EF0
1E5A
1E66
1CD4
1B3E
1AC5
19CC
19EC
1FC9
1C2F
2177
29D7
05BE
0F02
189D
14CB
171D
17C1
1856
1B70
1AF8
15CE
15DB
1A36
1A73
1765
1644
16A4
143D
13A7
166F
16BD
1658
15CE
148B
1484
14D7
1453
1482
167D
18FB
11DE
0F3F
1D86
00E2
0965
12AC
0EED
110C
1127
1209
1483
1358
0FBC
1019
11F4
111B
0F57
0EF8
0ED7
0D5F
0C85
0D9F
0E36
0D92
0B95
0A95
0CE5
0EC7
0E41
0E16
0F5B
18A7
0DB9
0A53
1A16
0000
054B
0639
01C9
0138
0000
0000
0000
0000
0000
0000
0116
049E
0922
0D10
0DA5
0A33
0643
0242
0359
0E04
11AB
086C
042A
0693
08B7
11C0
173E
17BB
1369
0CAF
08D5
068A
0FB5
1680
1279
1114
0CD5
0C30
0C9E
0CBC
0E52
0FA2
10CA
1563
1964
1A55
194C
1977
1803
0F74
0CEC
15BD
1953
165C
1474
0D61
0A35
19BB
23F1
22C1
1979
10E5
0E9B
0000
04A5
0D6C
129A
13EA
1275
113E
0F1E
0EB4
0EAB
0C44
0AB2
0DB6
101A
0F1C
0F9A
1600
1955
1273
0DC1
0E60
0C69
0E9D
1297
083D
01F6
10C4
18DE
1DE3
1CC0
1386
125C
003D
0000
0291
04E0
0862
0BAE
0CC5
0C3D
0D97
0D14
08A3
0595
07DF
0789
0376
02F7
0A0A
0F93
0EDF
0D13
0729
02BB
0CE3
13EA
056B
0000
07A7
0E59
18BD
1B86
0DB4
0BE7
0000
0000
0000
0000
0000
0000
0782
0B8D
0E29
0BEE
05DF
03EB
0542
02FA
0000
0000
0255
0343
028E
0497
02CE
045B
11F6
112D
0000
0000
0000
0471
16D3
2205
0F63
0D2B
0000
0000
0000
0000
0000
0000
08BD
0E83
11C3
10B3
0B95
0A27
0A43
06E5
0472
054D
047E
020D
033F
0772
0765
096C
1322
1075
02C7
0016
0000
0000
1113
24D5
1145
1158
0000
0000
0000
0000
0061
0000
0000
0000
033F
06FC
07E2
0A3B
0BB6
088B
08F9
0AAC
04C7
0000
0216
03F9
01F9
0155
0571
0756
0CEB
0FE1
0000
0000
047F
181E
1066
1BAD
02EB
0607
05C1
0432
0483
0142
0000
0000
0000
0000
046A
0B00
0CAB
0953
0A6B
0BB8
0700
0437
0454
03AA
01EF
0000
0000
0000
0D7B
1602
018A
0000
0167
0645
08AA
2522
046A
081F
072D
03D0
035C
0476
0385
0134
0000
0092
0422
07AF
074D
04F3
06BC
09E5
0AB0
0CF2
0E78
0D63
0BE6
06E4
0000
0000
05D7
0B9B
07A7
0874
0BEA
00F9
0000
1FF9
05AE
0657
054C
0283
0000
0000
0304
0652
0758
0843
08DA
0688
0000
0000
0000
02BE
054F
081C
0A88
0C3B
0C50
078F
0000
0000
0000
0000
0211
0E65
1051
0485
0000
14C1
07BB
04F6
0408
02EA
0000
0000
0000
0000
0A11
11B7
1563
10FA
0234
0000
0000
0000
0000
0000
0000
0555
0C8C
0BA6
0912
0A41
02D1
0000
0000
0000
04C2
0582
03D2
18E5
0504
02D9
02CC
0363
037E
0000
0000
0000
00FE
0BCB
1578
166A
0BB0
0407
0000
0000
0000
0000
01B9
07E1
0E3B
10AD
15B6
1991
0F81
0123
0000
0000
0000
02AA
0A3F
23A3
00D4
01CF
050C
07A1
0CA0
0CAB
01E6
0000
0000
0000
0387
0F73
1395
15E4
0D4B
0376
0000
0000
0689
0A3D
0547
077E
166D
1CA3
12BA
09F9
0244
0000
0000
0000
00D1
1E68
0000
008D
0684
0B0B
0F86
10C8
0D63
02B3
0000
0000
0000
0000
1143
1FE8
1D1B
1393
02B5
0000
00D1
04BD
0000
0000
0AEC
1162
0E74
0EF9
0BE4
0444
0000
0000
0000
1293
0000
0000
022D
0661
0A47
0DD6
11AF
0FBF
02AE
0000
0000
0000
0118
15AF
1ACA
1AE7
0887
0000
0000
0000
0000
0000
073D
0B08
0EE2
1476
1221
0AF7
00A5
0000
0000
0E81
005F
0000
0000
0000
0348
09A7
0BE2
0E11
1490
0E69
0000
0000
0000
0000
0D1F
1B7C
0F21
0041
0000
0000
0000
03F6
06A4
07E9
0DAD
132A
0EBB
0746
0151
018A
0183
0E98
023A
0048
0000
0000
0000
0731
04D0
0613
1706
1CFF
099F
0000
0000
0000
0000
12CE
0FCF
0BDC
050B
0000
0000
0000
0000
0000
09C9
0F6F
092D
03CC
053C
05C4
01CE
0F9F
0445
0340
0000
0000
0142
07CF
0105
0120
0CB9
1352
1780
11CC
0000
0000
0000
03E8
0CD7
1516
0B17
0000
0000
0000
0000
0000
0B27
1082
09B6
062B
0B91
0B2D
04E6
13B9
052E
0395
0000
0000
033D
051D
0040
0448
037D
0123
1644
2425
0B30
0000
0000
0000
0000
0C7E
06A8
0000
0000
0000
017D
0732
0D1B
0D58
0700
04D2
09A7
077D
0620
19E4
0548
0308
0000
0000
0000
0000
0502
0F01
0000
0000
0B08
1DFB
147F
0ACC
0168
0000
0000
00DE
0247
0317
02C2
00DA
065B
0B9F
0C9A
07BD
013D
0023
017C
0000
01E4
1B73
06C9
0591
0142
0000
0000
0000
08FB
13C8
0000
0000
0446
0AA3
0B13
1162
0A8E
0000
02F3
0952
068C
073E
074D
00AE
0000
0241
0A94
0A4C
0534
04B3
02A9
0000
0000
186E
07DF
081F
083B
041C
0000
0000
06EA
0FE6
036D
0172
026A
0000
016B
1136
0AD0
010F
0BFB
133E
094A
045D
07AD
03CC
0000
0000
027E
0A91
0ED6
12AF
09C2
0000
0000
14C7
0689
0870
0E97
0948
0000
0000
04D5
0880
05FF
0C92
02D5
0000
01A0
0FB5
01B1
0000
0609
1151
09F6
076D
0E63
0EDA
056F
0000
0000
0000
0E9A
1899
0969
0000
0016
113A
0327
057A
0E77
0AFB
0000
0000
0000
0000
062E
13CA
0491
0000
06E9
0F41
0000
0000
01B1
0B95
0933
0C91
10B3
0FD8
124D
0E33
0000
0000
02C7
0D8F
04A3
0177
02EB
0EDB
014C
038A
0CB6
0BFB
04BB
0000
0000
0000
067B
147B
040D
0000
0D09
0C50
0000
0000
04BD
04F9
05A6
0D5E
089F
01F0
0FC9
17B3
0865
0000
0000
0000
0000
054D
071F
10EA
03AE
051E
0A78
0A1B
0A16
05D3
0000
0000
0330
0CFE
02A7
04A8
0BF4
0366
0000
0485
041F
0000
0244
0EF5
03B6
0000
04BE
0EBA
0AA6
05BA
0000
0000
0000
0510
0767
13AB
07AD
08D6
05A8
048A
0B00
0922
0000
0000
0000
01E3
001F
097E
07CC
0000
0000
093B
0000
0000
01B9
0F90
065F
0000
0000
0000
0000
03AE
0107
0000
0168
040A
02BA
115E
097F
0B8C
039C
0114
08F1
09CF
0000
0000
0000
0000
0000
0DB9
05ED
0000
0134
08DA
0000
0000
0215
0AEE
0AB7
0831
0000
0000
0000
0000
0496
0527
0711
04A3
0117
0FFB
0791
0A90
031E
0675
0A2B
0C58
0779
03F7
0000
0000
0000
0BA1
0294
0000
0342
04A1
0000
0000
012B
01BC
055E
088E
0000
0000
0000
0127
0568
0791
05F9
01F3
01EB
1690
0348
056A
0444
0C56
0E11
0EE3
10E0
1044
0299
0000
03B0
0995
05A1
07DF
0B58
06FB
02C4
04AD
0410
0000
0000
037B
017D
030E
0646
04ED
06EB
0974
0499
00B7
0412
19E1
0000
0000
0000
0000
0000
0000
0000
0000
0000
0000
0000
0000
0000
0000
0000
0000
0000
0000
0000
0000
0000
0000
0000
0000
0000
0000
0000
0000
0000
0000
0000
0852
0000
0000
0000
047A
0561
079C
0D61
0EEF
0929
070C
06C2
0121
0000
0487
07B1
058F
0296
0000
0000
0000
0000
0000
0000
0544
05DF
03F3
022E
02BD
01ED
0000
088F
1FFF
0000
0000
03E9
04E2
01F9
0000
0000
0000
0000
0000
0000
0000
0096
01EC
0314
0767
0D48
0C62
04C7
005D
0000
02A8
0CEA
0FAD
0535
00A0
068F
09A5
0769
0ACF
17B1
17D3
0A9F
0C4C
0E55
0DCF
09C6
093C
099C
09FA
096F
08EC
0908
09F2
0BC4
0BB2
0B59
0E6D
1138
0ED3
09C4
094C
0A8F
0BF8
0FDD
0FA9
0745
06D9
0DA0
0DB3
097F
0DBA
1553
132D
09AD
02AD
0000
0128
0104
055F
0810
0710
03C2
0000
0000
0000
0000
0000
0000
0000
0000
0000
0000
0223
00EF
0000
0000
0000
0000
0000
0000
0000
0000
02D0
0CAD
0AB7
0AB0
0494
0000
0000
0000
010D
02A6
02B0
0667
07AC
07D7
0601
0059
0000
0224
0406
00D1
0000
00CF
0527
038C
01C8
0309
0227
0628
0913
0000
0000
0082
0D14
15DE
14FB
0FD4
06A3
0000
0000
0000
0000
0000
000F
0735
0DE0
10EC
0E90
057E
0211
0736
0619
0000
0000
0000
0025
01F6
051E
070D
0610
0D16
0AE6
0000
0000
07E1
0C3A
142E
1781
1056
0689
00D8
0000
0000
0000
0038
00E7
0000
00D0
044F
0608
0243
03EF
0C54
09F4
0000
0000
0000
0000
0018
014A
01E6
02E2
0893
0617
0000
0000
0B2E
0174
0AC7
1032
10C5
0486
0000
01C0
06A8
03C9
0000
0000
0000
0000
0000
0000
0000
041B
0CCB
09DA
0000
0000
0000
0000
0000
0000
0000
0000
0427
0589
02F4
0613
0415
0000
05A2
10C0
0DF4
0090
0000
00FF
07D7
062F
0000
0000
0000
0000
0000
0000
0000
027E
08B5
05DF
0000
0000
026A
02F3
04B3
03ED
0000
0000
0000
0000
0468
0B71
05B0
0000
1042
1A2F
098B
0000
0000
02A8
0567
0740
06C9
090F
0E36
0BD7
0325
0000
0000
0142
0583
01FE
0000
087E
11E6
1005
0C0F
0D70
0F63
0657
0000
0000
0229
1009
1117
068D
17A2
165B
0A5E
0027
058D
06B0
01F3
001F
01F2
061E
080B
0601
0748
08EA
091D
0816
02C4
0000
0000
0000
0B42
0BC6
0323
0516
1261
0EFD
0000
0000
03BD
0A54
0C3A
009E
12E6
0C0F
0DF1
046C
0848
07DE
02BD
0000
0000
0000
0000
03B8
0C94
15E7
1815
0EEE
0000
0000
0000
0000
0000
0000
0000
01AC
0F12
10D6
069F
03A6
04EE
0000
0000
0000
12E3
0E0B
0C78
03C2
055F
04A3
05B5
03CC
0000
0000
01B2
02E4
0148
0495
0DC6
0F42
04CC
00D6
043D
02CD
0000
0000
02EB
067B
062A
03BB
04F8
08A1
0505
0000
0307
0278
1460
105B
0A51
02DF
04AA
0289
0448
0A99
0E99
080C
0000
0000
0000
0000
0074
0C77
0EE2
0D21
099D
064B
057B
048E
04D2
0320
0000
0000
0000
075D
044B
0347
0C48
06C8
0EA8
0843
0D06
0463
03FB
0000
0000
04E1
0CBE
0ACF
0140
0000
0000
0000
0000
0000
0874
0EA7
06BF
0332
04DE
00BC
0000
000E
0018
0000
04F8
0A78
05DA
04BB
0FC3
07BF
0AFE
0263
1008
04C3
002D
0000
0000
0000
0294
09B6
105D
0D2B
03BD
0000
0000
0000
0000
0968
0864
085C
04F2
0000
0000
03AF
0665
0633
0A1B
0E1F
0ADD
09A6
124A
0939
0C54
03D0
114C
04E5
0000
0000
00A4
0068
0000
04E2
0EBE
0CED
04CF
01FB
0000
0000
0000
0000
03ED
0D7C
09C0
023B
0328
03C1
0027
0000
0000
01B6
0704
0C8D
1198
0789
0EBF
0A1C
11FA
04F2
0064
0181
0336
0000
0000
01F2
020E
02D2
0D45
15A7
0C5E
0000
0000
0000
0000
0CE8
09ED
08F4
09C1
0077
0000
0000
0000
0000
0000
09FE
0E47
04F8
1076
0F63
111E
03CE
00FF
017C
000B
0000
049F
069F
0000
0000
0D69
15DC
0C86
01E4
0000
0000
0000
0755
0000
0000
0344
00D0
0000
0000
03B9
051B
059F
064A
05D7
0000
0E7B
0EC9
0E20
0162
02CA
021C
0000
0000
0B60
0AD9
0000
0000
06C9
0A81
0B8D
1468
107A
0070
0000
0000
0000
0000
0000
0002
0B92
0D6B
0C75
0CEB
0C35
05CC
0000
0000
0DC3
0F5D
0BFD
0000
04CC
0517
0000
0000
083B
0678
0000
010D
0312
0000
05AD
140E
0D78
00CE
0253
03FC
04BF
03FF
0000
0000
08AC
0921
007C
0102
0BAF
0C52
0117
0000
1165
10FA
0BE8
0057
04F1
0676
03E4
021D
019A
0000
069B
0D9F
004E
0000
0000
0B35
03E9
041E
107A
0FD8
09BB
0A19
0759
020C
0000
0000
0000
0000
0BDF
0F08
0721
00DB
12F2
0DDE
0CC6
0210
0440
065C
08B4
0642
0000
0000
0A51
1246
0000
0000
02B6
0721
0000
0581
0EAF
05F1
0000
034F
0B5E
0922
0375
0420
083C
0769
04CC
0103
04AB
07C3
1340
0A92
0CEF
03BF
053A
07C1
0B95
08B5
0000
0000
09D0
0EFA
0000
0000
087C
0177
0000
0396
04A9
0000
0000
030E
0ACD
0BC1
109E
12AD
0DFD
039E
0000
0000
0147
08BB
12C7
08C5
0BE7
03CE
04A0
0421
0940
099F
0033
0000
04E2
056E
017F
0793
0776
0000
0000
0A20
01EF
0000
0000
088F
03DE
0284
0AF4
0E01
0A60
04FA
00BE
0000
022C
03C5
0F40
0673
0CF2
0493
043A
0000
0474
089B
0511
013D
0000
0000
058B
0F03
0366
0000
0932
11A2
0000
0000
0771
0A29
0000
0000
007D
04D8
0A92
0E36
0707
0000
0233
0229
0E73
08B8
114E
06F5
05D9
01BE
01A4
04C3
068B
0425
0000
0000
0758
0F85
0000
0000
0A9E
0C8B
0000
0000
07B3
06E4
0000
0000
0553
04D6
083D
0914
0000
0000
041F
04C1
1083
0E10
16D4
08DE
0328
007F
0000
0294
068C
0542
0000
0000
075D
0B87
0000
0000
091A
04D2
0000
0000
043C
016C
037F
0B5E
094E
0188
0000
0000
0000
0000
09C5
058C
0E67
0D97
1934
072F
0000
0000
00EB
038C
074D
0760
0000
0000
04A6
03E0
0000
0075
0667
00C7
0000
025A
01FE
0000
04E2
0C2D
0708
0038
0000
0000
0000
043F
0B0A
0423
0B94
0989
1ED0
0B28
071E
0905
0B3F
0A9A
0DA6
0FF4
0B90
07AA
0566
01BD
04AB
0A2C
0565
001F
0516
0A88
0605
015B
06C4
0BFD
0C74
0B9A
056D
036B
0B1F
0D0D
0DED
062A
102F
0B01
1456
0000
0205
085B
052B
039B
05A3
08DC
0A29
08CB
0210
0000
0558
0972
0000
0000
03F0
08D8
04FE
00EA
0230
036A
0394
0397
0042
00BF
097F
09BC
08B8
0000
0E6A
09B6
0000
0000
0000
0000
0000
0000
0000
0000
0000
0000
0000
0000
0000
0000
0000
0000
0000
0000
0000
0000
0000
0000
0000
0000
0000
0000
0000
0000
0000
0000
0A68
0603
1271
0000
0354
02FD
02C2
0174
00C1
0238
05E8
08FD
0647
02DF
03AE
036C
01E3
02F1
0368
05DE
0A37
0932
022E
0000
0000
0286
0681
0818
02FA
0000
044D
06F4
0845
048E
0000
0000
0000
0000
0000
0000
0000
0000
0000
0000
0000
0000
0000
0000
0000
0000
0000
0000
0000
0000
0000
0000
0000
0000
0000
0000
0000
0000
0000
0000
0000
0000
0B0D
0C2F
048C
0D3D
0A67
0CB5
0E92
0E2C
0E35
0E0A
0EFF
0FFE
1001
0DFE
0E11
1101
1093
0E04
0D50
0E52
0E59
0E33
0F0C
0BD8
0925
0DCA
0E60
08D8
0136
0D03
091B
0249
0A51
09AF
0000
0BFC
0A9E
101D
15E4
17E6
1724
1202
0E67
0D65
0BF0
09CA
0A6D
0FD5
10F1
0B8C
07E6
093F
0B62
0F2B
0FC0
0495
0000
0175
0647
022C
0000
0A3D
0B5B
0000
0BD7
07E9
0000
04CE
0247
0444
0425
04A8
06CC
06BC
05DA
056C
0404
02C2
03DC
063F
0573
032A
0261
0174
008D
0382
067C
020F
0000
01D4
02C3
00C2
0000
0329
0BA7
056F
0D09
085B
0000
01BF
0000
0000
0000
0000
0000
0000
0000
0000
0000
0000
0156
0000
0000
0000
0000
0000
0000
0000
0000
0000
003B
005F
0000
0000
0000
0000
0871
0B6B
0DD0
076B
0000
0592
00FB
0092
005D
0000
0000
0000
00AE
0000
0000
0162
05C0
0203
0000
0000
0191
0000
0000
0000
0196
0615
0439
0000
0000
0605
0000
0000
0001
0361
0E35
05EF
0000
074B
0315
0320
067F
08A2
0588
01E5
0000
0000
0000
0089
0708
02C6
0000
012B
062F
04E9
0000
0000
028B
0966
074A
0000
0000
0CD3
064E
030C
0000
0000
0ECA
050F
0000
06C6
0581
02BF
00AB
0355
05C8
056E
031B
0000
0000
032B
0904
027B
0000
04FB
0729
04D6
0490
03F4
03A1
082B
0A64
0075
0000
0630
0000
0555
0A8E
02DC
0E48
043F
0000
056F
06D0
045C
0050
0341
0957
0CE8
0BE6
0499
0000
021A
0704
0236
00CD
0B4A
0F41
09DD
0AB8
0EF1
0CE1
0990
09ED
0581
0000
0000
0000
0656
1D77
0D82
0DF2
07A8
0000
081F
04AB
023A
0183
0390
0317
02DA
051A
054B
014E
02AD
07AE
01ED
0000
036E
0BB0
03D0
0000
0210
07F5
01FB
0000
0156
0392
0000
0000
00E0
1431
02D6
0D5F
0BBA
0000
0C6B
0529
019D
00DA
00A3
0000
0000
0000
06B2
0A53
0AA5
0C87
046C
0000
0000
026A
0000
0000
0000
0000
0000
0000
0000
0611
0180
0000
0000
06DE
0000
0BC8
0906
0000
07C0
0488
0330
0000
001C
04F4
01AA
0000
00C4
06B3
076E
04E1
0282
019C
00E1
04B1
0339
0000
0308
077C
0193
0000
0046
04C6
0114
0000
02A1
1104
00D1
0BDC
06D8
0000
02DA
02D3
03EA
0000
00B3
095E
0A58
00B3
0000
0000
01B1
0000
011C
06C2
0601
05FB
06F4
0B04
10AC
0E3E
0634
01BE
020A
014A
00A2
0000
05EA
198B
061D
0D59
091D
0000
0457
00C6
03DD
043D
00FD
0000
022C
060B
00EE
0000
0000
0265
0248
0213
02CB
0324
0000
0000
0551
04EA
01EA
0277
031E
0117
026F
0000
032F
13AD
029B
0DD0
09B0
0000
0582
0000
01F4
074D
0338
0000
0000
086C
09C6
0000
0000
0000
0190
0000
042B
06CF
0000
0000
0000
0000
0000
030A
054B
0524
0711
0000
0353
0EA7
01E4
0E82
06C6
0000
0740
0000
0000
02F4
066F
0204
0000
00BA
0674
039E
0000
0000
0000
0000
00D5
061D
0207
0000
0000
0000
028E
0000
0000
0000
0274
0000
0000
0CA8
046E
0F74
04CE
0000
08E5
0443
0000
0000
05AB
06FC
0000
0000
02D2
09B1
05D4
0000
0000
0000
0000
0000
0547
0AB2
0569
03CB
050B
0000
0000
0000
0000
0000
0000
0BFA
068D
119E
075C
0000
06C1
0446
01C1
0000
0037
024F
02E0
0111
0046
045F
0689
0196
0000
041D
02E4
0000
0000
08C1
03F6
0000
00F6
0467
0250
0000
0181
0000
0000
0E78
05FA
11CE
0A00
0000
0465
009A
0404
0483
0000
0000
0720
0AB9
0000
0000
052A
05FE
084D
124E
0DA9
0000
0000
0080
0092
0000
0000
05D1
0FD8
0F87
09CF
0000
053C
11D1
0433
0E4A
08C5
0000
0482
0000
04FB
0996
0000
0000
042E
0B0B
0000
0000
03DE
01F4
02CD
0A07
0939
033B
014D
0199
03E2
06BA
01C2
0000
0373
09AF
0390
0000
0000
126F
0201
0BB7
075C
0000
05B1
0000
04AF
0AEA
021B
0000
0171
064E
0204
01FC
0107
0000
0000
03C3
04B2
08D9
0C3A
06F2
0720
0ECD
07E9
0000
0000
0109
0000
0000
0000
11CA
0000
0DAA
08E4
0000
07AC
009C
02B7
0656
0469
012F
0059
0000
0487
0778
0000
0000
0687
0A3A
0064
0000
0826
043B
0000
0402
0587
0134
016A
031C
0000
0000
0000
1510
0174
0FA8
0B54
0000
0A19
0617
0240
0061
04EE
0737
0000
0000
0641
0CC0
0000
0000
0A65
0EEF
0000
0000
021C
0303
0000
0000
038B
09D1
0A96
043F
0000
0000
014F
16FB
050C
0E46
0B02
0000
05AE
0440
009F
0000
0392
0979
0000
0000
0606
0D40
0000
0000
06AD
0C0E
00F1
0000
0286
0426
0016
0000
0000
0000
046E
04BB
0000
0000
0020
113E
0239
0E0A
0B5B
0000
0116
0000
0000
0000
016E
07A5
0000
0000
03D8
0971
01AE
0000
03A0
04F9
0597
06DA
01B0
0000
03FA
0498
0000
0000
0000
0498
04BC
0000
0089
0BB9
0000
0D34
0904
0000
05EE
0000
0000
0000
008A
03D1
0147
0000
0000
0003
0341
05D9
0000
0000
0274
0999
0000
0000
0000
0668
0000
0000
0000
0000
0257
0000
0000
0BEB
024E
0D2C
0495
0000
0A46
0275
0151
0117
0000
0000
01C1
03C2
0000
0000
0324
0B6F
0000
0000
0000
0922
0000
0000
0000
0252
03E1
036F
0000
0000
0000
0000
0000
0B86
03E4
13F9
05E4
0000
0A0D
02DE
02C4
0294
0000
0000
02D3
08D9
0000
0000
0012
0CB6
0000
0000
0000
0792
0000
0000
0000
0015
0151
02EF
0000
0000
00AE
0000
0086
0B1F
024C
192A
0CD9
0000
0DE7
0794
077A
0710
02CA
0000
056B
0C63
013F
0000
0000
0810
0030
0000
0000
02C2
02A2
0000
00DA
0235
0343
0522
0595
0313
02B1
0000
06C6
100B
02E4
129B
07BC
0000
0BEA
045E
04A9
047B
00FF
0000
01B6
069F
0229
0000
0000
0323
002D
0000
0000
006B
0147
021C
01E9
00FA
00AF
007D
03E0
05DC
00E7
0000
0561
1166
00A6
0000
0000
0000
0000
0000
0000
0000
0000
0000
0000
0000
0000
0000
0000
0000
0000
0000
0000
0000
0000
0000
0000
0000
0000
0000
0000
0000
0000
0000
0000
0000
0000
0D0E
0486
0000
0874
0000
007C
014C
008B
0000
0042
0070
010B
027B
010D
0000
0000
0000
021C
0323
009E
0000
019A
02BD
002A
0000
00B2
0333
0112
0000
0100
0D79
0000
04BE
1287
0D66
08C1
031C
0000
001A
044D
0892
0B99
0C94
0BF6
0C17
0C89
0A68
084B
07FE
0721
0268
0000
03D9
09F3
0B93
0BA9
06DA
00F7
040F
0A91
0588
0000
01E2
019D
0000
0B8E
01A3
0302
0000
0000
0000
0000
0000
0000
0000
0000
016E
02A7
01F0
02E0
04E9
0398
0000
0000
027A
0339
011C
00FC
0000
0000
0589
0778
012A
0000
04DA
029A
0000
0A7A
02C8
059E
0607
0512
0326
0000
0000
0000
0000
0000
0000
0114
01F5
044E
0608
057E
03D4
02D1
00C8
0000
0000
0000
006C
02BA
0706
05FB
0183
0000
0333
0000
0000
0AF4
0600
06E6
0C5B
0C00
09DE
0952
07F4
0640
0548
054A
0570
0511
06E8
0A5B
0C36
0D24
0C98
0955
04D5
0510
0981
0B7B
07EF
046E
050F
05EF
0937
0A25
0D6C
0065
0034
0D9F
02B5
00B8
028E
0627
0A66
0D9F
0E06
0C43
0861
0566
0267
0000
01B1
0590
03A0
0145
0350
06BD
0A01
0B4A
0A60
065A
00A1
0022
0000
0000
0BD3
14C5
0B87
0000
0043
0E43
0309
0000
0000
03DA
06C2
0617
054A
0660
072B
0782
06F0
033C
0529
06DA
00BD
0000
002F
0500
076D
081F
08A2
06DB
0484
052A
0021
0000
0AFF
0E9B
0299
009E
01F9
0F67
0269
0000
00F3
01F4
0000
0000
0000
0395
0A96
0E6E
0DEB
093A
06E0
067B
0000
0000
0000
0142
02B6
02C6
04BD
08B0
0E1A
0F0E
0614
0000
0000
0000
041F
0FA1
0253
0EAC
0237
028A
05CB
04AE
0000
0000
0404
06D4
07A9
06A1
07A8
0700
079E
0A2D
06D7
00F3
014C
044E
0417
0029
0000
04C6
0CB3
0A35
048B
0138
0000
0000
0A85
0D2A
0000
0ADE
020B
047A
0580
0736
0A37
0B01
07F2
02A8
0000
0000
0000
0362
0ACA
0ECE
0B97
07DC
078A
070C
021F
0000
0000
0000
0000
0000
05DD
10B8
0C33
032C
0000
0000
0000
0A2E
0261
0277
0000
0360
0B37
09F8
05D3
0556
00A5
0000
0000
0000
048E
0556
042F
06F1
08B4
06CD
01D2
00E9
0413
028E
0000
0000
0678
107D
0A46
036C
0000
0421
0195
0B49
0137
00F2
0000
0000
0000
0255
0AAC
1204
1113
0B98
0000
0000
0000
0000
00BC
081E
06BB
0639
0800
0996
0AFE
0922
0104
0000
0000
0121
036B
0A4A
06F9
128A
01D4
0C45
01FD
0469
053E
0000
0000
0000
093F
0B9B
0B36
0CE1
074D
01C1
0000
0000
014D
0300
008D
0672
0985
05D3
04E1
06C7
0427
0000
0000
0000
03D0
0D9C
0B30
0E35
0127
0EE0
0643
076B
0588
024B
00FB
0000
0000
0000
04E6
1179
15B0
142E
0738
0000
0000
0000
023F
0A5A
044F
0000
000D
02AC
02AB
01C4
01C4
00E8
0180
07C9
01A9
0517
0032
0FB2
05E8
04DA
027F
053F
0951
0210
0000
0000
05BF
0A10
0EFD
14A0
0C49
02AE
0000
0000
060D
07D6
009C
03E2
0781
06CF
05C8
075D
06C0
01A3
0000
02B9
0000
0351
0000
0EA6
0235
0186
033F
070B
07FF
05E8
07F0
0675
0000
0000
00C4
1069
1296
10E8
06A0
0000
0000
0000
03A7
0D0B
0C9E
08B7
0705
06D3
0423
0000
0000
01D8
0000
0236
0000
0E9D
022E
025E
03D7
0529
0415
08AB
1167
08C8
0000
0000
0000
0444
08BE
0F62
0ACF
0524
0405
0124
048E
0852
0462
0140
0193
038B
0525
0334
03A6
05A7
02F2
01C1
0176
1046
034B
0314
043D
047A
01DB
04BA
092A
0699
06C2
0735
0000
0000
0000
081A
0F20
124F
0CA2
0244
0060
0076
0000
0000
01F5
048A
07B3
09C4
0A88
07BF
03BD
029B
0237
0F30
013F
0248
0605
0597
0116
027A
0313
0486
0F55
0EE9
0000
0000
0000
02FD
0853
0B9A
0511
0000
02E9
03C1
034C
07CF
08A8
045A
0138
03D3
068D
02E9
00E6
0684
0047
0BC8
0115
02D0
04D6
04B4
056C
07BF
0078
0000
0825
106A
0984
0312
0000
0000
0000
0000
0224
03F9
0616
0766
0C21
0FAB
077D
0000
0000
0000
0000
0000
0250
0CC1
0000
0B7F
02B3
02E1
0247
0412
08CA
0985
0000
0000
03BD
0B5A
0CB1
0AB2
02C0
0000
0000
031A
087F
02F5
0000
031F
0922
0774
0080
01BD
04FA
049D
008A
0000
023B
0D40
0113
0CD3
021B
0189
01EC
0450
0705
0739
02E3
02B9
019F
0000
03D8
0DA7
0A13
0114
061C
0CE8
0243
0000
0000
0003
0000
0000
06B0
0FD9
0F41
0A75
0000
0000
0000
08BA
01A2
0D12
022E
028E
0203
023B
0427
061E
0707
0812
0000
0000
0000
0C0F
0A04
03E1
0921
09B1
0000
0000
056D
0413
0000
0000
0BF3
0AE9
04DC
05CE
0000
0000
0000
0650
0044
0DC7
04D6
0471
020B
00AA
0293
0383
05F4
0A49
02BB
0000
0139
07BF
01D0
0000
0634
07CA
0365
06AA
0BF1
092E
07B6
0765
0000
0000
0000
0522
048B
0525
034E
04B3
0000
0E43
051A
043C
0368
02A0
02B9
01E0
05A7
0AF5
05BF
006F
048C
02F3
0000
01BC
07CC
05BC
04DE
0991
0830
043B
0A7E
08FC
0000
0000
03B7
0466
0235
065A
03CB
053E
0000
0F49
0344
02C5
0453
03F3
037A
02D8
05FB
08E9
06C8
072B
052F
0000
0147
0AFB
06E2
0000
02A2
0AE0
0224
0000
04FD
0D24
0B6A
0ACC
03C3
0000
0000
04B7
0508
0775
0000
12DC
031B
011B
02A9
03A1
030E
0260
054F
0630
06A8
0B3C
0560
0000
04B3
0D54
040C
0000
04FF
0C1B
0196
0000
0595
0C7C
0D23
0932
0000
0000
00EB
06B1
05EA
0555
029F
17AE
00CE
0000
012A
03C9
0402
030A
0365
030C
074B
0E7E
06F5
0000
03CD
0A43
0541
006A
0520
09E0
07DB
0575
01F9
0000
0201
0548
0584
049F
0513
0459
0190
0242
045C
16D9
0000
0000
03FE
0579
04AA
0330
010F
0000
052A
0B3F
04AA
0000
044B
06FB
0441
01C5
03FA
07BF
0B4D
08C3
0000
0000
00FF
0579
08AB
07DA
0235
0000
0000
0334
0BBF
1CB9
07F3
07CE
0866
05B5
051C
046D
020B
0000
01AA
05BE
0694
0764
057F
0288
040C
062E
065E
0590
074B
0A51
0A09
08FC
068D
0277
03FB
0632
0000
0032
0000
0490
04BF
11A8
0529
0613
02FA
0173
02AD
02FA
0165
0000
0000
01C0
050D
05F9
0084
0000
03CC
05F1
0239
0000
0085
058D
0A3E
083E
0184
0000
0000
013C
0000
04B6
0000
0771
0000
0808
024F
0ACD
09C9
0A95
0B8D
0C2E
0C08
0B30
09E2
07D2
07CC
0A82
0993
06FC
0748
0804
0904
08D1
04D5
03C5
073A
08FF
0912
0944
072B
0627
07EA
1349
0CD7
1BC2
0CE9
0C23
0212
0723
0456
0342
026D
02E8
0502
055C
03C9
0077
0000
031E
054B
018B
0000
018F
065B
0555
0000
0000
022A
047D
049F
031D
0000
00E9
0000
078E
0113
0526
0273
05B8
04F5
01A7
0000
0000
0000
0000
0046
00EC
02F6
0521
04D4
027A
01DF
0458
03C7
00B5
0000
0000
0018
0436
05D2
0136
0081
0687
069E
00CE
0000
09EE
0CCD
0036
049A
046A
0000
0000
0000
0000
0000
012C
030B
04CD
05CD
043E
024C
0069
0000
0000
0000
046A
0723
02AA
0000
0000
01AC
06BA
08C0
031B
0000
0000
0000
0000
0283
0000
01AB
0154
0000
0000
0000
0388
04AA
0398
03DE
04E1
039D
0039
0000
0204
032E
0221
02B7
0668
07B1
04A2
0236
02FC
04FC
0992
0870
0000
0000
0674
08B8
0000
0000
03B3
0000
0000
0000
0000
0000
036B
05AD
0581
05D3
05DE
02EF
0000
0000
0417
07B8
0835
0675
02A5
016A
0488
06CE
084B
09AB
0A39
0441
0000
0000
0900
0B33
02CE
0585
069F
037A
0019
03B5
06F3
0702
052C
046F
046E
04BB
0600
05CC
0395
04C9
096F
0BBA
0895
054E
0289
032A
08C0
0902
016B
0258
0C5B
09FF
0000
0000
0111
0327
086E
0A71
03A7
05CE
03EF
0A9A
11AB
0FEB
058A
0000
0000
0000
0000
02B6
050A
0846
0C77
0BF8
0653
0333
0388
040A
059B
0280
0000
0000
04A7
08B6
07C9
043C
0000
0000
09E6
0F7F
022F
0494
069C
0A4D
0971
0787
03F3
001D
0000
0000
0008
0414
0685
08D6
0A96
0776
004C
0000
04E6
042A
0000
0000
005D
0073
0000
0241
0C5F
0C59
0026
0000
03B0
0968
05FF
0153
062E
06AA
0000
0000
01CC
05D7
0733
080D
064A
045E
0503
0460
01A7
0013
0000
0000
0636
04D5
0000
003C
0AA4
09B3
0000
0000
068F
0B1A
099E
0988
02CD
019C
07BF
00B6
02C9
047E
0000
0000
0000
041B
0B10
0BA8
068C
0368
0514
01AE
0000
0000
03B2
059D
0299
01EC
0435
0532
0865
0982
0275
0000
0475
05D7
0490
04F4
086D
0603
078B
0269
00C9
0398
0460
0399
0000
0000
0438
067E
0796
08A5
098A
03B2
0000
0000
072D
0754
0000
0000
07F5
0840
03AF
06FB
0D6B
0CE0
0749
0020
0000
0000
0B4B
0EE9
0AB7
01CD
0325
05BF
02D7
04D4
0812
056C
0000
0000
07C0
0900
04BD
037B
0402
0427
0428
04E3
0402
033F
03F9
037D
028C
048E
0A7E
0BE2
05E1
00F5
0021
0000
077E
093A
0BD9
0044
05A1
08DA
01F4
058A
11B4
0F5B
0000
0000
0000
0000
0000
0488
0FE3
0FC2
045D
0315
0C5F
0BA7
003C
0000
0166
0028
0000
0168
0301
06E0
0C2F
0BEF
0163
0000
0914
0287
040B
0750
0474
043A
06C4
086A
0907
051B
0000
0000
0529
08FA
0B8D
0AC7
03AD
0063
054A
0733
0323
029E
0450
012D
0000
0000
01C7
0539
0828
08C5
0239
0000
0A23
0614
0177
0316
05C3
01EC
0000
0000
115B
1475
0300
0198
0B07
0654
0000
0000
0480
038F
0000
0000
06A3
0AEC
07B1
04AC
05CA
0496
028F
0182
00DC
0239
04BC
03BB
0D72
06E9
01A6
02BC
052C
029A
0000
0000
098D
0ED7
0A44
08CC
063F
0114
0000
0000
09F7
0B01
00A1
0000
07BE
090F
0010
0000
072C
07E6
041A
0355
0411
036D
015F
0274
0D3C
056F
0404
061F
0334
0310
082C
05CF
0000
0000
0D7E
12FA
049D
0000
028B
0305
0811
0BBE
092F
07EA
0681
0171
0000
0000
0233
0599
04CA
0641
0734
058A
0102
01AD
0B91
0368
056F
07D9
0152
01B0
0BB4
09D2
0000
0000
0A42
10C5
052B
033A
070E
0402
0126
0402
0A8D
08EE
0000
0000
0619
05DE
00A6
0185
06DE
05DC
0041
0000
0408
062B
0917
018C
052D
0803
0075
0089
0944
09D7
0169
0000
011B
01D4
0437
0B9A
0DEB
07FE
0000
0000
026D
00CD
0000
0000
1157
1243
062B
0289
07D6
03A8
0000
0000
0460
083A
06FB
0237
0461
087A
02EA
00C2
03F5
067E
0714
04C7
0000
0000
0475
0A98
06A1
03AB
03E6
0183
0000
0000
00A6
0392
04D7
06FC
0881
05FE
0527
0428
009D
0000
04D6
06FE
06D5
03B6
0394
086D
069D
02CF
0000
001A
0ACE
0BD9
00B2
0000
03B5
02EE
0000
0000
0D63
104D
031C
00BC
0BE4
0705
0000
0000
0318
070C
0512
092B
0C74
07DA
0564
036B
06EB
018A
0310
0785
0671
04E1
0000
0000
0C9F
0DEF
0000
0000
0615
0614
0000
0000
08AD
0B48
01BC
00F9
09BA
0730
0000
0000
0172
058E
09E7
0C73
0B22
06C8
01C0
0000
06C5
0000
0420
0824
04D3
05B2
0204
0243
090C
08C3
0000
0000
08D3
0A6B
04E8
0070
0000
0000
0067
0490
0261
0400
0EF9
127B
0787
03CE
094F
078F
02E6
0140
0000
0000
0724
0000
05F5
0A5A
0546
074D
04C1
0324
0435
044A
04CE
0493
031D
045B
08BD
0650
0000
0000
06A9
0AB4
0015
0000
0C51
12C4
0D4B
080E
0431
0000
0004
0000
00E4
00CE
0761
01E0
0648
09B0
06A5
0874
065D
03FA
00AE
017C
0941
087F
0000
0000
0B0B
0D0F
0041
0000
0C3F
0D0C
01D0
0000
0000
044B
0E5F
101A
0307
0000
0179
0044
018E
0321
07A3
0850
0489
05FF
067C
068C
05FB
046F
0000
0008
0BBA
0B9E
0000
0000
0A01
0E10
0305
00BA
082A
0A2F
08BB
05D8
012B
0197
0893
09CF
0000
0000
05C3
04FF
00E9
0182
07A6
0C4B
0316
032D
051C
0378
038D
0428
0020
00ED
099A
0A1B
0223
0011
05F8
0812
056F
031D
0115
04FB
0FE7
11F5
0A91
0460
0000
0000
0000
0279
0913
093D
0150
0000
06DC
07BB
0213
02F3
0356
01B2
0405
05EB
0341
02E9
0518
0736
0945
073B
02B6
03CC
095D
08BF
0158
02CC
0D93
0EEB
0749
00F1
0000
0000
03B1
07F0
0450
0255
0250
0119
05CE
0000
0140
056C
02ED
01AE
051F
0753
0650
0546
0238
03B2
0B8F
0AB2
022D
021C
097E
0A33
0503
0401
0471
0253
0000
0000
0000
03FE
0B6C
0858
0000
0000
0258
0499
05FE
0854
0934
0E70
0EBF
07EB
0B00
0BA7
0B96
0BA9
078F
07C3
0D7F
0D6E
07A0
05AE
099D
0B9F
0AF9
08B4
03FE
0242
0504
078F
09AE
0C93
0CDA
08D5
03C5
0000
08D0
0681
0382
083F
03CE
0B39
09C2
0358
040A
03FC
04A7
0576
05B5
05B2
04F2
03FA
03F4
0223
0141
031C
050C
03A8
0000
0000
01C4
029C
0678
06F7
0113
0000
0324
0292
074F
03B1
034D
0902
06D8
0C59
0C8C
07FC
07E6
07D8
0946
09CD
0906
095B
0865
0739
0883
082E
0689
0615
06B2
072F
0706
0858
08C6
0832
0970
0879
04F0
0515
0933
085F
04EB
0000
0AFC
0D13
0B6A
0ABE
0796
01DC
0000
0000
0076
0000
0000
0000
00ED
01C2
005F
005A
0299
01FF
0000
0000
0467
075D
07CF
05EF
01A2
0000
0094
0237
026D
01E9
0000
0000
02C1
1A16
0766
0189
0127
0000
0000
0192
02AC
02F0
0210
01CE
0362
0482
00A7
0000
0000
0000
0000
0000
0000
056B
040E
00F3
0000
0000
0000
0C37
0138
0000
0000
0000
0000
2837
1026
0417
019A
0000
0000
0000
0239
051F
03FE
026F
043C
0611
0156
0000
0000
0000
0000
0000
0000
0514
08F4
0619
0000
0000
0000
106A
063D
0000
0000
0000
0000
23DB
0C0A
0000
0000
0000
0000
0000
0000
054E
06AA
040A
03FD
0431
0073
0000
0000
0000
0000
0000
0000
0000
05B4
0B0B
0000
0000
0000
0A05
060D
0000
0000
0000
0078
22C7
0A11
0000
00BE
0000
0000
0000
0000
01C3
0462
03F3
03F3
0322
026A
0215
0000
0000
00B0
0000
0000
0000
0000
0964
0449
0000
0000
0000
0640
059D
0000
0000
0000
27A3
0E06
008A
0609
069C
05C6
0748
0436
0000
0000
0000
0000
0000
0338
0894
0298
0000
0000
0200
0000
0000
0000
0000
0000
0000
0000
0000
09C8
1C0B
0000
0000
0000
2A5A
0DF3
0000
05FF
0C26
0C9E
0D32
0A93
0191
0000
0000
0000
0000
0000
0963
0300
0000
0000
01D5
00A1
0000
0000
0000
0000
0000
0000
0000
06FC
259E
0B5A
0000
0000
2BC8
0CF9
0000
0060
0A0D
08B1
042F
05FD
08DB
06DC
01E1
0000
0000
0000
0453
0000
0000
0000
0000
0092
0495
01B1
0000
0000
0021
0000
0000
0000
19C7
16C4
0000
0000
2B2E
0D8E
0000
0000
0666
0368
0000
0000
090A
0C84
0BEC
0550
0000
0000
0000
0000
0000
0000
0025
016C
0180
01F4
0000
0000
023F
0000
0000
0000
034B
10B9
0B8D
02E8
286E
0EAB
0000
0057
02AD
0194
0000
0000
0360
03CC
073F
084C
02DB
0058
0023
0000
0000
0000
03EC
03A3
0000
0000
058C
01AA
0000
0249
0809
0000
0000
0000
0314
0254
2541
0EDF
01E8
01AF
013C
0296
0273
0454
0434
0000
0000
0000
0462
03CA
0053
0000
0000
0000
0366
01A6
0000
0000
0527
0000
0000
0000
150F
0BB6
0000
0000
0000
0000
232D
0D13
01AB
0230
035E
055A
0490
08CF
0E7C
0777
0000
0000
0000
0000
0000
017F
07DB
0648
042A
004F
0000
0000
0011
0000
0000
0000
0BD7
0E28
046B
0000
0000
0000
243D
0C5D
00AD
015D
0181
03F0
0505
08DB
104A
101C
0338
0000
0000
0000
0000
0000
0C50
0D96
0859
021B
0015
0184
0001
0000
0000
0000
0000
03EB
095D
0A2F
050B
003D
28C3
0F4C
0268
011F
0000
0000
032C
0252
01BE
0BB2
1620
0D4B
0000
0000
0000
0000
0000
04BB
0A73
0284
0000
0000
03B5
0000
0000
0000
0000
0000
0588
0688
0357
0198
2C60
114F
0323
036C
0000
0000
0000
0000
0000
0098
136A
19AD
0DA7
0000
0000
0000
0000
0000
0BB6
069E
0000
0000
01BB
0330
0000
0000
0000
0000
031C
003E
0000
0000
2DAC
0F80
0000
05E4
0627
00B6
0000
0000
0000
0000
0000
0C0A
18E3
103F
0000
0000
0000
0000
08BD
0DAA
059E
0000
0000
0000
0000
0000
0000
0000
042C
0000
0000
0000
2F32
0DD1
0000
0506
0C03
0447
0000
0165
073A
0000
0000
0000
0FF9
18BD
0ED3
0000
0000
0000
0000
076A
1105
0703
0000
0000
0000
0000
0000
0000
0022
0000
0000
0000
315B
0EB7
0000
00DB
0D1E
0804
0000
0000
0429
02C5
0000
0000
0000
0D1B
173F
0D76
012E
0000
0000
0000
0C70
0CC6
0177
00AF
0764
006D
0000
0000
0000
0000
0000
0000
2FF5
102A
0000
0000
0838
0A6B
06F2
0000
0000
0543
0D33
0000
0000
0000
10D3
1788
13A9
0000
0000
0000
0000
058B
072A
0647
0985
067F
0000
0000
0000
0000
0000
0000
2B16
0FCE
0000
0000
01BA
0B19
12C8
0000
0000
0000
18A7
03D5
0000
0000
0000
0CFA
138F
07AC
0000
0000
0000
0000
0A93
056B
0000
0000
0000
0000
0000
0000
045C
000E
27A5
0EAF
00BD
0025
0000
0AA4
1776
0331
0000
0000
1046
0D0C
0000
0000
0000
0000
0C18
0736
014A
0237
0000
0141
0C21
068B
0000
0000
0000
0000
0000
0000
0E37
079F
2873
0E14
0000
0000
0000
080D
12FB
08E9
0000
0000
0000
0A6C
0C06
0000
0000
0000
0C05
0000
0000
0000
0487
05B9
09BD
0B78
0730
0000
0000
0000
0000
0000
0B5D
07E5
2A40
0E74
0000
0000
0000
0440
0A12
0CB1
0995
0000
0000
000F
1651
016F
0000
0000
1197
000E
0000
0000
03B0
055F
02BC
0783
0F54
0CA1
0000
0000
0000
0000
016B
0486
2ADB
0EC5
0000
0000
0033
01D3
0223
0C9F
1576
0000
0000
0000
15B9
06F2
0000
0000
128F
0ABC
0000
0000
0000
0479
0000
0000
0000
0631
089B
0000
0000
0000
0000
000B
2C0A
0E8A
019F
00EA
0000
0000
0000
0A2F
17C2
0323
0000
0000
0A79
0765
0000
0000
059E
0EAB
094A
0000
0000
02A0
0678
0000
0000
0000
02B2
0216
0000
0000
0000
0000
3022
0EB4
031C
04EC
0000
0000
0000
0512
11F1
0859
0000
0000
0000
056E
0578
0000
0000
07B4
1890
027A
0000
0000
116F
05D7
0000
0000
0000
0000
0000
0000
0000
0000
37A5
0F5F
0000
0453
0000
0000
0000
0000
08B3
0BBC
08E0
0000
0000
0000
122A
0000
0000
0000
1B68
0804
0000
0000
0D45
0E4A
0000
0000
0000
0000
016D
03D2
0000
0083
4013
1069
0000
0000
0054
0000
0000
0000
00C9
0D49
161E
0000
0000
0000
145F
0697
0000
0000
14A5
0C2F
0000
0000
0000
0339
0495
0000
0000
0000
01B1
03E0
0000
0000
4370
12C9
0000
0000
0000
011D
0000
0000
0000
0AEB
18F1
0608
0000
0000
09D2
0758
0000
0000
092F
0B88
00C7
0000
0000
0000
0000
0000
0000
0000
0000
0000
0000
0000
3AF2
12CD
0000
0000
0000
0110
0077
0000
0000
0583
11C6
0A45
0000
0000
0000
0059
0035
0000
0000
045C
0585
0000
0000
0000
0000
0000
06EF
0189
0000
0000
00FC
0000
2D8C
11F1
0000
0000
0000
0000
0022
0000
0000
0000
0771
08F6
055C
0000
0000
0000
02F4
006F
0000
0000
0212
00D4
0000
0000
0000
0000
0721
021C
0000
0000
0455
0118
29E5
18F1
0414
0000
0000
0000
0000
0000
0000
0000
0000
031E
05C6
0000
0000
0000
0000
0240
026C
0000
0000
0000
0442
00FE
0000
0000
008C
0000
0000
0000
0472
0000
209F
1A7E
0EDF
0745
0190
0000
0000
0000
0000
0000
0000
0000
009B
0000
0000
0000
0000
0099
0433
0013
0000
0000
055F
069C
046E
0014
0000
0000
0000
0000
0136
0000
0000
0000
0000
0000
0282
0690
089B
0828
067A
06BE
06CA
06B8
0785
0749
0549
0551
04DC
047B
072C
0AF1
0B5F
05AC
0108
03F2
07BB
0820
082E
0237
0000
0000
083E
0000
0000
0000
0000
022E
0030
003F
0000
00DB
0303
058A
064B
0467
0574
0650
04F6
0414
0430
0486
037D
0256
0210
019A
0415
0B70
0AB8
01EC
0084
0079
0000
0000
0404
0000
0000
0190
0812
07A8
0242
0000
0000
0000
0000
02A3
07CC
0822
0960
0BC5
0A9A
06FE
05F0
05DA
03BA
02F0
0344
02EE
02F2
0ADC
1057
0AFE
07CF
06F2
0000
0000
0000
0000
0000
022F
0838
08B9
0782
0380
0000
0000
0000
0000
042E
0747
0A35
0DD2
0BDD
0800
0A11
0A54
0817
07C5
0696
0316
009F
050C
0B87
0DCC
10D4
10B1
0000
0000
0000
0000
0000
00DE
0748
08C9
0862
08E2
08F6
062E
03A1
03FC
0634
07C6
0914
0B22
0B12
09D7
0EE6
1018
0B80
0C53
0D8D
092F
04B2
035B
05FF
0D34
1346
133A
063C
0000
0000
0000
0000
0000
0480
0640
0663
0568
09B2
0FB7
11E6
0E7D
0996
071B
0430
046F
06EE
08B0
0E62
10F0
0D3A
0D5E
0E70
0C7C
0AF1
07C8
05B1
0841
0842
080E
098B
0707
06BD
0000
0000
0000
0295
03F9
0541
03AF
07AA
0E39
1156
0E03
09C0
0903
0659
03B0
0761
09D0
0A93
0B26
0A00
0828
08BF
0C0E
0FDC
0B5D
05F0
069E
02A7
0000
0481
0CF4
102B
0000
0000
0000
04BF
019A
041B
073A
091B
0680
0454
048D
0812
0F6A
108E
0A73
0AD8
0AEA
07D1
06D2
0415
0000
0140
0B3C
117E
0B3C
08E7
0F18
0AFB
0000
0000
0000
080E
0698
0000
00C6
0757
0196
04D7
0B74
0ADA
020F
0000
0000
0093
0BA4
1399
1174
1094
0E24
099A
0454
0000
0000
0000
04A4
094D
074C
0AA0
132E
10D2
05B3
038A
0000
0000
05EF
0000
0000
051A
02DA
06B5
0BAD
0C7C
0968
065D
0000
0000
0000
0845
0EEF
1590
17AB
12C9
0512
0000
03A2
060C
003F
0000
0359
0A0A
0D74
0E61
0EAD
1378
00CC
0000
0000
0000
0000
016C
0165
0391
0573
0B02
1192
1205
0A64
0257
0000
0000
0436
0E82
152B
15B5
0A4B
0453
0D0E
0F27
04C9
0000
04B5
0A6A
0841
0AB8
11A1
19B8
0574
04A5
0000
0000
0000
01BE
0000
0000
00F0
05E4
0B97
1228
18CA
18B4
084E
0000
0000
0000
0586
0DCC
1069
10C9
0F7D
0BC4
0915
082E
0A79
086B
044A
068D
0D0B
159E
0178
0545
0971
0000
0000
04F0
018D
0000
012D
0194
02C9
0C9D
1B8A
2101
1385
0326
0000
0000
0000
06C2
11BE
17F6
0F48
072A
0881
0B7A
0890
0300
02AA
0505
07D1
11F1
00FC
040A
0CD4
0000
0030
07A1
06CE
04C2
0246
0000
02D6
0815
0C02
11ED
19B5
1B09
08B4
0000
0000
01B4
0BFC
15A0
130E
0E75
0912
0487
00F7
0000
04EB
0721
06E1
0FEC
0476
05F5
0980
0000
00A0
08DA
0939
0934
0515
0022
0312
04AA
0000
02F1
17F7
2742
1704
02DA
0000
0000
0260
0B72
1397
17DB
0F52
0602
03C3
02B6
04F7
04C2
0415
0AFA
05B1
0688
0671
0000
00DB
09B9
0770
0723
075F
0460
02D8
03F4
034C
022A
097C
15EB
1992
17C8
0EB3
0000
0000
0040
0C8F
15DD
12D4
0DF8
0D1A
082F
04CF
01E9
0115
0746
03FC
033E
031D
0000
0112
0BCF
06CC
033D
0639
08C8
05C2
042E
07C7
052E
0000
0219
12A1
2062
176B
03A7
0000
030A
08A1
0C27
0D9D
0E2F
0B26
06F5
07E5
0849
07CB
0AEC
045A
01AE
0000
0000
01F0
0CA3
0726
04BA
05A0
0641
0565
0599
0977
08E8
0164
0000
0718
11A1
0F60
0AA8
0E7C
0FF6
0934
045B
08B8
0A09
0008
0000
083B
101C
0FB1
102F
0762
03F6
0000
0000
0000
0902
077C
09B1
059C
0175
0605
0A4A
093E
08D3
0838
0293
0036
03D5
06F5
0AD2
1038
0FCE
085A
04FA
0A73
0ACF
010F
0000
0598
0AD1
0C13
0FA5
053F
04DE
0000
0000
0000
0323
074C
0D3F
058F
0184
0A15
0BD2
03F8
0504
0CE4
0B1B
0498
02CA
0528
05EF
02B7
0293
0848
0D2F
0BD2
0B34
0F2F
0F00
04E7
0000
02AE
0D7F
0218
0445
0279
0000
0000
0000
05C3
0E5D
07D8
0421
094D
0856
02F9
05E1
0D8C
0EC1
0AB1
05F4
0566
0742
0097
0000
0664
0D5B
0605
05E7
14DB
191D
08E0
0000
025D
0C6D
01C4
03B5
077E
0000
0000
0000
03D1
0AF3
09F0
0A44
0901
047F
04FB
0805
09ED
0A8C
0BC7
0A30
0758
0B13
09C0
02DA
0345
041D
0119
020A
0B77
1257
111C
10A2
0C69
0883
0000
003C
07A4
0000
0000
0122
009D
04C3
0B5C
11EC
09F7
01A9
070F
0967
04D0
0529
0C5D
0F0D
0939
0997
0DC1
0B38
0405
0079
05AC
070F
03FC
0812
11F4
1A16
136B
08AA
0000
0000
0262
0000
0000
0383
00D0
025C
0B39
1313
09BC
0335
0B1D
0A00
0000
01B0
0DA8
1069
0771
06BE
0D72
0C42
04DA
03DC
0EBE
115F
0954
0620
0749
0C63
10A6
0F8F
01C7
0000
0000
0000
0000
04C1
04F2
04AE
0ADB
115E
0B93
07EF
0B29
0847
000F
01D2
0BDB
0E00
073F
0816
0C0A
08E4
0584
0795
0FAB
12B5
0F8C
0DC8
06CC
0308
0A84
0E2D
0074
0000
0000
0000
0000
0296
077D
0822
0A96
0C95
0B3F
0C38
0A88
05FF
0267
0437
08E5
0AA8
0AFF
0C9E
09A0
05D1
096F
0A74
0857
0AEF
0FA3
1499
107C
0730
04F1
03CD
0000
0000
017B
0000
0000
0447
07D2
076F
0623
04E6
08F2
0F4E
0B2B
04E6
0666
08C8
0616
052F
0D1A
110E
0962
04BA
0C3C
0CF6
0647
08E8
0EDB
1124
0FB4
0881
0000
0000
0000
0000
02FF
0000
016F
09FB
0575
01CB
010A
016A
0787
0DB7
090D
06BE
0D58
0D6F
0289
0000
0C77
10E8
0916
0583
0BE9
0E77
097A
08FB
0A9F
07A2
0855
066E
0000
0000
0159
0570
011E
0230
0327
0C47
038C
0000
00BA
0175
06AF
0B59
0840
0949
1009
0EB2
0495
022C
0BC7
0CCD
082B
09D4
0CB1
0E5D
0C8E
0864
046D
014A
0364
0538
0246
07A7
0000
0951
0311
0ED0
0666
0E83
026E
0000
0000
0000
02B4
057D
04D2
0675
090C
0895
0597
0498
06C5
0444
04FE
097D
0875
09AD
0C43
0924
0390
0000
0000
0000
05A9
0E89
0000
0000
0000
11B6
06AA
0F0A
066F
060E
0550
0462
05A2
0531
05CB
0923
084F
06A5
07E3
077F
03E1
01A7
05C1
08AD
0550
0569
0832
07F1
06AA
047F
0000
0000
0807
1901
0371
0000
014A
0A2A
0406
10E6
0C13
0B01
09B3
080A
082A
06A1
0719
0924
0789
05E8
075A
070E
0415
0250
0369
061E
071E
06A5
044D
0233
0378
070A
075E
06FD
08A0
1465
002C
0352
1222
008C
0000
01D5
0956
065A
0698
0537
0484
0594
05EB
06C1
085C
0907
0919
0938
0934
0915
082A
0752
0761
05E7
059A
07BB
0723
064F
09F4
087D
0380
08F3
00EF
0775
0858
033B
01E0
00EB
043E
0000
0000
0000
0000
0000
0000
0000
0000
0000
0000
0000
0000
0000
0000
0000
0000
0000
0000
0000
0000
0000
0000
0000
019F
0198
0000
0000
0161
0122
0000
0000
06DA
0000
0000
0000
0000
0000
0000
0000
01A1
03A8
03AC
013B
0000
0000
0403
0123
0000
0057
0000
0242
0370
0000
0000
0532
071C
0B98
0000
0000
0B18
0000
0000
0000
0000
0000
0000
0000
0000
0052
04FE
0677
077A
04DC
0084
0000
0000
0110
0648
0656
043A
0000
0000
02EB
08DB
0907
07CE
0219
0000
04A1
0000
0439
0DEC
0000
0108
01CB
028C
0000
0000
0000
03BA
0660
05B6
050E
063B
0465
0188
021A
04D1
0788
06EE
0458
0359
020E
039A
0743
063E
0316
033C
002D
0000
0AF9
0000
082C
0770
0103
0362
0489
067D
0548
060D
0A39
0AFA
034A
0000
0000
0000
0000
0000
0535
0B6B
0B67
0783
039C
014A
00FA
02B7
032D
0000
0000
00BC
0000
0000
0F11
0000
03AE
0000
0214
046F
0330
038A
02D2
039A
03FF
022B
0000
0000
0000
01AD
0174
003C
0500
0896
052A
0196
0000
0000
0000
0155
01EF
0000
0064
08A7
0083
0000
0A34
0000
086F
05AC
02A1
0534
00AD
0000
0195
03B5
0000
0000
0000
0434
0898
0980
03F4
0000
0339
060C
0184
0000
0000
0000
0241
04C8
01C8
0000
056A
0B64
0000
0000
09EC
0000
1517
16F1
01FB
03EE
0000
0000
0011
0385
001E
0064
02D1
01C0
02C8
025B
0037
0000
04EF
0963
0311
0000
0000
0001
0147
0239
01FF
01BA
05C5
04A6
0000
0171
128F
0000
0F3D
0E74
0239
01BA
0000
0000
0000
0000
004D
0275
0000
0000
00C6
022D
045B
056F
075D
081E
0000
0000
0000
034E
0000
0000
05F9
0D3C
09D1
0284
04A3
0C80
1207
0000
03BA
010E
018B
0000
0000
009E
0044
0081
0190
00C5
014B
06E4
0706
01CB
0095
0000
025C
056F
0131
0000
03B2
06E7
01FC
0000
05FC
0CA9
0756
0073
02E1
0671
0969
0000
0E29
0AE2
0000
0000
0000
0000
03C8
07B9
056F
023C
081C
0C50
0275
0000
0000
0000
0000
05B2
0BAE
0FAB
0B14
0542
04AE
02A8
0088
0000
0000
0000
0000
0000
0886
0000
194D
1757
0000
004D
010A
025C
0260
040B
02BC
02B4
0575
02FF
0015
01C0
02C3
030F
033F
0000
01F4
08F1
083D
0474
01DE
0000
0000
0000
0000
0000
0025
02B4
0BF3
0000
11CF
12E8
0163
0232
038A
05B4
0000
0000
0000
0440
0000
0000
0734
10D3
0B37
0573
033C
0000
0000
0000
013E
066E
0000
0000
030E
085F
07E6
060D
0386
0482
0AC9
0000
0B49
09EA
0264
016C
00ED
060E
021E
0000
0000
0482
0404
02D8
0708
0707
058A
0631
05BE
02D3
0000
0000
0000
0908
05DC
0291
05C9
065E
04FA
017F
0000
00E7
08A8
0000
0FCD
0935
0239
025C
000A
03D0
03F4
0000
0000
0000
06CF
0DAF
0305
0000
039E
0E0D
08F0
0000
0000
0000
0558
0DAC
0D7D
0A14
0374
0000
0000
0000
0000
0120
0C8C
0000
1580
0C9B
01FF
0530
018E
0169
01B4
03AB
0139
0000
0000
0AD5
05A6
0000
0241
08C5
0772
0113
0000
03B4
063A
05C7
04E3
0453
00CE
0000
0000
0000
006D
0432
0D6F
0000
1000
076E
0332
063E
00C3
0000
0084
03B9
035F
0000
0000
01BF
0634
0678
003A
00A5
083D
095B
09EB
06A1
0000
0000
0000
0000
0165
0596
0EE5
0F25
06E8
01D2
0695
0000
0576
0000
028E
03C5
003D
011A
016C
0143
036A
04BD
0000
0000
0101
081F
02D8
026D
0546
0315
0381
0000
0000
0000
0202
0268
02EE
0721
0A33
04D6
0000
0020
05AB
0000
09B5
071A
0129
00D1
0192
04C8
01B0
0000
0572
08A7
0000
0000
0018
088C
04E4
0119
0000
0000
0000
0000
061F
11A0
0A5C
0006
020D
0465
0000
0000
0000
0598
0B9A
0000
12CD
12C7
01E5
008D
0095
035C
0036
0000
05BD
07A4
0000
0000
0218
0595
036F
0000
0000
02DD
074A
01A6
01E8
06A0
0261
0000
00D1
0356
0000
0000
06D5
0A54
0B01
0000
0DDD
10A7
02C1
018A
0000
0000
0000
01BB
04A6
033F
0292
038B
0225
0000
029E
0291
0000
033B
0976
0557
0000
0000
0000
05F6
06A9
03EF
0C74
12C0
0D89
05D9
04E8
0000
0945
0B3D
00B3
0000
001C
008C
0000
050B
0592
0167
0321
0548
0000
0000
048D
07E8
0000
0000
031E
0A73
0182
0000
0000
0BA6
0AEE
030D
05D2
0947
08A5
0745
05B0
0000
08EE
09B7
0000
0000
0000
02A9
024A
0795
0652
0242
053B
0554
0000
0000
0622
0AD3
0000
0000
01D4
0CFC
0952
0000
0000
0520
0409
00D4
0000
0000
0A55
0FB4
0883
0000
0488
06E1
0117
0000
00A5
05FF
044D
05A3
02D8
0224
066C
05C0
0000
0000
03F2
07C3
0161
0000
0450
0702
05C0
0365
0157
0000
0094
07DB
067C
047D
07A1
0512
01F1
0000
080C
0A3E
01C0
0026
053E
09C9
04E5
0185
0000
0124
04C4
0280
0000
00D5
0290
0161
0257
07C1
0403
0000
0368
07A3
0198
0000
06B3
106B
0F6A
0970
0000
0000
0000
0000
10E9
1174
0364
046B
037C
049A
00FC
0000
0000
03D4
05C7
0103
0200
06C7
03DA
0000
02DE
0C45
0510
0000
03ED
0A33
0406
01B0
06BC
066F
04F7
0540
0000
0000
0431
0000
0D59
0C00
05D4
09A8
0000
0000
0000
0000
0111
0698
061D
015F
056B
09A7
01D1
0000
04A1
0D1E
058B
0000
04C2
07FD
0613
05DA
021B
0000
0000
0115
0334
0477
0C5F
0000
06B3
0252
08DD
0E11
03C1
0000
0000
0000
00BA
0492
02F8
007A
05CD
07F9
0147
0000
0536
075E
00BC
0088
05A4
0414
0228
0385
01AA
00BD
0143
0000
0044
028E
04E6
0000
0633
0221
03D9
0A58
07AD
0228
0655
04F3
0694
0931
0737
083E
0C22
0B7F
09D1
0A87
094D
052E
0308
06B3
092B
066F
0499
03FC
04ED
092A
07AC
028C
058F
0893
04A2
0000
0F72
0FFE
0000
0487
009C
0000
0178
01A5
0305
0289
00B6
04DB
0763
0319
01D8
0481
03FA
0106
0000
008B
020B
0406
03F4
0069
0000
029C
0196
0000
0271
0581
0126
0000
0ADE
0FFA
18EE
23F1
19F4
0E65
0E0F
0B0B
08BE
04E9
027B
0638
0862
058B
033E
03A8
05CB
0634
034C
028E
0790
0C6F
0922
05F8
0A1D
0DF3
0DC3
0ABC
0668
052A
04DB
0000
08D5
0398
0984
042A
02BC
023A
0960
0D66
0DF0
0D25
0B6B
0927
0564
0000
0000
0000
0000
0000
014A
07A1
0D40
0C19
0629
00F2
029B
0D1C
11FA
086B
0010
0115
07B2
1034
0E96
183C
1861
106D
0DB0
1067
16D3
1F37
21DA
1F9B
1D07
1B17
18A4
14B9
11DA
10D0
114A
1169
0FA9
118C
1974
1F29
1BED
115A
0BDA
13F2
1D59
1B29
115F
0949
0DE8
17B6
0F6D
1748
1CB2
161E
18DB
18C8
1B29
20A7
21C7
1E52
1AEA
18C2
175E
16B3
163C
1539
1485
12FC
0DDF
0B05
0F4E
17CC
1A10
11C0
07FD
0800
100C
17CB
13EC
0733
0751
1197
06FC
1485
1715
18D2
1BDF
1CFF
18F9
151E
1243
0FCD
0ECB
0EBA
103F
1368
1524
1311
0F19
0E70
0C8C
08F0
0828
0B33
0F2D
0DBF
06B3
03C9
0B29
172D
17C8
08CF
0000
0A4B
030E
16D1
153E
1861
19C7
17A9
0F3A
056E
0000
0000
0000
02F6
082B
0D29
100C
0B5D
0353
022F
060E
0775
043C
01CC
0460
05A6
01FC
01E5
0A95
1714
1D9A
10A2
0000
0000
0000
188F
13F5
17CF
1A04
174D
10EC
0B5E
079B
0362
016C
02A4
0480
08EC
0CB1
0757
0000
0000
0859
0E03
0A93
0607
06A6
07D9
0476
0168
04C7
124E
23EC
1E38
033B
0000
0000
12E6
1353
15A7
18A3
184F
154A
1628
199E
16CC
0FAF
0A3E
04B7
04E4
0771
032E
0000
0496
1059
1686
13C6
107C
1139
1054
0D71
0A26
058D
0BAB
1F49
21F6
0CD8
0000
0000
0616
1395
1431
1737
1799
131D
12AA
18F9
1C23
17DD
1126
09D8
06F6
05EB
0197
0000
07C3
12D1
1530
1260
12EB
152A
11D1
1176
15D5
0F7D
07BE
0E37
1333
121B
0FA0
0000
0084
1544
15F7
17F7
1804
158C
143A
1588
163A
14C8
11BA
0F9E
0DDF
0BF0
098D
0820
0CBA
13CC
1348
0F0F
10F2
14BD
1103
0FA0
1808
18EA
0ECC
066C
0325
0E1C
17B3
0000
0878
180C
19C0
18B9
1748
197F
1C2F
173A
0DA4
07DC
0775
0B39
0D4A
0FB6
12F6
112F
10F5
12F1
0FAB
08CB
0702
0B54
0A0A
0633
0CA1
1946
1BD8
108C
02F2
0511
0D6D
0000
0C97
19D2
1BE0
195D
1739
195A
1AED
16C2
0D38
0282
0000
0125
05D0
0DFF
1540
15AD
13FE
0FCA
06D9
000B
0000
003A
0000
0000
0049
11F4
1EA3
1B94
0E77
055A
03A4
0000
052F
16F9
17B7
16B4
154A
1428
1372
171D
191E
1103
046A
0000
0000
02D8
0956
1117
17C4
130F
0728
0432
0804
071F
019D
0000
0000
09C2
154E
1B02
1785
1081
0A3E
0000
0254
1360
1298
1192
0FBC
0E20
0FCB
15D5
1C36
1E27
16A0
0720
0000
0000
0000
017F
130C
192B
1338
100B
115B
113D
0C48
0583
02DC
0575
0CE5
1612
18A0
163F
1529
0000
0C61
1448
1422
123F
0E83
0DC2
101D
0E4E
0D99
18BD
228F
18E8
06B6
0000
0000
0000
06AF
1614
1A0A
125C
09F6
0A24
0B29
0775
0511
05E9
0B48
1390
15BD
1138
153D
0000
1553
1437
16B9
16C8
1280
1049
1043
0A42
0527
0C3C
1870
1DD7
1A03
0BA4
0000
0000
0000
0A5B
14E3
0F87
0319
0025
038B
0500
06BC
081B
0BAB
11C3
12AA
0CC0
124E
0000
1702
10EE
15DF
1A0A
1719
1136
0EFF
0E1D
0B9A
05E9
0391
121B
22D9
1E18
0D87
0000
0000
0000
0AA6
11D4
0CC2
07E0
076A
081F
0785
0433
0599
0A99
0C32
0BDB
122F
0000
165D
0FC6
1406
1A58
1B63
1340
0BD4
0D61
12F3
0BF2
0000
040E
1801
229E
1DFB
0E18
0000
0000
0000
120C
1A83
1782
107C
0C9A
06DF
0000
0000
0022
0654
0CAE
1206
0000
150A
124C
13FC
18E4
1D70
16CB
0952
06D7
1329
174E
09D3
0000
01A2
14E0
2477
2032
0E58
0000
0000
0C99
1A82
18CA
0F00
0B06
0940
03B4
0000
025B
0C26
1397
1214
0000
1137
155B
164A
184D
1C6C
199B
0CAD
038E
0C25
19CF
17BD
03EF
0000
04A7
1E81
2803
1DA6
0E49
0857
0CDA
1221
116C
0D06
08CB
0978
0D40
0C5B
0CA6
1508
1B47
143D
0000
0A37
1558
1814
181F
1A08
1C46
141C
05F3
0346
1174
1CB4
1120
0000
0000
1049
1C2D
1851
1090
1150
12F3
114B
145C
1535
0BB8
03DA
06AC
09D4
0985
0FDA
1A66
17A5
0000
06CA
13C6
178A
171D
18B5
1DE4
1A92
0CAD
00D9
0628
163D
193A
0C90
01E3
0555
0FAD
0E4B
07AD
0D41
15DE
18D2
1BE3
18F8
10C3
0817
006C
0000
0000
02E4
12F6
197A
0000
0ABC
1445
16A2
169C
166C
1B0E
1C5A
143A
05B7
0000
0ACB
18D6
166F
0788
054E
118C
10A0
0424
03A3
0ED1
1747
14B5
0D3D
0FE0
1450
0A2B
0000
0000
0000
0F70
19E2
0000
115A
1656
16C6
1568
125E
158D
19C3
1850
0C68
0000
027D
13A2
19C6
0BFE
060E
1301
1858
0B38
0000
0240
0BF9
0A02
01FE
068F
1048
1031
0766
005A
04FB
0F78
189D
0000
1664
15E3
14F2
11AC
0DA2
10B8
1658
19C2
1359
045E
0000
0CA8
172B
0EAD
0589
0D8F
18BE
14F1
0637
0000
07DC
0DA7
0607
0000
0000
0646
1037
0FD1
0E32
1028
145F
0000
16B5
102A
0FAC
0D3C
0A31
0CC5
12D6
1A12
191D
0C2D
0126
0537
10A2
124C
0A95
07A2
0FBA
187D
11B4
030E
03F8
111C
0F47
0000
0000
0000
0E6E
1971
19CA
1450
1072
0000
1301
0A10
0C8E
0F30
0DEF
0D97
118D
18BF
1C48
14DB
0687
0012
086A
145D
11FC
04F1
0620
1688
17B4
0371
0000
0995
127E
074A
0000
0000
0941
167E
1C39
16A6
0FBE
0000
1163
05A1
0987
1258
171D
1302
11F2
1699
1BA6
1A73
0EF5
0062
0167
1188
1584
05E8
01CF
1228
165D
03CF
0000
0000
0B73
1078
1077
0D13
0B1C
0FB0
148A
121B
1085
0000
14E9
0720
07C2
1167
1B82
15DF
1187
1371
18AF
1D6A
1761
0611
0000
0CA7
1593
0C54
0632
1003
144B
0A70
01ED
0013
02DD
0EB6
1BAE
1A30
11B5
0F08
1012
1099
129F
0000
16D6
1294
0D83
1023
1B2A
1503
11CA
1199
15A8
1CE5
1BE8
0E7D
0612
0A76
10FF
1161
1103
1309
11F6
1164
10FE
0B61
07F8
0FA6
1A4A
1AC4
158A
11BC
120F
18C7
154F
0000
1280
164C
12FC
0F4D
1182
0ED5
0E30
0D0A
0E08
1418
167B
116B
0D10
09DA
0A52
10D0
1783
148F
0CBA
0F24
16C3
15A0
1028
0EF3
1104
12CE
12BD
0FE6
0F32
1496
10AE
0000
0C7C
1585
14AB
0B1E
0B42
0BBA
0D7A
0CA2
0C52
0FAF
1280
141D
151B
112C
0E0B
1406
1B38
18B1
1103
11AB
180F
19E8
1703
1116
0CE3
0E82
1110
105A
0FEB
11C0
1279
0000
0FD5
172B
1649
0BEA
0C66
0AC8
0CEF
0C2D
0BFD
0D73
0DB1
0FCE
12DF
119C
0FA4
1226
15A5
165A
133E
1104
128D
165C
1810
1347
0D0D
0BF7
0D8D
0FCB
11E4
0FD4
135B
01A1
104E
0000
0000
0000
0000
0000
0000
0000
0000
0000
0000
0000
0000
0000
0000
0000
0000
0000
0000
0000
0000
0000
0000
0000
0000
0000
0000
0000
0000
0000
0000
0000
06C7
0000
0000
0000
0000
0000
01EC
042F
038E
00D8
0000
0000
0000
0000
0000
0000
020E
07B4
0A2D
0672
0279
01E6
0340
0524
0659
0297
0000
0140
08CB
02E9
0000
04E4
0F32
02EE
0000
0546
090C
10E8
13F9
1517
0F84
0499
0000
0000
0000
0000
055E
0761
0675
078C
060F
02BE
0324
051A
0509
01FC
0000
0000
0000
03C9
0E47
0533
0000
0000
0549
0A6C
081F
0BF6
0CB5
1319
108C
127F
1295
0BCB
0532
0344
0474
068A
08D7
07A2
02FC
010F
01D2
0326
053F
0730
050C
0028
0000
0000
0000
00C6
0511
0663
05C2
0121
0000
0310
0199
01ED
0000
0000
0000
0000
0000
0000
03C5
07ED
0853
044E
0000
0000
0000
0000
0000
0000
0000
0000
0000
0000
0000
038F
03C5
0000
0000
03ED
0F2A
0ADE
0000
021C
0122
0000
0000
0000
0000
0000
0000
0000
0132
08F1
0A6B
04A7
0000
0000
0000
0000
0000
0000
0000
0000
00E0
005F
0000
06B9
094F
0000
0000
0037
023E
03EB
039E
0213
028C
0000
0000
0000
0000
0000
0000
0000
0000
0000
00FD
0000
0000
0000
0000
0000
0000
00D8
0000
0000
0391
01FB
0000
0539
09B4
06B3
0346
0000
0000
0000
0000
00D1
0000
0000
0000
037F
0650
06C3
0468
0000
0000
0000
0000
0000
0000
0000
0889
05C8
0000
0417
096B
03A6
0000
0000
0000
0000
0000
032A
0422
0000
0000
0000
0000
0000
0000
0000
0000
0685
074A
070A
07E1
06E9
0023
0000
0000
0000
0000
0418
0E59
0CEF
0425
075D
101C
0C42
0070
0000
0000
0000
0000
0000
0000
0125
0BD2
0AB3
0000
0000
0000
0000
0000
026E
06C8
036A
0000
054D
0981
02B4
0000
0000
0000
016D
034B
06C8
0938
0A25
0949
0820
06DD
05C0
0241
0000
0000
0000
0002
028F
0734
0CB4
02CD
0514
0568
06BB
0000
0000
0000
0000
0000
0000
00D3
07C7
075F
0736
0749
009C
0000
0000
0000
0000
0000
0000
0000
0675
0605
0000
0000
016F
010D
0000
0000
0000
0000
06A1
0445
0719
0000
0000
0000
0000
0000
0000
0000
0027
0E42
1157
0878
0000
0000
0000
0000
0000
0000
0000
0000
0000
042D
0347
0319
046A
010C
0000
0000
0000
0000
01B9
0000
0000
0000
0000
0000
0000
0811
0000
0000
0000
0000
04A0
0000
0000
007A
0430
019D
03AE
0B7C
0571
0000
0000
0000
0000
0000
02B6
0584
0000
0000
001E
0000
0000
0000
0000
0000
0043
03C9
06EA
04F7
028B
0000
0000
0000
0000
0000
042C
08DF
0BAD
0A7A
095E
0C09
04EE
0000
0000
0000
0000
0000
0114
0622
03A0
0189
01D6
0000
007D
0000
0000
0000
0000
049D
0467
0000
0000
0AF0
0000
0000
0000
0000
0730
0710
04BF
020C
0000
0000
0000
0000
0000
06FD
0DBE
0B0E
0498
0204
0073
0000
0000
0000
0155
0156
0000
0000
0000
00B3
0000
0000
0000
0880
03AF
0000
0000
0000
0000
0000
0000
0000
0000
0000
0000
0000
016D
02EF
099F
0BFF
0632
0022
00F4
05F6
0071
0000
0004
011F
004B
0000
029C
0000
0000
0000
0000
000A
0279
07F6
0000
0000
0000
0000
0000
0000
051C
0AA6
094E
06D5
0000
0000
0000
0000
0000
0000
0490
0E2F
0AA9
0000
0000
0000
0012
0000
01BA
0000
0000
0000
0000
0000
0105
0BB4
03B0
0000
0000
0000
0000
0000
013D
1370
1035
01A1
0000
0000
0000
0000
0000
0000
0503
0A14
0987
02C7
01FD
0000
0000
0000
0000
0000
0000
0329
0000
0000
001D
08A0
02C2
0000
03F3
0A43
009C
0000
0000
0151
01F7
0000
0000
0860
0B7C
04CD
01BA
0326
025A
0000
0000
0000
0196
0067
00F6
0000
0000
0000
0220
0141
0000
0000
0000
04D3
02F0
03E0
0ABA
0DD9
06CA
0000
0000
0000
0000
034F
03A6
03D8
0C8C
1177
0C18
01E6
0000
0000
0000
0006
0000
00ED
04A3
0000
0000
023B
028E
0000
0000
0000
0000
013D
0155
001E
0000
0000
044D
0D59
07D5
0000
0078
0F0F
027C
0000
0000
0000
01AF
0000
0000
0000
0215
06ED
01CF
01FF
05E6
0000
0000
00B3
0000
0000
0000
0000
0000
0000
003B
001F
0000
0000
04FB
153B
0ECB
0015
06F5
0ED1
01E0
0000
0000
0000
0000
0000
0000
0082
082A
0923
0788
0394
0613
0000
0000
0000
0000
0000
0000
005A
0000
0000
0271
066F
0000
0000
01DD
0ADE
0000
0000
000D
086A
06E4
04D7
0000
0000
0000
0000
037E
0811
0D7F
0ACA
08F2
0000
00DB
0000
0000
0000
0000
0000
00C7
0000
0000
0000
0364
07E1
010C
0000
0000
0000
0000
0000
0000
01AB
0453
0497
0000
0000
0000
0000
0297
04D7
08F1
09A5
0467
0000
0000
0000
0000
0000
0000
0000
0278
0000
0000
0000
0122
0514
0491
00F5
0000
0000
00F0
010A
0000
0000
0000
0000
0000
00D3
08B5
0675
0675
01C9
0000
012B
0000
0000
0000
0000
0000
0000
0000
01F5
0000
0000
0000
0000
0000
0026
0484
03F1
0000
0000
0423
0076
0000
0000
0000
0000
0000
0491
0BF0
07AA
0598
03A7
0000
0000
0000
0000
0000
0000
0271
034C
02B2
008A
0000
0000
0000
0000
0000
0000
0000
0000
0000
0000
0000
0000
0000
0000
0000
003C
05CA
0531
01E0
0000
0000
0418
0694
0295
0000
01BF
02F2
0000
052E
039D
01E4
0000
0000
0000
0000
0000
0000
0000
0000
0000
0000
0000
0000
0000
0000
0000
0127
0AFA
0961
0000
0000
0000
0000
0381
075B
03F8
07EC
0910
022D
0000
02C0
0090
0000
0000
0000
0000
0000
0000
0000
0000
0000
0000
0000
0000
0000
0000
0000
0000
06E5
0DFD
0584
0000
0000
01E1
064E
039C
0000
0000
04C4
0A2F
0498
0000
02E1
0267
0191
0000
0000
0000
0000
0000
0000
0000
0000
00A9
0000
0000
0000
01C9
010A
0000
0244
05D7
0331
00F4
0233
03FE
0454
0000
0000
0013
0000
0000
0000
0000
0000
0000
00DF
0156
031B
034D
0064
0254
032F
0000
0000
064C
04D1
0000
005C
0741
042F
0000
0000
0000
0000
026C
06FD
041D
0000
0000
068E
1270
0000
0000
0000
0000
0000
0000
0000
0000
0000
0000
0000
0000
0000
0000
0000
0000
0000
0000
0000
0000
0000
0000
0000
0000
0000
0000
0000
0000
0000
0000
0000
0000
0000
099B
0CFA
0BB0
0DD2
08D2
071C
0857
08F5
09A7
09BF
0952
0A79
0DDD
0F63
0F02
0FE0
10D6
0CDB
04E3
0405
09DE
0E4B
10C9
0CCF
0200
01A0
0D91
1148
0B49
09C5
08E4
0000
1208
1902
1D20
1F3E
1A6E
1643
153C
1682
18FE
1A29
1973
1BEC
218F
2486
2386
230E
24E9
20A9
164D
12C8
15F7
1C57
25E1
2297
101A
0BF1
1B6C
23A6
1C94
1574
156D
0000
0872
06C6
0B5D
0FDF
10ED
0DAE
07CC
04C7
0686
09A0
0AD2
0CAF
1028
1224
115E
0EF9
10F9
14A5
1553
1283
0A85
06BF
110E
1844
11A7
0DCA
1160
1550
1440
0F2A
0E09
0000
0000
0000
0000
0000
003C
0000
0000
0000
0000
0000
0000
0000
0000
0000
0000
0000
0000
029C
0A31
090A
0000
0000
012E
07C3
0A57
0898
00B2
00D0
0A64
0A53
0522
0000
0013
0000
0000
0000
0000
03AC
0B5A
0F8A
0E41
0A9E
07E0
03D0
0000
0000
02E8
0528
00EC
027C
0B86
0E43
0AF4
091E
06ED
0749
0DB6
0862
0000
0000
1498
18C9
0584
0000
018D
01BF
0000
0000
0275
0A20
143B
1C68
1D1F
178E
1275
0CA7
0383
0179
0892
0BCB
0725
063D
0AB3
0E12
10E8
1013
0818
0573
0E95
095C
0000
0000
0CE0
1716
0D31
0000
030A
0264
0000
0000
0474
0559
0276
034B
0735
0AD2
0F1D
1002
08C0
042B
07E5
09B6
0408
0000
0000
0000
0634
05B6
0000
0000
0C70
114E
0000
0000
0000
0080
15A9
0000
01F0
023F
0000
0000
0000
0000
0000
0000
0000
0000
02B6
087B
0649
0242
0388
02D6
0000
0000
0000
0000
0000
0000
0000
0000
0000
08B5
0714
0000
0000
0000
0ED2
0000
0000
0024
00E6
0000
0000
0000
0000
0000
0000
0000
0000
0000
0000
0000
0193
0000
0000
0000
0000
0000
0000
0000
0000
0000
0000
0000
0BBD
12A8
0000
0000
0000
0000
0000
0000
00C7
0000
0000
0000
0000
0000
0000
0000
0000
0000
0000
0000
0000
0000
0000
0000
0000
0000
0000
0000
0000
0000
0000
0000
0729
152E
0867
0000
0000
0000
0000
0000
0000
0000
0000
0000
0000
0000
05C2
09C0
0337
0000
0000
0000
0000
0000
0000
0075
00EB
0652
06B1
0477
0A47
0AF7
0000
0000
0000
0000
001D
02DB
0245
0000
0000
0000
0000
0000
0000
0000
0000
0000
033C
0D34
0FC9
0743
0069
0000
0000
0000
0000
0460
0606
0938
0D57
1014
12AB
10EC
084A
0000
0000
0000
0000
004C
0A74
0000
0000
003D
017C
002A
0000
023D
04EE
0000
0000
0000
02F5
0B3C
0E48
0C6D
0287
0000
0000
0000
0232
023D
0000
0051
0229
0585
0AE8
077C
0000
0000
0000
0000
0000
0000
00B0
0281
04CC
0580
0348
03D9
068C
0000
0000
0000
0000
0169
105A
1275
11EC
0B55
0000
0000
0000
0000
0000
0000
0000
0000
06BC
098D
0000
0000
0000
0000
0000
0000
015B
0000
0000
01F8
03E9
00E3
0000
0364
040C
0000
0000
0000
0000
086E
1653
1564
01B2
0000
0000
0000
0000
0000
0000
0000
0299
0435
0000
0000
0000
0000
0000
0000
012A
0000
0000
0000
0144
02AB
0000
0178
0E9E
072A
0000
0000
0000
0000
0A43
0FB2
0B5B
024F
0000
0000
05CA
0A32
037F
008F
02AB
0264
0000
0000
0000
0000
0000
0000
024F
023B
0000
0000
0000
030D
0000
0000
021A
09A2
08D6
0000
0000
0000
0000
001B
1576
1625
0000
0000
0000
0000
0000
0000
0293
0973
0946
06C2
0568
02A8
0000
0000
0052
0165
0000
0000
0000
0000
00F0
0000
0000
0000
1361
0D6C
0000
0000
0000
0000
0E03
169A
04FA
0000
0000
0000
0000
0000
0000
09B7
1052
0D86
062D
020C
0000
0000
0000
0000
0000
0000
0000
0000
0833
0B46
0000
0000
067F
1222
062D
0000
0000
0000
0000
0000
03EA
0000
0000
0000
0000
0000
0000
0000
010C
02BD
0000
0000
0231
0000
0000
0000
0000
0000
0000
0000
061C
0BBB
0000
0000
0000
0744
1277
0AE0
0000
0000
0000
0000
0000
036B
0000
0000
0341
04E1
0000
0000
0000
0000
0000
0000
007C
0000
0000
0000
0000
0000
0000
0000
0000
026C
05BF
0000
0000
0000
0AE0
0F30
0000
0000
0000
0000
0000
0000
0000
0000
0000
0000
004A
0012
015E
0248
0000
0000
0000
0000
0000
0000
0000
0000
0000
0000
0000
0000
0CFD
0D95
0000
0000
02A8
0F19
0498
0144
08CB
0634
0000
0000
0000
0000
0000
0000
0000
08BA
0E8A
0C5D
02FC
0000
0000
0000
0000
0000
0000
0000
0000
0000
0000
0000
0B07
1215
0000
0000
0000
0941
0165
0000
0260
0843
03FE
0000
012C
0671
03FD
0000
0000
0000
040D
0C16
0C00
03EA
0000
0000
0000
0000
0000
0000
0267
013A
0000
0000
040B
0DBB
000B
0000
0000
0000
0100
0000
0000
0000
0D27
0EF0
069B
08C0
0F80
04EB
0000
0000
0000
0000
0999
0595
0000
0000
0000
0000
0000
0327
06B0
0475
0000
0000
0000
027D
0886
0339
0000
0000
07C4
070A
0000
0000
0C0E
1251
0000
0000
059C
0E5F
09C3
0000
0000
0000
0000
015F
0000
0000
031B
0236
0000
03C5
07A9
0526
0000
0000
0000
0000
0C64
0DDF
0000
0000
09D6
0DFA
0000
0000
0255
0A4A
0000
0000
0000
0668
13F1
0D0E
0000
0000
0000
0000
0051
0000
09E9
08A1
0000
0000
0000
00BE
005A
0000
0000
0000
0A36
1242
0000
0000
037A
0CF8
0000
0000
0000
039E
0718
00E3
0000
0000
00A7
051E
0000
0000
0000
0000
0000
0000
08AF
08FB
0000
0000
0000
0000
00BD
0000
0000
0000
018D
0C33
0000
0000
0000
0432
0436
0000
0000
0000
0AAB
0859
0000
0000
0000
0000
0000
0027
0067
00A8
0000
0000
0000
0000
0000
0000
0000
0000
0000
0000
0000
0000
0000
0000
04C4
00B5
0000
0000
023B
0143
0000
0000
0000
011F
0000
0000
0000
0000
0000
01EB
0000
0000
0000
0000
0000
0000
0000
0000
0000
0000
0000
0055
0000
0000
0000
0000
02BD
04B8
0000
0000
0000
0000
0000
0000
0000
0000
0000
0000
0000
0000
0000
0223
0000
0000
0000
0000
0000
0000
0000
000C
0000
0000
0000
0000
017F
0000
0000
0000
0000
0000
0000
0000
0000
0000
0000
0000
0000
0000
0000
0000
0000
0000
0000
0000
0000
0000
02CE
0000
0000
0000
074E
0A30
0BE2
0BA6
0A9B
0AF0
0E55
0C29
00AA
0000
0000
0109
0000
0000
0000
0000
0000
0000
0000
0000
0000
03D9
0C03
0BB2
05B9
04E5
086C
0849
0D84
0A21
10ED
0DFA
10C1
16AD
18A9
17E8
1650
147F
1582
1904
1A35
19B4
1D21
2435
2402
1C47
1B22
1F5E
1FB0
1DD4
1A50
14B9
17BB
20FF
1D8E
124B
157A
250E
2334
0000
0000
0FDD
18F6
1882
1A9B
1ED6
214E
2127
20CD
1EBD
1DAB
1ED4
1EE8
1E3A
2055
263C
25E9
1DE4
1A9E
1C2D
1D2D
1F72
1E56
15FA
1272
173B
16AB
1117
1570
244B
2670
0000
0000
0054
013C
0000
0212
0C7D
1040
1085
1046
0F53
0CA0
086E
055C
0495
04B8
0821
09DA
0909
09CE
0AD0
0BAA
0E41
0B34
04B3
036E
031F
035D
0715
0865
0D5E
18B2
0426
03DD
0000
0000
0000
0000
0021
03D5
03E0
04DA
08FF
0A75
06AA
03FB
0394
00AB
0000
0000
0000
003D
03E5
04A5
03C9
00B7
0178
040F
0000
0000
0933
0859
01A6
0C9A
03CC
0DCF
0000
0000
0000
0000
0000
0439
066D
086A
0CE3
0E2C
0A47
0851
0947
058B
0000
0000
0000
0000
0444
0470
0000
0000
072A
08DA
0000
0000
093D
07ED
0000
07C2
0000
0FCD
0000
0000
0000
0000
0000
02EE
0894
0B31
0C32
0A47
04B4
0335
0770
055E
0000
0000
0000
0000
039F
04A4
0000
0000
0664
0873
0000
0000
0666
0598
00B0
07B1
0000
05CD
0000
0000
0000
0049
0000
0000
0000
0000
0000
0029
0000
0000
0570
0409
0000
0000
0450
0374
0000
0000
0000
0000
0000
0000
0000
0008
0461
00CB
02DE
0A7F
0000
00DD
0000
0000
0000
001A
0000
0000
0000
0000
0000
00E5
031A
042C
046F
0006
0000
0000
089B
0B4D
0424
0474
0813
01EF
0000
0000
0246
08C1
044F
0000
0000
0AAB
0000
0807
0000
0089
0000
0000
0000
0000
0000
0000
0000
031E
0884
0701
0000
0000
0000
0000
03EB
0AC7
0958
08A0
0AEF
048F
0000
0000
0000
039F
0000
0000
0000
0539
0000
0594
02BB
0404
0241
0006
0000
0000
0000
010C
0000
00C9
082F
0A53
0010
0000
0000
0000
0000
0000
04E8
0659
05DA
0274
0000
0000
0000
0000
0000
0000
0000
0000
0000
0000
0236
0295
0179
0158
0000
0000
0000
0000
0117
01A3
053B
0C0B
0C68
05D5
0000
0000
0000
0000
033A
0A6C
0C52
0C1C
0954
0586
0000
0000
0000
0000
0000
0000
0000
0000
0146
0029
0000
015D
0565
03D9
0000
0000
0000
00DA
0000
0301
0B5B
0AAD
0252
0170
00C8
0000
0000
0662
108A
1348
103C
0DCA
0679
0000
0000
0000
0000
0000
0000
03F0
016B
0116
0000
02E8
0AF6
0BEE
0000
0000
0000
0000
0000
0000
03D2
0D6F
0E0D
0E85
0BB2
0000
0000
0000
02EF
086A
03ED
0715
09F0
06A7
0000
0000
0000
0000
0000
0000
0000
0000
00E0
030D
0635
0BB8
0A8D
0000
0000
0000
0000
0000
0000
0634
0FCD
1193
0BA0
0000
0000
0000
0000
0000
0000
0527
0C03
0D8D
0980
004C
0000
0000
0000
0000
0000
0000
0000
003D
0000
0334
125D
0DA0
0000
0000
0000
0000
0000
0000
0061
0AB4
08AB
02AE
0000
0000
0000
0000
0369
093B
0607
07A2
0990
02DC
0000
0000
0000
0000
0000
0000
0000
0000
0000
0000
0A3C
10B2
0600
0000
0000
0000
0000
0000
0000
0000
026B
01ED
0201
0000
0000
0000
0460
05EF
0000
0000
010D
0000
0000
0000
0000
0509
0000
0000
0000
0000
0000
0000
0000
0498
1135
0B20
0000
0000
0000
0000
0000
0000
0000
02B4
0000
0000
0000
0000
0000
0000
0200
03E7
0242
0000
0000
004C
0000
078F
0000
0000
0000
0000
014A
016E
0000
0000
0E4E
10F3
0000
0000
03A5
0000
0000
0000
0234
07A4
0000
0000
0000
0000
0000
0000
0A51
0F9C
075E
0173
0313
03E7
0000
0351
0000
0000
0000
0000
004E
014F
0000
0000
06BF
0A1B
0000
0000
063D
0382
0000
0000
0000
0135
0000
0000
0021
036D
0000
0000
04AB
06A5
0000
0000
0000
0000
0000
0000
0000
0000
0000
0000
0000
0000
0000
0000
0020
0000
0000
0225
032B
065D
06D4
0000
0000
0000
085B
0A93
0597
04A9
0728
02BC
0000
0000
0000
0000
0000
0000
0000
0000
0168
01C8
0204
001B
0000
0000
0000
045E
0000
0000
03B8
02A4
0000
00B3
12A8
09A7
0000
0000
14FD
1592
0000
0000
03CE
03DB
0000
0000
0000
0000
04B6
046C
0000
0000
071E
06D8
0480
02BE
0000
0000
0000
04E9
0000
0000
077F
02CF
0000
0000
124B
115A
0000
0000
1016
1397
0000
0000
0000
0000
0000
0000
0000
0000
06B8
0561
0000
0000
0977
087C
0000
0000
0000
0000
0000
0000
0000
0000
08E1
042A
0000
0000
058D
07DC
0108
0000
06B5
0FED
10CE
05A1
0000
0000
0000
0000
0000
0000
012D
02D2
0000
0000
075E
0659
0000
0000
0000
0000
0000
0000
0000
01FF
05DB
036B
0000
0000
0000
0000
0344
0592
0112
075E
1286
0C83
0000
0000
0000
0000
0000
0000
0000
0026
0000
0000
027D
02E5
0000
0000
0000
0000
0000
0000
0000
0196
0000
0000
064B
0312
0000
0000
020A
03B1
0000
0000
019B
008A
0000
0000
0000
0000
0000
0000
0000
0000
0000
0000
0000
0000
01B6
02D6
0000
0000
0000
0000
0000
0000
0000
0000
0485
02E1
0000
0000
0000
0000
0000
0000
0000
0000
0000
0000
0000
0000
0000
0000
0000
0000
0000
029E
0000
0000
024C
03B9
0000
0000
0000
0000
0000
0000
0000
0000
0000
0000
0000
0000
0000
0000
0000
0000
0000
0000
0000
0000
0000
0000
0000
0000
0000
0115
0000
00E5
0000
0000
00D1
01FD
0000
0000
0000
0000
0000
0000
0000
0000
0000
0000
0000
0000
0000
0000
0000
0000
0000
0000
0000
0000
0000
0000
0000
0000
069B
056D
0000
0000
0000
0000
0000
0000
0000
0000
0000
0000
0000
0000
0000
0000
0000
0000
0000
0000
0000
0000
0000
0000
0000
0000
0000
0000
0000
0000
0000
0000
0000
0000
0000
0000
0000
0000
0000
0000
0000
0000
0000
0000
0000
0000
0000
0000
0000
0000
0000
0000
0000
0000
0000
0000
0000
0000
0000
0000
0000
0000
0000
0000
0000
0000
0000
0000
0000
0000
0000
0000
0000
0000
0000
0000
0000
0000
0000
0000
0000
0000
0000
0000
0000
0000
0000
0000
0000
0000
0000
0000
0000
0000
0000
0000
0000
0000
0000
0000
0000
0000
0000
0000
0000
0000
0000
0000
0000
0000
0000
0000
0000
0000
0000
0000
0000
0000
0000
0000
0000
0000
0000
0000
0000
0000
0000
0000
0000
0000
0000
006B
0000
0000
0000
0000
0000
0000
0000
0000
0000
0000
025F
00B4
0000
0000
019C
0000
0000
0000
0220
051E
032F
0000
0000
0000
1097
07C2
0000
0000
0000
0000
0000
0000
0000
0000
0000
0000
0000
0000
0000
0000
0000
0000
0000
0000
0000
0000
0140
0000
0000
0000
0000
018C
06C2
00CE
0000
0000
0B5F
07C3
0000
0000
0000
0000
0000
0000
0000
0000
0000
0000
016D
0000
0000
0000
0000
0000
003B
0000
02C9
03B8
01FC
02E8
0491
03B9
00B7
0200
09D0
0797
0000
0000
03BD
06AF
0F40
0594
0000
0000
0000
0000
0000
0000
09DB
0D40
0D93
09E9
0758
073D
070B
0678
04C6
06E1
0D25
0B46
0385
042A
0B1E
0CB9
0932
0817
0B25
08BA
01B0
0000
0000
062B
1E69
0E6D
0000
0000
0000
0000
0000
0000
0B73
0E06
0B1B
0AB3
0C16
09BC
06CF
050A
02D5
0823
10F8
0CAA
0000
0087
0B17
0F5B
0D14
07DA
050C
056A
05DF
0000
0000
0231
235E
1607
0000
0000
0000
0000
0000
0000
093A
060D
0000
00EF
08B9
0A4F
080F
06BF
0458
085A
105D
08CC
0000
0000
09D5
0B84
05C1
00FF
00B3
0420
0799
010D
0000
0000
16FC
1294
0000
0088
0000
0000
0000
0000
05C0
01B1
0000
0000
0504
0A75
0A35
08A2
05A6
06BC
0BE9
032C
0000
0000
0CAA
0801
0000
0000
025F
03C8
02AB
0419
0210
0003
04AB
0593
089E
1051
0000
0000
0000
0000
02A5
0129
0000
00AE
058B
0615
0347
0379
046F
0598
0666
0000
0000
026F
0CFD
0488
0000
0000
04A6
0066
0000
00D5
0FE1
0B89
0000
0000
02F7
1139
0000
0000
0000
0073
0052
0000
00EF
082C
0C97
04F4
0000
006D
0612
06D4
03F6
0129
02CB
0744
0ABF
0604
0000
0252
096C
028D
0000
0000
15B0
1522
050C
0000
0000
0B07
0000
0000
0000
0000
0000
0000
0192
0A7D
10CC
0BC4
04EA
040A
0333
01B4
0000
0350
0A7B
0BDA
0B76
0A7B
0943
0C69
0F83
0788
0000
0000
0DC9
1024
0B4E
06CE
0611
09D4
0000
0000
0000
0000
0000
00E3
0288
0554
099C
1026
1369
09C3
0000
0000
0000
0422
0B19
0D21
0E2B
0900
0653
0C5C
1011
06AF
0000
0000
00BF
0433
0B79
0E7C
0CDD
091D
0000
0000
0000
01EA
01C5
03A9
02E8
0000
0000
084C
14E8
1243
09B5
061F
0194
009B
008F
06BF
1012
07B0
0000
03CC
0CEE
0761
0000
0000
0000
0000
07DB
0934
048F
0557
0000
0000
0000
02D4
0432
04B5
0290
0000
0000
0000
077A
151F
1C11
122A
03C3
0000
0000
00E2
12B3
0C96
0000
0183
0B82
0B40
0427
01FD
0000
0000
0452
022F
0000
01F7
0000
0000
0000
0221
092D
0701
00DB
03AF
060D
0000
0000
0755
1B57
16DA
0A2B
01E5
0000
004F
0DEC
0F2F
0C5D
0A4B
08BD
0824
080F
0517
0000
0000
03E5
00EF
0000
001D
0000
0000
0000
0093
0E7A
0A3C
0000
0526
0EF9
03FE
0000
0000
091A
1431
16C7
0E89
036B
001B
002A
084A
1507
1126
03EA
02DE
0A00
07B6
0000
0000
0789
038E
0000
01D3
0000
0000
0000
0000
0D8A
0B1C
01C5
0364
07A0
0747
03EA
0000
0000
020E
18D7
18BD
0D8F
0367
0000
0000
0D4A
0DC4
04DC
0672
0CA0
0B31
031E
0375
07B1
031D
0000
04EE
0000
0000
0000
0000
0826
0A88
0961
0296
0000
05E1
1AEE
0997
0000
0000
0D8F
182C
12C5
08DE
0000
0000
005F
092B
0D31
0C32
089A
086D
0703
0336
0000
0000
036E
068D
0000
0000
0000
0000
03D6
08E7
0F5E
04FF
0000
0000
1F65
1307
0000
0000
0000
07F7
0DDC
0A42
0000
0000
0005
08EC
1109
0C23
00FB
0000
02C1
0000
0000
0000
0B58
0A95
0000
0000
0000
005F
0144
0685
115F
082F
0000
0000
13C7
12B6
0351
0000
0000
0000
0A0A
0A95
0000
0000
0801
0754
09C8
097C
02D3
0000
0000
0044
0000
009B
1367
0F4D
0000
0000
0000
0000
000B
035C
0D17
09F5
0000
0000
01B3
0742
125E
0B62
0000
0000
11FA
0BAC
0000
0000
0C78
0678
0000
0576
0BAA
09F0
0675
02A8
0000
0110
121C
0ED3
0000
0000
0000
0000
0000
00DB
0735
0A5C
0B78
0454
0000
0000
1974
1357
0000
0000
1A79
0D05
0000
0000
0FFD
0B2A
0000
0200
0D01
13B3
0FF5
01B6
0000
0000
0BA8
0B06
0000
0000
0000
0000
0000
0000
0307
0951
12B4
0918
0000
0000
1713
1134
0000
0000
1656
0DDD
0000
0193
0D44
0CDD
09EA
045B
01B8
09E9
0FED
04BE
0000
0000
0614
05AA
0000
0000
0000
023D
0000
0000
0155
0831
149D
0C4E
0000
0000
0EDC
0A71
0000
0000
0A25
0B12
0DEA
0C4D
007D
05BA
1681
0D1D
0000
0000
0768
0A19
0361
00F9
0135
0000
0000
0000
0000
031F
0205
0160
0000
050E
104A
0D4A
016D
00BA
0240
027A
08BB
082C
0000
01E7
17F9
122B
0000
0000
1ADD
179B
006B
0000
0000
0375
0B1B
0887
0036
0000
0000
0000
0000
006D
0733
0513
0000
0000
08EB
0C5A
0D37
06A5
0000
0000
155C
104D
0000
0000
1BBE
1730
0000
0000
1440
1835
0BAD
0000
0000
0000
09F4
0B6F
0114
0000
0000
0000
0000
0000
096D
07D3
0000
0000
0241
090A
12E1
0B73
0000
0000
16B9
12B0
0000
0000
193F
17B7
0280
0052
07CF
08CF
086F
03CA
0000
0000
0591
058F
0000
0000
0000
0000
0000
0000
0831
088F
0000
0000
0000
0432
1211
0DB9
0000
0000
0E39
0DA8
004C
02AD
0FB3
0F5E
08E6
05DF
0000
0000
0000
074A
078B
02EE
0000
0000
0000
0195
0000
0000
0000
0000
058D
053E
0000
0000
0000
0000
0B88
0B16
0058
0023
0464
0439
042E
070A
07E7
0478
0588
06D6
0000
0000
0000
04B1
0A7A
027A
0000
0000
009B
0562
0000
0000
0000
04C9
0524
0446
01D8
01D2
0000
0000
0494
0655
0499
03FC
0000
0000
01F0
0831
0587
0000
0000
038E
0546
0000
0000
0000
045E
016E
0000
0000
09A9
08B4
0000
0000
0000
1113
0E81
0AC2
0D1C
0E63
0B81
0A9A
0BC8
0ACE
0BD9
0D0A
0766
02DE
078B
0D76
0C4E
032C
0000
07BE
101A
0E2B
083D
066F
080B
098C
091C
0B0F
0EBC
0AE4
0000
0000
0000
0A0A
03E5
0159
017D
023A
00DD
0000
0000
0000
0000
005C
0000
0000
0000
0000
021A
0000
0000
0000
0268
0522
0315
0000
0000
0000
0000
02F3
0569
0000
0000
0000
0000
0000
0000
0000
0000
0000
0000
0000
0000
0000
0000
0000
0000
0000
0000
0000
0000
0000
0000
0000
0000
0000
0000
0000
0000
0000
0000
0000
0000
0000
0000
0000
