0000
0CFC
0000
0000
04A5
04C3
01A5
00CF
01E2
021B
0211
025D
0000
0078
0049
00F3
0000
0000
0898
09AC
003A
0000
0000
0000
0788
0DCA
0000
0101
0000
0785
0AA8
06E3
0975
15AE
00DA
0006
0CED
0E7B
0B4D
0871
0542
051C
070A
075B
020E
029E
04C8
059B
0000
0000
0E03
1046
071C
0132
0000
0000
1163
1241
0000
0044
035B
0C36
05BE
0CAE
09A4
1CC5
06FB
04D6
06BF
10A9
135A
157F
1038
0EE6
0C2C
08FD
0566
02AA
0798
081D
02D9
02CB
0513
0733
0D21
0A68
0000
0000
09A8
08EC
02BB
0000
0887
0BD9
0898
0C24
032B
123A
048A
078E
0C84
125C
1406
17C0
1579
11BE
0EFC
0D52
0D98
0955
0A6B
0A7C
0793
05DB
0000
0393
0E2F
0B61
0000
0000
0000
0204
0000
0000
0000
04A7
0C2C
1006
0488
1B08
003B
0142
0800
045F
0000
0000
05B8
028E
00B5
0499
08A5
064A
017F
0057
0443
0591
0000
0000
021D
014F
0000
0000
0000
0223
09A1
0859
0000
0000
04C9
1C9A
017F
1D03
01B7
0391
0258
0386
0000
0000
0000
0000
0000
0000
058B
067A
0000
0000
0202
035C
0000
0000
0000
0000
0000
0000
0000
01BF
1CFC
1122
0000
0000
0113
0C96
0000
1959
0C33
0ABC
0000
03AE
1004
0A3A
0451
02B4
0000
02DD
07D9
091F
0000
0000
041F
0C2E
0E30
08C4
0000
0000
1024
033C
0000
0000
0CF7
0DE9
0000
0000
0000
0000
0000
12D8
083A
08E3
0000
0000
0ADB
11B6
0BC0
075B
0000
0000
058D
052D
0000
0000
0CE1
16AC
091F
0AAB
09E8
0227
0A90
02EB
0000
0000
0205
09CA
0D7A
0630
05B1
0000
0464
136B
0000
023F
086B
02B1
0183
048C
08A5
0718
0278
073F
087C
0994
0000
0000
1AD1
19BE
0000
0660
16A6
0A83
0000
0000
0472
0B66
0000
0000
02CD
0000
079E
0728
0690
13C0
0000
0000
05DB
016D
0000
0000
0000
04F7
05C7
04DC
0307
079C
0000
03BB
1894
17D2
05B7
0718
16ED
0E10
0000
0000
10E8
1281
0000
009D
0000
0002
0466
05D7
01B3
1302
073E
03C9
0000
015A
1652
0D0B
0000
0000
06F9
0000
0000
03FF
0E48
0EAD
0000
0DDB
0FBD
0845
0000
0000
0000
0000
0000
0000
0000
07FB
07BC
0ADE
0000
0000
0174
1778
08D1
085B
0000
01FA
097E
09C8
0000
0000
0000
00A1
0000
03AB
16E9
0FE2
02FC
0316
0A77
0A63
0000
0000
0000
0000
0000
0000
0000
0399
0A29
09EB
04D2
0000
0429
18A5
0000
02AB
0770
01B6
0000
0000
1611
0BF5
0000
0000
04F4
0000
0000
04B0
0E9E
0A34
0000
066F
0D95
0DF7
0000
0000
0000
0000
07BD
0257
0000
079D
1367
07F9
0489
1B6A
0000
0000
081A
056B
0000
0000
1096
0815
0000
0000
0292
0000
0000
0000
101A
0EFD
0000
0748
1950
0E44
0040
0000
0000
0000
0592
0727
0000
0033
0AC5
0BAB
01DA
20DC
06FF
02C3
0000
071E
028A
0027
0000
0000
0D85
0DD4
0000
0AFD
0000
0000
0933
1124
0115
0506
0ECE
0C21
0000
0000
0000
004B
062F
08FA
04E8
069D
0419
060F
0000
1D9A
0A98
08A1
0000
0162
10F6
064C
0000
0000
1177
08D5
0000
00B8
0150
0000
0000
0000
0E05
05E3
0000
054D
0000
0000
0000
010F
0A4B
0B7C
0536
055D
06E7
050A
0000
188D
0ABA
0AD8
0000
0000
061D
0991
0000
0000
0000
0000
0881
0331
057B
03BC
0000
0000
116B
119B
0000
048A
1949
0CD1
0000
0000
0366
0146
0000
0000
0A1C
09A5
0000
137A
05F5
0986
0000
0000
0000
0698
0077
0654
0000
0000
1184
1162
0000
0506
0000
0000
077B
0F37
04BE
0D93
14AC
0DCA
0000
0000
0000
0000
0000
009B
06B5
0813
038A
156F
0000
055F
03FA
0000
0000
0000
0C09
1370
0000
0000
0431
0644
0000
0000
091C
0879
0000
00AD
137A
0D52
0000
0073
0CB3
0000
0000
0000
0B3A
0B97
0000
04C6
04A9
1563
0000
01D3
0A46
001C
0000
0000
0C75
0757
0000
0000
0000
0000
0051
02FE
0109
087F
0000
0000
0FE7
0838
0000
0000
0C57
0945
0000
05AA
172C
1703
0311
05C6
0292
1259
0269
036B
0245
0000
0000
0000
0000
0000
0000
0000
0000
0000
0479
0800
0000
0024
0B57
133B
0000
0363
11FA
0D81
0000
0034
0000
0000
09AD
0F91
083F
03A9
0249
124F
023B
0607
0000
00A7
0000
0000
0000
0000
0000
0564
0000
0000
073C
0510
0000
0000
1253
1E95
0000
060E
1AFD
0F93
0000
0000
0000
0000
0000
08BF
026B
04D6
030A
155F
00C5
036F
0197
0138
0000
0000
0000
0000
0C01
0B94
0000
0000
0EE7
1351
0000
0000
10D7
0BA3
00C4
0000
0000
0000
0FCE
12F6
0000
0000
016C
09D1
0201
0913
0669
2062
0000
03E0
0445
0118
02BE
0000
0000
0000
0A6E
07EE
0000
0000
07B3
0B29
0000
0000
0000
0198
0000
0000
0000
0000
055C
06E6
01B4
00B5
0C6E
1097
0362
04D5
090F
2AD5
0000
00F8
0084
0000
0159
0000
0000
0000
0000
00E5
0000
0000
0000
0553
071D
060B
0000
0108
0F9B
1A81
0000
0000
0000
0000
0059
0942
1028
0E03
01E3
0051
0237
2D02
0177
0000
0000
0000
0000
0000
0000
0000
0000
00B5
06F1
064A
0000
0003
108B
0F17
0000
0000
0AFD
1029
059E
014A
0000
0000
0F7A
13B4
086B
0AC9
0BD8
006F
0000
2688
0925
07B2
0000
0000
013E
03C1
0182
00E3
0000
0000
1028
0EE6
0000
0000
0E45
0CCC
0000
0000
0000
0000
0000
05E3
0695
065D
1969
0F75
0000
0A5C
0AD5
06B5
0000
1D8A
0ACD
0F49
007F
0004
0492
05CD
07F0
00B6
0000
0000
0580
08E7
0000
0000
01E5
0A8A
0000
0000
0000
0000
02AD
0612
08A1
0C05
0DA6
0848
0240
0000
04FD
0780
036B
16CA
0969
08CC
0158
049D
0190
0325
0323
00BA
0000
0000
0000
0000
0090
0400
0000
02DE
060B
0374
032E
0775
00DE
0569
0E63
0F7F
0000
08FF
0C91
06A9
0049
0344
078E
10B3
06B6
06B0
02E1
05E2
0035
00CF
0360
0430
0000
0000
0000
0000
0466
07A8
0000
00CD
0146
0000
0509
077C
0292
07C6
0E7D
09C7
01C1
05C2
0E47
11F1
0000
00D5
0BFB
0D1E
03AD
074C
04AD
0247
0000
0000
0228
003B
0000
0000
0000
01D9
0119
0302
0753
03CD
0000
0000
0738
099E
0580
03E5
0041
01B5
0543
0145
0749
059F
0056
056B
0629
0000
0000
0000
0000
0000
0000
0000
0000
0000
0000
0000
0000
0000
0000
0000
0000
0000
0000
0000
0000
0000
0000
0000
0000
0000
0000
0000
0000
0000
0000
0000
12F5
1626
1CA6
14E7
12E8
114F
1052
1185
14C0
1882
1CB2
2160
22B1
225D
1FB5
1D9C
1D7D
1C56
1A52
1B28
1AF8
1E11
1F45
1DAB
1A78
241F
22A4
24DE
1C4D
1069
096B
002C
02DA
0211
0699
024B
02BD
02AF
04DE
06FE
082A
0779
05DB
0592
0650
0638
037C
0546
07C1
09AD
08C7
07D7
0672
0761
088E
0864
040C
0BAE
0FAB
159D
0ECA
015A
03B0
0000
0000
0000
0000
0102
0509
0AEE
108E
11C7
10FB
0D27
0801
03B6
0200
04C6
03A0
0350
0680
09AD
0CC1
0AB2
063E
0879
0AA0
0CBA
06D1
0D16
0E90
15F7
18DF
09AB
0C89
0274
0032
0000
0000
01E7
0863
0E01
1680
1A86
1A21
1392
0D43
0730
030A
0A05
0BBE
06A3
0415
0851
0CA6
0FF5
086C
075F
0826
0BCB
05EE
0C0D
0000
0D4F
15D9
1966
137E
0667
0000
0000
0000
070E
0BAB
0ED0
12D9
131D
1314
1330
1250
0CF3
0832
11A5
10A9
071E
06F8
0C51
08D5
08B9
0A70
0FC4
0968
08E8
04D9
02DB
0000
0A01
111C
2208
0CAB
018D
0000
002F
0000
031B
089F
0F58
134F
0ED4
0900
0AF7
0EB1
0E77
0A33
119B
0DC8
0813
0C7A
0A58
01C5
0193
077C
0E19
0553
0000
0000
0000
0000
0FB5
136D
102E
042F
03E3
0000
0000
0000
0000
0000
0000
0000
0000
03D5
0025
008B
0AEF
0D81
0FD6
0AD4
09EA
08D4
0000
0000
0000
0961
0000
0000
0000
0000
043F
00F2
0B87
13FD
0C18
0B27
0AA8
0000
0000
0000
0044
006C
0000
0000
0000
0000
007C
0279
0357
025F
066E
087E
083B
0042
0000
0000
0253
0554
0000
0000
0003
0583
0000
08D2
0E84
0104
0EC8
1C64
0D48
0000
0000
0000
0000
0000
0000
0000
0041
00B6
0000
037A
0496
0000
00F2
014B
0000
0000
0315
0EA6
07D2
01D8
04E3
07D1
0000
0243
0000
0000
11BA
00AB
0000
099C
03C1
0000
0000
00B2
0000
0000
054B
0673
0912
0D9C
0EC4
08C8
04FC
06D3
08B6
0000
0000
0000
0F1B
12A5
04FB
0224
0B03
13FB
0000
0000
04CE
0CA6
0910
0263
0000
0000
02F1
0000
0000
0000
0000
0000
014A
04C0
0AEC
0B36
0EDE
102B
0D49
0F65
081C
022B
033A
01DE
0D19
0CC4
0877
0791
0D20
0E09
03FE
0000
0000
0B51
066C
04D7
0946
097F
0E91
0000
0000
0120
03D7
02FB
0000
0000
08D7
0F46
0557
0615
13B0
1657
0E1A
075F
0BAA
0AC6
0613
0000
0C68
1617
15D2
0AD5
0804
07C5
01B2
0000
0000
0679
0AAE
178F
0F5F
00A6
0000
0362
066A
051E
0000
0000
0000
0000
0423
0703
05F5
116E
1AE3
18BD
0717
0192
0000
0000
0000
090D
04FC
02A4
03C7
05CC
0000
0000
0001
0000
0000
0570
04B1
0147
020D
046A
049A
05DA
03CF
00CB
0014
0000
0000
104B
0C8C
04CE
138C
1FE8
0DB5
0000
0782
03F2
0000
0000
0344
05FB
05FA
048B
0066
0000
0789
02C6
0000
0000
0000
0000
0000
0001
021B
04DE
0660
0000
0000
0195
0000
0000
0740
0A59
09B4
0FDC
1289
05A7
0C49
0EAE
0456
0246
0DD7
0CA5
0895
0931
08B1
041B
0571
0307
0000
0000
0000
0000
0000
0000
0000
0505
0474
0000
0543
07BD
085A
0000
0000
1643
110B
0000
047C
0E1B
1113
0B9A
10FF
0FE2
1659
0DBC
05BD
095F
0DE7
0819
04B5
0453
0726
07AE
0000
0062
0000
0000
0000
0307
0A05
0174
0573
02E6
01A1
022A
0000
045F
1046
04FC
045A
0836
0C46
016B
0000
0770
092B
0940
0A65
085E
05A2
03D6
0C03
0A55
06CD
0646
0000
0000
0000
0000
0144
0000
098B
08F3
0000
0000
029A
065E
03A8
0000
014A
077A
177A
0D81
0000
0000
0000
0000
0000
0657
10A4
12EA
0B68
0414
0B4D
03A1
0000
037B
00D1
0000
0000
0000
0000
0000
024F
0B9A
0334
0000
025B
098E
02B6
0524
0490
00B6
0542
0771
0000
0000
0000
0000
0787
0DE2
0966
01CE
0000
051D
02F8
0000
0000
0470
0467
0000
0000
0000
0000
0000
0306
0BC7
0B1E
0198
00FD
0F34
0554
05E4
0ADB
0000
0A07
02B7
04CC
06CE
0198
0000
0A5A
10B0
0431
0000
0313
091F
0000
0000
0192
0BE7
0822
0000
0000
0000
0000
0000
0700
0652
0C4C
097E
076F
007A
086C
00C5
0508
0000
10C3
1036
0BB2
068A
03C7
0457
05FE
0BCF
08A4
0107
05B5
0D35
0ADF
0499
0BAE
0D03
0570
0217
0000
0076
0000
0000
05B9
0000
0899
0C03
095C
0000
013E
0486
03AD
0000
0FEF
13F3
11CF
0CF6
0A53
0E44
095F
01B3
0B50
1657
11D1
03CA
0B1F
0C36
086F
0634
0111
01D3
0205
0000
0000
01DE
0209
0000
00EC
096C
08B5
0000
00D7
0ABD
08AA
0000
0BA8
0DC0
1007
1303
0B64
1032
0D89
07CC
00B9
0382
0FAF
086A
0136
0404
0000
0000
0000
0392
032B
0000
0000
0394
0000
0000
02F3
0A16
0CA5
02E8
0D33
0C97
0B95
0305
0763
030B
0D7A
1204
1094
0F0F
1012
0B9B
0AF8
0000
0466
102D
004A
0000
0000
0000
0000
07D7
0414
0292
00B7
00EC
0000
0000
08AE
04E7
0B7F
084C
0E66
0000
0684
0158
065E
0000
0461
0BB3
0B0F
00FB
0E93
0B2A
04E0
081E
069C
0000
0000
0000
0000
02C6
0000
0946
05D6
097F
058F
0000
0000
0000
05F3
0000
0665
06B1
0A74
0000
0020
07E2
031A
0000
00D6
0D3A
0797
0000
0166
0ED9
0EC9
085E
02C9
0000
0000
031A
04E6
0849
0000
099B
0365
04A5
0000
0000
0000
0000
0000
0000
02F3
0695
07A7
0000
0000
0E2F
00C0
0000
0B5B
0D71
070B
040B
05DB
0389
08B6
0000
0000
0000
014A
0F17
0853
03F2
0000
077D
0000
0000
0000
0000
0000
0000
0000
0000
05AF
0A58
0654
01A2
045B
0C80
02CB
0000
0A61
0884
0D5B
04BA
01BE
0000
0000
0000
0000
003F
089A
0EB2
0367
0000
0000
0000
0000
01ED
0055
0000
0000
0000
0000
0000
03A7
05FC
0251
0000
027B
0000
011C
0000
003D
0000
0526
018B
0000
0000
0000
0000
0000
034C
02FF
0000
0000
0000
0000
0000
0000
0387
0583
0416
0091
0000
0000
0000
02B1
00B4
03DB
0314
0000
0000
0000
0000
0000
0000
0000
0000
0000
0000
0000
0054
008B
040C
0000
0000
0000
08A9
0C43
0000
02AD
0887
0B42
0A7B
077C
0773
0444
054F
07DF
0395
026C
035D
0000
0000
0000
00C3
0000
0000
0000
0000
0000
0131
048D
06C4
0489
0299
0000
00E9
05B8
0D03
09D0
023C
0411
094C
0EC3
0EC7
0B22
0B21
0887
091E
0D57
0B33
08AD
07D3
0444
0145
0033
028A
0763
04B0
0000
0000
0464
097B
0A1A
0B18
0874
03F9
0446
05A4
1062
0D7E
0000
0000
0000
0000
0000
0000
0000
0000
0000
0000
0000
0000
0000
0000
0000
0000
0000
0000
0000
0000
0000
0000
0000
0000
0000
0000
0000
0000
0000
0000
0000
0000
0000
0000
0000
0000
0000
0000
0000
0000
0000
0000
0000
0000
0000
0000
0000
0000
0000
0000
0000
0000
0000
0000
0000
0000
0000
0000
0000
0000
0000
0000
0000
0000
0000
0000
0000
0000
0000
0000
0000
0000
0000
0000
0000
0000
0000
0000
0000
0000
0000
0000
0000
0000
0000
0000
0000
0000
0000
0000
0000
0000
0000
0000
0000
0000
0000
0000
0000
0000
0000
0000
0000
0000
0000
0000
0000
0000
0000
0000
0000
0000
0000
0000
0000
0000
0000
0000
0000
0000
0000
0000
0000
0000
0000
0000
0000
0000
0000
0000
0000
0000
0000
0000
0000
0000
0000
0000
0000
0000
0000
0000
0000
0000
0000
0000
0000
0000
0000
0000
0000
0000
0000
0000
0000
0000
0000
0000
0000
0000
0000
0000
0000
0000
0000
0000
0000
0000
0000
0000
0000
0000
0000
0000
0000
0000
0000
0000
0000
0000
0000
0000
0000
0000
0000
0000
0000
0000
0000
0000
0000
0000
0000
0000
0000
0000
0000
0000
0000
0000
0000
0000
0000
0000
0000
0000
0000
0000
0000
0000
0000
0000
0000
0000
0000
0000
0000
0000
0000
0000
0000
0000
0000
0000
0000
0000
0000
0000
0000
0000
0000
0000
0000
0000
0000
0000
0000
0000
0000
0000
0000
0000
0000
0000
0000
0000
0000
0000
0000
0000
0000
0000
0000
0000
0000
0000
0000
0000
0000
0000
0000
0000
0000
0000
0000
0000
0000
0000
0000
0000
0000
0000
0000
0000
0000
0000
0000
0000
0000
0000
0000
0000
0000
0000
0000
0000
0000
0000
0000
0000
0000
0000
0000
0000
0000
0000
0000
0000
0000
0000
0000
0000
0000
0000
0000
0000
0000
0000
0000
0000
0000
0000
0000
0000
0000
0000
0000
0000
0000
0000
0000
0000
0000
0000
0000
0000
0000
0000
0000
0000
0000
0000
0000
0000
0000
0000
0000
0000
0000
0000
0000
0000
0000
0000
0000
0000
0000
0000
0000
0000
0000
0000
0000
0000
0000
0000
0000
0000
0000
0000
0000
0000
0000
0000
0000
0000
0000
0000
0000
0000
0000
0000
0000
0000
0000
0000
0000
0000
0000
0000
0000
0000
0000
0000
0000
0000
0000
0000
0000
0000
0000
0000
0000
0000
0000
0000
0000
0000
0000
0000
0000
0000
0000
0000
0000
0000
0000
0000
0000
0000
0000
0000
0000
0000
0000
0000
0000
0000
0000
0000
0000
0000
0000
0000
0000
0000
0000
0000
0000
0000
0000
0000
0000
0000
0000
0000
0000
0000
0000
0000
0000
0000
0000
0000
0000
0000
0000
0000
0000
0000
0000
0000
0000
0000
0000
0000
0000
0000
0000
0000
0000
0000
0000
0000
0000
0000
0000
0000
0000
0000
0000
0000
0000
0000
0000
0000
0000
0000
0000
0000
0000
0000
0000
0000
0000
0000
0000
0000
0000
0000
0000
0000
0000
0000
0000
0000
0000
0000
0000
0000
0000
0000
0000
0000
0000
0000
0000
0000
0000
0000
0000
0000
0000
0000
0000
0000
0000
0000
0000
0000
0000
0000
0000
0000
0000
0000
0000
0000
0000
0000
0000
0000
0000
0000
0000
0000
0000
0000
0000
0000
0000
0000
0000
0000
0000
0000
0000
0000
0000
0000
0000
0000
0000
0000
0000
0000
0000
0000
0000
0000
0000
0000
0000
0000
0000
0000
0000
0000
0000
0000
0000
0000
0000
0000
0000
0000
0000
0000
0000
0000
0000
0000
0000
0000
0000
0000
0000
0000
0000
0000
0000
0000
0000
0000
0000
0000
0000
0000
0000
0000
0000
0000
0000
0000
0000
0000
0000
0000
0000
0000
0000
0000
0000
0000
0000
0000
0000
0000
0000
0000
0000
0000
0000
0000
0000
0000
0000
0000
0000
0000
0000
0000
0000
0000
0000
0000
0000
0000
0000
0000
0000
0000
0000
0000
0000
0000
0000
0000
0000
0000
0000
0000
0000
0000
0000
0000
0000
0000
0000
0000
0000
0000
0000
0000
0000
0000
0000
0000
0000
0000
0000
0000
0000
0000
0000
0000
0000
0000
0000
0000
0000
0000
0000
0000
0000
0000
0000
0000
0000
0000
0000
0000
0000
0000
0000
0000
0000
0000
0000
0000
0000
0000
0000
0000
0000
0000
0000
0000
0000
0000
0000
0000
0000
0000
0000
0000
0000
0000
0000
0000
0000
0000
0000
0000
0000
0000
0000
0000
0000
0000
0000
0000
0000
0000
0000
0000
0000
0000
0000
0000
0000
0000
0000
0000
0000
0000
0000
0000
0000
0000
0000
0000
0000
0000
0000
0000
0000
0000
0000
0000
0000
0000
0000
0000
0000
0000
0000
0000
0000
0000
0000
0000
0000
0000
0000
0000
0000
0000
0000
0000
0000
0000
0000
0000
0000
0000
0000
0000
0000
0000
0000
0000
0000
0000
0000
0000
0000
0000
0000
0000
0000
0000
0000
0000
0000
0000
0000
0000
0000
0000
0000
0000
0000
0000
0000
0000
0000
0000
0000
0000
0000
0000
0000
0000
0000
0000
0000
0000
0000
0000
0000
0000
0000
0000
0000
0000
0000
0000
0000
0000
0000
0000
0000
0000
0000
0000
0000
0000
0000
0000
0000
0000
0000
0000
0000
0000
0000
0000
0000
0000
0000
0000
0000
0000
0000
0000
0000
0000
0000
0000
0000
0000
0000
0000
0000
0000
0000
0000
0000
0000
0000
0000
0000
0000
0000
0000
0000
0000
0000
0000
0000
0000
0000
0000
0000
0000
0000
0000
0000
0000
0000
0000
0000
0000
0000
0000
0000
0000
0000
0000
0000
0000
0000
0000
0000
0000
0000
0000
0000
0000
0000
0000
0000
0000
0000
0000
0000
0000
0000
0000
0000
0000
0000
0000
0000
0000
0000
0000
0000
0000
0000
0000
0000
0000
0000
0000
0000
0000
0000
0000
0000
0000
0000
0000
0000
0000
0000
0000
0000
0000
0000
0000
0000
0000
0000
0000
0000
0000
0000
0000
0000
0000
0000
0000
0000
0000
0000
0000
0000
0000
0000
0000
0000
0000
0000
0000
0000
0000
0000
0000
0000
0000
0000
0000
0000
0000
0000
0000
0000
0000
0000
0000
0000
0000
0000
0000
0000
0000
0000
0000
0000
0000
0000
0000
0000
0000
0000
0000
0000
0000
0000
0000
0000
0000
0000
0000
0000
0000
0000
0000
0000
0000
0000
0000
0000
0000
0000
0000
0000
0000
0000
0000
0000
0000
0000
0000
0000
0000
0000
0000
0000
0000
0000
0000
0000
0000
0819
0000
0000
0000
0000
0000
0000
0000
0000
0000
0000
0000
0000
0000
0000
0000
0000
0000
0000
0000
0000
0000
0000
0000
0000
0000
0000
0000
0000
0000
0000
0000
0724
0000
0000
0000
0000
0000
0000
0000
0000
0000
0000
0000
0000
0000
0000
0000
0000
0000
0000
0000
0000
0000
0000
0000
0000
0000
0000
0000
0000
0000
0000
0000
057D
0000
0000
0000
0000
0000
0209
0000
0000
014E
045C
029B
0000
0000
0000
035B
04BB
0276
0000
0000
031A
08B6
07BA
067B
0020
0000
0000
0000
0000
08B9
0096
0000
0000
0000
0000
0000
0000
0000
03E6
0C11
0F6D
06B0
0569
05EB
0361
0000
0000
0118
0000
0000
0000
0000
02F5
0059
02FC
0140
010D
0000
0000
0000
0000
07E7
07EE
0000
0000
0000
011E
003E
0000
0291
0000
0000
0000
062B
0C7A
0911
049F
0333
0458
0153
0000
0000
0000
0000
0000
0000
0000
0000
00D6
05D7
0000
0000
0000
0000
0DC8
09CF
06F6
0000
0000
0000
0000
0000
0000
0000
0000
0000
0000
0000
0000
0000
0000
0000
0000
0000
0000
0000
0000
0000
0000
0000
0000
0033
0000
0000
0000
0000
0000
0AE5
1733
0011
00A8
0000
0000
0000
0000
0000
0000
0000
0000
0000
0000
0000
0000
0000
0000
0000
0000
0000
0000
0000
0000
0000
0000
0000
0000
07FF
03D1
0000
0000
0000
0703
0000
0000
0000
0000
0000
0000
0000
0000
0016
0000
0000
0000
0000
0000
0000
0000
0000
0000
0000
047F
0000
0000
0125
0000
0000
0000
08CD
068C
0745
0000
0000
0000
0000
0000
0000
0000
0000
0000
0122
0A40
0675
0500
05DF
0000
0000
0000
0000
0000
002D
00EC
0843
1129
0BD5
07A1
0F8E
0A19
0000
0000
0000
0000
0E5C
1539
07EA
011A
0000
0000
0000
0000
0000
0000
0000
0000
087B
0831
01EA
0171
0000
0000
0000
0000
0000
0000
0000
0000
0922
00C0
0000
0000
0000
0000
0000
0000
0000
0AF1
0F2B
140B
02A3
0229
0000
0000
036F
00FE
0000
0000
0000
04F1
0BB8
045C
0A26
0762
0000
0000
0000
0000
0000
0000
0000
0000
0000
0000
0000
0000
0000
0000
0000
0000
0000
0AE0
0000
014F
0154
0000
0000
0230
0000
0000
0000
0000
0000
0335
0000
0155
042A
0000
0000
0000
0000
0000
0000
0000
0000
0000
0000
0000
0000
0000
0000
0000
0000
0000
0000
0000
0000
033E
0259
0000
05A8
0A6C
0000
0000
0000
0000
022C
0000
0608
029F
0000
0000
0000
039B
0000
0000
00A3
0000
0000
0000
0000
0000
0000
0000
0000
0000
0000
0000
0000
0000
0000
0000
0000
003B
0813
041A
0000
0000
0000
0000
0000
0180
0000
0000
0000
05D6
05B4
02D5
0222
0000
0000
0000
0000
0000
0000
0173
0232
0061
0000
0000
0000
0000
0000
0000
0000
0000
0000
0EC6
0153
0000
0000
0000
057B
02F4
01F7
02B4
0000
0000
0000
0000
0284
09AF
037F
0000
02B0
0000
0000
0000
0000
0000
0000
0000
0000
0000
0000
0178
0000
0000
0000
0000
0FA4
0000
0000
0000
0000
0000
050E
0000
0000
0000
0000
0000
0000
0000
0000
01D4
0000
0000
0000
0000
0000
0000
0000
0000
0000
0000
0000
01B8
0000
0000
0000
0000
0000
0804
0000
0000
0000
0000
0000
0000
04AE
0000
0000
0000
0188
0000
0000
0000
0000
0000
0000
0000
052E
038A
0000
0000
0000
0000
0000
0000
0000
0000
0000
0000
0000
0000
0000
0000
0000
0000
0000
0000
0000
0095
0000
0000
0000
0000
0000
0000
0000
0000
0000
0000
0007
0762
007C
0000
0000
0000
0000
0000
0000
0000
0000
0000
0000
0000
08CA
030A
04C8
03B6
0000
0000
0000
0000
0000
0000
0000
0C4E
08C1
0000
0000
0000
0000
0000
0000
0807
0000
0000
0000
0000
0000
0000
0000
0000
0209
0000
0000
0000
0051
0000
0000
0261
08DC
0000
0000
0000
0000
0000
0000
0000
035B
0330
001F
0000
0000
0000
0000
0561
0000
0000
0000
0000
0000
0000
0000
0000
02EB
0000
0000
0000
0000
0000
0000
0000
0000
07A7
0000
0000
0000
092A
0261
0000
0000
0000
0000
04F2
0000
0000
0000
0000
0000
0000
0000
0000
0000
0000
0000
0000
0000
0000
0000
0000
0000
0000
0000
0000
0000
0000
0195
00A1
004A
01DC
06BB
0108
0000
0000
0000
0000
0000
0000
0000
0000
0000
0000
0000
0000
0000
0000
02F6
0000
0000
0000
0000
0000
0000
0000
0000
0000
0000
0000
090F
0000
0000
0000
0968
0D56
0806
0000
0000
0000
0000
0000
00B5
0000
0000
0000
0000
0000
0000
0000
0000
0000
0000
0000
0199
0000
0000
0000
05DA
0000
0000
0000
0000
0000
0000
0000
0000
02C7
04CF
0000
0000
0000
0000
0000
05E3
0444
0590
0000
0000
0000
0000
0000
0000
0000
0044
0000
0126
0000
0000
0000
0000
0000
02FD
0000
0000
0000
0232
00B9
0000
0000
0000
0000
0000
0000
0000
009B
0000
0000
018B
0000
0000
0000
0000
0000
0000
0000
0000
0000
0000
0000
01A1
0000
0000
0000
0477
0000
00A2
0000
06EC
03FD
0000
0000
0000
0000
0000
0000
0000
0000
0000
0000
0000
0163
0000
0000
0000
0000
0000
0000
0000
0000
0000
0000
039E
0000
0000
0000
0417
0095
0000
0000
0000
03E2
0112
0000
0000
0000
0182
0000
0000
0000
0000
0000
0000
0000
0000
0000
0000
0000
0000
0000
0000
0000
0000
0000
0000
0000
0000
0000
0000
0000
0000
0000
0000
0000
0348
0000
0000
0000
0000
0000
0000
0000
0000
033C
001A
00A3
0000
0000
0000
0000
0000
0000
0000
0000
0000
0000
0000
0000
0000
0000
0000
0000
0000
0000
0000
0000
0039
0000
0000
0000
0000
0000
0000
0000
0000
05E0
0000
0000
0000
0000
0000
0000
0000
0000
0000
0000
0413
0000
0000
0000
03F8
0000
0000
0000
0022
01EB
046F
0000
0000
0000
0000
0000
0000
0000
0000
0000
0000
0000
0851
0D37
0889
077A
0D13
0BBF
0DB9
0CD4
0B50
0735
0B19
0B97
05B6
02D6
07C0
06DA
047B
01F3
044C
07AE
07C1
06DD
080C
0BC4
0C6B
0EE6
0F54
0BF7
05D5
0D28
065D
1193
0000
0C64
1386
1194
12DB
0E81
0EAE
0DB0
0E40
10EE
12C8
133A
14FB
162A
1745
1652
1606
1592
12F9
11BD
1315
1176
134F
184D
1848
1248
11A1
14C8
17C9
138E
13B8
0F43
1063
1C2B
233D
1A43
19C7
17FC
1A9F
19AD
1B41
1E91
21CE
26A0
2A7A
2960
2712
29D0
2A48
2048
198C
200E
2850
2ADC
2A33
1EE2
1729
23D4
325D
2CA9
2140
20F8
270A
1378
0F27
13EC
19F1
10F0
1585
13AE
145F
15DA
1A7C
1CF6
1DEF
21D0
24F0
2274
2002
24FD
29CB
23C1
2211
254A
25DC
2767
2EC3
2676
2086
2997
3561
2A1E
2008
2341
29C1
108D
0C67
0D55
19A4
1618
1A83
1A39
1ED5
2565
29F8
2847
2491
23C3
2685
2418
219A
2952
30ED
2EC2
2E00
2B8A
25FD
28FB
3816
34FB
2CA6
2906
2EF5
2B72
2DC5
2E4C
2E7C
12B2
0D7F
0D91
1C0B
1ADD
237E
298C
349A
3A81
3A84
377D
3246
2E69
317C
3145
313B
3799
39BE
358D
33CB
30EF
3036
33D0
3B62
3884
2E63
2255
275C
2C05
35C0
32FC
2A94
1340
11F0
116D
1E31
1C19
2B81
375D
3E18
3BE1
3992
3884
3789
3702
3A15
3EC9
403E
40FD
3D9B
37F4
354B
345C
3525
37F8
37AA
3730
34ED
26DC
24CE
324F
3A90
34D3
33C4
1987
13D0
113D
1BEA
1B25
26DE
295C
2BE7
2AB4
2CFB
30C5
353A
3874
3C2D
42D1
42E3
3911
305B
2C20
290F
2BE8
2FDE
2CFA
29B8
2FB4
3A48
2C77
1DDE
2A28
3658
35A3
3EDE
15BA
15A4
10F7
1A6C
1A45
208C
1B4C
1CED
1FF9
24D5
2CC2
34A8
3656
3818
3D13
3CF4
30D2
29EF
279E
2566
27E4
2C64
28B5
2621
2C49
3A71
309C
228A
2706
3198
3895
4532
1280
14A4
1083
1BF1
18CC
1FD7
1F37
2434
292D
29EF
2B26
3298
33D4
31B5
326F
3726
31E3
298F
28E1
2EBF
2EA6
30D0
2EAE
2C1B
2BBE
33D3
3071
2B93
2D5B
3125
345E
3F65
1448
1160
104D
1CE7
1887
2287
22FC
247E
2919
325C
389F
38DA
3787
36C1
3390
34F3
3313
2C7C
2E7B
351D
353B
366B
39C2
3AC3
324B
3002
3492
33FA
2AA7
2ACB
301A
3DE4
171E
0EF6
0F9E
1B9A
16B4
20D5
22DA
2723
2A2B
3187
3E2D
40F9
3E89
3B0D
3636
334C
2F7E
2FD7
362E
39FA
37ED
3B9C
42E2
4571
3928
3276
330F
3386
2A58
2B88
3474
4888
1989
0F17
1191
1ECA
1B66
21B1
22A0
2BBA
338A
351F
3783
3E20
43BE
4060
3B12
35E7
3556
33BF
3538
3713
381B
3D60
42DE
4539
38CA
33A1
300E
2BE4
26CE
2B0B
32FE
47F0
1585
1022
14BD
25CE
2295
2660
25E6
2CD5
2CBF
2E2B
30E8
378F
46DB
4B4F
43FA
3FA6
3DB8
34E9
2F70
2EA2
2EDB
3158
347E
3B56
3A50
345F
2FD1
2C60
2759
26C1
2705
3AEF
1348
114D
15A7
2836
236E
2673
2831
2EE1
2DF9
2ADA
2C83
3348
3F75
4949
4A24
45E7
3BF4
3288
3048
3124
2D1B
2DBF
313B
3AEB
3E5F
3970
314F
2D7B
2C26
270E
1D50
2CE2
1175
119A
1442
2631
20E2
25BF
28AB
2F87
3427
3802
30A5
2E5D
3806
3F38
46DB
4901
3AE0
3402
3AAC
3B69
36B5
3444
35EF
3EA6
40B0
3E12
3555
30F2
2F74
2B5A
2068
28DD
1145
13E8
118B
1F14
1D37
293E
29AF
2B38
344C
3E79
340E
2ABE
310D
3651
3C22
4561
3B34
3790
4419
3F64
38B2
36B8
3432
3668
3A57
3D9F
3B13
3921
3565
30BF
25AB
2804
1196
185B
130A
1A0F
1A1B
2F49
2C01
2799
334E
428F
3A93
33A6
2C8A
2D74
35EE
3E91
3A14
3B65
3BE4
35B5
2FE3
2EC0
2CAD
2F64
361F
3FB1
3E77
3B08
3726
32F7
2A03
2759
1078
1A4F
12B0
1808
16AD
2DC9
2DB6
2B6D
2D31
3A6E
3EC8
3D64
2BED
2447
2FEE
3686
38D8
3AAD
3220
2B6F
2AED
2AF4
280B
2E0A
3C33
443D
3FAF
390D
319F
2F34
2BF9
2ABF
0E97
183F
118B
1937
14E5
2652
2DB9
34B0
2AF3
2837
3A09
44AF
356E
26BA
2AD1
2D1A
2A77
2C45
2BED
2CDF
2F47
2FBE
2C33
33C6
3D8F
3C07
34B3
3226
2AE3
281D
2B0A
3278
0ED3
1607
1364
1CBA
13FE
1E48
2BA1
3BFE
2D99
210B
330D
4535
3E0C
2E44
275A
2A8B
2B19
29E2
28EB
2FF1
2C8D
2B69
2B6A
32AD
37D2
38E9
37EA
38D6
2DE7
256A
2945
36F9
0DDE
14F0
15BA
2134
14DF
1885
2499
3BB1
31FF
2671
2F15
3EA9
3C91
36C9
2815
2D35
35D5
35D4
2BB3
2C91
2D07
2913
28D6
310C
3435
3ABA
466F
4C15
3C9F
2FB5
2D53
35FC
0BD5
1495
1679
2418
1769
190A
1FBC
3446
3630
3126
2A5E
2F55
367F
3BF7
2D34
2848
31BA
3A81
311E
27FD
2E85
333B
3392
34E7
3B4F
3F5B
4632
4A37
36B9
2C56
280F
2F5A
0B15
1412
15D7
25E8
1BED
1FA8
1F6E
2B00
3594
3B46
2C48
2425
3183
3F15
2CFB
229E
2D8E
3ECF
38DF
2DD2
3715
4355
41A4
3E31
3C87
40A5
4487
419C
2FB4
24C1
1F90
28C6
0B71
1362
16E2
2C0D
23FE
2734
20A9
2403
301F
3FEC
3025
22DA
2FBB
3FF9
30EF
2385
281A
3EA4
3DB3
38B9
3DA2
4442
4125
422B
406F
3F2F
40C0
3B47
2E16
2317
1C31
26F2
0ED2
1568
1C72
33C9
29C1
2BF9
2195
2073
295C
3CE7
34D4
28BE
2E1D
3DE5
3645
2D9F
27D7
34C9
3C75
3F71
395D
369D
3E06
4748
46E2
43D9
39F0
3131
294B
2325
1E5A
29FA
1144
19CA
2171
35B4
28F3
2D28
20E9
1DE4
23D7
33B3
359E
32AA
2E15
3444
36FC
35BE
299A
2A54
3441
3F5D
383D
34A1
401E
49A2
4435
3D63
301B
2827
2369
23E6
2318
2B65
10D4
1DDF
1DB5
29A4
1EA9
2916
1FF4
1BE9
1DB0
2835
2FD7
3605
2E60
28FE
322D
3BFB
2E52
280E
3028
40BC
404D
3E95
3DBF
3B37
3658
3484
28F4
22B4
238F
26E8
255F
277C
0C68
20D7
1962
2475
1A67
27AD
23D3
1F0C
1B34
1FF6
2A6C
35A9
2DB6
2774
2E60
3AEA
2F8D
29CC
2C97
3AED
40D8
4153
3590
2D58
2844
2C6F
2698
20A6
21B1
25FE
235D
23CB
088C
1E30
191C
23F1
1B58
2A40
2871
268F
1F64
1E02
25EC
3123
2DB7
2A2D
2A46
3127
2D40
2C67
29D1
2E1B
340D
3581
2EB4
2ABC
252E
2562
2500
24B5
1DF3
1CEB
1FA3
26AD
063E
1B75
1E6C
2B5D
227B
3206
3356
3607
2EFD
2AE3
2E43
348B
36DC
35D4
2FA2
3044
3013
306C
2E29
2EB5
321D
31E2
2F99
2E00
28E9
29AC
2FB2
2FCD
2673
2025
28B2
3C1A
1192
11CD
1510
1CFC
11BC
1C29
1E5A
2209
1E64
1B04
1C04
1C5E
1D4A
1CA8
17BD
18B2
1A4B
1A3F
1826
1941
1808
16B0
17BE
184D
151D
16CF
1A6B
1AAF
18FF
151E
1843
2BFE
06EF
0E25
10F8
1A46
107B
1317
1524
1863
170E
155B
13F5
127F
137E
14CA
1200
10EB
10A2
12CF
1282
10E7
0DE6
0E62
1064
117A
10A2
1177
10A9
11C5
1313
123B
118D
199A
0000
0FA5
0E2E
00DA
0029
00C0
0000
0000
0000
0000
0000
0000
0000
0000
0156
023E
0157
0013
01FB
02D1
04AF
042B
0000
029E
0240
036A
0262
0388
06E2
0501
0000
03C0
0508
0B52
0BE7
065E
086C
044F
00A5
0000
021F
0228
0232
06E2
0802
091B
0A05
0BA9
0A34
0979
0D00
0DD5
0A5D
0A52
072D
0A38
0C45
1634
0D50
0B92
0D79
135D
0E6C
1230
0DA4
1088
0CED
08E9
0C68
0C13
0843
07F4
0D2F
0C2E
0C74
1006
0FD1
0EC9
0BD3
08DC
0559
06F4
0BD9
0E13
07E4
0A0D
065F
09C4
111D
1405
09DB
063B
0441
0CDB
09EB
08A5
0000
14C8
193A
0D9E
0A18
0DB6
0E7D
0F6F
0C92
09C4
0BE1
0D53
0F0F
0D5A
0A2D
06E8
0513
0A1C
0B62
085F
070B
0A5F
0789
0235
0337
0B9C
0000
0000
0000
0629
0FDE
0B14
06A3
0E33
1607
0385
0000
06D9
087D
049C
0000
0000
0170
00EE
0041
0127
0000
0000
01BF
0A9E
0937
0000
0000
05C5
0543
0000
0000
0922
088B
0AFE
0827
0645
176C
15F1
15FD
0D38
119F
0000
027D
023C
0000
0000
0000
0000
0000
0000
000C
0687
0000
0000
040E
04D9
0000
0000
0000
0000
0000
0000
0000
0D55
11FA
0DE2
01E4
00EB
13BE
18FB
13AF
110D
13BC
0393
05AA
0216
0213
05F5
0BF2
0CA4
09D4
07CF
0851
0C6C
0169
03D7
0BC7
0B13
07F4
0CE6
10D6
0758
0000
0B97
0BF4
0776
0694
08C1
0000
0A63
14C1
1302
04D0
0D55
170C
06C9
0000
0000
0C02
1313
0EEE
0749
0702
053A
0848
0C36
02C2
09AD
0D6A
127F
1868
17B0
108B
0529
0B17
0E68
0901
0000
0000
0D40
0131
0778
0CF4
0000
0000
0D5B
17DF
0610
0000
0000
0619
05E2
0000
0000
0695
077D
0CBE
0FFF
0D0D
0C52
0591
0D0C
0FC7
0A69
01FD
07B2
0BAB
0900
0339
0225
0816
03D7
036F
0113
0BF6
00FA
0A30
0CAA
1382
0264
014E
0000
0000
0000
0000
00D3
02AA
0686
0C65
09D2
01F0
025D
06DC
10DD
0378
0392
099B
0E3A
0468
069C
055D
0B2E
07F1
0000
0000
0462
101A
094D
13D9
0CBE
1324
03D4
0A18
052D
0223
0A8D
0E10
09B5
0000
037C
0A4E
0C58
06B5
0E26
151A
0FF3
0000
054C
10BA
0AB3
0000
0000
048D
0C82
0000
0000
0558
0FF2
0DE5
0052
033C
0E41
158E
0751
0887
0574
05BC
0774
0000
0000
01A6
07A0
02E1
0A12
15CE
1597
0F57
0217
0000
0000
0745
0000
0000
0000
05F7
09E2
0000
0000
0CD3
0413
0000
0000
0000
0ECC
1379
0083
0000
0269
07BE
0676
0000
015F
154C
15D7
03F8
062B
0FF9
10AB
04ED
026E
03F4
0AB7
0AB6
0616
07DE
11BB
1721
1477
0DB8
0533
1060
035C
05C1
05DA
07F1
0E8F
1368
0050
0000
01D5
01A3
0000
0000
0AD5
067B
0000
0000
0C3D
1111
123A
0EFA
131C
1240
0EC0
08C2
116C
162C
1390
0A35
0AEE
14DE
10C7
05F8
044C
0F41
105B
0B86
1240
1732
06FD
058D
0829
0358
042A
0000
0985
0000
0000
0925
176A
1454
1603
1971
1717
0A9E
072E
0000
030C
03EF
021B
0000
07E3
1255
0D64
0000
0527
0C25
0B9B
05DB
1447
1945
077D
04A3
02BE
03C5
0883
0369
00C2
0000
083F
0959
0633
0000
04EC
0F51
1434
0577
037A
0274
0132
0000
0000
027C
0762
0BBE
0C87
0781
0BF9
0A4D
0808
03DF
118D
185D
06D7
03B7
0000
0051
0A45
0828
0331
0000
0A21
03BB
00D1
0000
0F6F
1323
0F8A
07AD
0ED0
167C
128D
07FA
147F
16F5
0B47
04A2
0BF6
0D3E
094E
01D8
059D
05E7
0D7B
1856
0933
020E
0000
0000
0C94
0761
0956
0000
049D
0950
08BE
0798
0F95
01E8
0000
08EF
1674
0EA8
07C2
0E9D
1133
0220
0000
0000
03B1
0019
0000
0000
0115
0739
0EA1
19AA
0AA1
0314
0031
0000
09C1
0CE4
10ED
0911
0776
0C11
0F68
0924
05D5
0000
0838
1A72
1D4A
03FD
0000
0C70
0AA0
0000
0000
11ED
12AA
1036
128A
0FD5
07EB
05FA
0EF5
18EA
06CD
06E0
060C
0000
0000
0D1D
1516
06C6
0587
0000
07DB
06F0
02E2
0000
0BBC
108D
0000
0000
0000
0000
0000
0000
105C
1887
1273
1154
1A9D
0F62
07E3
04AF
0C34
16CD
01A8
0608
0502
0000
0000
067F
1157
0000
0287
0000
062D
0C80
0906
0000
0000
0B62
0000
0000
0C69
066C
0D40
1104
0F8F
0089
0000
0866
0FC8
00E9
0000
01DB
0C29
14E7
012B
0827
05D1
0000
03D2
01E9
0621
082E
0491
01EC
01E6
0A1E
0935
0000
009C
0ADE
1043
0C72
0C52
0444
07BA
09A1
0124
0000
0000
07F4
070B
0000
0000
0428
0FA8
15B8
03EF
088E
06EC
02F2
0AE5
03C7
04F0
12C4
11E1
0771
0218
0E8E
0BA6
0486
07EA
049B
1016
052A
047B
0000
057C
06A2
0357
0000
1246
1B1D
12D4
0A7D
07AC
09D3
10CE
19BB
0688
05AD
06E1
09B8
07C7
00AE
0000
0FCB
148F
0483
0000
04AC
10EB
000A
0000
0000
0568
01DF
05CA
0000
0000
0000
0695
0BF1
0ABF
0100
0976
10A2
0D23
0779
10B3
1C03
0688
0087
031E
09E8
0442
0000
0000
063D
0CD6
0000
0000
0000
07C9
0000
001E
0156
05FB
0F3C
13D4
1306
06BB
02B2
06DB
0A55
05DF
008B
094C
0E17
096F
0000
117C
1B41
050B
0000
01DE
06E3
0163
0000
018F
0487
05C2
067A
0911
0436
007F
09D8
09FA
0744
01BF
1126
15D3
0ED4
02B1
0000
06C3
0C34
0DBE
15CA
07E8
0370
04AD
001E
1531
1F8E
07E3
075D
0E82
0BCC
0781
0385
0717
066D
01A5
0F74
10CF
0800
0000
05BD
0953
0000
0000
03E8
0577
0000
0000
03D0
0F3C
12B8
170F
155F
0642
0000
0442
0847
1293
259E
110C
0C59
0F3B
09B8
0B3D
0E16
07FF
01B9
0000
0BB4
1054
0000
0000
00C7
0831
0000
0000
054B
0000
01AF
05E7
0E6F
0E91
0A15
0DD7
09EC
016A
0000
06D4
0BDA
1337
2234
100E
0A35
07F2
0428
05B0
0B89
0645
0000
0000
0EB0
1053
00D3
0000
0D0A
0D5B
01B3
056C
136B
0BED
0F8F
1440
10D3
0CC2
0CD9
07FC
0AAF
0E86
0C10
0D59
0D09
0A83
18C7
080E
0750
0669
03FF
0347
0632
0605
0000
0000
0696
0000
0249
098A
112C
0449
0534
0A7B
0E34
05C2
05F0
0C49
0F98
0C72
0615
03B7
0723
0FE8
0BFE
0BBD
08FB
016C
124B
06C3
088C
0745
06A8
02AC
0037
03A6
001A
019A
057B
0056
0835
0F49
0E09
0404
04D8
0A89
0A9F
0660
0711
0361
0413
063B
03F4
0000
03BD
08C4
0AFE
05FB
01E1
0000
0000
0000
0000
0000
0000
0000
0000
0000
0000
0000
0000
0000
0000
0000
0000
0000
0000
0000
0000
0000
0000
0000
0000
0000
0000
0000
0000
0000
0000
0000
0000
0389
0000
02B1
0506
050E
049F
0067
0000
002B
012A
02B6
027E
036E
05A8
045F
02ED
04D5
09EF
0E88
0870
0000
0000
05C2
0D02
0D40
03AB
0000
09F2
127D
0894
0000
0000
0000
0990
06C0
0131
00EC
00E5
0000
0000
0000
0000
0000
0000
01E8
055B
08C2
0766
06C9
0D4A
0F03
06CC
01EC
015A
0729
1325
105D
036C
069F
144D
1F8F
0F37
009B
0000
00ED
0377
03E5
047C
05F8
04F7
0A0A
0AAE
061D
02D8
013D
0000
0000
02DF
0813
04F9
0702
0D46
0AD3
061F
057F
02E2
07B1
1454
0EDD
0000
0196
1324
1F4D
12AD
0432
0000
0B67
03F9
0078
0517
0BC0
1046
1785
19E0
15E6
0FC4
0C04
07C2
0555
0A1A
0CCF
0DE2
10D7
137B
15B9
12EF
0EE2
069B
09EE
15D2
1891
08BA
0000
075D
1A64
19D6
0B34
0000
09F7
02CF
0116
086B
100E
1370
12BF
1310
1424
1372
10B6
0C1A
095E
0CB5
0DEE
125D
0FAE
0CE3
0FB2
110F
111C
0BF0
0869
0A58
09F8
1010
059B
0000
0A3C
1D91
19FC
06E8
06E3
01CB
00B9
02B5
0372
0B24
0AAC
03EC
0499
0B89
0F78
10F8
0AEE
0874
0D6B
11B2
0A80
0370
0677
0794
0BD8
0F34
06E9
0497
07E7
1321
0D27
0000
08CE
143D
1A16
0315
0873
032E
03A2
048B
0373
04C1
0450
05EE
0078
0000
0395
0C6C
0F3D
0B90
1003
0DFA
094F
02A7
050C
0542
0000
04B5
0839
035C
023F
0C34
0DA4
0237
0C65
07D6
049C
0000
0817
01AA
006F
0397
044B
011F
0000
0000
0000
002B
0288
062B
07CD
06FA
0A9A
0AD2
0742
0000
0000
0344
0000
0000
0000
0000
0000
0000
0406
02A1
03AA
0617
0000
0000
0500
00AB
0000
009D
04D6
047C
0000
0116
07FB
0C6E
0C8B
0905
080D
059A
0478
07B6
0999
0580
044D
0A8C
0BAB
063A
0000
000D
0000
0000
0000
0808
05BD
070D
097A
0670
0269
0000
0000
0000
0000
027C
035A
0749
1344
1963
13A3
0D45
0ACC
03AA
0000
0000
0000
0744
17EE
178A
0FA3
11BC
15AA
0E15
082F
070A
0505
05D8
0A44
1176
0D63
0A00
0256
0000
0314
02DC
0000
0432
0D83
10E0
0F30
1327
1B99
18EB
0C07
06CC
0B4D
06D3
0000
06EC
16E2
17B3
0F01
12BE
1B22
193F
103B
019F
0544
01A3
08FC
12FD
1236
01CB
03F3
01F4
07F6
09C4
08DB
0707
05FE
0DD4
0E4D
03B8
0AFA
205D
2590
1458
0EE3
0E77
0875
02B2
03F0
0C42
0A51
07A2
0A38
0FAE
0F76
0399
0000
0000
0000
0F12
0F18
0000
0667
048C
0601
087E
0AC7
07D3
0000
01BE
0CD0
09B8
02F0
0F92
2183
24F2
1B49
0AC0
0479
0000
0000
044E
0EDD
0AD3
0259
02B3
06C5
04D6
0000
0000
0000
04D1
08EE
0095
07F3
054C
03A9
04A8
0A22
0A72
0875
026A
0000
0769
0DF7
0543
083C
1EB5
24CB
1B24
0EA1
0000
0000
0815
10C1
0EAE
0EA5
0F04
1158
0C94
038C
0151
0000
0000
0000
027B
09C5
06E5
0325
030F
04C5
0C20
0E9C
04D3
0000
04B3
1149
09A0
0000
0690
1B62
28E7
1C8B
029D
05A3
0397
0738
13B4
1360
1476
16E6
151E
0C0B
039B
033C
009A
023F
0000
0AFE
062D
0291
031F
00FC
0CD5
1034
092D
0643
1095
0F70
0AB1
07FC
0000
0000
1522
1D86
0EF0
098E
047F
0452
0B09
0EB5
0DAA
1336
18B3
1336
08DF
091C
0BE6
0BE7
02D1
0B94
0640
054B
02E2
0270
099E
1507
1080
09D9
0733
0AED
09B0
0A20
0000
0000
0087
14BE
1B48
10F0
0788
07EE
0399
0A76
0D3A
0AB5
0DC6
12A7
0A67
02DB
0C2E
0B17
064A
09C2
0454
023C
028C
013D
0608
0DD5
145A
069D
0000
019A
1894
1162
0000
0000
0000
0017
052E
06D2
030C
0584
0000
05F7
153D
14B6
0451
0375
01A6
0000
0161
035C
01C1
05F6
030B
020A
04D4
006E
011F
08AF
172E
1188
02C1
05C9
1395
2049
09A0
0000
0000
0000
02DB
0000
0000
0000
00F4
0772
1284
155B
111F
071C
013E
0000
0000
0000
0000
032A
020C
05F7
0810
0386
03BB
0C54
16B4
1CF6
060B
053F
0871
1838
1272
044E
0000
0000
077B
0B00
0256
0000
00FA
07FB
0B6A
0ED8
154B
134A
1077
0C0D
0620
06BA
0000
01FA
007B
06EC
0671
04E6
06B9
0714
0D3B
1372
0E57
0000
0000
03C8
1333
0837
0000
0018
0ABA
1514
07DD
0000
034D
147C
0BFD
0040
0C1E
1CD8
1950
0C1A
0000
01AC
0000
024D
0000
0423
0318
0279
0488
0000
0329
109F
16AC
02AE
0000
0000
0ECA
1331
0363
071D
1AD1
22BE
0CC1
03ED
0ABF
0C4D
1061
1631
10D2
1128
1455
117E
0000
0000
0000
036A
0000
01ED
070D
071B
0633
0000
0166
11A3
19D8
1481
0000
0349
0B9D
163E
09BA
09FA
14FD
233F
1153
0A59
0DF2
0CA6
0E3C
1912
11E2
08AF
0241
07F9
006D
0000
00CA
0752
02AC
04BD
0E8F
0D03
08A8
03C9
060B
0EB2
15A3
1D8C
0672
058D
0A8B
0CF2
0650
0000
03BE
0EA7
1728
0AC6
029E
0C79
1363
0EF7
06E6
03CA
0000
0007
0000
0000
014F
09A1
09C7
06A5
09E9
0973
0754
051D
0454
041E
0AF6
1661
0DFD
0000
0206
0022
0985
0000
0000
034C
14F2
17E0
0ACC
0C97
0D8E
0FD7
04FF
009F
0000
0000
0000
0000
0000
0ADD
1007
0709
018C
030A
03C6
0338
015B
0000
005B
0F2C
15E0
0000
0000
034E
0E62
0747
0418
103A
155D
1595
0AB7
0FC6
0845
04C6
0772
0511
0000
0000
0803
0760
0000
09B2
0DB6
0432
0073
0118
0000
01C6
045A
0000
0000
0BD5
15FB
0E6C
05E1
0B40
0740
0AF0
07EE
127F
0EF4
0C6C
0A09
0404
0000
0000
0378
035F
0000
04CF
08DE
039E
032E
0C8D
09E1
0111
0000
005C
010A
0563
0724
025E
02FF
0A16
0BDE
0F56
074F
09DE
028F
0175
08FF
0B40
0467
0339
085B
0000
0000
0000
0000
01B6
0A6D
0152
0000
0000
0193
106A
08EB
041B
05FB
0255
069B
0838
049F
0352
0460
071E
04D3
0928
0975
0362
01F0
00A0
0851
09B0
084E
0530
040B
0000
002B
0000
0000
026F
0668
0753
05EF
0000
0000
0469
04E9
033E
0721
0397
05EC
0782
05AB
033A
027C
010E
0000
0236
0362
0000
0000
0000
00BF
0001
007B
0000
0000
0000
02AD
02A9
031D
0815
0812
05E1
0448
0AFB
05E2
00C5
0522
17CA
1EDF
1E87
1F71
20E2
1DAE
1CCA
1A8E
1404
1259
19F5
1AD0
168F
12DF
10DD
10A0
116E
12CC
10FD
0A83
0F89
1749
1B83
1C85
1CF2
14FF
11A3
14BF
212C
0DC3
0000
0000
0000
0000
0000
0000
0000
0000
0000
0000
0000
0000
0000
0000
0000
0000
0000
0000
0000
0000
0000
0000
0000
0000
0000
0000
0000
0000
0000
0000
0000
0000
20EB
348E
2DAA
286A
2365
200C
1E85
1FC3
232F
262F
2844
2CF3
3237
33E3
32CD
3259
325E
2D5F
2483
210A
24D3
2C9A
323F
2DBD
2056
1E71
2BD0
34D9
2DA9
22E1
218F
1266
3440
43E6
3BB9
3A0C
33BF
3013
2D2E
2DA8
32FF
3856
3CE7
42DC
481B
4B20
4C23
4D59
4E4E
4645
3C5E
3BC3
3DD9
4436
4D23
44E4
38DB
3BB4
4592
4CC1
49C0
455B
3BEE
1B84
3368
3857
32A9
3509
31AA
2F22
2B69
2CCD
3200
34E2
3913
3ED4
4290
4413
47E1
4CDF
4FA2
4B86
4588
41DE
3E9D
43CB
5063
4B97
4159
4124
4201
47C7
542F
568B
4747
2092
3273
32B6
2A2C
2D82
2F8E
3452
397D
3B7A
3C2F
3B16
3B63
3C23
3B3A
3C4B
4334
4A7C
4BCE
4A2E
4891
43E0
417B
491F
5381
4D46
425F
3D5C
3817
46A7
5FEE
630A
4CAF
2632
32EA
3323
2691
27AD
3319
421D
4A87
4E52
50CB
4E84
4A57
45D4
3F76
412F
4DCD
5356
4E26
4998
4A39
4B2D
4CD2
526A
55AD
4DAF
4401
390D
2D3D
3F7B
6235
6A45
52F3
2F81
35D3
3590
23FA
2814
357B
4094
44AC
4A9A
5307
56EE
5653
5192
4B8B
4F86
5AA6
590F
4C17
45D9
4939
4DFD
4C58
4B0F
4FEF
53D2
525E
3F4C
2E37
3B95
5957
6DC0
66F4
3B58
395D
3930
26F3
2B80
334D
3676
36DA
3E88
4794
5071
5891
58BB
5431
5858
5D8E
52CF
4464
3DBD
4008
4394
41E9
3F72
46CB
5029
560E
42F5
2FCF
3CDE
515D
6708
7197
3FD0
381E
38CD
2763
28E3
2DC0
3219
3343
3882
3FA3
4801
4EA2
504C
5218
55A7
56A1
4C89
4047
3F5E
4185
3F6D
3E93
3E28
418A
46C1
4CAA
4159
3AFF
4A29
4FDF
5B42
6B44
40BC
34D7
35A2
26AF
2619
2CEB
32AA
3634
3CC3
4451
48C7
4B6A
4A8B
4BA6
4C25
4F00
4896
3DA5
42F8
48D8
44B3
3F8F
4214
410C
3D47
3EC1
3EB5
4267
5271
50AF
5403
65C6
409C
3315
33B0
2836
28F8
2BEB
2F07
318C
3D7B
4BCB
5128
528D
530C
4C7E
4596
47C7
4458
3FB9
45A8
4DF2
4C0F
4944
4BAA
4BFD
42C7
3B23
3B80
3D28
48EA
4C5F
5A3C
6C4F
4201
32C8
349F
2B5B
2C88
2C6C
2C87
308D
3C36
4A93
5776
6023
6089
5553
4664
40ED
3F9B
3EC8
44A9
5322
5A6B
5879
59D3
5F67
542B
443B
3A92
36F9
3DFB
4714
6299
71D5
3F6F
33FE
3939
3090
30C3
2FE5
3252
369B
3984
4152
50B0
6378
6AAD
634D
560E
4BE1
435D
3C23
411E
5059
5994
55E8
599C
64D9
5EF3
4D0F
3F3F
362D
381D
4218
568E
647D
3987
366A
3DD5
3524
35D7
38D1
3E34
3CB8
34E1
37D2
444A
5372
677E
73C2
70F3
616A
4D9A
4178
403C
47AB
4EAC
505C
5781
5FA3
5D73
528B
473B
3A7A
3A75
3CFE
444F
52E4
35BC
3941
3D6D
3213
35A6
3D0E
4406
42BF
3CFC
3E7C
4036
41BD
52A0
6B28
75C0
6C9B
5A64
486B
427E
44E8
498F
5232
5A76
5AD9
5759
5625
4CED
3C89
3C37
3BEB
3F8B
49B7
323B
3B74
3C92
2F3F
3399
3B08
4577
488F
4B54
4D52
4027
3A6B
4398
51BD
6282
743F
693E
55C9
4DA0
48C7
4A6B
559A
5B2A
594C
58C7
5A61
51D5
4127
4083
3DCC
3EFE
4445
2BE2
3DDB
3CBC
2C40
2FDC
38F3
438A
4B01
4F8A
4F6F
4419
4034
4429
3DEB
4928
656C
71C1
6556
54AA
453B
4266
47D4
4DCE
5156
59A0
6055
58C4
4C91
4BC1
41F3
3C59
40C3
298B
3F7B
3D63
2A73
2D98
36C5
41EE
49B4
4D99
4F11
4D37
5397
4952
36C3
38A6
4C09
5FF3
687A
5A05
474D
3F99
3F46
4266
4B9E
59ED
61AA
5CAE
567E
5414
4548
3E11
46C7
2E4E
3E2B
3BCD
2909
2B8B
3323
4220
4C75
4A42
4989
5124
5C19
5075
3780
391A
38FA
435C
57C8
59ED
4AEF
3FD1
3CAF
410B
4EAC
5548
586D
58C7
5514
4D75
4149
3FB5
50FC
34C7
3B82
3A65
27D7
27A5
2DF5
400A
5291
4C3F
4383
4BCB
5AAA
5802
4A69
42CA
346E
2F2D
44EE
4FCB
45A5
3BD9
3B3F
4436
4FF3
5000
526B
5710
5048
45B3
3ABF
3EFE
5717
360F
39B3
3A38
28EC
257A
29F1
3B55
5414
4E82
44CC
4A55
51A8
54DB
556C
4BE8
366E
3126
44B9
4B88
3FC3
34EC
34B6
3C48
47F1
5012
56D7
5AD9
564C
49C2
3A2F
3BFD
5386
3320
390B
3ACD
2C29
2739
2794
3634
4C8C
5260
4EA4
4D22
4651
49EC
5850
536F
3DF6
3F6F
4E5A
4D72
3E99
3983
35F6
38BE
44FF
4FBA
5981
62D7
662D
57EB
4138
3CCC
4C5E
3022
38F4
3B50
303F
2C62
2A1F
33C0
42E5
5327
58C9
4FAE
411C
44AA
5673
52A0
400D
42F3
4EDA
4EC9
44BB
4532
41EE
418B
4ABC
5282
51CA
5972
656B
5A42
41C0
3B65
4506
2BF8
39AB
3CFD
3496
329B
2ED6
32FE
396A
4A2F
5F79
5536
4254
46EB
50FD
4AB5
3F51
45CA
4EE6
5069
5634
5862
51A1
4F70
5A3C
59C0
53E6
5589
5818
522F
41FA
3DED
4332
2933
3B72
439A
3BA3
382F
350E
3474
32FF
4080
5C5A
58C6
492D
4D5D
4E68
453D
442A
49A5
4A56
4F6B
5E19
5CBC
5112
522F
6141
64A7
5C2D
52F3
4876
4286
3C6D
4077
457E
27A7
42BF
4DFD
3E77
3A39
3ACF
36AC
2FB4
391E
5049
57BB
51D5
50CB
4A8A
44E0
4D10
4C4B
432E
4A7E
5EC8
5E97
509B
54B1
61E7
6A46
61DF
4E02
3D3A
3625
34BB
3F79
450B
2665
4D5C
553F
3BF2
37FA
3B9F
3721
2F50
3391
41C7
527A
59C6
53C0
470B
4605
5330
4DD9
3F5D
4727
5EF0
6255
57D5
58DA
5A2A
5AAB
57F5
48B0
3660
35F9
3613
3BC4
413A
2748
549D
571B
39A2
36AC
38B5
3635
303A
2FDF
351D
46DE
5C50
56C4
46E3
48BB
5411
4D68
3E4B
47FE
5C77
6527
5FFC
5707
4C5E
4650
48A5
411A
38C0
3F6F
3886
37EA
3FBF
2A16
51AF
55AC
3D27
3A42
3ABC
39E3
3703
336F
3154
3E79
5669
574C
49C0
4B14
4FFC
4937
3E6D
4561
52B9
5C33
5ADA
5001
458C
3DD2
3D9A
3C54
3B84
3C57
34C9
3823
44F1
2E93
4B28
5202
3E77
3E59
3EEC
3E94
3FB4
3942
3294
3925
4A65
5048
4967
45FA
45DB
416F
3BE8
3DB1
4538
4B0C
4BA0
470C
41CB
3B3C
37C6
396C
38BB
3730
331A
3BFD
4BF0
3099
4352
4F20
3B96
3BAA
3E5C
3E8D
424F
3C2C
3505
39B0
42B7
4856
4504
4108
3F8C
3BF9
3941
3A42
3F76
3F53
3D80
3E5B
3F87
3B9A
3744
35A7
3629
3745
35F0
4468
527F
2C5A
327C
3EF1
32F0
33AE
36FB
390C
3DA6
39BC
347B
3521
353A
368B
37C8
3585
30C6
2E0C
2D2E
2ED2
3100
2E94
2A77
2D36
3210
3340
30B1
2FE1
3224
30E9
30F4
3E93
4691
2329
1E8A
2768
25A3
26C9
2953
2B04
2D3B
2C0E
2949
27C2
2621
26DB
274D
2654
23A2
216A
208A
20C1
21BE
20CA
1EA9
1F4A
20C4
2200
2348
2409
2696
2725
22C9
26CE
2EA7
1CBB
0000
0000
0000
0000
0000
0000
0000
0000
0000
0000
0000
0000
0000
0000
0000
0000
0000
0000
0000
0000
0000
0000
0000
0000
0000
0000
0000
0000
0000
0000
0000
0000
0000
0000
0000
0000
0000
0000
0000
0000
0000
0000
0000
0000
0000
0000
0000
0000
0000
0000
0000
0000
0000
0000
0000
0000
0000
0000
0358
0000
0000
0000
0000
0000
0000
0000
0000
0000
0000
0000
0000
0000
0000
0000
0000
0000
0000
0000
0000
0000
0000
0000
0000
0000
0000
0000
0000
0000
0000
0000
0000
0000
0000
0000
0000
0000
0000
0000
0000
0000
0000
0000
0000
0000
0000
0000
0000
0000
0000
0000
0000
0000
0000
0000
0000
0000
0000
0000
0000
0000
0000
0000
0000
0000
0000
0000
0000
0000
0000
0000
0000
0000
0000
0000
0000
0000
0000
0000
0000
0000
0000
0000
0000
0000
0000
0000
0000
0000
0000
0000
0000
0000
0000
0000
0000
0000
0000
0000
0000
0000
0000
0000
0000
0000
0000
0000
0000
0000
0000
0000
0000
0000
0000
0000
0000
0000
029E
0000
0000
0000
0000
0000
0000
0000
0000
0000
0000
0000
0000
0000
0000
0000
0000
0000
0000
0000
0000
0037
0000
0000
0000
0000
0000
0000
0000
0000
0000
0000
0184
0000
0000
0000
0000
0000
0000
0000
0000
0000
0000
0000
0000
0000
0000
0000
0000
0000
0000
0000
0000
0000
0000
0000
0000
0000
0000
0000
0000
0000
0000
0236
0000
0000
0000
0000
0000
0000
0000
0000
0000
0000
0000
0000
0000
0000
0000
0000
0000
0000
0000
0000
0000
0000
0000
0000
0000
0000
0000
0000
0000
0000
0000
0000
0000
0000
0000
0000
0000
0000
0000
0000
0000
0000
0000
0184
0000
0000
0000
0000
0000
0000
0000
0000
0000
0000
0000
0000
0000
0000
0000
0000
0000
0000
0000
0000
0000
0000
0000
0000
0000
0000
0000
0000
0000
0000
0051
0000
0000
0000
0000
0000
0049
0000
0000
0000
0000
0000
0000
0000
0000
0000
0000
0000
0000
0000
0000
0000
0000
0361
0000
0000
0000
0000
0000
0000
0000
0000
0000
0000
0000
0000
0000
0000
0000
0000
0000
0000
0000
0000
0000
0000
0000
0000
0000
0000
0000
0000
0000
0000
031B
0000
0000
0000
0000
0000
0000
0000
0000
0000
0131
0000
0000
0000
0000
0000
0000
0000
0000
0000
0000
0000
01F3
0000
0000
0000
0000
0000
0000
0000
0000
0000
0000
0000
0000
0000
0000
0000
0000
0000
0000
0000
0000
0000
0000
0000
0000
0000
0000
0000
0000
0000
0000
0000
0000
0000
0000
0000
0000
0000
0000
0000
0000
0000
0000
0000
0000
0000
0000
0000
0000
0000
0000
0000
0000
0000
0000
0000
0000
0000
0000
0000
0000
0000
0000
0000
0000
0000
0000
0000
0000
0000
0000
0000
0000
0000
0000
0000
0000
0000
0000
0000
0000
0000
0000
0000
0000
0000
0000
0000
0000
0000
0000
0000
0000
0000
0000
0000
0000
0000
0000
0000
0000
0000
0000
0000
0000
0000
0000
0000
022E
0000
0000
0000
0000
0000
0000
0000
0000
0000
0000
0000
0000
0000
0000
0000
0000
0000
0000
0000
0000
0000
0000
0000
0000
0000
0000
0000
0000
0000
0000
0000
0577
0000
0000
0000
0000
0000
0000
0000
0000
0000
0000
0000
0000
0000
0000
0000
0000
0000
0000
0000
0000
0077
0000
0000
0000
0000
0000
0000
0000
0000
0000
0000
0000
0000
0000
0000
0000
0000
03C3
0000
0000
0000
0000
0000
0000
0000
0000
0000
0000
0000
0000
0000
0000
0000
0000
0000
0000
0000
0000
0000
0000
0000
0000
0000
0000
0000
0000
0000
0000
0361
0000
0000
0000
0000
0000
0000
0000
0000
0000
0000
0000
0000
0000
0000
0000
0000
0000
0000
0000
0000
0000
0000
0000
0000
0000
0000
0698
0000
0000
0000
0000
0000
0000
0000
0000
0000
0000
0000
0000
0000
0125
0000
0000
0000
0000
0000
0000
0000
0000
0000
0000
0000
0000
0000
0000
0000
0000
03CC
0000
0000
0000
0000
0000
0000
0000
0000
0000
0000
0000
0000
0000
0000
0000
0000
0000
0000
0000
0000
0000
0000
0000
000A
0000
0000
0000
06E9
0000
0000
0000
0000
0000
0000
0000
0000
0000
0000
0000
0000
0000
0000
0000
0000
0000
0000
0000
0000
0000
0000
0000
0000
0000
0000
0000
0000
0000
0000
0000
0000
0000
0000
0000
0000
0000
0000
0000
0000
0000
0000
0000
0000
0000
0000
0000
0000
0000
0000
0000
0000
0000
0000
0000
0000
0000
0000
0000
0000
0000
0000
0000
0000
0000
0000
0000
0000
0000
00CD
0000
0000
0000
0000
0000
0000
0000
0000
0000
0000
0000
0000
0000
0000
0000
0000
0000
008D
0000
0000
0000
0000
0000
0000
0000
0000
0000
0000
0000
0000
0000
0000
0000
0000
0000
0000
0000
0010
0000
0000
0000
0000
0000
0000
0000
0000
022D
0000
0000
0000
0000
0000
0000
0000
0000
0000
0000
0000
0000
0000
0000
0000
0000
0000
0000
0000
0000
0000
0013
0534
011C
0000
0000
0000
0000
0000
0000
0000
0438
0000
0000
0000
0000
0000
0000
0000
0000
0000
0000
0000
0103
0000
0000
0000
0000
0000
0000
0000
0000
0000
0017
0000
0000
0000
0000
0000
0000
0000
0000
0000
0000
0000
0000
0000
0000
0000
0000
0000
0000
0000
0000
0000
0391
0000
0000
0000
0000
0000
0000
0000
023B
0000
0000
0000
0000
06DA
0000
0000
0000
0000
0000
0000
0000
0000
0000
0000
0000
0000
0000
0000
0000
0000
0000
0000
0032
0054
0000
0000
0000
0000
0000
0000
0000
0000
0000
0000
0000
0164
0000
0000
0000
0000
0000
0000
0000
0000
0000
0000
0000
0000
0000
0000
0000
0000
0000
0000
0331
0000
0000
0000
0000
0000
0000
0000
0000
0000
0000
0000
0000
0000
0000
0000
0000
0000
0000
0000
0000
0000
0000
0000
0000
0000
0000
0000
0000
0000
0000
0000
0000
0000
0000
0000
0000
0000
0000
0000
0000
0000
0000
0000
0000
0000
0000
0000
0000
0000
0000
0000
0000
0000
0000
0000
0000
0000
0000
0000
0000
0000
0000
0000
0000
0000
0000
0000
0000
0000
0000
0000
0000
0000
0000
0000
0000
0000
0000
0000
0000
0000
0245
01B8
0000
0000
0000
0000
0000
0000
0000
0000
0000
0000
0000
0000
0000
0000
0000
0000
0000
0000
0000
0000
0000
0000
0000
06BA
0000
0051
0000
0000
0000
0000
049F
0226
0821
058A
02BB
0000
0000
0000
01AD
041D
0518
0561
05F2
08AF
07DC
05BB
04A4
01AA
0000
0000
053B
068B
02FB
0000
0000
03C6
07EC
09A3
0085
0000
0000
0000
0353
00AC
0000
0000
0000
0000
05B7
0828
0462
011B
0000
0000
00CE
02F6
03CA
0518
094E
0A55
04F3
0177
04BE
0947
0B30
04A9
0000
0000
0122
0A83
0711
0000
0000
0000
015F
0000
01B6
0428
04C0
0273
0278
0386
0167
0000
0000
0000
0000
018C
03D2
054E
0405
060B
0142
03CF
050D
02C4
0475
0366
0000
0382
0A15
0D28
0B30
00DB
058E
0676
0145
01D0
0189
02AC
03F1
0000
0000
0000
0000
0330
0587
0560
0311
0000
0000
0009
0000
0000
0000
0000
0009
0000
0000
0574
0353
06FE
04B6
0000
0000
0034
0481
05BE
0000
019F
0283
02F0
0485
0792
05C0
059A
0409
0000
0000
0142
038E
0580
053D
031F
0120
02B0
02AC
016C
0000
02DD
05F8
03C8
0000
0000
0812
0612
087A
0000
00DF
0000
0000
0197
05D5
070D
03D0
0C4C
0F78
0E09
07A9
0420
0000
0000
0000
04BB
0210
0000
0000
0000
0595
0000
0000
0000
0122
0000
0000
0000
04D7
0015
0BD4
0000
0000
0000
0161
0000
0000
0000
0000
0000
0000
0000
0000
01F4
00F9
0000
000B
0000
0000
00AD
010E
0000
0000
00A5
0000
0000
0000
0168
05A4
0220
0000
02FB
0571
00DF
051A
04E5
0029
0000
0000
0000
01C6
00FA
0000
03A5
0B5D
0825
01A3
0000
0000
0000
0000
0000
0406
033B
0000
0818
0C9C
09FE
0000
04A7
0AD5
0E03
0000
0052
040C
0DF5
117F
0DB1
022C
01D6
00AD
0000
0000
0256
06AB
0198
037A
08A2
035B
0000
0000
0000
0000
0000
0000
061B
0740
03E7
0238
04F1
03A9
0277
000F
0000
0000
01F1
0000
0000
0000
0000
0192
0415
043C
022D
010E
01A6
0517
0000
0000
0000
071C
06AD
0129
01CD
059B
0446
0000
0331
0000
0000
0000
0000
0000
0036
00E4
0000
07CB
0AB4
05C3
0000
0000
0000
00DF
0135
0025
0384
01AD
0113
0000
0255
0A3E
0340
0000
0278
0089
0000
0000
0000
0000
011F
010E
027A
0236
0580
05FB
021C
0000
006E
0127
01B0
0215
0000
00DE
04CC
0239
00A5
0000
0439
05DF
0000
0000
096F
0EFF
08FD
0000
0000
07D5
0135
0096
022C
0B16
083F
03C7
0BB5
0D57
0CBB
0D47
0882
0000
0000
01CE
0240
0168
07D2
0931
07F9
0153
0201
03C8
02B8
0015
0000
02CB
0313
0000
0000
055F
04A3
061C
05F2
0031
0000
0000
0147
0000
02D3
0099
0000
0072
02C0
04D1
0000
0109
0172
0000
0000
0000
0000
035D
0492
0666
04E8
0450
04E3
0459
0669
0000
066F
0AAB
09ED
0000
0000
0750
009C
0000
0000
0000
0000
0000
0000
0000
0000
06D2
0525
0513
0564
02C6
0000
0000
0000
0000
0000
0480
02D9
0070
01AF
00AB
02A4
0381
01E0
0000
0000
03D6
0483
050C
00C9
0000
02E2
0BCD
060A
0000
0690
0000
0000
0000
00A4
01C2
01C1
01ED
0000
0000
0000
0000
0000
031A
0136
0092
03D0
0353
0000
051C
07CC
005C
0000
0DFE
09F4
03C1
0000
0000
0000
06A8
074E
003B
0C55
0F64
04D9
0000
0000
0000
0000
0000
0000
0492
0000
0240
0000
0000
024C
04FD
0847
0000
0000
028F
0F55
021F
0334
0000
0000
0000
00C9
001A
0000
0000
0018
0000
002E
0000
03EA
0298
0125
00BB
0000
0000
0000
0134
0000
0513
029C
0000
029C
060A
05CB
0000
032E
0485
057D
04D8
07DD
0000
0000
0ACD
0AF6
0E27
03F0
0000
0000
0000
0000
0000
054B
10D9
0F19
063D
0931
0B49
09CF
042D
0000
016C
00EB
0000
0000
068D
040C
0256
0000
0000
0000
0340
0627
000B
0000
0165
02BC
0000
0000
0000
0197
0000
0170
0050
0000
0000
0000
0000
0000
0000
0000
0000
00A0
0000
0000
0000
0000
0261
02CC
0875
07C6
0000
0000
0739
0BFC
0687
02D9
0190
0533
0000
0682
00E9
05AE
02B9
07EF
088A
0599
0000
0000
0000
00E4
0000
0000
0000
0000
0000
01D2
002D
003F
0000
044B
0A30
0CB7
0000
0170
07B0
0A79
0000
04B8
0000
053A
0000
011C
0000
0000
0000
05E2
0000
0000
034D
04EB
0360
00DE
0000
01B7
001C
03E7
0000
0395
059B
04E9
0000
02ED
0A43
09F7
02F0
013F
021A
0000
0000
0345
0000
0000
01D4
0344
0000
0000
0000
048B
0980
073D
0F8C
09B4
0000
0000
0000
03BB
0629
087C
0182
04E4
03FC
0498
0000
0000
0895
03A2
0486
0120
0000
0000
03B9
0314
0000
0000
07C5
0CA9
043A
04D8
0497
0900
04A6
06D0
0000
0000
0000
01DB
00C3
0000
0054
0000
0256
00D2
0000
0000
0000
0000
05B3
03B1
08F5
072F
0050
03C2
0869
0B2A
0000
07FE
09CE
10F3
0755
0D13
0585
086A
0000
0000
0000
0000
08DA
09AD
0709
01F1
0000
0000
028D
030D
02AC
018C
0254
0000
0179
052F
0B6A
0A7F
0000
04F3
08E8
0BFD
0000
0672
066A
028D
020D
032F
0000
0000
0408
0000
0000
0000
0000
0000
0000
0348
01CF
0000
0000
0000
0322
01BE
0220
0152
0000
0193
0934
0688
0000
01D3
0490
0524
0000
027E
03A0
0000
00A6
0169
0000
02CE
0A80
0541
021F
01E0
03CF
0000
0000
0091
0106
0000
0000
0000
0000
0000
0000
03B7
0000
0000
06D9
035A
0149
0000
0000
0000
0268
044B
0000
0454
0AB5
07CF
0000
00F9
0000
0000
0000
0439
03D5
0539
0000
0000
0000
0000
0000
0265
0000
0018
00BE
03E3
00FA
0000
060A
061C
09DE
0378
0000
03C3
0869
06CF
0000
03C7
0743
01A8
0000
0000
0000
0000
0536
076E
0000
05C3
060B
0695
01B4
0000
05C2
019E
0017
01DE
0129
02DA
027C
01F3
0085
0088
0666
0560
0000
0426
0490
0284
0000
0390
045A
00BC
02A0
04C6
043B
02EF
0529
023A
0000
0000
003C
034C
00AC
0000
0000
0000
0000
0000
0000
0000
0000
0000
0000
0000
0000
0000
0000
0000
0000
0000
0000
0000
0000
0000
003A
0000
0000
0000
0000
0000
0000
0000
0000
0000
0000
0000
0000
0000
0000
0000
0000
0000
0000
0000
0000
0000
0000
0000
0000
0000
0000
0000
0000
0000
00BB
0224
02BB
00CF
0000
0000
0000
0000
0000
0000
0000
0000
0000
0000
0330
00EC
0000
0000
0000
0000
0000
0000
0000
0000
0000
0000
0000
0000
0000
0000
0000
0000
0000
0000
0212
0000
0000
0000
0000
015C
0454
0000
0000
0000
0000
0000
007E
0000
00F2
0000
0000
004F
03A5
01DF
003D
0000
0000
0117
0000
0000
0000
0000
0000
0000
0000
00F4
0299
0000
0000
0000
0000
0306
0000
0000
0000
0076
06DB
00B9
0000
0000
0000
0000
0000
0000
0000
0000
0000
0000
0000
0000
0000
0000
0000
0000
0000
0000
0000
0000
0000
0000
0000
0000
0000
0000
0000
0000
0000
0000
0000
0000
0000
0000
0000
0000
0000
0000
0000
0000
0000
0000
0000
0000
0000
0000
0000
0000
0000
0000
0000
0000
0000
0000
0000
0000
0000
0000
0000
0000
0000
0000
0000
0289
0105
0000
0000
0000
0000
0000
0000
0000
0000
0000
0000
0000
0000
0000
0000
0000
0000
0000
0000
0000
0000
0000
0000
0000
0000
0000
0000
07B0
0000
0000
0000
0000
016F
0000
0000
0000
0000
0000
0000
0000
0000
0000
0000
0000
0000
0000
0000
0000
0000
0000
0000
0000
0000
0000
0000
0000
0000
0000
0000
1135
0000
0000
0000
0000
0000
0000
0000
0013
0000
0000
0000
0000
0000
0000
0000
0000
0000
0000
0000
0000
0000
0000
0000
0000
0000
0000
0000
0000
0000
0000
0000
0503
03C7
0000
0000
0000
0000
0000
0000
00A5
0000
0000
0000
07C2
0BFC
0525
0000
0000
0000
0000
0000
0000
0000
0503
074C
0000
0000
0000
0000
0000
0000
0000
0000
0000
00AC
0141
0000
0000
0000
0000
0000
0000
0000
0000
0000
0000
0000
027A
067C
0000
0000
0000
0000
0000
0000
08EC
0297
0000
0000
044A
008C
0000
0000
030E
04F9
0000
0000
0000
0000
030D
0000
0012
0000
0000
0000
0000
0000
0000
0000
0000
0000
02AD
017F
0000
0000
0000
0000
0000
0000
0000
0000
0000
0000
0000
0000
046B
091F
0000
0000
0000
0000
0000
00DC
0000
00A7
0000
0000
0000
0000
0000
0000
0000
0000
0000
0000
0000
0000
0684
046C
0000
0000
0000
0000
0000
0000
0000
0000
0000
0767
0474
0000
0000
0000
0000
0000
0000
0000
0000
0000
0000
0000
0000
0000
0000
0000
0000
0000
0000
0000
0000
0422
0000
0000
0000
0000
0000
0000
0000
0000
0000
01A4
0633
02B4
0000
0000
0000
0000
0000
0000
0000
0000
0000
0000
0000
016D
08B3
0000
0000
0000
0000
0000
0000
0000
0B7D
0000
0000
0000
0259
0000
0000
0000
0000
0000
0000
0000
0000
0000
0000
0082
0000
0000
0000
0000
0000
0000
0000
0000
0761
098B
0000
0000
0000
0000
0000
0000
0CD4
0946
0000
0000
0000
0000
0000
0000
0000
0000
0000
0000
0000
0000
022A
0000
0000
0000
0000
0000
0000
0000
0000
0000
0000
0000
0EBB
0275
0000
0000
0000
0000
0000
0698
0000
0000
0000
0000
0000
0000
0000
0000
028F
0000
0000
0000
0000
0000
0000
0000
008F
0000
0000
0000
0138
0000
0000
0000
02D5
07AF
0000
0000
0000
0000
0000
0000
03E1
0000
0000
0000
0000
0000
0000
0000
0000
0000
0000
0000
0000
0000
0000
0000
0000
0000
0000
0000
0000
0000
0000
0000
0000
0000
10D1
08E9
0000
0000
0000
0000
0000
090E
0000
0000
0000
0000
0000
0000
0000
0000
0000
0000
0000
0000
0000
0000
0000
0000
0000
0000
0000
0000
06B5
0000
0000
0000
0C4C
1444
03AB
0000
0000
0000
0000
08CB
0A90
0000
0000
0000
0000
0000
0000
0000
0000
0000
0000
0000
00C4
0000
0000
0000
0000
0000
0000
0000
04F5
063D
0000
0000
0000
0734
0BDF
0989
0000
0000
0000
0000
021F
0000
0000
0000
0000
0000
0000
0000
02A4
02E9
0000
0000
0243
003D
0000
0000
0000
0000
0000
0000
0000
02D0
0000
0000
0000
0000
02C4
0ABC
0170
0000
0000
0000
0000
0000
0000
0000
0000
0000
0000
0000
042E
03D7
0000
0000
0000
0000
0000
0000
0000
0000
0000
0000
0000
0000
0045
0000
0000
0000
0000
0000
0000
0000
071E
0386
0000
0000
0000
0000
0000
0000
0000
0000
005C
0128
0000
0000
0000
0000
0000
0000
0000
0000
0000
0000
0000
0000
046D
08D3
0000
0000
02CD
0000
0000
0000
0412
0B6B
0000
0000
00BE
0000
0000
0000
0000
0000
0000
0000
0000
017F
0000
0000
0000
0000
0000
0000
0000
0000
0000
0000
090F
07FC
0000
0000
0325
0082
0000
0000
0000
0000
0000
0000
0000
0000
0490
0000
0000
0000
0000
0000
0000
0205
0186
0000
0000
0000
0000
0000
0000
0000
0000
0000
0000
06B8
0000
0000
0000
0150
0000
0000
0000
0000
0000
0000
0000
0000
0000
088A
0000
0000
0000
04CB
0000
0052
0000
0000
0000
0000
0000
0000
0000
0000
0000
0000
0000
0000
0000
0000
0000
0000
0000
0000
0000
0000
0000
0000
0000
0000
0000
0000
02B1
08DF
030C
0331
0000
0000
0000
0000
0000
0000
0000
0000
0000
0000
0000
0000
0000
0000
0153
024E
0000
0000
0190
0542
0000
0000
0000
0329
0000
0000
0000
0000
07CF
0D1E
0000
0000
0000
0000
0000
0000
0000
00CA
0000
0000
0000
0000
0000
0000
0000
0000
04C1
066A
0000
0000
0000
0000
0000
0000
0000
0000
0000
0000
0000
0000
0409
0000
0000
0000
0000
0000
0000
0000
0395
0316
0000
0000
0078
0000
0274
0000
0000
0000
0000
0469
0000
0000
0000
0000
0000
0000
0000
0000
0000
03BD
05DF
012A
0000
0000
0000
0000
0000
0000
0000
0000
0000
0000
0000
0000
0000
0000
0000
0000
0000
0000
0000
0000
0000
0000
0000
0000
0000
0000
0000
0000
0000
0000
0505
0208
0000
0000
0000
0000
0000
0000
0000
0000
0000
0000
0000
0000
0000
0000
0000
0000
0000
0000
0000
0000
0000
053F
0000
0000
0000
0000
0000
0000
0000
0000
0000
016E
0000
0000
0000
0000
0000
0000
0000
0000
0000
0000
0000
0000
0000
0000
0000
0000
0000
0000
0000
0000
0000
0000
0207
0000
0000
0000
0000
02DC
0000
0000
0000
0000
0286
0000
0000
0000
0000
0B84
02B4
0000
0000
0000
0000
0000
0000
0000
0000
0000
0000
0000
0000
0000
0000
0000
025D
0218
0000
0000
03D3
0436
0000
0000
0000
0000
0000
0000
0000
0000
0000
004B
0000
0025
0000
0107
04E2
07E8
08C2
084D
06B1
0513
0500
021B
00EF
0453
04E5
00EC
0000
014C
045E
04D5
0537
0351
0000
0060
0716
00EC
0000
0344
0000
0000
0000
0000
0000
0000
0000
0000
0000
0000
0000
0000
0000
0138
02C8
0000
0000
0000
0000
0000
0331
063F
0064
003C
034E
0647
023F
0B5A
0B3D
013C
0000
064B
0414
0108
0000
0000
0000
0000
0000
03A8
0000
0000
0000
01C9
02FD
0040
0000
0000
0000
0000
013C
056A
0A50
094F
01FD
02E1
0709
0D15
0D20
02CC
0CC9
0B19
0471
0A08
00FA
05CA
0000
0504
045F
0CB7
117E
1C30
2397
234E
1E53
1656
10EB
0BDB
09CB
0B14
0ECF
0F3D
0EFD
12DA
1365
1536
1207
1282
0F81
086C
06DE
0000
02A8
0E2B
0FE0
08F7
0000
0000
0000
00BE
047F
0876
0BBD
1300
1A54
1ABE
176E
12FB
0C9D
06AE
03A4
0720
0E07
0B34
0756
0D7A
0B35
0E33
1007
0D49
0C35
06E6
030D
0000
0000
07EC
1369
12B2
0000
0000
0000
0073
0000
0016
02F5
0000
0000
0000
0000
042F
082A
0783
0598
05C4
0828
0000
0000
0000
0000
0000
0321
0000
0000
0000
03A7
0000
0000
0000
0000
08D7
0D36
0988
0000
022A
0000
0000
0047
0000
0000
0000
0000
00B2
055F
09EA
052C
00CC
04F5
0000
0000
0000
0000
0000
0052
0000
0000
0000
0643
0C5B
02BC
0000
0000
0B6E
1BAB
09FC
0000
01C7
00C5
0163
0067
0000
0000
005E
0000
0000
0000
0000
0000
0000
013F
0000
0000
0000
0086
0000
0000
0000
0000
0000
0000
04F3
1056
0BE0
0510
025A
0000
0000
0000
043D
05FC
0276
0000
00C1
06DA
0675
0000
0000
0000
00B0
0000
0000
00F3
0000
0000
0000
00B6
0000
0000
0000
0000
0000
0000
0000
0AB9
0F29
0635
0000
0000
0000
0000
00E5
0000
0000
0019
03CD
025E
09F4
1891
13F6
050C
03E7
000A
0000
0000
0000
0EA6
11C8
0D28
0FA7
1293
1244
0FCB
0866
0000
0000
0000
029D
042F
0665
0E3C
0659
0000
0095
0000
0000
023D
01D5
0000
03CA
11FD
1581
0DCF
0000
0000
0000
0000
0000
0A17
0D7C
07B4
101F
14B1
106C
0D6A
05EC
0000
0000
0000
0000
0000
0759
1839
0834
0000
06D6
0B47
0A56
0411
0484
0222
0000
0000
0000
0E45
1515
08B1
0981
06BC
0035
0000
0000
0247
0525
0000
0000
0000
00DC
01E1
0000
0000
0000
0000
0000
045C
0110
0000
051B
0C66
0991
00C1
040E
061F
0000
0000
0000
0514
164C
153A
0F37
0761
002D
0000
0000
0000
0000
0000
0000
0000
0000
0000
00CE
01E3
035D
00D1
0000
0000
0000
0000
0000
050B
05D9
04B9
05B7
03AB
00D7
05CC
0000
0000
0000
0B08
173A
09D7
0000
0000
0000
021E
0887
08F2
0DA0
0C53
0506
0000
00E5
00B2
01A3
0478
0000
0000
0000
0000
0000
0000
01F3
07B5
054D
0000
072F
0EB9
0000
0000
0000
0149
1435
0FBC
0836
0293
0000
0000
0A2C
127D
0E4C
093B
0886
0059
0000
0000
0000
020A
0009
0000
0000
0000
01AF
0000
0000
036E
02DF
0000
022C
099D
04C7
0147
0000
0000
0000
0000
0F6C
1208
07F7
0000
0000
0000
0000
0000
0000
09AC
0E3C
0933
047F
0941
05B9
0000
0000
0000
02BF
0000
0000
03E3
0507
0758
000B
0000
0866
0F7A
0100
0000
0000
0000
10AF
1607
0F09
0000
0000
0000
0000
0000
0000
0A61
0DBC
092F
042F
0750
0513
0000
0000
0000
0000
0000
0000
04D0
0643
0CC0
0056
0000
00B1
045D
060D
0000
0000
0000
0000
0000
0000
0000
0540
00D0
00BE
09C7
0000
0000
0000
0000
0000
0000
0000
04CE
022D
0000
0000
0239
019E
0227
0400
0B79
07C8
0000
0000
0099
0A3C
0000
0819
0000
0000
0000
0000
0357
0362
07C8
082D
0EB8
06A7
0000
0000
0000
0000
0000
0000
099B
04E2
0000
0274
0294
021A
0107
0000
070F
0847
0000
0000
02B9
0939
0782
08F0
04E8
09D1
06ED
0000
0000
0000
0180
0598
0240
0000
069D
11EE
0E78
04D7
0000
04C7
0931
0455
0000
038E
02B8
0315
02AB
0000
0762
0800
0B18
0247
0000
04DA
0361
0555
0000
1267
120F
0000
0000
0000
0000
0000
0000
0000
1067
1395
0A06
0123
0000
023C
0B44
0000
0000
022F
034C
040E
031F
0000
0705
073F
0B50
03AD
0000
038D
0000
0491
0000
06D9
160E
09B8
0000
103D
0A5B
0AE4
03F7
0000
0000
0000
09F3
0D31
0000
0000
0000
0000
0000
02E4
0552
039C
0301
03EF
0573
04FA
0670
0511
0000
016E
06A1
0864
0000
0000
0C2A
0C23
09CA
0DDC
0000
125F
0F2E
01D4
0000
0000
00DF
05E2
0000
0000
0000
0000
0000
03E0
0B73
0AB5
082F
07E9
039F
0098
0545
0A11
003F
00D7
0B58
05B8
069C
0000
0000
04FA
0660
05E6
0000
0AD5
0B38
09CF
0000
0000
0000
0000
0000
0000
05DB
05B8
0000
040A
0841
0A31
0524
0506
0181
0000
0A60
0A65
0B10
0000
003D
0853
082A
0000
0000
012D
00B1
0510
0000
0221
01E9
09C3
086C
0000
0000
0000
0000
006A
080F
0129
0000
030C
0000
0000
0000
0000
0000
0000
0865
0ADC
0F72
0387
0000
0514
03C9
0954
0000
0928
089B
09D5
0000
0143
0000
0000
0000
0000
0000
0000
0450
0379
0000
0000
0000
0374
0000
0000
0000
000E
0000
01E9
060F
07B2
0E24
0ADE
0000
0000
0485
0954
0000
0251
0B2E
071B
06E1
0000
0000
0000
0000
0000
0000
01B6
03A5
06C6
0000
0000
0000
0000
0000
0000
0000
0282
0000
02C6
00A4
0000
04EC
07AF
0183
0000
0376
022E
0000
0000
0465
0157
01E0
0000
0000
0000
0000
0000
0000
0000
0000
0000
0000
0000
0000
0000
019A
047C
017B
0179
01E2
0486
0043
0000
02EF
03FA
086E
00C2
0121
0007
0040
02A4
0280
0000
0000
0000
0000
0000
0000
0000
04F3
01EA
0000
0000
00B1
064A
0000
0000
04D1
02B1
0308
059B
03C9
03C0
0000
0208
03AE
0000
0000
0000
0000
0000
0000
0000
0000
0000
0000
0000
0000
0000
0581
02FB
0089
0000
0000
025E
05C8
01FF
0000
05B8
0BCE
095B
0713
086A
064E
0541
010D
02FE
0390
0246
011B
0132
009E
0169
00DF
02BA
04E5
0000
0000
0000
02F3
07FF
085F
0242
0066
0165
056F
07A8
0D08
0000
0000
0000
0000
0000
0000
0000
0000
0000
0000
0000
0000
0000
0000
0000
0000
0000
0000
0000
0000
0000
0000
0000
0000
0000
0000
0000
0000
0000
0000
0000
0000
0000
0000
0201
08A8
0D4F
0AE8
092B
09B0
0CC7
0C03
0A2D
0854
05A9
05E9
0A96
0EB0
0B2B
08EF
0B53
0AC5
028B
00F1
0789
07C9
0635
058D
0000
0000
041A
0CAA
0000
0000
08A2
0DE7
05E7
0FE9
18BC
1C79
1A06
1935
18F3
189B
18C8
1894
1510
1113
17A1
1F72
1D94
1C6B
20C1
1D93
1104
0D95
1287
14EA
1B1A
1B28
0BE5
0000
0F87
1E19
149A
1868
18B1
176E
105B
15B2
171D
1981
1057
0E26
10AE
1161
1392
1933
1BC5
19F5
1E61
20A1
1D98
1D14
213E
1F7C
15A3
11E7
1578
185B
23D3
2529
16D6
044E
11AB
1936
194C
23ED
13C9
16DF
10AA
1363
0D78
0B90
050C
0436
0AD5
07CA
048C
09BF
1023
1206
1412
1769
1870
17C7
1897
15FC
13BC
1838
1CA0
1A06
1C6E
1C5E
1855
0C9E
0C06
1664
1D8C
2AEC
09EC
0C76
07E5
0BE6
03AD
0C28
111E
111F
170B
1A08
1A28
18F5
1677
12F9
1235
18ED
21C3
22FE
208F
1AE5
1810
21CB
280C
25EF
22E2
1DD9
1ECC
18F1
065E
08F3
259B
36B4
173D
1061
04A4
0B8A
00DF
0AEF
1176
0E9B
0E27
17D9
21E7
264C
2700
22EA
1F93
1FDE
26F2
25B2
1D68
1C3A
1EDA
2124
2505
2761
26A1
2338
2834
1E74
09D3
0000
1BC8
35C3
25DE
1F60
097B
1517
0CFB
1453
1C00
1CE4
16E3
1809
1901
1C72
2402
2A7A
2E07
2A7D
2CE3
28AB
1CA7
2100
2C23
238A
19C9
1DD2
250F
1906
1F70
17F3
1216
0837
1A1A
297E
20A1
2B71
0A46
15B0
126F
153E
1902
1BE1
1B68
1C53
1CCB
1BA9
1D0A
23F4
2C59
268A
292C
27A8
16E1
1DE6
2E49
2968
1C21
1EA1
23D9
17E4
12BF
13A4
1C23
1948
1822
1F9F
14A9
2B60
0ACB
130A
0F2E
0D11
0EFE
0EC6
0D8C
12C1
1E3C
258A
24D8
2752
24C7
19D6
1AA6
1926
11F2
149D
1B63
1ED3
1AC2
194D
1A1E
1A33
180C
0FFB
1467
2228
1EF8
2112
1F51
2B8B
0C2D
1486
0E2E
0D0C
0D69
0CD2
0ACE
12E8
20BF
2258
2246
21D9
1CBB
1708
1531
1506
15C3
14E1
14F1
1A11
1BEF
12D6
13C4
183F
1A50
0A37
02BD
15C7
2352
295A
2511
2D42
09F2
125E
0D58
0E2D
0F01
127B
1553
11D0
197C
21A2
27CF
1EF8
15CD
16A2
1A44
14CA
1531
1A93
1DB6
25C4
25E2
1D9A
2409
2546
1D02
0B79
091F
1102
1769
270F
235C
314D
0901
0F3B
0A81
0EAD
0F48
12CE
19F0
1282
065D
1056
2459
26CC
1D0C
1693
157A
0F85
0E9A
1497
201C
23BD
1AC2
1C6E
2C74
3226
2674
1829
1285
1459
12D4
1451
17BB
307F
0A4D
1179
0F92
15BF
16E2
19C6
1E12
18D7
1345
0D2C
0EC3
1B1E
2BCD
293D
1E99
19A1
16C4
168B
22D2
2495
1AD1
1FB4
2CFA
2D17
2632
229E
19EA
140E
1548
1BAA
174C
28F1
0A83
1093
0DDD
1489
1C9E
1F96
1C2D
1687
1C55
15F3
016B
0780
2245
2B55
2D80
2958
1A85
1333
1CAC
255C
2146
21CD
27AD
248F
22AA
2543
1FF2
183F
17CA
21BE
19BB
2012
0CAC
14BB
08A1
0E89
198C
227F
1B30
1689
233F
2189
0C29
0AD1
1826
19EB
2557
2B57
1D48
103C
1366
1EFD
2762
2575
22D5
226F
267D
2451
1664
0FCC
18FB
2287
13A3
1AE8
0D8F
18E8
07B9
0919
1615
21CB
1E66
1254
213B
28FD
2036
0FA3
0994
0DC0
20A4
2CF8
299E
20AE
1482
0E54
175B
1E85
1CE3
2589
3062
2B1B
1BC2
0F32
1535
1B90
11E5
1A69
0A86
17E5
0A0F
0582
11C6
22F8
2525
1696
1232
1A5B
2B74
23C0
0351
05CE
21D3
2445
24B1
2B2E
282D
11A1
0DC5
19A1
254D
2911
2D5D
2D97
29FE
1D59
1A07
1685
1498
1D3F
085E
1410
0D08
086F
0BA6
1DDB
23DC
2540
0FDB
09A3
256E
382F
1168
0000
17B5
1D20
162D
21FD
2AC9
191A
0B30
17D3
269B
28D7
25AF
21CC
23D2
20BD
1DE1
186F
19C3
26BD
09C4
1230
09EB
0C8B
0FC2
10DD
1DD7
2990
1A8A
0526
1B0B
2F5D
203D
07DA
0EAA
1C55
2469
1E43
1636
17BE
17F7
1A34
1EF1
2236
2CE0
2AA1
1CA2
1734
1944
187A
197F
2EAF
0BC3
13C7
087D
0EE8
1573
0686
17D9
2725
23AE
0CA1
1759
1AF5
1AC9
1E36
134B
0CD1
21FC
2333
05B4
0791
238A
1FD3
129E
19B0
2CBF
2788
1896
0FED
13A4
1384
14F2
2FB0
0C98
15E5
0BDA
1257
1584
06D9
1552
2088
2084
1BE0
13BA
1127
1758
2944
1806
08E2
1BD2
2A9C
0701
0446
26B4
26E6
12EC
139D
22F5
26EC
27A0
1D31
13E6
1139
1797
2FCC
0ACF
1537
118B
1635
12D4
0BC8
16BC
1839
17E0
2512
178E
0CCE
1CF1
2571
0B91
0222
1EC1
2F5A
113B
03D1
16F5
1CB8
18A7
13C2
0F60
1546
26B6
2789
19D6
1961
1BE4
2C9C
0855
12D2
1398
1559
0E19
0E93
199D
10D9
1773
27B3
1D97
0BA4
2222
2D8C
10D2
0000
172D
24D1
1EB3
1615
16DC
19A4
2402
2706
1DED
1848
1D2C
1C6B
163E
1E44
1CB7
247E
0816
1628
15E7
14DC
0E5C
1299
181B
0ABD
1C46
2672
1F74
10C1
1D62
26B6
19A1
0960
0E5F
1581
1C23
2009
14F4
1934
31FF
3A0C
2C5E
1912
1335
0F8A
1343
222F
1D46
1C74
0C03
1AC0
11B6
14E4
14FC
19E4
1774
0A74
1CEB
2431
1CA8
1BF6
1997
1629
1DB8
1B1B
11C2
0F4F
1E56
2A9B
1E6E
19A7
23FC
32FA
2EE0
1B2E
1069
104C
1628
1E8C
1884
1BD4
1172
1E29
09BD
0F61
1880
1DBD
1666
0B88
1A79
2080
1AD6
2503
1DB8
0DE6
1CB9
2731
1C44
0CDF
2028
3208
2EB7
218A
145E
1366
1C7C
21B4
1754
1166
1635
183E
14A8
1CB3
10D6
2028
0AAA
1102
1810
19F1
1194
0BC7
155F
1427
196C
25CC
24D4
0F2F
1774
23F9
2227
1778
1D01
2EAF
2F5D
2959
1AD1
10BB
0F03
16C5
1BE7
1653
1498
1696
1785
2079
0BB1
1BB5
0C25
13D3
17FC
177E
104D
10C3
14FC
0A90
15F3
229A
25A7
164B
147F
19CF
1D28
1FA7
1A12
1E5A
1DD8
252A
2177
14E1
1165
12A9
1583
1415
10C0
1009
1781
222B
0D1D
1353
082C
1379
19F9
1CE0
18D5
1A87
1B0B
118F
1A3C
2097
1E12
1E64
1A9A
159A
1674
1D4D
21D3
18AF
1217
1766
1C68
1939
1706
1564
1469
18AE
17D3
1378
1302
25B7
10D4
17C9
0F55
1DB7
25A7
2275
23B4
2776
2717
1F69
2305
240C
1EB7
24C4
2B99
225C
1E42
21C0
2BD4
23F2
1B8B
1959
2075
2A0F
2B27
1E44
1B87
2669
289E
1E37
1508
273B
0000
02FB
00BF
06AE
0AFA
0998
0ACD
0A30
09DF
0739
06E9
0064
0000
056E
0D6E
078E
00FA
00CD
0681
091F
05C9
00B6
03B9
0F3C
15C4
08EE
045E
0ACB
0BB8
09B0
09A0
1469
0000
0000
0000
0000
020D
03D5
0676
038E
0360
0843
07E7
0000
0000
0000
03B0
05BF
01F4
0000
0000
01FB
0613
025B
0000
004C
0717
06E5
03F3
023F
0057
005C
07DD
135A
0DCA
203C
1363
1568
13F9
1139
11D5
1512
1508
13E2
12CC
11DF
1743
1944
17BD
198E
1B22
1981
1174
0CCC
1579
1EF1
2133
1AD8
10E0
080F
1A78
23DE
1AEB
1478
249C
2659
07B8
0F45
092C
1540
1394
0CCC
0962
08DD
091E
0AE7
0A4E
0703
0CBF
124C
0FB8
0CF7
139D
1A64
15F9
0E30
0BB1
0C75
17DC
1EB7
1750
0851
12A6
1B2E
179F
1385
23B9
3180
0B36
10CE
1442
1BAA
1D2A
18CA
15C9
1339
1428
1526
12DF
0FC5
1421
151D
0EDD
0A9A
112F
1577
1155
0CC0
0456
0063
1197
1EAC
0818
0000
0767
1333
0F96
0FEB
174B
2AF0
088F
0DAF
0F76
0FA2
11E6
1364
1675
152F
11EF
0E66
0E31
0E26
0EF8
0E6C
0D63
0CB1
0DA5
0B36
0BCF
0A48
0000
0000
0DDD
143E
0345
0000
0000
0000
1A97
23D9
0D52
18EE
04F3
10F1
099A
0827
0B7B
06D4
0AC7
10B9
0E85
06E8
0443
0700
076C
0569
0B94
0FB4
09E8
01CF
072A
0AD8
000C
0000
06D9
0F37
0887
0139
0000
0000
1D98
448D
1F1F
0A56
0267
11A5
0692
0824
0D23
095B
0166
041E
0DB1
0F54
0B77
08B6
04DE
0060
0D91
1297
0696
0000
02A4
06BD
0982
0456
0000
0842
16E6
1319
040B
0000
01E0
4383
3BB3
1F96
01E5
13AF
0840
0000
08D6
119C
0766
0000
0000
093F
10BF
1309
083F
0000
0D21
1526
0642
03C2
0B07
0692
0744
0CA2
03D1
016F
16C9
1D30
07DD
0000
0000
1F74
3F3B
4BB3
0000
12FC
091E
0000
0000
12FB
178B
0BA5
0867
0591
0942
13F0
1134
0A11
1308
1977
0E6C
0C78
162C
1282
07F6
0A89
0F45
0737
057E
118E
068E
0B85
0BAB
0D83
2694
51C9
0000
0C21
04A9
03BF
0570
0920
0E4E
10A8
1143
0EA7
09FA
0C06
1028
0EEA
15EE
212C
149D
0A76
17F5
1EE9
145A
0877
1102
12D4
0504
0000
07AF
1CE7
1369
175D
253B
3CEB
0286
07E5
0148
098E
0A70
07B4
0644
07D4
1082
0F4D
0AEC
0973
0E59
0805
09F5
12AB
1655
0C8C
0AC0
1449
1279
07D1
09EC
103D
0C1D
0000
0000
149E
0FE1
17A4
2950
3925
054B
0DE7
07BD
0A39
0811
0D62
0C6C
0000
0697
19FE
15D4
08E1
0B94
0E73
0AF6
0000
0946
1141
0ECC
06F8
0822
08C8
0AE1
0D33
071D
0000
0000
01F9
0CCC
0F41
278A
5025
035F
0FAB
07E4
06CA
0604
0BC0
0F3E
0137
0000
0A8A
2203
1A0F
068F
09A7
1017
044A
0000
0A16
17CA
0DE8
0000
0000
0E7D
1796
03EC
0000
00B0
01FE
095D
19A0
1D88
575B
0407
0CBF
01EE
066B
08B2
0455
0C78
125A
0754
0000
0352
1DBF
168D
0733
0957
05C0
007D
01B1
1776
1CA1
0C22
0000
07DD
126A
0DEF
049A
02AE
069F
0BA6
2428
1BB4
44FB
06BE
0D98
0000
08C8
0DA3
026F
0255
109C
158A
0395
0000
0000
1CC6
241B
1246
0737
06C2
0000
09CE
1B9B
1873
0969
0A72
0A09
0D4E
0C27
0858
0365
0786
2401
234E
3892
0703
10CA
00C9
02B4
0F0C
0D45
0305
00EC
11D9
1621
0BD7
0000
0000
1E59
1F63
13EB
0271
0000
0000
0147
1575
1701
0EB2
0C36
1112
0DD5
0905
09B6
05C3
1D05
22F7
361C
0611
1565
0547
0000
0A41
155B
086B
0000
0E9C
1434
1001
0000
0000
0000
1585
24D6
0F97
0000
0231
0000
0DB3
150E
096C
05CB
1466
14F2
02B0
0411
0638
1B4F
1E2E
2DA3
0394
15C0
07B6
0000
05E3
14E5
0E9E
0000
0000
0A0C
1404
0CB6
01F9
0000
0000
17AA
2163
1C64
0C92
0000
06E9
13D9
0BDD
0000
0C18
1C39
119E
055A
0356
19C4
2004
26DD
0109
1248
05AF
0000
01B8
099D
11DD
0D2C
0000
0000
20EF
20C3
03DA
0020
0277
0000
0CE3
2299
0F02
0000
05FD
10FD
14F6
09D7
001C
09E5
1839
0C95
0000
115F
2507
337D
00FB
0DFF
0263
041E
0000
0000
14F6
2470
063F
0000
0EFC
261E
0B17
0000
0E37
0627
0811
0A0A
0820
0000
0879
0000
1685
26A4
119C
04C1
1132
10CC
01D5
0650
22CC
4574
01FD
0E77
0185
0688
0000
0000
0E0E
272D
098F
0000
0000
0E19
1E77
01E9
024E
0467
1572
1438
02ED
0000
09ED
0000
0000
1AA0
1D2E
0C93
0E14
11D5
09B6
085D
1C81
4B58
0021
11EA
04DA
04DA
0000
0000
042B
1A57
0F19
0000
0000
0000
1EB0
1C21
0000
0000
1B92
261D
0B7F
033B
0BA0
083F
03A3
0000
11A9
19BD
1110
07B4
001D
0D51
1892
4594
0000
12DC
0888
058C
0000
0000
02A9
0805
1967
1027
010A
0000
1023
2B7A
0000
0000
14D0
2710
0CE7
0000
0C9D
116A
12A8
0000
0000
08C7
22DA
2037
0000
0975
15B1
3833
021D
120B
0BFE
0AD2
00B6
0333
00E4
0000
1930
21BB
0000
0000
0C8E
251D
0B5D
0000
0061
1A3E
1461
0000
00BB
054F
1648
1396
01BF
0000
0F57
2998
0C6B
1196
1B7B
2B9B
0410
0EF6
0C69
0FC1
04C3
0216
0000
0000
0D08
2597
02B8
0000
04CD
1153
0E41
0000
0000
0000
1AFE
1787
0000
0000
1818
203A
0ECA
0000
013A
1579
0FBF
185F
2164
2972
0733
0F1A
059A
0EAF
0CE6
0198
0000
0000
020C
19E7
0BE8
0000
0000
0000
1246
135D
04C0
0000
1477
2B82
091F
0000
0BC9
2592
1D29
1752
0F1A
0BD3
0A66
182B
1DFC
2DF5
0B6F
1C51
0000
03EA
1014
08A6
0000
0000
0000
0692
1636
1361
00F7
0000
1222
2520
07B0
0000
0928
3051
147E
0000
019B
1022
26C4
20C7
115B
092B
10CB
20F0
1A56
2B86
0F95
2901
06AA
0000
0B6E
0E9C
00DB
0192
026B
0000
1592
2AB9
089C
0000
0755
2171
0A37
0000
004F
1E32
1A69
10A6
0CD7
054A
1677
1DAE
0BB2
05A7
1224
2261
1F20
27E0
0B81
2AD7
11C4
032D
0895
0F5F
0A86
06A4
0265
0000
0546
2B45
1036
0000
00A9
112C
0E1C
0000
0095
0B0B
1DD1
1906
0C47
0B3B
0BA4
1283
1581
0F80
040E
13B0
253B
305D
079E
1B01
11CC
09B7
06A2
0825
0D19
088C
0052
0000
0000
1446
11D4
054F
0362
00C2
0A85
08A9
082B
0565
12C4
1871
0E12
0DF1
10A2
0A50
13B1
1954
0561
085C
1FD9
342B
07DD
1760
16C0
111D
0611
0279
09EF
0741
0000
0000
041D
058E
0A7D
0E13
083F
0000
067C
0CD2
0DBC
09B8
0764
0FD6
151A
0F73
0FE7
0526
08A4
1103
0B48
0F7F
1900
36A5
0000
0B68
14B8
18ED
0FBC
0C14
1015
1398
0A89
093C
0EFE
0F7A
13B4
179B
1034
0964
0DF0
0F50
1495
15C7
0DFB
06D8
0DD1
1280
13C1
123D
0F94
0D9E
0F84
18DC
2FFC
4D56
01F3
02BA
11F9
1416
0A22
05F0
04C2
083F
081B
041F
0047
0386
0915
0C32
0939
0422
0598
03EB
0B5D
0D6E
07D5
039A
061B
06FA
067C
088C
086F
04DE
03D6
05E2
13E0
29A8
0693
0000
0462
03CB
0DD6
0BD2
097A
0767
0750
0B20
0EBE
0EDC
0C62
0BF7
0DD7
0E0B
0978
08C9
12A7
16B9
0E5C
0345
0080
092C
1B89
1874
0661
03E3
0A81
11B5
1092
074E
0000
0000
0000
0000
0000
0000
0000
0000
0000
0000
0000
0000
0000
0000
0000
0000
0000
0000
0000
0000
0000
0000
0000
0000
0000
04FB
0000
0000
0000
0000
0000
0307
0000
0000
02AF
0000
05EC
133E
17BA
155A
12EE
11AB
0CC5
072F
0444
02F4
07C7
0738
04A9
0000
0000
03B3
06D2
0657
00B2
0000
0000
0000
0000
0000
0000
042D
0221
0000
0000
0000
0000
0000
0000
0000
0000
0000
0000
0000
0000
0000
0000
0000
0000
0000
0000
0000
0000
0000
0000
0000
0000
0000
0000
0000
0000
0000
0000
0000
029E
05F6
0000
0000
0000
0000
0000
0000
0000
0000
0000
0000
0000
0000
0000
0000
0000
0000
0000
0000
0000
0000
0000
0000
0000
0000
0000
0422
05A2
0000
0000
0000
0257
0FF5
0000
0000
0000
0000
0000
0000
0000
0000
0000
0000
0000
0000
0000
0000
0000
0000
0000
0000
0000
0000
0000
0000
0000
0000
0000
0000
0000
05A5
0000
0000
0000
0000
0000
0000
038C
00BC
0000
0000
00B5
0000
0000
0000
0000
0000
0000
0000
0000
0000
045D
04B7
0398
0520
030E
03F2
05AE
0012
0000
0000
01D7
04D8
0599
005D
0000
0000
0000
0000
0000
028A
0000
0000
0000
0000
0000
0000
0000
0000
0000
0000
0000
0000
0000
0000
0000
0000
0000
0000
0000
0000
0000
0000
0000
0000
0000
0000
0000
0000
0286
0000
0000
0000
0000
0000
0000
0000
0000
0000
0428
081A
0140
0000
0000
0000
035B
0000
0000
0000
0BB0
0000
0000
00DB
07CF
0184
0000
0000
0000
0183
056B
0C88
0000
0000
0000
0000
0000
0000
0000
0000
0000
0000
0000
0000
0000
0000
0000
0000
0000
0000
0000
0000
0000
0000
0000
0000
0000
009A
0000
0000
0000
0000
0000
0000
0000
0000
0680
04C5
0000
0000
0986
02B9
0000
0000
0000
0000
0445
078A
0A20
01A4
0000
0000
0000
0000
0000
0000
0000
0000
0000
0000
0000
0000
0000
0000
0000
0000
0000
0000
0000
007E
0157
0000
0000
0000
0000
0000
0000
0000
0000
0000
0000
0000
0000
0000
0000
0000
0000
0000
0000
0000
0000
0000
0000
0000
0000
0000
02CA
0000
0000
0000
0000
0000
0000
0000
0000
0000
0930
0A76
0000
0000
0000
0000
0000
0000
06CD
04D0
0000
0117
0AC5
0DA1
0000
0000
0000
0231
0000
0000
0000
0002
0715
07B1
0000
0000
0000
0000
0000
0000
0000
0000
0000
0000
00EC
0000
0000
0000
0000
0000
0000
0000
0000
0000
0000
0000
0000
0000
0000
0000
0000
011C
0000
0000
0000
02A1
0000
0000
0358
0000
0000
0000
0054
0000
0000
0000
0557
1019
0000
0000
0000
0000
0000
0000
0000
0000
0000
0000
0000
0313
011C
0000
0402
059B
038A
0000
0000
0000
0000
0000
0000
0000
0000
0000
0000
0024
0000
0000
0000
0000
0000
0000
0000
0000
0000
0000
0000
0000
0000
0000
0000
0000
0000
0000
0000
0000
0000
0000
0000
0000
0000
0000
0000
0093
0000
0000
0000
0000
0436
0000
0000
0000
0000
0620
00A2
0000
0000
0000
0292
0ABD
0000
06E4
0E2B
065B
0000
0000
0000
0000
0000
0000
02DA
02A8
015F
0000
0000
0000
04FA
0000
0000
0000
01FB
0000
0000
0000
0000
0000
0000
0000
0000
0000
0000
00F0
0000
0000
0000
0000
0050
0000
0000
0000
0000
0000
0000
0000
03A1
0000
0000
0000
0041
0000
0000
0000
0000
09DC
0000
0000
0000
0000
0000
0000
0CA8
0276
0000
0000
0000
0000
0000
0000
089C
0163
0541
07D2
0336
011D
0000
0000
0000
0000
0000
0000
0000
0135
0000
0000
0000
0117
0000
0000
0000
0000
02A0
0000
0000
0000
0000
0000
0000
006B
0000
0000
0000
0000
0000
0000
0000
0000
0000
0000
0000
0000
0244
0017
0000
0000
056C
0000
0000
0000
02E0
0000
0000
0000
0000
0000
0000
0000
0ADB
0A6B
0000
0149
107C
07CF
0000
0000
0000
0000
0000
0000
0000
0346
009D
0000
0000
0000
0000
0000
02CA
0000
0000
0000
0000
01EB
0000
0000
0000
0706
0000
0000
0000
0960
0000
0000
0000
059D
0136
0000
0000
0000
02F2
00F3
0000
0397
03BD
0000
0079
0000
02CD
0025
0000
0000
0000
0000
0000
08CD
0000
0000
0000
0B0A
0000
0000
0000
0000
0000
0000
0000
0000
0A7F
110D
0126
0000
01CC
06E2
01BE
060D
0310
0091
0000
0000
0000
0000
0000
0000
0000
0000
0000
0414
0280
0000
0000
0000
0577
0000
0000
0000
0000
0000
0000
0000
0000
0000
0000
0000
0000
0000
001E
0119
0309
0166
0000
0000
0000
0000
0000
0000
0000
0000
0000
0000
0B91
0000
0000
0000
0597
08F0
0000
0000
0000
0B93
0000
0000
0000
0000
07B3
0000
0000
0000
0000
0000
0000
0000
000D
0000
0000
0000
0000
0000
02D9
0000
0000
0000
0000
0246
0000
0000
0000
0937
0000
0000
0000
038F
0000
0000
0000
0000
0000
0505
0000
0000
0000
0000
0000
0000
015C
01AB
0000
0000
0076
0000
0000
0000
0000
0000
0000
07F1
0000
0000
0000
0000
0000
0000
0000
0000
01B5
0000
0000
0000
0000
0000
0000
0000
0282
0469
0000
0000
0000
0248
0000
0000
0000
0000
0000
000E
0000
0000
0000
0635
0000
0000
0000
0195
0000
0000
0000
0000
0000
0000
0000
0000
0000
0000
00C9
0000
0059
02B8
04EE
0000
0000
0000
0000
0000
0000
0000
0000
0000
0000
0000
0000
0000
0000
0000
0000
0000
0000
0000
0000
0000
0000
0000
0000
0000
0000
0000
0000
0000
0000
0000
028C
0000
0000
0000
0000
0000
0000
0000
0000
0000
0000
0021
0000
0000
0000
0077
0000
0000
0000
0000
0000
0000
0000
0000
0000
01AC
0000
0000
0000
05F0
0000
0000
0000
0280
0000
0000
0000
0000
0000
0000
0000
0000
0000
0000
0000
0000
0000
0000
0000
0000
0000
0000
0000
0000
0000
0000
0000
0000
00EE
0000
0000
0000
0000
0000
0A49
0F80
1096
114A
142B
156E
1693
13D3
16D2
18B2
169E
0FBF
11AD
0F20
11B6
0FBE
1065
0EBF
0FFE
0D1A
0AB8
0F11
0E20
0B6B
0DEA
0E30
137E
109A
0DD6
0D67
1D5D
1B4A
0000
0000
0000
0000
0000
0000
0000
0000
0000
0000
01CF
0000
0000
0000
0000
0000
0000
0000
05DA
06F3
0000
0000
0000
0000
0F69
0E81
0000
0000
0000
0000
0000
05BA
0306
017F
0000
0000
0000
0000
0000
0000
0000
0000
0000
0000
0000
0000
0146
0000
0000
0000
004B
089C
05BB
0000
0000
0000
0DDF
0D8C
0000
0000
0000
0000
0000
07D0
0000
0000
0000
0000
0000
0000
0000
0000
0000
0000
0000
0000
0000
0000
0000
0000
0000
0000
0000
0107
02E5
00BE
0000
0000
0499
0D50
0000
0000
0000
0000
0000
0AD2
0000
0000
0000
0000
0000
0000
0000
0000
0000
0000
0000
0000
0000
0000
0000
0000
0000
0000
0000
00C3
044C
023B
0000
0000
01C7
1526
0E53
042A
0000
0278
0338
1560
0000
0000
0000
00E8
010E
0000
0000
0000
0000
0000
0000
0000
0000
0000
0000
0000
0000
0000
0000
0000
0000
0000
0000
0000
00A6
1060
1366
0B43
0000
0000
0BF9
1F43
0000
0000
0000
054F
0000
0000
0000
0000
0000
0000
0000
0051
00ED
0000
0000
0000
0360
01ED
0000
0000
0000
0000
0060
0000
0000
0506
145B
1596
0000
0000
029F
29EA
0000
0000
04FA
0274
0000
0000
0482
0315
0000
0000
0000
0000
03C1
0000
0000
0000
0000
0000
0000
0000
0000
0000
0168
0000
0000
0000
0C41
14E2
0000
0000
0000
1AC8
0000
0000
0194
0189
0000
0000
0000
0000
0000
0000
0000
0000
0000
0000
0000
0000
0000
0000
0000
0000
0000
0000
0000
0928
0075
0000
0000
0D3D
06C6
0455
0000
0734
0000
0000
0000
0000
0000
0000
0000
00C8
00D8
005F
0000
0000
0000
0000
0000
0000
020D
0000
0000
0000
05D6
0000
0000
038A
0E3A
0B4D
0000
0000
0000
07F7
0A86
1399
0000
0000
0000
0000
0000
0328
0000
0000
0000
0000
0373
0000
0000
0188
0000
0000
0000
0000
0000
0000
037D
00D8
0000
0000
0D81
1108
0000
0000
0000
0000
0000
2709
0000
0000
0000
0000
0000
0310
0848
0000
0000
0000
02A5
03FF
0000
0000
037B
01CB
0000
0000
0000
0000
0000
0000
0000
0000
0101
0A96
0924
0137
0000
0000
0000
172F
0000
0000
0000
0000
0000
0000
08F0
0C35
01B8
0000
0000
0000
0000
0000
09A9
0A19
0000
0000
0261
054B
0000
0000
0000
0000
0000
05C9
0000
0355
0430
017F
0000
05E7
0000
0000
0000
0000
0000
0000
0000
0120
0DE9
0993
0000
0000
0000
01DD
0000
074D
067F
0000
0000
0000
0541
0000
0000
0000
0000
0000
005C
0000
0000
0351
06E1
0BC4
0000
0000
0000
0000
0000
0000
0000
0000
0AE6
1AE2
0177
0000
0000
017C
0000
0000
1015
023B
0000
0000
025A
047F
0000
0000
0000
0000
00F6
0000
0000
0000
0111
198D
0000
02DC
00FC
0000
0000
0000
0060
0000
0000
0F34
13D5
0B1D
0000
0000
0000
0000
0568
04F8
0000
0000
0000
0000
0000
0000
0000
0000
0000
0006
0000
0000
0000
1B5B
0000
015B
046D
0000
0000
0000
0E97
0361
0000
0000
138C
1988
0071
0000
0000
0000
0000
05CF
06A3
02E0
0000
0000
030C
0000
0000
0000
0000
004A
0000
0000
000B
16E4
0000
0000
024C
03B3
0000
0000
0041
136B
0000
0000
0000
108C
0B77
0948
0000
0000
0000
0000
0957
051D
0000
0000
058F
005E
0000
0000
0000
0295
0000
0000
0000
178A
0000
0000
0000
05A6
04C9
0000
0000
0953
1892
0D85
0000
0000
0C2E
10D6
09D7
0000
0000
0000
0000
0592
0000
0139
0318
08A3
0000
0000
0000
0514
0000
0000
0000
1C30
0000
0000
0000
039F
0ED0
0000
0000
0000
12B3
106D
0000
0000
04B2
02E3
0000
0447
0000
0000
0000
0000
07C8
010E
0000
0000
07EA
0000
0000
0000
0547
003A
0000
1139
0000
0000
0000
0000
0AD6
081C
0000
0000
0793
1575
0000
0000
0000
0140
0000
0609
0481
0A7C
0000
0000
08DF
0772
0000
0000
0000
056E
0000
0000
0675
073B
0000
0935
0000
0000
0000
0000
0377
0C7A
0000
0000
0000
0E06
0793
0353
0000
039F
0C0C
0583
0000
0000
018E
0000
0000
0AC3
0D91
00D8
0000
0000
0000
0000
034F
04C8
0000
0D02
0000
0000
0000
0000
0000
0650
0D50
0017
0000
0058
1014
02E4
0000
0000
17AC
0861
0000
0000
0F12
0000
0000
0000
136F
10C0
0000
0000
0000
0000
046F
083A
0000
121C
0000
0000
0000
0000
0000
00F8
0E73
038F
0000
0000
0E82
07C6
0000
0000
1153
15C9
0000
0000
02D9
08D2
0000
0000
0000
10CD
0BDE
0000
0000
0000
0000
0279
0000
171E
0000
0000
0000
0000
0000
0000
087D
075D
0000
0000
09D0
117E
0000
0000
003C
18D3
09A4
0000
0000
080F
0B4B
0000
0000
0000
10D0
1117
0000
0000
0000
0000
0000
172E
0000
0000
0000
0000
0000
0000
0391
0BCC
0000
0000
00E2
1274
03DC
0000
0000
0A84
158D
09B2
0000
0000
131B
05CD
0000
0000
0000
06A9
0342
0000
0000
0000
0000
0F18
0000
0000
0000
0000
0000
0000
0000
0AE2
0A45
0000
0000
0360
10D3
0076
0000
0000
14FE
088E
0000
0000
07F9
0ECB
01F1
0000
0000
0000
0000
0000
0000
0000
0000
0CCA
0000
0000
01EE
0000
0000
0000
0000
0550
0CD9
0000
0000
0000
0C5D
00AD
0000
0000
0D03
0C41
0000
0000
0000
072B
050C
077C
0000
0000
0000
0000
0000
0000
02AB
1093
0000
0000
0000
0000
0000
0000
0000
0000
09CD
05B0
0000
0000
0578
0C66
0000
0000
04A1
0CBA
0095
0000
0000
0000
0000
0418
02C8
0000
0000
0000
0000
0000
0000
14BB
0000
0000
0000
0000
0000
0000
0000
0000
0671
0AE7
0000
0000
0000
0621
0238
0000
0000
0000
0000
0000
0000
0000
0000
0000
0647
00D7
0000
0000
06DA
0000
0000
1200
0000
0000
0000
0000
0000
0000
0000
0000
0000
048D
0180
0000
0000
0000
0000
0000
0000
0000
0000
0009
03B5
0000
0000
0000
017F
0000
0000
0000
0673
031B
0000
0B96
0000
0000
0000
0000
0000
0000
0000
0000
0000
0023
0000
0000
0000
0000
0000
0000
0000
0000
0000
0000
03C3
04E8
0000
0000
0000
0000
0000
0000
0000
009F
0000
0111
0000
0000
0000
0000
0000
0000
0000
0000
0000
0000
0000
0000
005E
0000
0000
0000
021A
006D
0000
0000
038C
04D3
0000
0000
0000
0000
0000
0000
0000
068C
0281
0562
0000
0570
0F20
0EC9
0AD6
0886
0934
0A89
0BB4
0B32
0A82
0B49
0E84
107D
10A0
1067
0F9E
0DA3
08D3
05F3
07C8
0D47
0EE7
0DD0
07C7
01CD
0738
0B85
0D5E
0FEB
0AF7
0B11
0E2D
23BA
31AD
2E5C
282A
23E2
2220
21C2
2505
2985
2CE3
3163
381C
3B81
3B05
39BF
388F
34E8
2B92
2777
2A69
3163
36BE
3308
2821
22A3
2E12
3888
335B
3064
297B
22A3
103F
2318
28CD
252E
224A
1E3D
1BD7
1A2A
1F21
2616
2A6D
2F28
33A5
34A3
333D
3314
356C
34E7
30A8
2E69
2CED
2DB0
3537
34F0
2D71
2B74
3120
3241
2F2A
2FBB
2C14
238B
10BF
1D53
209A
1CFA
1B0F
1A33
1CF4
1FFC
260C
2B9F
2BF9
2C3F
2CC9
2CBC
2CCD
2F31
3457
3646
3636
3588
3021
2CA9
377E
3DBC
359D
2CDD
2834
29B0
3348
3808
2FF0
23A5
0F03
1841
1B60
1BAC
1DA0
258F
343D
3FFB
4457
42B4
3BF6
35F5
328A
3226
3659
3CBD
3DC7
3B4F
3BAB
3D86
3D13
3C3C
4231
464D
37B8
2A83
210E
1F06
3432
458C
33D7
2224
1190
1D63
1EE5
1E8F
2626
3272
3D6A
459B
49F0
4A04
46AE
4305
3EF7
3EA6
4522
4952
42CC
3B47
3B1E
3CB8
3F47
3FF7
408F
40F5
387E
2D7D
228B
1798
2D08
4704
3673
272D
1409
21B2
24A1
2365
2A40
32BA
33B9
3069
31D3
3805
3EC2
431B
43DF
45F4
4A47
48B4
3CA6
33A6
30FC
32F0
359A
34F7
3227
32B7
3494
33F6
28BD
19EB
25E7
3E1B
38E0
2EDB
142B
2248
2538
23B7
26E5
2A8B
283E
25C1
28E3
2E78
3770
3EA2
3FBD
42C1
43A7
3C86
331F
2E17
2CB0
2FB3
3040
2DCC
2CB4
2D45
2EE7
32D3
2D71
237D
2A50
362B
34F2
301E
1320
200D
2270
21DA
2247
2436
274B
2B3D
2E33
3238
3731
38F1
377D
37BA
3738
34FD
2FAF
2DD9
303A
359C
332A
2D82
2BA9
2D2B
2B56
2A79
2F14
3271
3945
3681
3311
2C28
1276
1DBA
1F3A
1FBF
21A0
2397
248E
2B2E
35FD
3AC2
3D1E
3B39
3574
3271
3050
2FA1
2ED5
2F48
369B
3AD0
36D6
318D
310B
31B1
2B1B
2750
2C7F
33CE
3884
352C
3216
2EDF
12A0
1D4E
206B
1FBE
2259
24F0
2524
29E8
358D
4252
4579
420F
3A0E
3275
2BA4
2823
29CF
3457
4077
425D
41C6
431E
46E6
41EB
35D4
2C4C
2D92
2D26
2D44
3413
39C8
3719
1241
1D95
22AF
22EF
24D4
27A3
29CE
2B33
2EF9
394B
42AC
4419
3F20
388B
304A
2B3C
2951
33F4
4084
4340
42D1
4775
4A72
46D6
3C23
31DF
2CBE
290B
2971
31CC
3AF2
3521
136D
20FB
28B4
2BFB
2E6B
3097
3122
2EFB
2A84
2897
2F2E
3D49
44E2
4683
42F0
3DC9
3547
3340
3956
3CE0
3D5E
3D5F
3E50
3E2C
3793
32D5
2E03
26A3
2831
2E34
310C
29DB
156E
239C
2A7B
2E44
3218
3377
32F2
31CB
2ABC
230D
22A9
323E
41C5
4BF4
4F36
4938
3890
2FED
3080
37F8
3B7E
3ACF
3B68
3BFD
3776
340C
3104
2933
28DB
2A3C
2A41
25BD
1540
23E7
272E
280E
2E22
31C4
326B
346E
3538
2E58
28B9
2924
300B
3D88
4732
46B8
39CA
3128
2DA5
335F
3C4B
4006
41BA
4158
3C6E
3628
3248
2C5B
2BDE
28CD
27AE
26BF
15CE
242B
24FC
222D
2A28
3169
33A9
34D5
37BC
3855
2D79
2709
239B
2D27
3AC6
4352
41BB
3F6F
38E7
324C
3786
3D18
3D17
3DB3
3F1D
3D86
3A07
3345
306E
2A05
275A
2631
1629
2432
2412
1FE8
27D1
3143
336C
3518
339C
3768
36F1
2DA9
24D4
2298
29CC
3601
4166
47B2
3EEF
32FA
3035
335D
34B9
365F
3D82
43E9
433D
3B52
34E1
2EAD
298C
2770
1545
22AC
21FC
1E58
240B
3053
351F
35C6
30ED
2FA3
371D
36CB
2A3E
23EC
1FF2
2856
3846
3F6E
3A2D
2DFB
2A78
2F87
35B9
3799
3EAB
4244
4058
38DA
2FB4
2D3C
2ADD
29FF
145B
2019
1FA7
1EB0
20B2
2A8E
359C
3672
2E6B
2BBF
3289
397C
328E
2C30
240E
2049
2DA3
2F9B
2BDB
2C05
2D57
3096
3A25
426F
4211
3C94
3689
2FDC
2455
238E
2A1E
2CA8
14AC
1F69
1F13
1F4A
1E33
22D7
33D3
3951
2EF8
2852
2D2A
3499
3449
3257
2834
2143
2AB2
2DD8
2895
2C37
2E26
2E11
35E3
4091
3F5F
388B
3382
2E46
213B
1F0E
29D2
2C3F
14DE
2094
2254
21BB
1E8F
1F4A
2E2C
3802
303A
2F50
2E3A
2EEC
3385
35AE
2F21
2B09
337F
369E
31C6
2F81
2C1E
2A88
313A
3698
3A32
3DC2
4319
3B94
2B39
2362
2C5B
2B3E
14F4
2186
255F
23A6
1F80
2102
2942
3416
3546
36FE
2F5B
2B96
3378
3737
31CA
2DC2
372C
3BEF
32A3
2EAF
2C3A
309A
35D3
35B1
343A
3D58
45DD
3F9B
3226
28BC
297F
26AF
1594
21D3
2760
2659
2371
252B
25D5
2CE0
38D4
3B2D
308B
282C
317A
3605
2E4A
2A24
3000
386E
3755
38AD
3BE2
421C
43D9
3FCC
3B37
3C17
3B72
365C
2D02
2609
2521
227C
15C8
222C
2A73
2CBE
29E4
28B7
2541
269A
379C
3C3B
317C
29C4
2F79
35FC
2ECF
2AC2
2D97
35CA
3F54
45B5
485F
453B
498C
4B30
44D1
3C50
3240
2AB0
2751
2453
24AF
231A
18AB
2748
2FE2
31EC
2ECE
2CC4
2741
237E
3096
3A92
33CC
321A
3340
34DF
32B0
33DC
32E5
3351
4093
46F9
4229
3BFA
4119
4AD7
4768
3C0D
3041
2546
2137
241E
2745
2585
1E34
3084
3424
3059
2E21
2BF6
267C
22F3
28D0
34AB
382D
3A22
3530
304B
347C
3A37
35C8
2E5D
3D08
4882
420B
3820
38EB
3F42
3CEE
3567
2AE0
2110
2143
27DB
2A7D
24F6
2133
3517
322C
2A72
2762
26D0
23D7
2198
213A
28F3
3750
3C9C
34CD
2BA8
333E
3B1E
345A
2A33
37E1
4692
4403
3B65
36DF
32C7
2C8B
2A36
2750
225C
24F9
2BD7
2A19
21CA
1E3C
31DD
2DA1
2800
2672
28BA
27CD
2642
22A5
2379
34F1
3DD6
3776
2F97
3493
3892
32D0
2C74
3792
4276
400C
3A50
3242
2A73
2742
2612
2A5B
2A21
2BF0
2AE4
294E
2287
16AF
27BF
26E4
24CA
275E
2A83
2A22
2980
233A
1F5D
2BD5
34AA
3173
2D8F
3121
310F
2B5A
29E8
2FCA
34CF
31EB
2EED
2983
2466
22E0
2380
2831
2940
24CD
2079
24C3
21A8
120C
24F5
2768
27BC
2C72
2DA1
2E9E
2DE5
2700
2309
2AA0
3233
3020
2ECB
2E51
2BAC
284C
2A78
2E37
2C77
29EB
26BA
27D4
2804
27E9
2840
2B84
283A
2290
2378
2954
233D
0BC7
1B94
1DD3
20B0
24C0
267E
2824
280E
2424
2164
2340
2488
242D
21B6
20F5
1E79
1CCF
1D31
1F0E
1DA8
1B66
1A0C
1C0F
2002
227B
2418
2457
2210
1D86
1F22
28B7
2190
0ADD
1495
18B6
1AD9
1DF3
1F1F
20C6
2189
2008
1F11
1E5F
1BF9
1BA7
1A54
1934
182A
16CC
1639
1763
1704
169B
1563
16B6
19C3
1A9D
1BA1
1C69
1CEB
17C2
1684
1CCD
1758
0751
1185
0CC4
10DB
10E8
10AB
12B5
1177
1276
1568
1519
1314
13D3
1527
130F
0FA0
0F41
13B5
1634
1453
0F4F
0A54
0CD7
1573
16FE
0D0E
0B04
0DCC
0ED1
095D
0878
0973
05CB
1562
1445
1524
161B
1660
1708
12D0
1147
1337
1245
13B8
17F3
1B24
1906
160A
16A0
15EE
1568
1A1B
185A
1282
1484
17F0
121B
1220
1938
1F76
1A95
0AF5
0C27
0C79
0B5E
1CBD
21C9
2114
1D9B
1C33
1BE8
1BE7
1DF6
1E6B
1BD0
1F3D
22EA
2324
2240
21AB
20A3
1A17
1728
1BCB
1BD4
1D0A
25C6
2244
1063
137B
1F2B
1D9E
23D3
16CC
14C2
0F60
06DC
12E6
15D5
1413
0D52
0902
09D2
11D2
17C7
193D
19F4
1D3E
1C0F
1693
1769
185B
16DF
1315
16CD
1930
13D9
150B
2014
1EEB
16F9
1BFC
18FB
0444
1C46
1E66
15E2
0C23
046A
1234
1429
1539
147C
1133
0E35
1446
17C8
17ED
189C
1C6D
1B98
1712
182E
1A7C
1864
18ED
1FEC
1B47
1705
1B3D
1DA9
1B42
1BB5
29C1
2104
021A
18CB
2916
184B
0DF7
0231
14C2
13B7
0EF7
1300
191F
1B34
1B45
1B4E
17D2
17DE
1C1D
19F5
1670
16BC
1AF3
1B6C
1E6F
2003
17A6
1625
2358
1D82
1395
162E
249A
1C59
0CD5
16AE
2159
129B
0DD6
03C9
183B
1373
0EAC
0FDD
1DCD
2840
261B
2217
1BA1
1B80
2124
1C2F
19ED
1AB1
21CD
21D7
20F0
208A
1E70
1DAA
2349
1F4F
155F
15CE
1CE0
10B1
1678
26BE
1A34
13E3
0F26
072C
163C
0FF3
128E
16A4
1D5B
2211
20F9
2050
1E61
1ED3
1F61
1868
16BC
1C35
23E9
22E2
1AFC
186A
1F23
1E48
16A1
188E
1CDC
19F0
0DD8
0B47
10C4
253A
17E9
228C
0D84
0A2A
13C1
0C47
129F
168F
146F
1196
11FC
12AC
16BA
1D3A
1D56
16B7
14F6
1AD7
1F67
1D38
14B7
129B
1B3D
1AD1
13A4
123C
1FD1
2382
0C99
0D2E
14B7
20AE
19A0
2BE2
166D
0935
1374
0BB4
0C7B
126E
158C
0DCD
0832
10F4
1C0D
1C28
1717
167B
19C8
19D2
12B3
11F5
131F
126D
11E2
122A
12DA
1436
1F28
1E2D
1821
151C
1B42
21E3
1757
1D72
13BD
07D2
1265
0F06
0E23
1356
1B2E
1A1A
137D
0FC8
1892
1A44
1480
15C2
1D7D
1EF4
1278
0D80
1A37
23A3
1B49
14E6
172C
1B75
1C1A
11ED
1639
1D27
22F2
232C
1826
1623
0E65
0565
0D62
0A8B
10EB
151C
10D1
120F
1EC6
1C6D
11DC
1885
1BAF
17F2
1825
1B06
17DB
1109
14E1
2146
2430
1D09
1C84
1C60
13AE
0F61
14A9
1A0E
1AC9
2061
1901
1B41
0E2B
0497
0DB7
09E6
145E
1523
0BC0
0EB6
1EE5
26BD
1DB2
1559
1A9D
1C98
16CD
1186
1B02
1CA7
15B4
196F
28F0
2667
2177
1EE9
1B8C
1659
163C
1809
12FD
178C
162B
25DB
14BE
031A
131B
1164
12AA
1513
12C9
160F
16FA
19A0
1CEA
1B1F
1530
1C8E
20C3
1B76
1E80
1EEA
18C8
15DA
1C7A
1C80
19C8
1B3E
1F8B
1D00
1941
1841
14D2
185C
10A3
1ECA
13F5
015C
17F9
1773
0E06
1374
1F92
198E
0C71
0CE5
1A5E
1FDE
1A28
1594
1E4E
2167
178A
1358
193A
1AB4
0EA6
1295
17A6
15BE
154B
18CD
19E7
1677
13AD
1AC7
1675
1A05
0DA8
0361
1A82
153B
0D7B
1505
20C1
1B41
1157
1429
1B1C
1D54
1D27
1973
1A37
1D68
173F
12BE
1C83
1F86
14DB
17B6
2505
1C87
0F06
1249
192B
153B
0FEE
176A
1F23
1F46
1033
0493
1A1C
1143
0F2F
1576
15E3
1564
1E24
1D95
0D91
136C
197B
1F57
2014
1D22
16B8
17E1
1BED
1BA5
1BEC
1FEA
24AE
2309
1C05
17A4
1937
16C6
1345
1830
1E44
1DF2
11DB
06CF
16C4
1014
13DA
13EA
09F3
123B
2381
1FB2
0A09
13A4
1C14
1BFB
2074
19C3
1A08
1D2E
178C
1276
1A11
1D15
135D
16A7
22CD
2028
1694
177C
198F
1923
1425
156D
0E15
08F3
13E4
0F3A
18F2
13BC
0526
12AC
247D
1A4D
1346
175A
1B62
16C1
18BE
16D2
1B2F
2768
2073
125B
1BDE
1FFE
0D22
0825
1B91
2417
1E4C
1ED8
233B
1F3A
1016
140B
104F
0717
11D8
0EA8
183A
119F
0A9E
15A3
200D
13E6
149D
19FD
1356
1645
18EE
1520
13A3
1C98
1F18
1B23
1A5C
1A4B
16DB
1215
1352
1AE2
19E3
18D3
1C67
1A35
0F86
14F4
12F7
04F9
11C1
10AA
1426
0E90
1190
1913
12E2
0DD1
155E
1B13
0E66
1CFA
22A2
15C9
0C46
11CE
17FB
1B6A
17DE
11CD
1FE6
25D2
1869
1257
1882
15F7
14EC
10D9
0C3E
1619
119F
06E9
1393
100E
0F76
0DC3
161F
179C
08F1
0FDD
1EB3
1A9A
0DBE
1C0F
2898
1909
0D93
1624
2076
1919
12A0
0FDE
17C9
1FDE
202D
1904
1844
1B5A
17C5
156F
1399
1D4E
11C1
094F
1157
0C9F
0F46
1113
1AEB
147F
08AD
16C8
25D6
1818
0E11
1809
242C
17F8
13B4
1C81
1AF5
1802
19BE
1264
0F47
16C8
1CBC
1E94
1E33
1B87
176F
190C
1595
1C20
11DF
06A6
0CF7
093F
1090
1427
1B58
1451
0EC1
1B28
202F
13EF
122E
18E4
15C1
1387
1738
1F2A
0DAB
1896
25D6
2013
1159
1C71
1E8D
18E3
1904
1E41
1E20
1B09
1393
144E
0E82
028D
10EE
0B9F
11E4
1722
18F4
1385
1523
1B19
148D
1110
189F
1DA7
0B97
1307
1F41
1AC5
09C8
1B0F
2BDC
242D
1B97
1E7F
1913
115D
15B1
1EEE
1D21
1D96
1A6E
1379
0C70
0000
1763
129B
156C
1990
17CA
120F
1949
190B
0A60
1236
219C
1E94
0C5F
136A
2618
1AF8
0DB9
1B5B
295B
1F9F
1B28
1B09
17A3
17D9
1F1A
2010
1320
14F0
196D
1822
0DB3
0000
1C7C
1838
18CE
19CF
177A
13A9
1D3D
18AA
09AE
1641
276B
1B58
105B
1796
2603
19D7
15FF
1C26
1DD7
18CC
169C
1684
1E75
24E2
2303
1CD9
1408
1174
1673
1C6D
0F44
0622
21BE
1A12
1872
1734
1368
151F
1D7E
1748
0FCC
1958
246A
1917
17D8
1ED3
20A0
1ACC
1F46
22C8
1B00
1B54
1D64
1C67
1EA1
2336
1AEE
1838
1A66
1C6D
18AD
1998
0C67
0C01
1F60
1C03
195C
16EE
12A5
168F
1917
12E3
170F
1E0D
1BC5
1566
1AC5
2158
1C4F
19F3
1EC8
214B
2001
1F4C
1DFD
1C0B
1EA1
1DFB
12F3
1232
1A78
1F0C
1862
1309
0973
0BD6
16F5
18FD
1A1E
194C
192E
1D78
1D89
17F8
1CDF
1FF4
1B3A
1B9D
21E0
2204
1FE0
1B7B
1C48
1E15
2186
1F47
1B17
1CFB
1F4A
1D0A
1938
1B6A
20EC
211E
167A
17FC
135E
0632
08DD
0821
08B3
0845
0B57
0E3B
0EC1
0C0B
0F36
0F21
0D97
0E3D
1344
121F
1208
0CDD
0AB3
0EB3
12FA
1210
0D09
0C25
0BFB
0908
0E8E
1263
1331
0D86
0085
065C
052B
0103
0000
01E6
044B
0557
075A
052C
01CF
00FA
023D
0183
012A
00B9
0273
0329
0402
00F9
0000
01EA
05BB
0774
053B
0159
0000
0221
07CD
0854
0362
0151
0153
045E
0000
1C3B
13AE
136D
106D
0E7A
1320
0F4E
0C18
0DBE
0F86
1366
19E6
16FA
10E8
14A3
1B49
1686
10F8
1CF3
264F
1F4E
15CC
14F7
13E1
1E2A
359F
2639
0A13
21DA
2A00
1F0E
0993
217D
1118
112F
0F1B
0B16
148F
1A09
1D77
1E86
19C0
17CB
1EA8
1C19
10CE
1123
1C49
1CE6
1644
19FF
1FB2
1F26
1FF2
1AA4
0A81
1091
2F94
2736
095A
14E1
2023
2097
12B3
2414
1708
119C
164B
1191
194F
22E1
2D21
32CF
2C80
22BE
2065
20B0
1A2C
1400
1CE5
28AE
2494
1682
1303
1E4F
2E9A
2AE9
155B
078D
1C1B
2FA0
2AA3
1417
107E
332E
30BC
201D
11FD
0999
1481
11EB
180B
180F
1557
1A95
1CC0
1A15
1749
17CE
1917
12B3
11CC
17AD
1A0A
14D2
118D
1644
1E8E
1BE8
1297
0E2E
1576
2755
3922
1785
0000
3003
4183
20F4
12AC
10C4
1871
1226
136D
102D
0454
027D
08D9
0E54
0F23
0F2C
14CD
0EA7
0403
066A
0E50
1137
0C30
087F
0CB0
11E8
103A
0AF5
0329
1779
458F
2F84
0000
1C1D
3C85
251E
10CF
13F9
1DE0
11A7
140E
2050
1CF0
12C4
11D5
1708
1647
131B
1ADA
18D9
0C78
0E93
165B
18EF
171F
13CE
1152
1627
1FA0
17E8
0000
0037
4519
54B0
199D
0391
1F33
2997
0C9F
0623
1AF4
152A
08DB
136D
233D
2358
2345
21C9
1A42
163A
1E92
1E2B
144E
173B
1663
1339
1D43
22EE
1923
11B8
2625
27D1
0D24
0000
2B8B
5425
3E88
10FA
0D98
2CA6
11D7
0000
0B1A
1DBA
136E
04DC
0DBB
1BD5
2783
2DBC
242C
1947
1EB6
25D0
1797
107D
170A
135A
13EB
272C
267D
09BC
1899
2DCE
2713
134B
1543
2A57
35D1
2621
1EA3
27DE
16FC
0000
03A5
1743
1279
06DC
089A
0CFD
1520
27A4
26FF
1DF1
24C6
2C8B
1671
03F9
15A6
2356
136B
1594
2962
1D6D
10FB
20EB
33E3
25AE
12BF
1031
14D7
1DC3
324C
1E85
141C
0F0D
0DD1
09D5
0B23
1209
159F
0FC3
0813
1107
1CC8
1FCF
2422
29D1
1A85
01E1
09E6
28CC
1959
0000
0F48
23A5
120B
0141
22F2
2C1A
1E4C
19C7
13A8
0D5C
2792
1BBC
0F19
10A0
17ED
11F0
0BC6
1297
2416
24DE
0FD1
03A2
0ED0
253D
22C3
22C5
2BF0
1FBB
125D
2360
1B86
02D4
0837
1A52
1209
0000
101E
2EF3
2CC2
1B14
1A41
14BD
193D
1DB9
104E
05B9
0A16
145B
1532
05E0
10C3
32C1
2EB1
112C
0F6B
27D7
2583
1955
2A75
363B
2D4C
1BC5
0F01
1A62
288B
205E
11CD
13CB
1E5B
2D57
2C26
1633
1C78
23BE
20F6
20B1
1355
0623
00B2
09BF
17FB
0FEB
0504
1E1A
3BC7
39BB
2685
1DC1
1DAA
1DCE
1AD3
30EB
3EAD
1FBD
0000
19BD
3376
2727
1FF8
23FE
244F
2088
2923
19E3
1613
204E
2F3F
23B1
12F5
1291
0FF5
0000
0525
1F8C
2097
03D6
11F7
44FB
4E07
296E
14F7
2932
26F1
22DB
3663
2FB4
0ABE
02B7
1124
1955
1DE2
1F3D
1B91
181A
258B
278B
17BB
0AD7
2766
26DE
0CEC
134E
20DD
0520
0000
189D
2DE6
0E7B
0000
2892
5176
4011
26AE
2A5F
2398
1A27
2AAC
3F41
2357
0030
0000
106F
1878
1140
0F03
1711
25DF
2763
175B
036B
18DE
2BF2
0AA3
04AF
2148
1AC7
0000
0397
2366
2A63
13AA
093E
2571
47DF
4D0F
334F
17CA
1ADF
2705
3A4F
35BE
1BC4
07A4
1669
1CA6
0ED3
081F
10B9
24B6
21D2
0E04
0416
16F9
2E7F
0DF0
0000
16F2
231C
0FC9
0000
0AF2
3058
3678
0D72
0000
3989
5991
4207
2715
244E
21CF
1E21
2AF1
31C4
1FDD
10CD
1EED
25E1
149C
0C66
2111
22CF
0B24
0316
165D
2F45
1683
0093
0D36
1B84
1B3E
0AB0
0000
1ACB
4241
2B5A
0111
251F
45FA
3BF6
344D
3221
23C4
12EA
1700
2E8E
26A7
0746
0AE3
2DBC
2B46
12CE
17F8
23B5
1902
0A85
1155
2941
1BCF
0CAC
06C5
0BD9
2610
1DA4
0000
0000
381A
4421
16FB
0E44
2931
322B
30EC
3553
2E11
2035
1145
1A13
2251
18BE
02AE
108E
2139
2011
1C9E
1D00
2685
2098
142A
1EDA
15BD
131A
08E7
0000
26E8
2C25
08DC
0000
1E81
45B0
318E
0AEB
0D0F
31D6
378A
1F7C
1512
276F
2B86
11A5
0F85
2E34
2441
0319
05FA
1C90
1BAE
0BD4
1F1A
29B3
1BEB
1C8F
1084
108E
0C5D
03E1
1E72
2D28
1B47
07F2
095C
2D8B
3E0E
1DD2
0000
1856
3C60
1CAA
0000
1779
37F1
1D47
03A7
2E09
3BAD
16E4
0078
09BA
0CE3
0921
1AD6
2361
2047
2276
15DA
0B0A
0B8B
12DA
19D0
1D39
24F5
1807
036A
1339
3A6F
2F78
0000
04DE
3DEE
38F8
0000
0000
24B3
2DB5
12B5
0773
1F2B
33DE
29F3
119F
0A36
1763
236E
2370
245B
2668
1B6B
081E
098E
1B1C
17F3
09C6
25E7
21BE
008B
0087
32E8
3A87
0AE6
0000
2A12
4A71
2161
0000
03E4
2C6E
2A59
029C
0000
21DF
3D03
2AD8
1549
1658
1DE5
1C2B
2546
2767
1A67
0896
07EC
1481
1169
041F
25F4
2C28
082B
0000
23DC
3D02
1E9C
0000
0A11
39F2
3DA7
10EE
0000
26FD
3C78
1E97
0000
0C4E
2893
32BB
2213
12A6
1163
130C
1F78
287C
13B0
1204
13CD
0C43
0A5E
0AF3
2434
2DE8
18EF
0635
0E04
3023
2FA6
0D72
0000
16CA
4018
265E
0000
107B
38AB
379C
1E6D
0F4E
0ED3
2268
27EE
154F
0F04
1414
1C96
2C69
0AC1
1807
24D2
0CB5
07A5
12D1
1E72
21D2
23C7
1473
02A1
14EB
329A
247D
0000
0000
2D94
36AD
104E
002C
17B5
3B71
3955
2232
0CB6
0F37
1F57
1818
0DBA
11B2
1A80
38CD
09DF
0FC8
25DF
10E9
0A78
16DE
17B3
12FF
2CAB
2726
062A
0000
2997
396E
120C
0000
1968
3BBD
2309
0809
058B
2A81
35BD
2C8D
1414
01B1
1846
206E
0D20
069C
147D
4A72
1A44
054D
18C6
1761
11D2
1573
1137
0B3F
2DFC
380F
14F9
0000
174A
3BBA
2702
081C
1178
33D4
2F0D
1A8B
1238
2187
20FC
21CE
1C24
07F5
0F9C
23C1
1C6E
0554
0BC9
4952
25C9
053F
0AF5
139D
13D5
0EF2
080C
08F2
1F74
3098
21F0
08D1
0625
2522
29DD
19C5
0F3C
19A8
26E8
26D5
1C74
11E4
084A
0EB4
1F36
142A
0494
1024
1E7D
0BEE
08F5
38DB
212B
09C0
0CE7
114B
109E
0DD8
0B28
1168
18FD
18FC
1E42
16BB
0CD4
0B92
190E
1E50
1B65
0ED9
13DF
218A
216C
1141
0664
0350
11C0
1F02
0BF1
0000
105C
166A
193B
3853
31D0
2325
27ED
278E
23F1
2400
23B3
2AB2
2DC7
25CB
2C9C
310D
2AD9
1B9E
1E57
2E11
35BF
2B2F
222E
2701
342D
31E7
29C5
2166
1F75
2D1E
2C08
1754
2726
2A93
2389
2435
2B1F
1B70
1D7C
1E9E
1D66
1F5E
1E36
1B85
19B0
196F
1B0B
1B28
1885
14F7
1358
16BC
1CBF
1E48
16FF
12B1
1B14
2144
212B
20E6
1B3F
1B6C
209F
0FC6
17F0
20DD
1E6A
0C8E
179F
12CF
0F8F
0E0E
0BC3
0E71
116C
1308
12CC
127A
1416
1528
14D2
137A
1289
119B
121A
11F0
11A1
13B1
171B
154F
14F2
128A
13ED
14DA
1A66
17B2
13E8
0B40
07F2
206A
35BB
2D30
2A20
263A
22BE
251C
2A31
2FF6
3248
3335
36FC
3B5A
3BAD
39A4
3939
389E
32EC
28CF
249E
2CF2
3950
3C15
3364
228A
240D
3397
3CB3
3321
2E11
20A0
129A
22B7
39F2
307E
33CC
3070
2DC7
2CA3
2CD5
30DF
358D
37E7
3D22
4465
45A4
4280
41F1
42CB
3D20
3370
304E
354A
3CB0
4175
3B8A
2BCC
2C14
401B
4AEC
3C10
3397
2741
1964
2227
3471
2AAA
2FC6
2FC5
307C
30FC
30C0
335E
359C
3572
378A
3CEA
3EDF
3C95
3D6C
3D08
3B49
3AD0
387C
35F4
37A8
3D17
39DC
2FDE
2B20
336E
48D2
42FC
3DE5
2A9C
18A8
1FAA
2F61
210F
245A
242A
250A
2D9E
36C2
3A86
38DA
34BB
31E0
31EE
342B
3651
39BF
373C
3672
380A
359B
3167
340D
3C05
3D3D
2F29
21A6
1FC0
3A31
4CE3
5121
2D0E
13DE
20DF
331D
21A0
21AB
2473
2CD3
388E
4214
4623
44CD
3FB3
395F
34A1
373C
3D0A
3DCA
3871
3619
359A
3420
3457
36FC
3C3A
3F9A
3940
2751
18CD
2792
4A55
5AF8
367D
16CD
244A
369B
2235
2162
2841
3110
3449
36E0
3ADF
3EA0
4115
3F03
3BCB
3C7C
400A
3BCE
3631
3653
31AD
2FB1
347C
3713
3709
3675
392A
33A3
2239
24BF
39D7
4C6A
3D62
2351
2511
375E
21D7
216B
2AF5
30FF
3134
316A
3200
382E
3E32
4017
3DBF
3B2C
4036
3C96
35BD
33CC
30D7
32F9
3781
37D8
34AD
3433
385C
3C09
338C
2D52
35A9
4193
3FF9
2C21
2299
35E8
264C
259F
2AA4
2D84
3040
364C
3922
3AA8
3BA1
3BD2
3A3E
37E5
3E0D
3ECC
3653
313C
3446
3AE3
3A5A
35EE
31CD
32F7
3295
3183
3383
391F
3B73
411B
3E6E
27ED
204B
340F
29C9
2951
2951
2950
2C6F
3536
4035
4318
40FA
3D52
3982
3896
3B6B
3C46
3447
331D
3E51
45B4
3ED9
3A82
3A2E
354D
2AF6
2631
2DAE
3ADF
4289
48DE
403E
243F
2147
344A
29BF
27BC
26FD
26D7
24EC
28F0
38AE
4921
4949
41C0
3BB8
3818
3319
2DDE
2D23
3375
3B3D
3CEB
3A35
3C3C
3FA9
3912
2AFC
21F0
2BFA
331B
3708
4056
3EA5
2841
21D7
3625
2B4A
29A2
2A2C
2953
2543
25BC
335A
4258
4AA1
4C87
4835
3DA6
2ECD
2647
2DA4
3704
39FE
3BCE
3E4A
4366
4520
3EC8
325E
282B
29D7
2A4F
2C55
34C0
3C77
2A0B
1F8A
3598
2D24
2D20
2CA1
2EF5
31FF
2DF3
2CE1
30F5
3B88
4C81
4EE3
44F5
3494
2CA4
2EC0
33E8
3BCA
406A
429B
42F1
4332
4058
3878
2E8B
2AA9
2806
2C3D
300C
36EA
25E4
20F0
3688
2E20
3153
3048
33CB
3C15
3967
2C0C
24B1
2CC0
41D3
4CA3
4F50
473F
3C0F
2F05
2BF7
3860
430D
42A4
4144
42D7
4394
3BAB
317B
2C54
2D13
30A7
3082
3310
22C0
251C
382A
2A34
2F74
325E
351D
34A1
3694
383B
2E6F
26EF
2F11
3E59
50AB
53F9
4A2F
34B7
27DF
2AB9
3588
3B7F
3E5F
4296
487E
45A8
3947
2DA1
2BB5
3016
2D55
2CE9
214F
2837
3A12
253B
2915
30A4
35AE
3188
30C7
3DC3
3DA9
29DE
2244
2AE4
4029
4E34
4C8C
3C41
3043
27F2
281C
35C9
3F71
4010
4676
47FB
3EA7
331D
2E13
2FFA
2C17
2969
1F51
28A8
3CB1
2536
2347
2E06
37F1
35DA
3580
38D8
3E46
3760
2DE4
236F
2A92
3832
4328
4506
3BE7
2C31
25E7
2FA0
3C28
3B0F
3A34
3E1D
4022
3950
3017
309A
306A
298F
1BA7
2755
3BAA
261E
217E
28DC
385D
38FB
3654
3239
38A0
4061
3C53
27A0
1D4F
2599
352E
440E
40B3
322A
2B84
2FB5
373E
376F
391D
3F96
41A8
3C93
3472
34E5
34EE
2D79
1CA6
2663
37CF
2543
208A
2224
31F0
3E6F
3A8D
2C17
301E
3C7D
3D64
2BF2
210C
2091
29B9
3845
38EA
32A4
2D7D
29B6
2F0A
3B21
4538
44CD
4080
39EB
3339
2ED7
2D5E
2C8C
1FE0
24A5
3646
25E5
2144
1FD7
2B43
3FA7
4313
2ED9
2842
3775
3F1A
3525
2B54
283A
29F7
3075
351C
3189
2DA4
276C
2BD7
3E77
4C43
4C1A
48EF
3F66
3502
285B
22AC
2BFD
2270
23FA
3821
27C4
23AD
22B3
2813
39E4
4408
3672
2C17
30E2
3EE2
3AFA
2C94
2375
2928
3378
3C7B
3597
307C
2F60
2F7B
398A
3FAC
42FF
4B36
4801
3815
298D
20DB
2CED
2337
2479
3AA1
2AC9
27A9
2647
270C
31A2
3FDF
3F72
356B
2937
319A
381C
3040
2113
2508
3A49
446E
3703
31BD
37D0
37DA
366B
37AA
3CD4
48A3
4807
38C4
2D00
2165
2910
2052
2596
3C42
2EDA
2B04
2795
254F
28BD
3926
43F0
3D2E
28B2
285B
37ED
39A7
29F5
2617
353D
41C1
38D7
3074
36F1
408F
4277
3F70
3BD3
3AE1
3BBF
3997
3304
25CD
259D
19F6
2613
3C8B
31CA
2FBE
2A7C
2612
2488
2EDC
42BA
42B5
2EE9
27D5
3594
3FE5
33FF
2916
30CB
40A4
3F76
3C8D
3A6B
3E90
4D6A
4B5B
392A
2F4B
3001
35B7
34E8
2A08
24D6
179F
28F0
3F5D
33B2
33CE
2E6E
26D5
2387
2778
3AF9
4543
386D
2F8D
30F3
3B88
3BCF
3174
2F5B
3BD3
47A7
48F8
3A72
3951
4262
4916
3EC8
3324
2E02
301B
2E58
25D4
2581
1C95
2DE7
453B
319B
31B6
2DDC
267E
2314
22A7
2F44
40F7
4167
37E6
2C56
313C
3B8A
3816
2B08
315F
4875
4E7B
3B07
321B
3422
384D
3DCF
3956
2D72
280D
26C0
267A
2912
1F72
338F
4C79
2FA5
2EA2
2D02
28D2
2621
20B3
23D6
350F
4405
3F4E
2D09
2AF0
3663
38B7
2CC9
2B5B
3E44
4D84
40E2
3238
2CC1
3073
36F7
3422
26CE
2227
2634
2D65
2CD0
1D76
346D
4DE7
2D05
2A19
2899
2853
26EB
204E
1DE2
283C
3D99
3FF6
2FB5
2781
2F5B
3439
2E1D
28FC
30F0
3E8B
3E5A
349C
2A1A
2A10
2C14
28B4
210F
2359
2B5F
2EEF
2D7B
1CF5
3619
4DFC
3388
2DE7
2973
2B88
2AD2
2562
210D
2347
329E
3AB6
34A5
2CAA
2D44
2DC3
2C51
276F
291F
315D
3491
32A1
2E17
29CC
239C
226C
25EF
2D2E
2F10
2CAF
2743
19B2
3019
47CC
3498
3018
3010
3289
3215
2D8D
2A1D
2573
2B96
332E
3466
2DC9
276A
2737
28C9
276A
25BE
27CF
2A52
2A2E
2C43
2AC3
22F9
24F8
2DC7
31B6
3064
2E24
2A80
1905
26E4
3FA0
312B
2D33
2F6A
310A
306B
2D8D
2A50
262A
286A
2E9F
325A
2BC7
280C
2843
26D3
2486
2895
2B1C
286A
2592
2518
270F
27E9
2A0D
2E5F
2BE9
2B48
2CCE
313F
1C3C
1519
1E5E
1637
1422
1321
13F5
1306
10C7
1052
0F44
0F5D
115B
14B5
11C2
105B
109E
0E54
0CBA
0FBE
117A
0F36
0D94
0E20
104E
12E7
1227
1151
0D30
11E5
149E
178D
0A52
2883
2207
0D9B
0ECF
0D73
0F75
116E
13CC
157F
157B
15FB
1A94
1E3E
1BDE
19F2
1CA8
1B19
1482
1112
153B
19E4
1C18
1643
1093
0EA7
18F9
245A
18B0
1174
2241
14B0
10F2
346A
2C86
12A0
1066
10C3
1A40
1C15
1F56
2350
2342
2189
2659
2691
1FF2
1CCE
1F88
1D38
18DF
1DCD
23C9
2301
23A7
1E4D
1536
1607
287D
2B68
19BE
1466
25B1
1438
0DC5
3EF4
3044
182B
1587
0FD7
1567
1384
1A22
223B
2386
1F65
1FC5
1B86
1730
190F
1CD1
19CB
186E
1B85
1996
17F1
2195
2855
1EA5
16DE
214D
2069
13C6
1B34
2770
2010
1922
3940
2625
1277
1918
113F
1366
114D
17C8
1CCE
1FB2
1E44
1D07
1A09
1A85
1E1A
1E1B
1F32
2224
20B5
16AF
0E6F
1572
2708
2C39
2806
20B1
168F
16AE
32EF
2E60
23B5
20E1
3D8E
29D8
1988
272E
223C
291C
2860
258B
1CCE
1A8E
1A02
1B60
1F8D
2697
28D9
2316
1EDE
22CC
2287
1C6D
16F7
1910
1D7E
2077
1CB0
1B1C
1606
2378
4435
2DE7
102F
1DF9
431D
2EF0
1A67
26EA
2893
30FD
2F4C
2648
1B71
16B7
1808
1A91
1C13
2372
2761
235F
2232
2625
23B1
2327
21FF
1FFA
1883
153A
138A
1591
1A15
2FE4
46D9
2F4F
08CB
1E50
47B2
2D41
11B0
2148
2498
24CC
1F3D
2146
2913
29FC
257D
1C9D
14C4
1C1B
1F8C
18FA
1BD3
2122
1A50
1FA7
1DCE
1A8A
18AD
1807
1762
136C
1236
1D06
3BB6
3D32
262E
1E24
4620
2BA0
11A0
2070
1AC4
1111
0E2C
1C61
2A1B
328B
3436
298E
1A5E
1D2F
1BDF
0EFD
10C5
194B
1ABB
2192
1FBB
1BE6
217A
29FB
26FB
18DA
15DB
11CD
26F6
4268
4067
1995
420B
2CE9
15A2
1D32
15BE
1312
17AE
1F3C
1CFD
2154
2D1E
2D1A
2308
219A
1BB9
0F06
0EE1
18B6
20DA
1EAC
1A4E
1C8E
23B6
2798
25E7
234E
2553
1821
1625
2786
301A
21BD
3EDB
2EF8
17AC
17DD
176B
1FC5
1F48
1C1D
1C0B
1BCB
1AE5
2799
2EA4
2D3B
23DA
14FA
174D
1F95
1CB8
0FA7
108B
1FD0
1EBC
1769
1407
2ADC
31EE
1BDB
11F7
1080
1188
25B5
3DCA
2D1F
14DC
199D
1C3D
2418
20E4
23CC
29A4
2235
146E
15EC
2312
2C04
2A7A
2786
28F1
23D4
1B03
18C6
1F01
2923
1A75
10DB
14BF
241A
2D79
2951
2157
21F1
174F
1CB2
3F28
2C0E
14C4
1C78
19D0
1F71
20CE
2E84
33D4
2510
1C2A
169D
1184
1A8B
24C9
349D
3206
2406
26C6
2889
2828
2709
1F4C
19A9
1E64
1FE3
1D14
2083
2857
3562
2B77
1245
45B5
359E
1A3E
1C64
0F5C
1995
1FA5
2380
25BC
2A92
3695
2E88
19EB
1366
1E1F
2AE0
2790
2854
2B93
2783
1948
1C9D
2495
2414
1C89
186B
126C
12AC
1F65
2B26
292E
12C9
4A1F
3B3C
1A3D
1A20
148B
1BD0
16B2
1486
16C3
2E25
430C
39CA
2E90
25BA
1670
1350
1A7C
28DB
27EC
1C44
121F
1631
22AF
26EA
2002
1923
1878
1890
1C08
17FB
1DC3
1BD2
4BDC
3598
14BE
1D5D
1F56
1C09
145E
1C06
2010
2192
29BE
33DD
3D08
3738
1C43
0933
10ED
2409
2FCF
286B
2758
2093
1823
1840
162B
15CD
1B8A
1E0C
1999
16A4
18F3
1DDE
4CB4
2F53
119F
2051
222F
1D4D
1651
29A0
255F
1454
1472
2BAC
42AD
3D90
3195
1EF9
1872
201B
241C
2B00
31FF
2A90
1A93
10D3
15EA
1A5D
1BA5
1AD8
156E
18F6
1666
16D1
4D6E
2FFA
1310
1E01
1EDF
1FDF
1B09
288F
24E7
1BEE
1E26
206D
2C0F
3A73
3F68
3C80
2B7C
16C6
0E61
17B2
27D7
29C6
1E19
1DBA
29BD
24F8
194C
1499
0F01
17A6
1316
14D8
4BA3
3270
188C
1F1B
191D
2057
239E
1F98
1E27
2D27
2EC5
172B
147C
28ED
371A
495D
3DD3
17B5
0C0F
155F
1A48
1DF2
1F74
2AA0
30ED
287A
1FA0
1C92
15A0
181C
137A
1A42
472B
3411
1D51
1F48
133D
21BF
2B43
19A2
10DD
32A6
386D
1BE9
110D
1DE3
25A4
30EE
39A0
2BA6
2013
1E8D
14B3
1B33
2674
23F9
198B
1F83
2683
2483
1A8B
1C58
1B0D
1A74
4468
3244
1BFD
1C31
11CA
21BA
2B40
1A1D
0F8C
2A55
346D
2CB9
1EC2
189E
12EC
1D88
27BB
329D
2A62
27BF
1DCA
2558
2884
13EC
0E5B
190E
1C17
1833
1861
2506
2304
179E
45D8
2E5C
15A8
1A69
1650
2125
2946
23F7
1DDA
24B9
228B
2E0C
323A
1F62
0F7B
20DE
2C3F
2210
1C5F
2515
1DAE
23A6
2870
2180
2767
28E8
1454
0B1E
0F9F
24EE
24C6
172C
471B
2DF4
127E
1C5F
1A12
215E
223C
2B11
2BD2
1CFC
17B1
2900
390E
25DC
126B
2967
27F2
107C
0CE4
227D
1E88
1D2D
2102
2CE4
3A7C
304E
1D19
0DED
0FFF
2156
1E28
155E
458B
31C6
1404
1DCD
1A2A
1D13
1A68
2966
33FE
166E
10EC
2725
2DA6
23C7
112A
24F8
2AB7
1C85
1E43
27EF
2112
21AF
2261
2586
2A20
317D
30E0
1C10
0CC8
147E
1275
184F
479F
38B3
1949
2079
174E
1935
1942
2368
3135
1DE2
12A3
2B16
2744
23D8
1B0E
22D1
27F2
2B7D
39FC
2F9D
202B
2809
28F0
1C7B
17BD
2A44
36C5
22FE
13B5
133A
0C2C
1BFA
4E79
421F
2031
23AC
1348
15F9
18E3
1FE7
2836
27BF
1F79
256B
2248
2881
2AC5
2006
1628
2928
3D7D
2951
1BAD
2C28
30FE
2057
16EA
11EA
1BC0
1E00
1B89
1E22
1157
1616
5B01
45A5
20E6
2563
16CC
1853
188E
1CC3
1E46
2901
298B
1B9D
18B9
26EE
302F
1C9F
0FD0
252A
3786
234C
14AA
29CA
3657
3414
2339
0B28
0AC7
0E27
1CA6
25A0
190D
0E21
656D
3E6E
13EF
1F65
1697
17D6
1326
1418
143E
22BA
2F51
1410
0BA1
1F72
2B94
1C1C
10F6
1F77
300E
262B
1CF7
22FE
21ED
2773
24AF
1571
0F31
0D28
14A0
1872
12A6
0CDD
67C8
3D7A
1A19
286D
242C
2652
225B
228A
251B
2F32
3F12
2925
1D64
2D83
3311
2CC9
23AC
2D7D
34E3
34AF
2EEB
28A8
2069
205F
275F
2578
2764
285D
1D1D
1B8B
16BE
1C85
5D69
3C23
26BF
29CE
2228
262F
235F
2225
2527
2D78
3569
306D
28E2
2C9B
22C5
26D3
25DD
2D0F
290B
2B05
2E22
24F4
1CF6
1B77
1A3B
23C6
2B55
1BF0
0FCF
1E05
1E38
226B
4C90
3460
268A
1FD6
1519
1650
16AF
154D
1403
1955
20E9
2861
248E
19C7
12E0
1AAF
1CBB
1B56
1974
19B8
2165
1D44
136D
141C
1003
1933
1C1A
0B4A
0798
198B
134A
1716
4482
2EF5
2455
14E4
09A7
0B73
0D3F
0B87
073D
09E1
0ED9
13BF
151C
0E3B
0982
09E5
08D4
0CDB
0F45
0B05
0924
0F71
11F1
10B2
09EB
0866
0651
02D7
091C
145C
0FC7
03F0
30D3
2C0B
251E
1BBF
12BD
124C
10F9
0FE5
0BF6
0BF4
0DAC
0CC2
0D61
0FB0
0D77
0A01
06CD
0F30
12FA
0ABB
05E5
0960
0F0C
15D2
133E
08F6
05FC
0909
0DF8
19C8
1A0C
08A9
153D
1C8A
2441
1802
1348
1295
12BE
1A90
1CD6
1CEF
1DAF
1BAA
1BFB
1F5C
1F7B
1C57
1AF4
1DBF
1B45
13D1
12DC
1AA7
1DB5
21F1
1B9F
0F59
08E4
1C3F
2372
1900
090F
0BAE
12EB
1BE3
1FB2
0AF5
0DB7
1C27
1C4F
1C09
17B5
1607
19F4
17B9
14DF
16D7
18BB
14C8
153C
1B90
1FF3
1C89
174D
1568
0FF0
1740
1EBE
12DF
0A87
12F1
2192
1356
0BC4
1468
1FC0
2DB9
2F53
1D25
1EF2
2F40
2C22
29F0
259A
24CE
28C6
282A
2773
2C5B
29E5
2426
26B7
276F
254B
2A06
3066
2BB4
1B63
1D71
253A
1C2C
1AC8
24F4
233B
1C4E
151F
1506
17F2
275B
253D
1728
162C
14B7
134D
1D55
1F05
1A39
170D
14A9
1124
1618
135B
1473
148E
0FBF
0943
1373
1C97
161B
0FA1
134B
0FBD
0000
0000
088F
0000
2A51
2C85
0D19
1833
2C93
1985
067C
0182
0000
0096
0BB9
13D7
152C
1334
0FC2
06E1
031C
0115
1300
0E0C
0400
011E
0AFF
0C5C
0E69
0F33
0E8D
0F13
02AD
0000
0000
0000
2501
446A
1195
1C1F
303F
1F35
048A
0207
124F
0FDE
07E0
082F
0C63
0D33
1146
0ED2
0753
0985
169A
08BD
023D
04DB
0C97
0B28
0882
0C7A
0926
0976
13F2
06B0
0000
0000
0164
2363
1887
19C8
2688
22DF
04BE
0323
136E
0FF1
0125
0000
0000
01B9
0825
0FCE
07DF
0B94
10AB
04C2
05D9
03EC
0600
02EF
025F
05AC
0000
0000
068B
048A
0000
0000
0000
0511
1E35
1AAF
2024
1B46
045A
09F0
0FC5
13FB
15A9
0B29
05B5
0240
039A
0776
03F8
0A48
12E4
0FE9
0B46
00CC
122D
1688
103D
0537
04F8
0365
0000
0000
0789
090D
0E89
0379
20BC
1B07
1B46
1344
03DA
0DB0
0A9A
0A00
1650
159F
0F4A
055D
0638
061E
0325
0558
0DAD
135B
07BD
0000
190E
2414
10A3
0253
0F12
05A9
0000
0000
0271
0EFB
12FC
0B6C
2657
1853
1E7C
1A3A
086B
0C9C
10A5
0D3F
0386
0398
1297
1476
0BC7
0529
0A3D
1029
07D7
02D3
09CF
0C30
0AFC
1070
0F58
1135
15E9
0BCF
0000
0000
0000
06E0
0777
0CB1
33BF
15AF
2247
2318
103A
0D15
10A6
0E44
0000
0000
0000
0C24
0D95
0D44
169B
1916
060B
0000
07AA
0CC0
042E
0000
04F8
1075
1221
0A22
0000
0000
010D
0002
0000
0000
29B3
1793
2314
220B
1359
11D4
0EA1
0876
0562
001E
0000
0000
0386
1347
17F4
1313
0C53
0000
0000
062D
1279
04FD
0000
0109
064E
0329
04BA
07BF
0C93
043A
0405
0065
193A
193E
21F0
17E4
09B1
0F38
0D63
06A8
15CF
177C
0000
0000
0000
000C
0000
0000
0562
0C68
0000
0000
0A6D
13E3
013D
0000
0000
0357
0594
0792
0DEC
0074
14E1
0644
1567
1A10
261F
181F
0030
017B
1099
127F
118E
16E9
1076
0000
0000
0000
0000
0000
06F7
1342
02F2
0000
05C2
139A
0FBF
058E
0669
0FC7
0C14
05F0
06A5
02EF
19D8
0C3C
17DB
1BB9
29D1
1D8B
030F
0000
0624
10DB
0000
0000
18FB
1BD4
0000
0000
0000
0000
0029
06A6
0000
0000
0000
05CE
0A01
05A3
085C
0DAA
1309
0853
05E1
04E4
1653
0CFA
13A5
1BA3
2C27
234B
0921
0000
052D
12FE
07CF
0000
0393
1BA2
0A77
0000
0000
0000
0000
0000
04D7
09F2
019E
0000
0000
0872
0000
0000
133F
13AC
0AF3
0804
1616
0FFB
11C8
1B44
2B45
23F3
0994
0000
0899
0BAD
0483
0000
0000
0000
1779
12A0
0000
0000
0000
0000
0AAE
0EE4
0500
0000
036C
098C
0000
0000
0C6D
158A
0B3B
06D7
1427
165C
1A44
1C34
24B2
1E3F
089B
0211
041B
0000
07B5
0138
0000
0000
0FEF
25A3
058B
0000
0000
0000
0003
00A9
074F
13E2
16E2
0F9C
0B1A
0461
040B
08DA
06FB
040E
0A40
0926
2600
1D31
2258
1BFF
07A0
05FE
029F
0000
1021
1479
0000
0000
0000
1333
073F
0000
0205
001B
0772
0000
0000
0A0E
10F4
0218
102E
1713
0B45
0285
0B68
044A
0000
0000
261E
1C83
2611
23A2
0B65
06DB
074F
0000
01CD
0FE8
0000
0000
0000
0000
0662
03DC
0DF5
0B67
2221
1341
00D5
0000
02C6
01DD
0000
06C2
1594
17E9
16FB
0861
063F
0000
24FB
1997
23FB
295B
12BE
05F2
051C
0000
0000
0000
0000
0000
05F9
0000
0865
0380
0000
0167
2490
2510
0A11
0000
0868
134E
0000
0000
02F3
116C
1329
0362
02A4
0000
2401
158B
1F08
2445
150D
0983
06AE
0000
0000
0000
0BCC
0358
0000
0000
0D77
125A
0000
0000
0363
1F65
0BF5
0221
19B3
2197
0D94
0000
0000
0000
0B02
0258
0114
0000
1D44
165A
2008
1E74
1016
0E1E
0A3D
02CA
0026
0000
0807
0DE7
0000
0000
0C38
1C56
0000
0000
0000
072B
06E9
01CE
0A97
0BE1
14DB
0FE8
0000
0000
0000
05B2
06F1
07B4
16F3
1AB7
221A
196C
0B39
135A
0DDF
01D9
00A2
0000
001B
06FF
0000
0000
0374
0BE0
0000
0000
0000
0000
1209
09F5
0000
0000
0C85
143D
0698
0000
003B
0CF4
0FD1
099B
16F4
1974
2803
1A34
0458
12D7
1316
010D
018A
0000
0000
0000
0000
0000
00C6
0000
10FD
098C
068D
0000
182D
14BD
0000
0000
005A
09D8
0C29
0653
0F0C
092B
0CE9
081A
12E5
1884
3438
20E2
0000
0971
128C
0601
02EC
0000
0000
0000
098C
01A6
0000
0000
1796
10E8
0000
0000
0AF8
145A
0000
0000
0806
0DB1
0890
0C26
0FF5
04B3
130A
0F1E
0F8F
1B1D
3953
2849
0000
044A
10F5
1056
0577
0000
0000
0000
0AA6
0A50
0000
0000
0FD4
06A7
0000
0000
0607
0A7B
0000
0491
0DA0
117B
0270
02EC
00C5
0280
0D77
1408
145F
1DFC
2C45
2557
04DA
07AA
1432
188F
0DDF
0000
002D
0000
02D4
008D
0000
02F3
0AE3
0000
0000
0000
0606
0650
0141
0646
1087
1186
0C44
0466
0595
0580
0419
0DFD
18B6
2602
2A7D
20FF
0587
0C2D
136F
1603
1279
0466
026D
0183
01B4
0000
0000
0695
0CCD
0000
0199
0492
060C
0D05
0B37
07CE
10D4
16B2
105F
04C8
0AC0
0FF2
0966
00ED
1106
27B6
311F
27A8
0F1F
15D0
1B7D
19B1
1A32
150B
13A2
12AD
168D
139A
1082
1557
1A18
18D3
178B
165A
16E4
24A6
2863
1A52
141E
1635
14FA
1532
13BB
23CD
1731
096E
1E83
2C6A
2A19
1F56
1478
149E
12AB
116A
1260
10ED
0F74
0CF7
0F61
186E
141B
0C1C
0D76
18CA
15A8
1149
1B3E
2670
22C3
15FC
0E78
0983
100C
15B3
0E87
0B02
0B2E
02F3
1742
0DB8
0000
0000
0000
0000
0000
0000
0000
0000
0000
0000
0000
0000
05A6
0000
0000
0018
051E
027D
0000
00C6
0000
0000
0000
0000
0000
0000
0000
0000
0000
0000
05C2
0000
0D8E
09F5
00F7
020D
0000
0000
0000
0000
0000
0000
0000
0000
0131
00A7
0000
0000
0000
034D
0000
0000
0000
0000
001A
05DE
0000
0000
0000
0835
0000
0000
0000
0000
1120
08CC
0000
00DA
0000
0000
0000
0000
0000
0000
0000
0000
0000
0000
0000
0000
0000
02D2
0000
0000
0000
0000
0000
0849
0000
0000
0000
0B1B
0000
0437
0151
0000
150B
1218
0000
01F6
0000
0000
0000
0000
0000
0000
0000
0000
0000
0000
0000
0000
0000
0000
0000
00DE
0000
0000
0000
0858
0000
00EA
0391
0BEE
0000
06DF
0471
0000
18A2
1AAE
0000
03E7
0389
02E8
022D
0000
0000
0031
01E7
00F9
0000
0000
0009
001F
0000
0000
00EB
06BA
0000
0000
00E0
0305
0000
073A
0000
026D
016B
0BC8
01DF
0000
14F1
1619
0000
0000
0000
0000
0454
0000
0000
0000
0000
0345
0000
0000
0000
0335
0000
0000
0000
03C0
0000
0000
0000
0000
0000
06CF
0000
0000
0CB9
1294
0230
0000
1657
18B9
0000
0136
0533
07FD
0C67
0AAE
067F
0305
01A0
0951
004C
0000
01F2
086E
031B
0673
03E1
0427
07C2
01AF
0000
0000
0000
1019
0000
0000
1303
13B4
037F
0000
1AA7
1B1F
0000
0000
0000
0000
0000
0000
0000
02F9
02F8
0823
0000
0000
0000
0411
0000
0000
0000
0000
0000
0000
0000
0000
0000
0DFC
0000
0000
00E7
0E2B
0B17
0000
1B22
1A31
0000
0000
0000
0000
0000
0000
0000
0000
00C4
0897
0000
0000
0000
0722
0000
0000
0000
0000
0000
0000
0000
0000
0000
0768
0000
0000
0000
0975
0CAA
0000
1642
160A
0000
0000
0000
0000
0000
0000
0000
0000
0000
0000
0000
0000
0000
066D
0000
0000
0191
0246
0000
0000
0000
0000
0000
0000
0000
0193
0000
0000
039E
0000
118F
10A3
0000
0000
0000
0000
0000
0000
0404
080E
0000
0000
0000
0000
0000
045D
0000
0257
07DD
0B7C
0000
0000
0000
0CAC
0000
0000
0000
00BC
04F9
0000
0000
0000
13AC
13E6
0000
0000
0000
0099
0000
0000
06AD
0537
0000
0000
0000
0000
0000
0000
03F1
02B6
0000
002C
0000
0000
0000
052A
0000
0000
0000
0000
04C6
0000
0000
0000
157F
18EA
0000
0000
0000
0000
0000
0000
028D
0B9B
0957
06BF
030F
04DF
0000
0000
044D
098E
0302
074B
02E4
0000
0000
028F
0000
0000
0000
0000
0000
04A3
08E7
0000
143C
15CD
0000
0000
0000
0000
0000
0000
0000
0000
0D05
0EC0
01F2
00F2
0000
0202
0000
0000
0000
0691
0000
0000
0000
0000
0000
01EF
0000
0000
0000
0000
03F0
0000
18F9
1600
0000
0528
0000
0000
0000
0000
0000
0000
0033
0B00
08B1
041A
0000
095E
0000
0000
0741
0BAC
0000
0000
0000
0000
0000
0019
0000
0000
0000
0000
00BF
0000
1B6E
19B0
0000
01BD
050A
0464
0000
0000
0000
0000
0000
0000
1201
1015
05F9
1593
0000
0000
0036
049F
0009
0086
0000
0000
0000
023B
0000
0000
0000
0000
0000
0000
1A92
1DAE
0000
0000
036A
087A
0000
0000
02A4
08DB
0000
0000
07A9
0B08
0BD1
0BDC
0000
0E81
0000
00D1
0DC0
0B0D
0000
0000
0144
0311
0000
0000
0297
0000
006C
0000
1B35
1E64
0000
0000
0138
04D6
0000
0368
0000
0544
0000
0000
0000
0000
015A
0539
0225
1073
0000
0000
014E
02A8
0000
0000
0570
012F
0000
0015
0374
0134
0000
0000
19EE
1BDE
0000
0000
0000
0000
0000
0F55
0000
0000
003C
10EC
0000
0000
0000
05F6
06B3
13EF
027A
02A1
0000
0000
0000
07FD
03EB
0000
0041
08B5
03E4
00D4
0000
0000
15B5
1574
0000
0000
0000
0000
0000
1245
0000
0000
009A
12BF
0000
0000
0000
0000
0000
0099
0057
0868
0000
0000
05CA
0600
0000
0000
0000
00A3
0000
0000
0000
0000
153A
1358
0000
0000
0000
0000
05CE
1432
0000
0105
0000
0815
0000
0DFC
0000
0000
0000
055D
0000
030D
0000
0000
07F1
06B2
0000
0000
0000
0B0C
0000
0000
0000
0000
17EA
1756
0000
0000
0000
0000
0000
0A10
0000
0D1F
0000
0000
0000
142B
0000
0000
0000
0EC1
0000
0000
0000
0000
0000
0000
06FE
0000
0000
09AE
0000
0000
0000
0000
1741
17DC
0000
0000
0000
0000
0000
0000
0000
113B
0000
0000
00B6
11BD
0000
0000
058F
1665
0000
0000
0000
07F4
0000
0000
0928
071B
0000
0B36
0000
0000
0169
0000
1506
16EC
0000
0000
0000
0000
0000
0000
0000
189E
0000
0000
0364
1327
0000
0000
0343
16A0
0000
07D4
0000
0000
0000
00A2
0000
0000
0359
07A0
0000
0000
0000
0000
13C4
168D
0260
0000
0000
0000
0000
0000
04CB
1520
0000
0000
0149
11DC
0000
08C7
0000
0612
025D
14E1
0000
0000
0371
0593
0000
0000
0000
05FC
0000
0000
0000
0000
1625
184B
0219
0079
0000
0000
0000
0000
0000
07C8
0000
0601
0000
0000
0000
0F31
0000
0000
0112
1833
0000
0000
072E
0573
0000
0000
0000
0000
0000
0000
0000
0000
1CA2
1FCA
00B3
033B
0000
0000
0000
0000
0000
0000
0000
0E32
0000
0000
0000
15AA
0000
0000
077D
153F
0000
0000
007E
0318
037E
0483
0000
0000
003E
0000
0272
0000
22C6
234B
0000
0000
0000
0000
0000
0000
0000
0000
02C2
17BB
0000
0000
0165
1245
0000
0000
0304
0CAD
0000
0000
0000
0000
0000
03E7
00C6
0000
0581
01AE
0272
0000
271C
2672
0000
0000
0000
0000
0000
0000
0000
0000
08DD
1628
0000
0000
0000
0AEB
0000
0000
0000
03AC
0000
0000
0000
0000
0000
0000
048D
01A9
00D1
00E9
0388
0000
1C5E
22A6
0000
0050
0000
0000
0000
0179
0000
0000
0000
0AF6
0000
0000
0000
0019
0000
0000
0000
0000
0000
0000
0000
025B
0000
0000
045F
0271
0000
0000
0023
0000
1902
197B
0000
03F4
0000
0000
0000
01A5
0000
0000
0000
0182
0000
0000
0000
0000
0000
0000
0000
0000
0000
0000
0000
0747
0000
0000
0675
06E8
0000
0000
0067
0000
14F1
15A2
0464
0446
0000
0000
0000
0000
0000
0000
0000
0000
0000
0000
0000
00F3
0000
0000
0000
0000
0000
0000
0000
026B
0000
0000
0000
03A5
007C
0000
0189
0000
0C04
0DFC
03AB
0216
0000
0000
0000
0000
0000
0000
0000
0000
0000
0000
0000
007F
0000
0000
0288
02EC
0000
0000
0000
0000
0148
0094
0000
0000
0000
0000
01C4
0000
0207
0000
0556
03D0
01CA
016C
018E
035C
032D
0120
0000
00B2
01DB
02B5
0450
0621
06CE
014B
0000
0153
01EE
0302
07B7
014D
0000
0000
053F
0000
048E
04A4
0DAB
0000
0000
0000
0000
0000
0180
0000
0000
0000
0000
0000
0000
0000
0000
0000
017E
0510
0000
0000
0628
049A
0000
0000
0000
0000
08BA
0AE7
06CC
02DF
05F8
0000
0F58
0000
00DD
0000
0000
0000
0594
0237
0000
0000
0000
0000
0000
0000
0000
0000
0000
008A
0000
0000
0547
0000
0000
0762
0000
0000
0538
1237
041B
000D
1292
0000
05D5
0000
0000
0000
0000
0000
0000
0000
002B
02FA
012B
0000
0000
0000
0000
0000
0000
0000
0000
0000
0183
0000
0000
087B
00F8
0000
00C2
02FB
0000
0000
1BEF
0000
1138
0000
0000
0000
0000
0000
0000
0000
02D1
081F
0849
0317
0000
0000
0000
0000
0000
0000
0000
0000
0000
0000
00AB
04E6
0123
062F
0989
0000
0000
0462
26F8
0D43
2860
0000
0000
0000
0000
0000
0000
0000
0000
0000
0000
0000
0000
0000
0000
0000
0000
0000
0000
0000
0000
0000
0000
0000
0000
031B
0A88
06DA
0BE8
0989
05B1
0000
2E4F
01DA
0318
0000
0000
0000
0506
0772
0000
0000
0000
0420
0000
0000
0000
0000
0000
0000
0000
0000
0010
0478
01C4
0000
0000
0F05
031A
0B4B
12B5
0627
0000
0000
2A6E
025C
0000
0000
01F7
0000
0000
0000
01F5
0856
031D
01CE
0000
0000
0000
0000
0000
0000
0000
0000
03BE
062B
0000
0000
037B
0CA5
0000
0000
0CF9
113C
09D2
05A7
19F5
0000
0000
0000
05D8
0000
0000
0000
07D6
06C8
076D
05D5
0000
0000
0000
01DD
0000
0000
0000
0000
0491
0954
0000
0000
07BC
068E
0000
0000
081C
0E8F
120F
0C59
1CAD
000D
0000
0000
0000
0000
0000
0000
0000
0000
0CE3
0C1C
0584
0000
0000
0000
0000
0000
0000
0000
0000
0000
0D10
0BFC
0525
0442
0AA0
0FDA
02C8
0004
0000
0000
28D1
00E6
047B
0000
0000
0000
052E
0000
0000
047E
0FE9
1007
0ED9
0687
077F
0000
0000
0000
079A
0000
0000
0000
097B
10D4
018B
02D3
0C7E
0D2F
0026
0000
0000
0000
22B8
0000
0000
0000
03F2
0380
0000
0000
0CA5
0A11
0000
0000
0CDE
0AA8
052D
069D
0CF4
0000
0000
0000
01C8
0000
0000
0000
0000
0000
06D1
038B
01EA
03E2
06A6
0000
1671
0000
0000
0000
05D1
018F
0000
0000
1139
10C5
0000
0113
11A3
1049
0AFD
054B
0FFB
0B4B
0000
0000
0F19
037C
0000
0000
0000
0467
058C
0000
0000
016C
0652
0427
135B
0000
015A
0000
0000
0000
0679
0539
0000
0182
1B3B
111B
0000
0367
121E
076F
0613
04F8
0B09
05B2
05B8
0000
0104
05ED
01BF
03D7
0304
0000
0000
0000
0000
0090
1781
0000
046C
017C
0000
0000
04F7
0000
0000
0000
1F80
19FF
0993
0229
1755
19BD
0966
008B
1100
0657
0000
0000
0B58
0611
00A4
04F4
06DC
0000
01C0
0000
0000
0000
1465
0000
0110
02C1
011F
00C3
0000
0000
0933
0C48
0165
071C
199F
0D90
09D3
0D03
0000
0000
1175
07B6
0000
0000
0387
0000
0000
0000
0653
0126
020C
0000
03C1
0000
10BC
00E8
0000
0033
0438
0BFC
0000
0000
0B6E
04DD
0000
0000
219D
144E
0BEA
021C
0A89
0B57
1557
0F0C
0D66
0752
0637
0000
0000
0000
0000
0055
082A
060B
038F
0000
1412
03BF
0000
0000
036B
0C9E
0000
0000
0863
0000
0000
06C1
155B
0D44
1256
0D3D
1339
0BCF
0000
0000
084E
08A3
0000
0000
11A7
00C7
0000
0000
00F2
0000
0000
0000
17E4
0297
0000
0000
024B
043C
03F7
07BF
0E67
0000
1071
0E5F
0809
03DB
1631
0C3B
1375
0604
0000
0000
0D2F
00B6
0000
0000
110E
1186
0000
0000
031A
0000
0000
0000
1A14
00E8
0194
0256
0000
0000
09A9
1655
0246
0000
0EE6
12EC
00F1
029F
1A0F
041D
05D7
0562
156E
0248
0000
0000
0185
00AF
0000
0000
08DD
0F0B
0B54
0305
029F
0122
16A7
0000
0000
0503
0000
0000
04E7
1174
0000
0000
113F
0B93
0457
0000
1777
00B6
0016
0000
14F4
06AD
0000
0000
094D
0000
0000
0000
0FE4
0F15
0439
0000
026D
058D
1692
0000
0000
0289
0000
0000
0000
0BC3
035B
03FB
1489
028F
05D6
0AF0
12AD
0215
0D52
0000
02E7
0000
054C
0510
0556
06CF
0D61
0038
0000
0000
0000
0000
0000
02BB
125A
0000
0000
0000
0216
00C9
0000
05E8
0A29
13FA
0EBA
0618
0CD4
108A
0C28
0000
0F33
0C88
0000
0000
1092
0000
0000
045B
1CDB
1129
0000
0000
01D0
047F
05A6
0000
13D7
0000
0000
0000
01A3
055C
0000
0400
0801
1576
0450
01B2
10CF
0BBE
0000
0000
0F8A
0D21
0000
0000
0DFD
0000
0000
0000
03C3
01CD
0DB0
02E2
0000
0000
0000
0000
18AA
0000
0000
0000
0000
03E3
00E1
030B
03D1
1337
0000
0000
1489
042A
0000
0000
160F
0681
0000
0000
11DC
0000
0000
0000
0000
0000
0EEC
0870
0000
0000
0000
0000
16AC
0000
010E
0000
0000
0000
00B0
0000
0094
0B02
036B
0000
1241
036E
032D
0560
0C3A
05A1
021F
0E86
0530
0000
0C60
062D
0000
0000
0000
0000
0000
0000
0612
0000
11EF
0000
04BA
013D
0000
0000
01D8
0331
00AE
0371
04E6
0F79
0E1E
06D8
07D5
0C81
0000
0340
0701
0B62
0000
0000
0B39
008D
0000
0000
0000
0000
0000
0000
0000
0048
12C7
0000
0000
0000
0000
0000
014F
045C
0018
03BE
0606
11B6
002D
0000
0AF2
0B55
0000
0000
09E5
045C
0000
0000
0382
0000
0000
0000
0000
0000
0000
0000
0000
0000
1546
008D
0000
0000
0000
0000
0000
0144
0085
045E
0682
0BFC
0000
0000
0CC1
04F3
0000
0000
0AEE
0465
0000
0000
0000
0000
0000
0000
0000
0000
000D
0000
0000
0000
1851
03CA
0000
0000
0000
0000
0000
013E
02B0
0000
02A2
057E
0171
0000
0240
0000
0000
0146
0000
0000
0000
0000
0000
0000
0000
0000
0000
0000
0000
0000
0000
00B9
16C5
01FC
0000
0000
0000
0000
0000
0000
00BF
01F1
009D
048E
063D
0471
0000
0000
01E6
019B
0000
0000
0000
0000
0000
0000
0000
0000
0095
00BD
0000
0000
0311
0202
0D71
09CE
0000
0000
0000
0000
0000
0000
0000
011F
0000
0000
0000
0043
0000
0221
0000
0000
0000
0000
0000
0000
0000
0000
0000
0000
0000
0000
0000
0000
0000
0000
0640
0000
0000
0000
0000
0000
0000
0000
0000
0000
0000
0000
0000
0000
0000
0000
0000
0000
0000
0000
0000
0000
0000
0000
0000
0000
0000
0000
0000
02E1
0000
0000
0000
0000
0000
0000
0000
0000
0000
0000
0292
0546
0213
0000
0000
0000
0000
0000
0000
0000
0000
0000
0000
0000
0000
0000
0000
0000
0000
0000
0000
0000
0000
0000
0000
0835
0193
0000
0000
0000
0000
0000
0000
0000
0000
0000
0000
0000
0000
0000
0000
0000
0000
0000
0000
0000
0000
0000
0000
0000
0000
0000
0000
0000
0000
0000
0000
0000
0000
0000
0000
0000
0000
0000
0000
0000
0000
0000
0000
0000
0000
0000
0000
0000
0000
0000
0000
0000
0000
0000
0000
0000
0000
0000
0000
0000
0000
0000
0000
0000
0000
0000
0000
0000
0000
0000
0000
0000
0000
0000
0000
0000
0000
0000
0000
0000
0000
0000
0000
0000
0000
0000
0000
0000
0000
0000
0000
0000
0000
0000
0000
0000
0000
0000
0000
0000
0000
0000
0000
0000
0000
0000
0000
0000
0000
0000
0000
0000
0000
0000
0000
0000
0000
0000
0000
0000
0000
0000
0000
0000
0000
0000
0000
0000
0000
0000
0000
0000
0000
0000
0000
0000
0000
0000
0000
0000
0000
0000
0000
0000
0000
0000
0000
0000
0000
0000
0000
0000
0000
0000
0000
0000
0000
0000
0000
0000
0000
0000
0000
0000
0000
0000
0000
0000
0000
0000
0000
0000
0000
0000
0000
0000
0000
0000
0000
0000
0000
0000
0000
0000
0000
0000
0000
0000
0000
0000
0000
0000
0000
003E
0000
0000
0000
0000
0000
0000
0000
0000
0000
0000
0000
0000
0000
0000
0000
0739
0000
0000
0000
0000
0000
0000
0123
0000
0000
0000
0000
0000
0000
0000
0000
0000
0000
0000
0000
0000
0000
0000
0000
0000
0000
0000
0000
0000
0000
0000
0000
0000
0000
0000
0000
0000
0000
0000
0000
0000
0000
0000
0000
0000
0000
0000
0000
0000
0000
0000
0000
0000
0000
0000
0000
0000
0000
0000
0000
0000
0000
0000
0000
0000
0000
0000
0000
0000
0000
0000
0000
0000
0000
0000
0000
0000
0000
0000
0000
0000
0000
0000
0000
0000
0000
0000
0000
0000
0000
0000
0000
0000
0000
0000
0000
0000
0000
090B
0000
0000
0000
0000
0000
0000
0000
0000
0000
0000
0000
0000
0000
0000
0000
0000
0000
0000
0000
0000
0000
0000
0000
0000
0000
0000
0000
0000
01B3
0000
0000
0281
0000
0000
0000
0000
0000
0000
0000
0000
0000
0000
0000
0000
0000
03E1
0000
0000
0000
0000
0000
0000
0000
0000
0000
0000
0000
0000
0000
0000
0000
0000
0000
0000
0000
0000
0000
0000
0000
0000
0000
0000
0000
0000
0000
0000
0000
0000
0000
0000
0000
0000
0000
0000
0000
0000
0000
0000
0000
0000
0000
0000
0000
0000
0000
0000
0000
0C36
0000
0000
0000
0000
0000
0000
0000
0000
0000
0000
0000
0000
0000
0000
0000
0000
0000
0000
0000
0000
0000
0000
0000
0000
0000
0000
0000
0000
0000
0000
0000
0000
0000
0000
0000
0000
0000
0000
0000
0000
0000
0000
0000
0000
0000
0000
0000
0000
0000
0000
0000
0000
0000
0000
0000
0000
0000
0000
0000
0000
0000
0000
0000
0000
0000
0000
0000
0000
0000
0000
0000
0000
0000
0000
0000
0000
0000
0000
0000
0000
0000
0000
0000
0000
0000
0000
0000
0000
0000
0000
0000
0000
0000
0000
0000
0000
0000
0000
0000
0000
0000
0000
0000
0000
0000
0000
0000
03C3
0000
0000
0000
0000
0000
0000
0000
0000
0000
0000
0000
0000
0000
0000
0000
0000
0000
0000
0000
025C
0000
0000
0000
0000
0000
0000
0000
0000
0000
0000
0000
0000
0000
0000
0000
0000
0000
0000
0000
0000
0000
0000
0000
0000
0000
0000
0000
0000
0000
0000
0000
0000
0000
0000
0000
0000
0000
0000
0000
0000
0000
0000
0000
0000
0000
0000
0000
0000
0000
0000
0000
0000
0000
0000
0000
0000
0000
0000
0000
027A
0000
0000
0000
0000
0000
0000
0000
0000
0000
0000
0000
0000
0000
02CE
0000
0000
0000
018D
0000
0000
0000
0000
0000
0000
0000
0000
0000
0000
0000
0000
0000
0000
0000
0000
0000
0000
0000
0000
0000
0000
0000
0000
0000
0000
0000
0355
0000
0000
0000
0000
0000
0000
0000
0000
0000
0000
0000
0000
0000
0000
0000
0000
0000
0000
0000
0000
0000
0000
0000
0000
0000
0000
0000
0000
0000
0000
0000
0000
0000
0000
0000
0000
0000
0000
0000
0000
0000
0000
0000
0000
0000
0000
0000
0000
0000
0000
0000
0000
0000
0000
0000
0000
0000
0000
0000
0000
0000
0000
0000
0000
0000
0000
0000
0000
0000
0000
0000
0000
0000
0000
0000
0000
0000
0000
0000
0000
0000
0000
0000
0000
0000
0000
0000
0000
0000
0000
0000
0000
0000
0000
0000
0000
0000
042D
0000
0000
0000
0000
0000
0000
0000
0000
0000
0000
0000
0000
0000
0000
0000
0000
0000
0000
0000
0000
0000
0000
0000
0000
0000
0000
0000
0000
0000
0000
0000
0000
0000
0000
0000
0000
0000
0000
0000
0000
0000
0000
0000
0000
0000
0000
0000
0000
0000
0000
0000
0000
0000
0000
0000
0000
0000
0000
0000
0000
00E6
0000
0000
0000
0000
0000
0000
0000
0000
0000
0000
0000
0000
06D0
0000
0000
0000
08D3
0000
0000
0000
0000
0000
0000
0000
0000
0000
0000
0000
0000
0000
0000
0000
0000
0000
0000
0000
0000
0000
0000
0000
0000
0000
0000
0000
0000
0000
0000
0000
0000
0000
0000
0000
0000
0000
0000
0000
0000
0000
0000
0000
0000
0000
0000
0000
0000
0000
0000
0000
0000
0000
0000
0000
0000
0000
0000
0000
0000
0000
0000
0000
0000
0000
0000
0000
0000
0000
0000
0000
0000
0000
0000
0000
0000
0000
0000
0000
0000
0000
0000
0000
0000
0000
0000
0000
0000
0000
0000
0000
0000
0000
0000
0000
0000
0000
0000
0000
0000
0000
0000
0000
0000
0000
0000
0000
0000
0000
0000
0000
0000
0000
0000
0000
0000
0000
0000
0000
0000
0000
0000
0000
0000
0000
0000
0000
0000
0000
0000
0000
0000
0000
0000
0000
0000
0000
0000
0000
0000
0000
0000
0000
13D0
1CE4
2CF6
2CB6
2605
20B0
22AB
23E7
2539
278E
279A
270A
2DD8
3348
32FA
31C9
355B
311E
22AD
1FDF
25CA
2B91
30EA
2C9B
21EA
1B60
2ACF
3748
232F
1B1D
2810
2605
121E
13FF
246D
2434
1FEE
1BC6
19E0
14C8
11DD
14B0
1931
1B15
216E
26BF
288A
2835
2F96
3313
2830
2639
26A9
2345
2D34
318F
29DE
26D9
3345
3CC5
2D7E
2688
3E30
41C9
0B90
0725
123C
15F8
1D93
1EA6
1D2B
19D9
166F
1606
1899
15D6
150E
1974
1FD5
1E6D
2372
2C61
2EC4
2B91
2547
1C8A
268E
36F3
3554
29AA
23EE
23F8
3538
398D
314C
33B3
0D21
0AA2
1675
1DD3
20F4
1B8E
2436
2D44
2EA7
2A03
2579
1F4B
1C66
1FCA
2181
20C9
2593
26AB
2711
2A21
2878
2710
2F9E
360A
2947
1B42
1840
1886
31A0
459C
2A38
28E1
1027
0FFE
1ACE
1F90
244D
2F1D
3A9B
3AC1
3E0F
3F55
3E43
3931
3207
2C62
2F13
3749
39F1
3480
30D7
3223
357A
3A14
3E56
3493
30EC
2795
21E7
2271
2B7D
40B7
31B2
44F4
147F
1462
1875
1467
1DCA
296E
2742
1FB7
278A
30A4
37EA
3EB5
3AD3
3123
39B6
427F
338F
2620
262F
293C
2EE6
303A
31EE
2BA4
379A
3AB2
29FF
23F4
208C
2B1A
415B
6838
1219
1014
1816
19D4
2019
1A48
0FEE
1446
223F
28AB
2B3F
3259
3198
2C02
3994
3EDE
288F
1A35
1F86
2285
2021
18F2
1F37
289A
3390
2F12
24F7
1DFA
226D
2E4F
510C
69D3
10D1
0C20
1AA3
1E7A
2021
1D55
1EC1
23FA
2432
1ECF
1B8F
1E4B
218D
243C
32FF
3574
246B
1C64
256B
2861
1BDA
1110
17D1
22F4
266B
1EC7
1F15
28AE
3272
347C
3867
4F44
11A5
0F30
1BD7
1812
19E3
22BC
2998
24F3
2773
2BD9
26AF
2370
24FB
2606
2898
25A4
21A2
231E
2D3E
2FC8
2882
2833
2CC5
2851
231F
214A
24C5
2F8F
3A20
2D91
29DB
580F
1449
1238
1768
0FC5
14AE
2283
22EE
1D68
2B62
3F35
41CB
3989
3062
2607
1F84
1DBB
22E4
29C8
3121
3037
37BC
4135
4616
3B7B
3016
2B29
2768
2A8C
2B55
2286
3FF6
732F
16A3
114E
1827
1917
1F55
1C30
1ABE
2940
347C
2EC4
3B58
48E0
4006
2C0C
23E4
2A9B
2F48
2789
2C4E
3B57
4314
3DC9
44D8
4533
3A92
2CDF
24C4
25F6
2E26
2CEF
4EEE
6F97
15D1
114E
20EA
2625
226F
1A77
218C
2AB0
217C
1D1A
2D36
4489
4D39
44D4
3C70
3996
2A9D
1524
21C3
3728
2C88
1B81
2B3C
4082
3B34
2D73
2715
22BA
2D29
2934
39B8
4DC0
1394
13C4
228B
2200
2246
2630
2E0B
23B4
157A
267C
3922
3567
3AEC
4BF2
4A95
3E5D
2753
1C32
2563
2979
1D74
1960
2F1A
3D5C
3796
2B7A
2492
22ED
2766
1FF9
2416
4162
131E
12BE
1CBB
15D0
21B3
2FA6
2F3C
24E5
2F4C
39B3
28CD
1D71
2AF1
3F61
46CF
41A3
31D0
32D6
35D2
2F84
2CF7
31C2
3CA0
38FE
3347
2C18
22B3
2361
2560
2028
2900
438A
134B
10EE
1B4B
16AD
231D
2C03
29D0
2881
3C6E
3BC7
1B11
1F68
3595
314D
37E8
4628
3BE2
3A62
3949
32EB
3746
3C6E
398E
302B
33E6
3AD8
30CD
2983
2A6A
27CD
2DF7
3DCE
12CF
1246
1FD4
1CBE
207C
22E1
2615
2AC7
330E
2FAD
2FCD
357F
2FF8
2373
2A17
37D5
3CF1
43A3
35F2
2CA9
2756
24BD
230A
244C
33BF
4291
3BAC
32AF
3671
2D77
2D6D
3AC1
1446
1196
1C2E
1D8F
2139
2218
29A9
2C42
2B6D
26C3
4090
44AB
22F8
1ABC
3519
387F
3765
3814
2E9C
2C2F
2842
1CFC
20DF
330F
3F15
3FC0
3B82
3A3E
37BC
21B0
2A12
4619
149D
0EB5
15FC
1B7E
23FC
23E0
2AF9
3203
2991
22B8
368F
48AB
2D29
231F
310E
289A
1B05
1CA1
24C7
32F0
307B
2381
2CD8
3C19
33DD
2401
20A7
26C9
23DC
1264
2CB8
54A3
148E
1090
1651
1807
24E3
232F
2C5A
3524
2B14
2385
300D
3EDB
3CFD
34DD
2C64
204B
2046
2CB6
2D75
24DD
2384
2A41
31DA
2CA4
27EF
26A4
28FD
28EE
2191
14D5
316D
573A
16C8
153A
1A32
1565
21BB
21BE
2DF6
324F
2C45
29FD
32BF
2E7B
33A5
3EF5
3463
27ED
3B40
42F3
2656
0D16
191D
24D0
220A
19A0
2DAE
439F
4549
3BEF
2B41
1E8B
36B0
5465
16C6
1415
1B14
18DD
1BF7
1F85
2B47
2DFF
2DFE
313A
2FB0
2374
2FD2
4692
3677
25A6
3B29
4537
2553
1967
26D6
285A
1B58
24AB
3C0B
3C05
4050
47BD
33EA
2049
35E8
4ADA
15E7
0F54
19E2
1DB1
186F
1D0A
2D71
2913
2F71
38DB
2E58
2394
3130
405F
2B82
1EE3
2F2F
3E0F
33FE
32CD
3A09
33A5
30E5
33F1
310A
214D
2F7C
4612
3678
1AE4
2C58
4273
1765
0E67
1C4D
201E
1C2C
1E30
3220
2865
2FC8
3BEB
2F1C
27C2
3118
3603
2795
220B
3072
3641
36AC
3701
39C8
32FA
4017
4222
294B
28D3
3A5B
37AC
25EC
1270
2770
4117
17C5
0FDF
2100
22C8
24D4
23EC
2C6D
290E
304A
3890
3018
2EAC
33FF
2E7D
2DAE
2D20
2E3D
28EF
2ECB
338D
2D7A
2779
337C
43BA
47EA
4706
399A
2253
14E5
0F91
294F
432C
157B
175F
2850
2065
25CA
28F4
243D
2697
3027
2F89
2E1D
3496
37F5
2AA8
2C23
3337
2F18
25F7
2D70
39E5
2DFC
2AD9
3676
4808
5070
4184
279D
1FBC
1B92
1CC4
325A
3FFA
1832
202A
27DE
15C7
1FA7
2728
1E36
2067
2FCB
2983
2BDF
3A57
37CB
2997
2DE6
386C
3814
2E3C
332B
3E38
3C60
39F7
3CA6
39D1
2FBE
2673
1F56
242F
270D
23B0
2F9C
3705
19B6
1E05
1E1D
15CA
2048
229F
1B16
1969
2A3C
26AD
2A2F
3631
317C
2B5F
3162
34DA
310F
2F20
35A2
3977
3E75
3C47
33E0
26F8
2250
1F36
1C09
22BD
2866
1C4D
24A9
3A69
185D
1569
1CF0
2053
2486
1F41
1BBD
1A2F
2194
22AE
2715
2C0C
2B14
2DA5
317C
2BF7
24D9
26FE
3299
330B
3117
2F2F
2866
263F
23A5
1BBB
18D0
1D9A
1C9B
0A5A
1F39
43C9
17A3
15E2
1C03
1C69
2188
21C2
22C4
26EC
22B5
2139
25B6
28CD
2838
2664
27BE
2456
2162
1CEA
299F
28A7
240E
2119
21E2
22EC
1F85
1C90
1D91
1BE0
19A5
0C2D
2853
473F
1584
221E
29AB
279B
2FCF
31E1
3602
3B55
3555
314A
3B0B
3A62
328E
2B9C
3165
3163
2F27
2534
2E99
33E8
3093
26CE
26B8
296C
2F58
3214
3141
2E81
34C3
2C3C
42C6
5580
12C7
216A
28A9
268C
2C21
2D13
30B6
3050
2FCD
2D6A
336A
2CD9
26C9
22BB
27F1
262E
241A
2152
262B
271C
22F4
1E55
1FCA
23E3
2C2B
2BD2
286F
26D1
2DB8
2BE3
3CBB
3DDB
084F
0E03
07EA
0000
0000
0075
0328
008B
0000
0005
0380
0423
0400
0041
0007
003C
0555
0628
04BB
00DF
005F
0345
060C
05F8
0138
0000
0005
034F
0127
018D
04F0
0169
0BCB
164B
2043
1A7D
14CC
180E
174C
186C
1994
1929
1A1E
1F7D
236F
23DE
24D0
27DF
280F
2185
1B17
1A12
1E3E
26F1
2942
1C8D
125F
1AB2
264E
232B
20D4
234E
1D51
0411
074C
14A3
2421
1BA6
1515
187A
14E3
15B2
1822
18F2
18D7
1BCB
2180
24D0
22D5
22BC
23CF
1EAF
1A05
1B53
1E37
2735
2D7C
209A
1255
10FE
2199
2BF5
2801
22FF
1B94
0000
0248
0BCD
245F
1BAD
1605
18C2
1572
16D1
1993
1D37
1F2F
2042
2518
28C8
2762
264D
26B1
24CF
22E9
2409
2610
2A72
336D
2C92
1F6C
186D
2213
2F28
389A
2BA0
243E
0000
02CA
0622
208C
18F7
1614
1951
1970
1CF0
2293
282A
280D
24C7
2531
28BA
2781
23D1
2269
2203
23A6
23A4
256A
270A
2C30
3121
2603
19BE
1947
25FB
3AE3
2AEA
232C
0000
0745
080A
20CB
193B
1B7A
213B
2402
27E7
2E88
3152
2F40
29DA
2697
2E32
30A1
2983
2744
25A1
28B6
29B7
28EE
266C
28EA
2EDD
2972
184E
1045
1F24
3E84
35AB
23E1
0000
0A2E
09C9
20AC
1C15
1F7F
23E0
28B8
2E65
3316
31AE
2E1F
2AB5
2A32
3405
3764
2E9D
2BEF
2BFD
2E69
3154
2A7D
25BE
286D
2D15
2A79
1ACB
152E
21BF
3FD8
4BC4
2D9A
0000
09B3
0A5B
22F3
1E02
20FE
22CA
21D7
263E
2B20
2EB0
31F4
3003
2AB8
3106
3415
273D
218E
2061
2436
29A7
29B4
2523
23DB
25EF
2727
1932
1338
20C9
3832
4C27
3963
0000
0788
0A37
21AA
19EF
1E1C
1EA9
1B43
1E02
2323
2942
2F7B
3181
2DE1
2ADE
2A85
213D
1A3E
1EF7
2466
25AD
2921
2914
2572
20E0
2203
1D14
160A
1CE3
340E
4425
416E
0000
0576
0AD0
2198
1884
1EF8
209E
1B4D
1BE1
2352
2842
2B02
30AF
2ECB
2C04
2B6D
1F40
1ABC
20A4
26AB
2656
2808
2BAE
2621
20E5
1A68
1F37
215F
2026
34C3
3D4E
3AAB
0000
061C
0CFC
2309
1AC5
1E2B
1FF6
1CAE
1E6D
2222
26FF
2DD7
33DD
3388
327A
2FD9
21C5
1B04
1FE3
285C
2696
28A6
2DC3
2FB5
2961
1F34
1E9B
26D2
2D33
326E
38C4
2D8B
0000
062D
0C3F
21FD
1A59
1A9D
2051
20B5
233F
26D0
27DF
313C
3552
341F
2DEF
2BFA
23F8
1EB2
244E
2F73
3138
2F01
33A8
3BD6
3162
23C4
1FE2
2536
33A5
3421
40B6
2D15
0000
062E
0BC0
2278
1D97
1B74
24B8
292B
298C
2835
2CF9
334A
31BD
3116
3108
319A
2C1D
29FC
2E50
37D2
35DF
31FB
332F
3BFF
34C4
246A
1EB2
2303
3065
33E8
3C83
3195
0000
0625
0A68
2413
2022
2035
266A
28F4
2694
229C
25DE
2E39
347B
38C9
3614
37C7
35A1
2EE6
2C4C
319D
3091
289C
2B55
30B7
30E5
2A4F
2339
243A
28C9
30BA
3471
2F40
0000
05DF
08D6
234C
1E8C
22C1
2916
2783
2648
2AB0
25FC
2551
2B31
3567
3525
3511
32D9
2D8B
2973
2F97
2D05
28B7
2523
2B28
3072
31AB
2AA2
2242
24C3
2FA1
316D
282A
0000
06FB
093F
2214
1C34
25BD
2EEC
2BE4
2897
2B49
2804
20DE
1FAA
291F
3418
3C89
333A
2E85
2934
2FC2
32D0
31F7
2AA2
2D61
2E7E
2FA8
2AFE
20A8
26E1
32F7
344C
2302
0000
095C
0915
20B2
18C6
253C
2D87
2AF6
26B8
2836
29FD
26BD
1E12
208D
2AFD
3A1D
3915
2C7B
2124
2813
2C5B
30A9
327C
2F93
30E0
3163
2CD9
27AD
2969
3396
365A
2426
0000
0C57
09EB
2058
165B
1FC3
2BF9
2B5A
2662
2AD8
30CB
3269
21AC
1B0E
191E
2AA7
3710
32F0
20CF
24B4
232C
2710
2976
2DEF
2F53
33F9
3381
2BA8
2839
3047
3462
27B2
0000
0C2A
0BC2
2192
1344
1883
2B6D
2EF5
270E
23EA
2B52
3688
25E1
1AAB
1293
1F69
32DB
39EF
3081
26F5
1ACF
1E1F
26C0
2D1E
2CCA
3380
3997
32BE
26BA
2806
3262
2C33
0000
0A73
0D4D
2292
14F3
136F
27B8
3360
27D9
21ED
202E
3683
3437
25DF
16E2
1DFD
2748
2F76
2B70
2310
1CD2
1F5F
298D
2AB0
265F
2F70
334E
2A3D
2112
21F6
3006
2EE8
0000
097F
0E9D
24F7
1783
1274
1E7A
3489
2B00
23FB
1C78
2A29
34D4
2FE4
1E09
1807
21A0
2FC0
28C7
25F3
1CB9
2246
2C4D
2DB0
26A3
2BD7
2E7B
2C05
248A
231D
2C54
31D9
0000
0963
0FE5
2652
1992
1284
1987
2B6A
3067
2887
1AA0
1FDC
2B61
382A
29B7
1CB2
2222
340F
2BCB
2252
19C6
23EB
29A5
2C35
2E0C
32FC
3389
348A
2846
2220
2D08
349C
0000
0983
1012
2705
1D35
1383
190B
2074
303F
3036
2150
205D
2288
3995
2FF1
1E12
1C6A
32B7
295A
1F38
1F47
258F
30B3
35EA
332B
31E8
337D
3602
268F
2033
2B66
3096
0000
0807
0DE5
2695
1FBF
166A
1A6E
1B0E
29F2
3995
2A8A
229C
1DDB
2FEC
3166
20DE
1A82
2EE1
2F7E
2EA5
2A6B
30D0
32E3
3A1C
34CA
2FFB
2F28
3043
2C04
2513
27B8
27A3
0000
08A3
0F81
2947
20A5
1C3B
1D66
199C
21BC
3779
3247
25FC
1F04
29A5
30E2
2736
1C02
269B
2DD6
39E1
2D86
30AB
3278
3691
3285
2B96
263A
2C1E
2C3B
2AF4
2A22
2034
0000
0A91
10BD
2BC1
21E5
219B
218B
18AF
1AFD
29ED
3287
2A19
204F
277C
2D3E
2B65
1F0B
1E98
26B6
3B6E
3537
32FC
3050
387B
38F9
2DE7
21B3
22CC
1DA0
2802
2C3C
1E94
0000
0D7D
110E
2D74
20E7
24D5
2740
185B
1728
1E4A
2DFD
2EF7
24FA
25A6
277C
300F
24CD
1F8B
22B8
38B7
3C52
37D8
2BD6
2F8C
3883
343F
23DB
1770
15C7
24DA
2BAE
220F
0000
0EA9
10EC
2B4C
1AE0
1FF4
2735
1972
17B4
1906
263A
3369
296A
2573
2346
2EF5
2BFC
22E2
2468
30BA
3980
32C8
23F9
256A
2B78
2FCE
259C
175E
14B8
2119
2F2D
257E
0000
0E1E
1466
2FFC
1B9B
223B
2C20
24A1
2155
1F18
2414
335C
3299
29FE
235C
2B88
3019
2737
25EA
29E7
3595
3297
2751
26D3
2557
2963
2872
1E22
1CD8
246E
33D1
28D3
0000
0B2D
13D5
3309
22F0
2633
2FAC
2DC1
2931
261D
2731
2E71
35A7
2EF2
2583
27DA
2EA0
297C
29A2
2A79
2FC7
346F
3165
2C72
241C
235B
2633
27EF
25E5
29F0
3792
2C4D
0000
03D8
0A6C
224D
14DC
133E
1B8D
1FBA
1E8E
19CD
1BDA
1F2D
25EC
23A7
1BE8
1B40
1CFF
1D84
2137
22F5
1F71
24A7
2670
1F7C
154D
128B
16DF
1D26
1D17
1CA6
26FA
2736
0000
08F5
13AD
25EC
1BFB
1D25
215D
264B
2534
2011
2150
2370
2508
2629
2246
1D19
1D5B
1F90
253A
2201
1D62
1F5E
21CF
210C
1B19
18AA
1C3C
24C9
257C
1FED
29B8
2706
0000
0983
1596
2474
1F3F
22BE
2101
246F
2425
2107
221E
24B5
23F5
23DA
2384
1ED7
1ECB
1E95
255E
2545
2210
2108
1D4D
1C68
1C7D
1D55
20AA
2437
2283
1EAA
247F
2736
00BE
1081
0D41
1738
1858
185C
1B7C
1BB0
1A33
1A61
1A8B
1B24
1D54
1D4E
1C41
1DB9
1D85
1BAC
18B4
1877
1B42
1B27
1888
15A9
13BD
15F0
1D2B
1ADE
11C5
1A85
1B2C
18CC
0E14
05B0
0000
052D
06C9
0B72
0E09
0DFC
0AE0
0910
0757
06E0
08B8
0865
0760
07C9
08D2
0891
0BD5
10DC
1087
0C57
064F
03CC
0719
0E69
17B1
11FE
0587
0B4D
0E0D
167B
0E84
0921
0248
089B
0BD2
10C1
109A
12D2
1153
107C
10C8
0E6F
08CB
0652
0827
06AA
0443
066B
0D43
11B5
0E7C
0BA5
0550
0060
0E68
1707
1191
0D00
0ACC
0DBE
0607
14C6
126C
06AB
0201
09C2
0DF3
117A
12AA
18C6
1680
1368
12EF
0FE4
0AB1
0995
0C07
0987
064D
086E
0ADF
0C08
0C43
0EBE
0B35
032E
0A6E
0BBD
0208
098E
10AB
0E71
0000
0FD1
138C
03CF
0000
06C7
09CC
0DF7
0F8A
164E
158E
0F11
091D
07C9
0AA2
0A78
0B9C
0BEB
0731
07F4
0CE8
0B41
0D89
0F80
0CF6
0535
0499
03B6
02B5
109C
1950
0DF8
0000
0AAA
0FCB
0383
0141
05DA
0A7E
0EAA
03F7
02C7
0666
05E1
0529
0808
0D3B
0B4F
0D05
0C07
03A3
0429
0B6E
0A36
0A62
0CA0
09C4
058C
064B
0973
12C1
1676
1276
0AD4
0168
12A1
03EC
02AA
0387
0A15
0E6C
12A8
0254
00ED
0A6C
0C1A
0852
0B4D
0EF0
0B96
0B3F
073A
01EC
0601
0FFF
13CB
0DE8
0BC1
0BEB
0963
0A37
08D3
1898
1570
0798
0B4B
0F37
1B96
0000
0271
079B
0C10
0989
0F3E
09CB
0AF7
0EDC
0CDB
0868
080F
09FA
09B6
07C0
0480
0665
0D07
15B4
16EE
093C
0410
0B99
0924
0000
0000
170C
1A93
0F0E
0B2E
0AFE
126A
032E
0439
09C2
0BC4
02FE
0902
0E99
125A
11AE
0CD0
07D1
09BD
0D9A
0F2F
09AD
03C9
0C03
106F
11CA
12AC
08E9
03B7
0C1C
0B10
0000
0000
1270
1704
13E6
0C78
01E8
0907
0B64
0539
05BA
079A
038F
07A0
072F
0EB4
1798
1909
0EE8
083D
0A43
0BCB
01D1
0000
0C4C
1297
0EC9
0E42
12F0
1067
0EE5
10B6
1003
0EDC
0C57
0B40
0816
0BB1
0FCB
1435
04E8
0524
02BE
050D
06F3
0BAE
0911
0DBC
1387
181D
15A2
0E01
05AB
031A
04E9
0BEF
13BB
1155
0C25
07C8
0F8C
1760
148F
0BEC
0FC2
1121
0A03
068F
054A
0972
18E2
1E16
0201
0608
07E0
099B
0715
0E71
105C
0EA2
04AC
0394
0A6E
0FC9
0CAD
094E
1170
175E
12F9
0F6F
0EAF
02E8
0000
0690
0946
0335
07C8
0E8A
1190
0DF2
0D31
0B57
0B19
1366
077D
056D
0859
0C87
07F1
0DBB
0E05
0C60
05F0
0338
0625
1142
0F42
0DF8
1236
12C8
0CC4
0A46
0FBB
0887
0000
00C5
0780
09F2
08BB
0B02
0F8D
0FC1
12FD
10A8
0420
0C3E
0F0E
04F6
0036
064E
0B93
0D64
026C
08E2
1645
0DD1
0000
0A11
11B3
0C5D
064F
07AF
0E2D
0EDC
0C0D
0B0D
08FB
073D
06D2
0CBE
0B0B
05EA
0688
093B
10C2
11B9
06C8
0B9E
0D48
0672
0000
031B
0C36
0F46
0000
04DF
1A1B
1648
04F9
09D7
1101
1478
0CF9
066A
0F03
12E7
0C02
0CA4
1221
102C
078C
0B9F
0B17
033B
0581
0D18
1080
0D7F
0910
100B
0B65
0688
01FB
0444
0917
1128
077C
03C7
0A82
0F50
184F
147F
02FB
0DD5
1481
09A8
0B63
16BC
0F90
0C6F
0B6F
07F8
01F7
04C3
0A95
0C1A
0A47
1011
148D
0E8F
0A6E
1336
0A20
04DC
05A5
071A
06F5
0FBC
0D13
0818
0000
0850
1DC8
1924
0000
071E
199D
13AB
0E1F
1331
0D87
0B28
06A5
08FF
079B
0689
09FB
0DDB
0F12
10F7
1068
0C56
0D51
12C5
05F7
017E
0649
0A32
0875
0D86
0CE4
094A
0000
0331
1569
1103
07E9
156C
19C0
15B6
0D94
04E9
05D8
0EB5
1075
128A
152C
0F29
04F1
029A
0743
05B9
0075
065F
12E3
16A5
010E
0021
05EF
0C29
0B63
0FF3
0B8F
07E3
03CE
07E3
1006
0E9A
11CB
1A59
159D
130D
0F74
0530
0420
1019
1B09
1799
1601
1659
0730
0000
0062
047F
0213
0A68
1865
17B1
0000
0390
043C
0BC5
0EB7
13E9
091F
0339
09FF
0E43
07E6
096F
0F6B
0F54
0B68
1CF6
20BC
0CEA
0000
080B
1B34
1507
0184
070C
0E6C
086A
00C9
046F
0D55
1335
1955
158D
0000
0700
0462
087E
0EDE
150D
08C4
008A
0BA2
10FC
021C
0682
0FEE
0A45
048C
1951
292D
1300
0000
04D4
1782
1794
0306
0000
0A49
0EF4
090D
0659
0CB2
152F
19BD
126A
0000
0668
0590
0666
0B44
143C
0BAF
0267
06F5
0AE9
023D
0B68
125C
0A31
0320
0A2A
1600
110D
05A6
0BA5
13F2
1B2B
1707
0682
0000
052C
06FA
00EF
05A7
11FC
19D1
121B
0609
050D
05F1
075A
0702
1074
0D2F
0A73
0792
03AB
0622
1007
1418
0A26
09EF
0946
060F
0CC2
0F91
0FFC
064B
1670
20F3
0D90
0000
041C
0B98
0489
096A
12F5
1461
1294
0B08
06D7
0555
09E5
0872
0E05
0CD7
0E74
0A88
0176
0AA7
1147
0D1A
0887
0EF8
0C35
0000
0563
0FF2
0AF0
0000
03A6
10DF
0D5F
0725
08BD
0634
06C8
0CA7
0E65
0EC3
137F
0A83
08F3
01C3
0914
0A9C
0BD4
0B92
0EB7
0C06
0390
0C02
1091
01BE
0644
0DBF
0A6A
0000
081B
104D
084F
0000
02DA
0CAF
0E57
0EB9
0C87
0000
04DD
10AA
1064
0E0B
1337
06FE
0B1A
0000
03CC
07CA
08D7
09FC
0F26
0D5B
07D0
0AA2
0DBF
0000
076C
0DDF
0AB5
0433
0C3D
106C
0982
07F9
099E
0B74
0D94
08E7
0421
0524
1303
1853
16A2
0DE4
0FED
0487
0A61
0000
0576
0845
0B5F
09D9
0D46
0DF3
0D40
0B3A
085C
0494
0AF0
0F05
0A3C
0DFB
0E50
0D20
0B9F
0EDE
0EBD
0810
09A5
0607
0410
0F8D
1962
1811
1731
0E14
0B88
0367
03E7
015D
0B80
0AC7
10E5
0AF4
0A76
0DEC
0EA1
08F5
0343
08A7
0BD1
099E
07DD
1233
1132
0B65
0B12
0CFD
0B98
096E
0E59
0AA2
095E
11AD
1537
09DE
0976
0A40
0A9B
029C
0000
07B0
111D
0CFD
1632
1021
0C80
127E
1316
0ACB
0614
0FE6
139B
0C04
0CEA
1594
1652
1282
11E1
0DCF
0DB7
1068
1550
143E
15BE
17E6
1561
08DA
0625
0CE0
13E0
049A
017A
06D1
0FB5
0CAD
1708
101E
0C3F
122F
14A3
10C1
0AF6
0BFC
0EBC
0B10
0FC9
123C
11FD
11EF
11F6
0AB0
0C4E
101F
13FC
16E6
1854
124A
0E97
0CB4
0840
12EB
17B6
0312
0781
0BE9
1204
0F18
176D
115C
10EB
14E0
1640
16E0
116A
0BE4
0CC0
10CC
1490
134C
1214
1656
13BA
0DE5
0E25
12FD
179A
1B49
18C4
0C29
094F
1087
142B
15F0
14B0
0174
0293
0CD5
0BDA
06B2
0C55
0889
08C9
0B26
0AB6
0B17
09A8
0755
0544
0815
0A81
0D3E
0C05
0A7C
0AC7
0E0E
0E04
0BA0
0CAC
0E0E
0C6F
07B5
0492
0A57
0CAA
0579
094D
0844
0B7A
2005
13AF
1017
0B40
0BA6
0E86
0E8D
0F60
10A8
1145
14C1
18ED
17DF
1183
1094
13F8
0FFA
08D6
0D0C
13B3
16D7
1950
1157
02AE
08E0
1EA2
239C
0E94
08DC
0FF5
053A
1D43
34D1
2629
1DC5
185B
163B
1856
1B8A
218D
2387
21E6
25FC
2A4E
274F
2221
23EE
2381
1A1C
14DC
1D6C
229C
258E
2A36
2064
10E8
2020
2EBF
26F9
16E9
1E68
1FE9
0479
1B0E
2CD9
2276
1D0E
18DB
15C9
17F6
1DBC
255C
2788
2704
296F
2931
27B7
2971
2F96
2E2F
2850
2812
278D
21CD
2A24
361B
2FD6
2655
2DD7
2740
211C
27DA
38D0
289A
082E
1306
2512
1749
147E
17A1
1942
1E61
21B5
1F31
1A8C
1A23
1B73
1939
1C91
258B
2AED
266B
23CB
2820
2224
18C1
232A
2A83
262E
26EC
28E8
1BEC
1C35
37DA
3EED
14A7
0000
1AB9
2F39
1C81
1A4D
22B9
2A2F
2F15
2F69
290F
2605
26C5
24F1
2225
2841
3334
3124
2611
286D
2DDB
28C0
2670
2EEF
2D03
2653
2783
1FE4
13FB
248E
4315
3C7C
0974
0000
1A78
2F3C
1737
1B33
29B1
3478
3A75
3BBD
3A25
3908
370D
2E56
24E9
2B19
3533
3332
296A
2DA9
2FAA
30D3
375E
38DA
2B92
279A
2B00
1C54
0C77
2875
4311
3CA1
1C2F
05A4
1899
2BB8
1294
1DF3
2B4B
291B
2346
27D0
32B1
376A
368E
3062
2888
2E35
36B6
2EBE
1AE5
1982
1E4E
26DD
2DA4
298F
1F85
2741
2BB5
1C8C
0D4E
1E41
3797
3B23
34FF
0F06
16B4
27B3
15B0
1F8D
20A2
165A
1007
185F
239D
2B03
30ED
31FF
2FFC
311E
3200
22FD
0BA0
1174
1EAD
219B
1B35
1F71
26F6
314E
25D7
1460
1CC7
2276
284A
331D
3C93
0ED9
1504
28C5
1D2B
1FFB
1D85
1AA7
184F
1C18
1E45
213A
26DB
2B90
2D8F
2F80
2B9F
1BE8
10F7
1FB4
2B18
226C
133C
1FC6
3345
2FF1
181E
17EF
305D
2B4E
1FE1
2CB3
2D22
014D
1485
290E
1E95
1FA4
1F9E
1F60
1ED8
1FD0
230F
2588
2140
244B
2E79
3004
27D7
1DE0
22E6
3138
2E2F
23F9
1CFF
26E0
30CC
221D
0BD9
1E1D
33D7
2C4C
2285
2EFE
2B1A
02C4
1308
25A0
198C
1B3F
1F18
1BD2
1EE6
26F6
2C5E
2AA2
2728
27E2
27BD
230C
1E08
226C
2EE4
31C2
2952
2A75
2D16
2DF4
282A
1CAE
13BC
24A3
2869
256E
3079
3A91
347B
09FA
12F8
260F
1B0E
1B09
1BB6
1CBF
2519
2EAF
3131
3388
2FCC
3028
288C
20EE
1ECE
26C8
2D17
2964
2E7D
39B4
3BA1
394D
3205
2955
26B9
23F5
1940
1D2D
3214
3EF4
34D4
09B0
167C
2C48
210C
1E71
1A8D
1EB7
27B0
231C
2057
305C
3ABB
36BF
2D4F
2C48
2E22
29CC
1A6A
1E3B
3002
3873
2B8A
2A9B
2D83
2CB0
2954
1F35
13C9
1A4D
2E04
3593
27B4
0164
188D
31CC
2302
21DD
237D
24ED
22BB
1BD5
1F5F
2C96
3365
35FF
3474
386C
3644
25DE
14A5
1EC5
300D
2CA0
236E
29F0
2C7F
27EC
207F
1ABA
17C3
1E6F
2C41
2D57
1C51
0040
1B42
346D
1E77
20EC
2C14
2D69
1FA8
1FD5
2E52
2935
174C
2840
3A57
4058
34C4
27F7
2322
2C1B
2E0A
24EC
2B17
30C7
27F5
22AB
21A6
1FBC
1FB0
2503
2D50
2BD5
1C5E
0319
1BEA
32A6
1672
1E0C
2C1A
2A11
1E93
236E
29C4
1CA4
1519
2790
3473
3B1F
350C
33B3
33DB
2D7F
1937
1C70
3383
3766
2A3A
2A78
3326
2F98
24C7
2127
253B
26DB
16DA
02AA
1CB2
3150
155C
1E92
26FA
22EE
2682
3173
2521
18E1
2BFB
338C
1B4F
1E03
2C82
37C3
3A01
2808
11EC
19A9
2CF4
260A
22FF
30EB
3A07
2F14
20A0
1E4E
240A
28E5
17E4
04E8
1A2F
2DED
1B20
2054
1EF6
2018
32EB
3395
18E5
1A2C
3332
2CBB
09A8
1433
26DE
3636
3A9E
311B
1F95
217D
2157
1B9A
247F
2F34
2DA9
2E5E
3221
303B
2858
28A7
21DD
0DB1
15BF
29DE
2050
1F39
16F9
2077
3884
2C32
0D29
20FB
3309
2653
16F9
2193
18A3
1770
221F
2EE7
2CC4
2176
17EA
1E78
2C40
2A96
1C1F
203C
3027
2D8B
1F19
26B5
2B9B
13BC
13E0
2935
1EF8
1CB3
15B4
234B
3055
2859
1701
2C3D
2B67
1FE5
2857
2991
0CE6
0A22
231F
2D36
245C
1A17
1A22
2AA7
3053
2587
1D45
2755
3155
2261
1451
26FE
2DAC
0F07
13AF
28F5
199A
1B1D
1AB4
2401
248A
2328
2CCB
2CA9
19FC
1A9F
3279
336C
1052
138B
315F
2975
0CCA
12B7
2247
2BA4
2984
3003
3316
3577
2E10
1F08
15E7
2A07
2948
090B
14BC
2788
1861
1CCA
2404
2222
1A9B
214A
396D
2D2B
0A55
1B38
39A7
2E4C
1062
1F33
30BD
2344
0B16
1D8B
2975
2394
2090
2D61
37F0
38BB
31DB
27CA
1C7C
261E
1D97
0470
1517
26D2
1A6C
1F5F
2764
20CD
1583
243F
37CC
2AB1
090A
1F06
35F5
23F6
13D9
2A14
301D
23DA
228A
33E4
267E
1BD1
27E4
3081
2C50
2EE2
3378
2D8F
1ED7
22A8
15AB
027C
17AD
2E13
21A3
2181
2542
206D
170F
255B
3070
2616
1872
2755
279E
1A77
20B6
308E
2675
21A4
3689
406D
25D8
2538
3BE0
3B50
2693
235A
29F9
24B7
1FF8
2949
1E61
0714
1B0E
38C9
2641
214E
22E6
2244
1DC9
244D
25E4
226F
2BDD
2D5D
19E7
18FF
349C
3285
137B
1FAC
4038
3ADA
1F5D
2E6D
42E8
3B64
2DF1
2636
148E
101D
2178
3275
25D2
08DB
1FE1
406B
21CF
1F09
24A5
2592
2486
22A1
1DAC
232D
37FF
2FD3
0F10
1A4C
3B89
2F02
0A1F
2015
3B76
3279
234F
2E93
380D
33DC
2F64
2104
0B97
12FD
2BD6
323C
1ED2
0509
256C
4288
15DC
178C
21C1
20C9
238D
2018
1807
266D
391C
2CB5
0F0F
2200
3955
2ABA
1702
28BF
3373
3002
2E9D
2F7E
2686
27E9
266B
1CC4
13B5
2157
2FBE
2A1B
150F
0000
2431
3AEF
1534
1B04
237C
1F8C
25BC
2525
1C4B
2BB9
377C
2F8D
20C3
2DDD
2FAA
26DB
277B
3200
3006
33DF
390C
3005
1DE3
1F72
2221
1CD6
266A
2D62
270A
27B4
1E7F
0AE0
1A35
2EF4
1EAA
22AF
2444
1F32
25F3
27D9
2117
280E
2B0D
2D6C
2E9B
2D65
1F7D
2238
3001
2EB1
2770
30E3
3426
28E5
1CEB
1B11
1B20
2243
320D
2C5E
1C07
272C
2A39
13F0
1F43
3579
2A48
2AA8
2547
224F
258C
2545
22F2
24B2
249A
2B6B
31E7
297A
19FD
2162
2BB1
2982
2907
3009
2BCD
2396
224A
22E1
2156
2AB1
2EDF
22F2
1928
27BC
28B3
09E2
10BF
1A75
1618
1551
1067
146B
16AF
144E
146A
1496
117A
1996
1C6F
15BD
0E53
15A3
1826
15A1
18E8
192A
12F6
1327
1595
15EA
12E3
16A5
1655
1103
14A3
2034
1A50
05C4
10C3
1F41
237D
22A7
2219
255E
2473
20D3
1F4F
1DB4
1BA7
1F41
1ED5
1B13
183F
1983
1745
1917
1D4F
1AD3
15C9
1898
1B26
1D1E
1FE9
2082
1EC2
1AE0
23EC
27B4
15F7
0403
03BB
08A4
05B5
0703
0000
0000
0000
058E
05C5
032D
0203
032C
0497
05A0
02ED
00F7
0319
0313
0000
0000
0000
0656
0519
0093
0000
0000
0000
0AA1
040C
0000
0000
0000
1514
0FD1
0B21
0CE0
0434
031A
0617
07C9
0634
04E6
04ED
08DD
0BEC
0B6E
0849
08B2
0AD0
0419
0000
000B
0701
0824
0839
0000
0000
0000
0285
0B85
03D5
0000
00AD
04E5
0AAA
0999
0000
0000
0000
0000
0000
0000
0000
0000
0000
0000
0000
0000
0000
0000
0000
0000
0000
0000
0000
0000
0000
0000
0000
0443
060F
0000
0000
0000
0000
0000
0C2C
0884
0000
0000
0000
0000
0000
0000
00FD
0229
049C
0876
06E4
0000
0000
0550
02ED
025B
05A3
008D
0000
0000
030F
026B
004C
0A0E
0000
0000
0000
0752
0000
0000
0886
07EB
0000
0000
0000
0000
0000
06D3
0C30
055F
0000
0000
0000
0000
0042
038C
006C
045C
0818
0000
0000
02EC
026D
0000
0000
0000
0000
0000
0333
11F8
0000
0000
0B73
0EC5
0160
0000
0000
0823
0FBB
0DB0
0237
0000
0000
0000
0000
0000
052F
04BE
0000
0000
0000
0000
0000
0000
0000
0000
0000
0000
0000
0000
09B0
0000
0000
0000
0E1D
0BB3
0000
0000
00F6
0652
0000
0000
0000
0000
0000
0000
0000
0000
0000
0000
0000
0000
0000
0000
0000
0000
0000
0000
0000
0000
0000
0000
0000
0000
0000
041E
0D8F
08C8
0000
0000
0890
039F
0000
0000
0000
0000
0000
0000
0000
0000
0000
0000
0000
0000
0000
09D8
0948
0000
0000
0000
03FB
0000
0000
02DE
0000
0000
0000
0C3E
0893
07E1
0000
03C1
0000
0000
0000
0000
0000
0000
0000
0000
0000
0000
0000
0000
0000
0000
0000
08DB
0000
0000
0000
0541
0000
0000
0000
0B34
0601
0000
0000
0000
043F
06F5
0000
0291
0000
0000
0000
0000
0000
0000
0000
0000
0000
0000
0000
0000
0000
01A4
0A42
0000
0000
0000
07D9
0000
0000
0000
0000
0296
0000
0000
0000
0000
0701
07B1
0000
0000
0000
0000
0000
0000
0000
065A
0000
0000
0000
0000
0000
0000
0000
0A66
0000
0000
0000
0B53
0E4F
00C7
0000
00C2
0294
0000
0000
0000
0000
0379
08E0
078C
0000
0000
0221
0000
0000
0000
067B
0000
0000
0000
0000
0000
0000
0000
07E5
03C6
0000
0000
0BC8
0811
0000
0000
0000
0000
0000
0000
0000
0000
01A8
057E
09D3
08CB
00FF
03B5
0000
0000
054C
06A2
0000
0000
0000
0000
0000
0000
0000
0000
0000
0000
0000
0000
0000
0000
0000
0000
0000
0000
0000
0000
0000
0000
0000
0000
0BAB
0B3B
04F7
0000
0000
0000
0577
0000
0000
0000
0000
0000
0000
0000
0000
0000
0000
0000
0000
0000
0000
0000
0000
0000
0000
0000
0000
0000
0000
0000
0000
0000
0CFF
0A36
0000
0000
0000
03D3
0000
0000
0000
034F
0000
0000
0000
0000
0000
0000
0000
0000
0000
0000
0000
0990
0A61
0000
0000
0000
0000
0000
0000
0000
0000
0000
0EAD
09DE
0000
0000
0000
0000
0000
0000
064D
0000
0000
0000
0000
0000
0000
0000
0000
0000
0000
0000
0000
0765
0000
0000
0000
0000
0000
0000
0000
00F2
00A0
0000
10A1
0AFB
0000
0000
0000
0000
0000
02B1
0000
0000
0000
0000
0000
0000
0000
0000
0000
03AF
0000
0000
0000
0000
0000
0000
0000
0204
04C3
0000
0000
033A
0000
0000
0F59
0A3F
0000
0000
0000
0000
0000
06DD
0000
0000
0000
08E8
0000
0000
0000
0000
0000
0000
0000
0000
0000
0000
0000
0AE8
14B1
0279
0000
0000
0000
0000
0000
0000
09A0
0955
0000
0000
0000
0000
0000
0000
0000
0000
0000
0000
0000
0000
0000
0000
0000
0000
0000
0000
0000
0000
07A3
1356
0000
0000
0000
0000
0000
0000
0000
0000
06AD
08C8
0000
0000
0000
0000
004B
0000
0000
0000
0000
0000
0000
0000
0000
0000
0000
0000
0C21
0000
0000
0000
0B32
0000
0000
0000
0000
0000
0000
0000
023B
09A2
0A0B
089C
0000
0000
0000
0000
0000
0000
0000
0683
012E
0000
0000
0000
0000
0000
0000
0DCF
0000
0000
0000
0361
0000
0000
0000
0604
0906
0000
0000
0000
0602
0857
0C5B
0850
0000
0000
0000
0000
0000
0000
0000
0334
0000
0000
0000
0000
0000
0000
0000
0000
0000
0000
0000
0142
0000
0000
1142
082C
0000
0000
0000
0000
0000
0000
0CB6
0937
0000
0000
0000
0000
0000
0000
0000
0000
0000
0000
016D
0000
0000
0000
0000
0000
0000
0936
060A
0000
024D
0683
0000
0000
0000
0000
0000
0000
0000
0000
0950
09AA
0000
009C
0000
0000
0000
0000
0000
0000
0000
0000
08E5
0000
0000
0648
034A
0000
005A
158D
0000
0000
0000
02F4
0000
0000
0000
0000
0000
0000
0000
0000
08D2
0AC1
0062
030B
05AF
0000
0000
0000
0000
0000
0000
02F6
0000
0000
0000
0EAE
0000
0000
0000
0422
0000
0000
0000
0000
0000
0091
0000
0000
0000
02CA
0295
0000
0F1F
148D
05E3
0064
0000
0000
0000
0000
0000
0000
0000
01BD
0000
0000
0000
05FA
0000
0000
0364
0000
0000
0000
0000
0000
0000
0000
0000
0000
0000
03F3
0959
02A1
1607
16D1
0000
0000
0000
0000
0000
0000
0000
0000
0000
0000
0000
0000
0054
0000
0000
039B
06F5
0000
0000
0B32
00A2
0000
0000
0000
0000
0344
076A
0775
0097
0000
1C58
0E92
0000
0000
0000
0000
0000
0000
0000
0000
0249
0000
0000
02A8
07E3
0000
0000
0376
0000
0000
0000
0280
0000
0000
0000
0000
0000
0A28
089B
0000
0000
0000
1629
08C9
0000
0000
03D0
0000
0000
0000
0000
0000
0000
0000
0000
0ADB
0647
0000
0000
0000
0000
0000
0000
0000
0000
0000
0000
0000
0000
0633
0000
0000
0000
0000
0D3B
0A17
0000
04E8
0000
0000
0000
0000
0000
0000
0000
0000
0000
026B
0000
0000
0000
0000
0000
0000
0000
0000
0000
0000
0000
01AD
072B
0000
0000
0000
0135
0000
0A7C
08FB
0000
0000
0000
0000
0000
0000
0000
0000
0000
0000
0000
0000
0000
0000
0000
0000
0000
0000
0000
0000
0000
0000
0000
0655
057E
0000
0000
02AE
01E5
02DD
1341
06F7
0000
0000
0000
0000
0000
0000
0000
0000
0000
0000
0000
0000
0000
0000
0000
0000
0000
0000
0000
0000
0000
0000
0000
00EE
0000
0000
0000
0000
0000
0000
202E
46A9
4ACF
406A
331C
2AE1
2A9A
311E
3623
388C
3B95
40DA
46E0
49AA
4A3C
4820
4426
3D69
2F2E
2A0B
32D7
4202
47F4
3E97
2D4F
2DCB
3944
4944
4317
3538
2DF9
1ADF
1B32
49AB
4E38
419F
38D9
2FF0
2910
29D7
3135
3835
3D4A
42C5
4851
4B4D
4ABC
46A5
4612
4404
398C
3206
3265
3CC7
4824
49E7
3945
37BB
4191
5349
4833
3C60
3D01
2CC3
1416
3A7A
2E44
205C
1E03
1D93
1945
1635
1B0C
221D
28BA
2D07
2E14
3008
31D9
2FF3
2F58
3358
376A
38F9
2EBC
25BB
2FB2
4023
3DF2
3CCB
39D1
3F12
3F49
371B
3782
28FC
088A
2CD7
2186
17B2
1BFB
23CF
2DB8
3469
34B1
31DA
2E19
29B2
2516
2821
334C
3A2E
36A9
3458
3A2B
3EE5
38EB
3111
396F
4715
3E86
35C9
2664
32EF
4E7D
5CAE
3CE7
1E45
0C5D
328E
2B77
2527
2E12
40D3
561A
620F
5DDF
523B
4588
3AF6
31F0
316A
415C
51B5
4A5F
3D04
40D3
481E
4B46
489D
48D2
46F9
39C2
2DB9
1BDE
25D6
51A3
71BD
441F
19FE
112F
3D49
3480
2AD2
39F9
4B3A
5002
5081
5026
4CBF
47CA
45C3
3FFC
3DDC
4AE0
57AF
493C
3705
3471
40CA
4B53
48A8
4002
38D6
3C80
3BC6
2610
1CF8
41F1
64BA
54B0
38C1
0C2D
3983
2C0D
2262
30DC
3D8B
2F60
24A2
2D58
3B7E
4719
4BD7
45FC
457B
4B5E
4A43
34B8
28A2
2690
2CE8
37AB
36D7
2E3D
2CCC
3A45
3E74
2E1F
2571
2B78
489A
5EF2
6315
088F
3398
2926
2092
255F
2904
2301
1ED0
21D2
2E44
3E30
44F7
4508
450A
4776
4223
22A2
1CAF
2AE5
3028
28CF
27E5
3119
32C8
3051
2CE3
2FB8
38C9
39C6
3757
46F5
5878
06EC
2F9D
2B86
24DD
2095
21DB
26EA
2E20
3378
310F
3058
3520
3AEF
3D54
3E9C
3975
21BA
1D5A
2E6C
399A
29D4
231F
30CD
3706
1F79
187A
3223
4ADB
54A5
36AA
269A
363B
0985
2FB3
2BE1
23DE
22BF
25FC
25FA
2D66
3DDC
4699
3B8E
35EB
3C88
3913
2DBC
2D9B
2C20
3066
3989
3D1C
3953
365F
3F2B
3EC2
25F0
18AC
2D34
3EEF
4679
3648
319F
3E29
096C
2C99
262A
1C88
22F0
266B
1FE0
2AC9
4544
57CA
5120
44BA
3BD5
326D
2154
1FE8
3367
43EC
431B
488F
4FAB
4EFF
4E8C
494A
3860
2797
2452
27EA
3D48
49A7
559B
6130
07D6
2F34
2ED3
24FD
25C0
2B6A
2F86
33C3
35C1
436F
4F01
4D2A
43D4
3A72
3552
2FF4
35B0
4048
457B
4EB3
4C6E
43E9
4036
4329
3631
2D7E
2037
1AA3
36B1
4C58
5010
5A8F
09DC
3861
3D84
2ECA
2603
2BD8
3A5E
37B2
1AEC
1F4D
43DA
5F65
5EB7
553A
4FA9
43F0
2B7D
25F7
32A5
401A
37B0
2C41
310B
360A
31E0
2E06
2A20
210A
3518
397F
2CEE
36E9
0C90
3CEA
3D80
2C46
2637
2BA9
33A7
3287
2C15
294D
3028
4851
5E39
6277
52A8
4394
2965
1CA0
229B
3587
398E
394C
3EBD
3F56
3760
2EFD
2AC7
2363
3082
2B25
2348
2967
0DD9
3D1E
33A6
265D
2B46
3314
2EA5
3054
407E
44BE
23AD
23E8
4233
5BF1
5AA9
4F31
3F53
32C9
2980
39E9
4ED7
5904
4FE2
4586
3C8F
3297
2625
2406
2E88
2B02
2BBE
2C06
0DF3
3F42
2F95
2118
2E8E
3967
3125
2CF7
3997
3DC1
2E25
2A9B
3049
3D5E
4B30
5713
55E0
53C4
37F7
3265
45A7
4FB1
3E38
3435
3D1E
404F
33DB
30F6
3A52
33B9
2E07
2AE7
0ECC
422F
31BC
2048
2A77
3C4E
3E9E
35C6
2E87
349A
3F84
48F7
29F1
1EA4
2DA5
4ED7
62C5
5D8E
3ACE
21A8
26C0
3434
3266
3398
4BAD
59F8
4E90
404A
3D55
2F29
2A48
2B5A
0BFA
3BC4
305D
229A
21E8
3374
4499
468F
27FA
2554
3824
4C40
31AE
1DC0
1E26
2DAB
4960
4AC0
318C
230B
1DD1
2697
3DB8
4CAF
4BED
4BF9
4DC5
3D71
3092
2321
2E19
3B14
0753
31BB
2C8B
24C8
1FD4
296A
439A
53C5
2FDC
1B89
2D7D
4318
3CD1
31CB
25A0
1635
1EA2
3120
3216
2D67
2342
2C5E
49CB
5757
3D4B
29C6
3083
2DE1
2159
1945
33AC
4C15
06F4
3025
2D24
2515
22EA
243A
3A64
4F1C
3DF0
2E0F
2B34
36E6
3878
32AC
2360
19DC
1DAF
3322
351E
2ED6
2444
2A16
39E8
3F3C
3940
3440
33CE
304B
26BC
1E84
33F1
4F40
0A05
33B9
2CAF
22B1
2550
2656
2D51
4278
446C
454A
2DE2
2505
2F26
3A2F
2C5E
2C69
369B
480C
2ADB
1CF9
1F13
269F
2633
302B
4A37
5AA3
5878
4805
39C8
2A6A
2DF1
42F2
0C5C
3511
29D6
20C2
26F7
2B77
24BC
3245
451F
4FCC
2D70
1D06
2FE8
444D
2EA3
24B0
31D7
419C
28FB
1F69
2A6E
3606
35AF
3977
4940
5609
57C5
4F0E
3A8E
26E9
206F
2DEC
0BAC
33E0
2E25
2434
2828
2E36
2596
27EF
440B
4F2A
31B6
2269
2FF6
3F30
2D7C
229E
2ACC
41FE
41CB
3FA5
4288
45CF
50A1
4DD7
37DF
316C
40F5
45A7
3674
229C
2018
232C
0BFC
36FD
39F5
2DC7
2C4C
2FE8
298D
2581
3A64
4C16
39CA
2FB3
2FA0
3664
37CA
39CC
2C41
3974
4C7C
58D4
3E98
3355
4395
5558
46DE
36B4
31E5
2CC7
2ADA
2481
2B22
2B2A
1090
43CA
45F3
34CE
30C2
30AB
2A10
2937
30E4
4250
3F63
40B4
2ADF
28F7
3951
4A3E
2C1B
2299
41F4
5F59
3E90
26AF
3F4F
6399
619C
4CD6
26C4
1773
23D0
2A13
35DE
37C4
1853
5834
4822
2B3B
2A2B
2CCC
2702
29C3
26C6
33C4
45EC
518F
2BC0
1CDF
3877
4D27
3114
1D2A
3A72
5A62
4DF9
3C17
440B
5359
5592
3F86
1A67
153E
29E5
33DC
337C
31C9
1F0A
62C9
3F42
1C37
1C6D
2550
2680
28C2
21E9
293D
4919
581F
357E
2169
371E
48B7
3717
2C0D
3CAF
57A9
5944
50B3
3CF5
2B53
2E3F
2B01
2120
279E
3CBF
37C7
2A08
281F
1947
5766
38C7
1BED
18F4
1FD5
256C
281C
21AA
22EF
3C02
4FCE
3C71
2FFD
32E6
3A12
33BC
33C7
38FF
47EB
4FE3
480A
2DE8
1BC9
19E4
1FE5
2831
31F3
374E
2642
228D
2AE8
163C
5181
3BB9
2801
22F7
2290
2627
279B
21BF
21C7
2919
3A7F
3A14
3A96
2ACA
241E
2A38
3563
32D7
320C
39E1
354E
2969
242C
1DB5
1A8E
2697
3086
29A5
1CCE
2020
2F7B
08F7
427B
3E26
32C5
3125
3049
3147
311D
2D72
2C78
2B50
3448
3C8F
3A22
2ABF
23A6
2CA8
342B
350F
334E
2E9D
2AD8
29A9
2BEE
2DE9
2C21
2F4E
2FCE
36D8
3127
3697
4245
1514
4A3D
4990
42AB
41CD
3E86
3AA1
3645
336F
3180
2F04
2DC6
33FB
2F11
262C
214F
27DE
28CB
2CBF
2FE3
2598
2167
298A
3473
3A45
3AD2
32F5
2CA2
36E6
3CDA
362B
34FB
09FC
2719
2C37
2664
259B
2450
20F9
1F7E
1EFD
1CA8
1A24
1B63
1F20
1C3D
1698
1671
1B5E
1B80
1AD3
1B0E
195F
1918
1C6E
21D4
21A5
1FC0
1CB4
1C92
2537
27F9
1424
0F19
0151
08E8
0E32
0A49
0B4A
0BEC
0944
0990
0B71
0C9C
0CC9
0D9D
0E4A
0E35
0B4F
0911
0846
0994
0B09
0991
057B
04B8
064D
0A11
08F4
060F
04EA
051B
0372
03EA
06FD
0000
05DF
0E9B
0EF9
08B7
0938
0C02
0B88
0C12
0DAE
100B
124B
1339
1152
1144
1044
0FE9
0EF3
0FFD
10EB
114B
0C18
0AA6
0B7E
0F57
13EA
10EF
0942
0AD6
0ABD
0868
0502
0000
091C
1213
1717
0F66
0EC4
1403
13E5
1159
1114
12DE
1568
1751
159E
16F8
18D3
1C1B
19E6
1384
1238
1390
11B1
11B5
1280
1248
1650
14E1
0BE1
0B8E
11B1
0E8E
063F
0000
070B
0B0C
11C4
0B08
0DA3
149C
1603
163F
142C
10B3
0EA0
0F4D
0DDE
10B1
15A1
1ABA
1967
131B
1236
13DE
1544
173E
1486
1196
11F4
0FC0
06C3
0942
129D
0DE8
07CE
0000
0570
08F6
0D2D
0B43
1238
17AB
18D2
1B7E
1B2B
188D
15C6
1563
12CE
1584
1BFD
1D56
1A27
17A7
18CD
1D30
1EDD
1E6B
180A
1609
14F5
1321
0BAF
07C2
0F09
147B
1024
0000
032B
0A1D
0D7A
0E84
11A5
1354
124E
1368
15EB
18B9
1B6C
1CD3
1B1B
1C72
1CB0
17E4
1530
1765
1B92
1D47
1838
19D0
1A78
196D
156E
11DF
0BC4
0223
0A0B
1BD1
1551
0000
0216
0C2A
12B4
0FE0
0C51
11E3
14F8
1301
12A8
15A5
1AA9
1EED
20B4
21F3
1D27
16D5
142E
189F
1E74
1C21
166D
19EC
1F86
1BE3
12FB
1536
0DBE
0A0E
1308
1E3B
16E6
0000
0336
0E86
15A6
13F9
129D
17FF
1954
1821
1532
1415
1699
1E59
23DA
226C
1AF7
172E
1928
1A54
1807
17AB
15D4
1671
1988
1ABA
1275
169F
1A42
1232
18AD
17AF
1588
0000
05E6
0EAC
1341
1271
11A4
125E
117F
1579
13D0
11D1
1491
1CDD
20A1
1C81
1545
1421
1B67
1A20
142D
166C
1699
1215
0CB6
15B4
1689
14A6
1C5D
1231
1525
1CB8
1B9E
0000
068E
0CEF
117B
0EC7
0E17
1060
117C
14F6
1543
1847
1BD6
15A2
0DB1
0F82
1137
1172
1A16
1BEB
1AA8
1B11
1C3D
180C
1002
133C
13E3
0EAB
0E64
0F58
12DC
2497
1C5A
0000
05AD
0CE4
14A8
0F1A
0C16
1323
1806
11EA
0FE9
1875
1E6E
165E
0C6D
0C08
110B
0F5E
1143
1898
209A
1FB5
1C86
1A8B
1944
198B
141C
1025
0F2E
100C
1341
24FF
1592
0000
04F2
0D14
1534
1212
0F6B
1276
12F5
0F5D
0D09
0E43
12E7
165E
184F
167D
10F5
0C24
094F
0FC0
193D
18BF
1609
184F
1824
1850
1848
1696
1650
1557
15DE
1F93
1144
0000
0549
0C92
13BE
15D6
1733
143B
0D88
1339
15B0
0AF3
0666
0FDA
1D10
1C44
1355
0E9D
0D07
0C4B
13DE
1AFC
1B75
1DFD
1CDA
18FA
17BC
14B2
160B
12C3
138F
1E3B
13AD
0000
05B4
0D08
1185
13DD
17B1
17C6
1446
16BB
1495
0A8A
040E
0C47
1791
1982
165D
1499
13CC
0F0D
0E3F
1849
1F70
20E1
19B4
15B9
1431
1207
1535
14E0
15E4
1F3C
1302
0000
0413
0DCB
10A0
0DE0
12EE
19B5
18A1
159A
107B
0D19
0CE6
0A4E
0C80
129A
1600
164E
168A
101D
0A22
0D26
188C
1858
15CC
1654
1881
188A
1A73
16C6
1537
1AE0
0DE3
0000
03F8
0E21
10F5
0B4B
0E4B
18AF
1EB9
1B29
122D
15E3
151F
0B31
0333
09F1
14EB
1D18
1F81
178E
13F3
08A5
0C45
124F
1614
1A95
1C74
1F1D
241A
1A34
0F7A
1783
0E26
0000
0238
0C76
1102
0C7E
0ABB
13EF
1B9C
1E66
115F
10AC
1790
0C15
08AF
070F
0D77
16A2
1BCB
1999
1D90
1211
0C7C
1323
1A20
18B1
1777
1CC9
2432
1933
0E33
1AC0
13A1
0000
01F9
0B8F
1276
0FF8
07EB
0FD9
1499
1A27
1592
10D8
14F6
113C
14C4
10FD
046D
09D0
1506
18BF
1DF2
18A2
161C
189E
1989
13B9
12DE
1569
1B02
157D
108D
1DF3
1444
0000
049C
0B26
134F
128E
0834
0BCD
1004
12B3
1838
17A8
0F17
12F4
1AA8
1885
08FA
0A81
1A08
17EB
152D
167F
1AE7
17A6
0FD0
12B6
1AD9
1879
180B
1708
12CA
1BEE
1077
0000
05BC
0A8A
134C
12CC
09A9
0A48
0C8C
11AD
170C
198D
0D29
0D99
1F4D
1DCD
130E
132E
1B33
1439
0F4C
0FFF
1600
13CF
10E0
1448
1C49
1D44
19DD
118D
0CD1
15C8
0C7C
0000
037C
091F
1423
1364
0B72
0DE1
0D88
1334
1672
1604
114D
0F31
1D64
1CDE
15FA
1417
1430
1263
14CB
1275
121B
1343
14B7
0F64
11F3
18D5
1B1E
135A
0E38
1371
0A4F
0000
01EA
091D
1623
1434
0E20
11D5
0EA7
116A
1694
13B2
1120
0E9C
16ED
1981
16A3
1199
0E13
168C
1EB4
1D27
1166
1136
14E8
10E6
0DDE
16D7
190A
146C
1265
1A0E
0E4A
0000
0345
0C72
1798
14D0
108A
13D1
0CDF
0DA2
11D6
114D
127C
0F87
0E9A
1790
17E9
15BD
09A8
1028
2029
215C
14D1
0F36
14FA
173E
1A5E
1734
127E
1348
1413
1E07
11F5
0000
0629
0FD1
1724
1429
125B
13F9
0B5F
0B6C
0FB5
13CC
17FC
15EE
0E3E
146D
1AD7
1B48
0CAC
08DE
1BE3
1DEF
180D
110C
1BDC
2016
1FE9
15A3
0E68
0D5B
132F
201B
10AB
0000
08F7
11F5
13D0
10A2
1337
16A3
0E67
0D4D
0EDD
16AD
1AD6
18FF
1113
0EF8
1A3E
19A7
0F12
0546
154A
1826
1A9B
17AE
1AD7
1D87
16D7
1049
11BC
0D64
1637
225A
1043
0000
0801
1097
12AA
0EA3
121E
16E3
11AA
1145
0DDB
12A4
1A7C
187F
14E8
0C66
1567
1721
1009
086B
1228
1BAF
1FF1
1EDF
16F1
13EE
1166
108C
18B1
1629
185B
212D
110A
0000
0263
0DE0
1490
1167
116D
1615
13F4
1359
0BE0
0AAB
1456
17E1
17B9
1012
10F7
18C8
12FD
0F80
1423
1E8D
2200
1B8D
15D2
1442
11B8
13D7
1F2E
1944
149B
1D76
12FD
0000
0000
0A76
110E
120E
0E70
108C
12AB
1238
08ED
07A0
0DEA
168C
185B
14B5
1258
17AB
16D9
15AE
17EE
1D35
1EAD
17CA
11C9
10F1
10E4
1401
1BBF
13D2
118D
1B8A
13C4
0000
0000
08BB
0FA9
1166
0E53
0F2A
1377
14DE
0B44
0A89
0E99
157B
1613
1547
1672
18D3
1829
17DA
1A32
1B04
17FE
119E
0DED
0E4C
1124
123C
1376
11A5
106B
1A70
0DD0
0000
00AC
09B3
11EF
13F3
1008
1261
15AF
15B0
0EF7
0DE3
0F55
11A7
1595
1533
14CE
14DD
153A
15BA
145E
12B0
0FF1
0C2A
0D36
12B8
169E
1521
1322
1182
102A
1E16
0D6B
0000
00B4
0891
11FD
12F2
1076
13FD
172F
179D
145E
124B
0FAF
1009
115C
10E6
0DFF
106C
1091
0FAE
0B6F
0911
08FA
0998
0C88
1367
13D6
1539
1641
1489
1303
1A50
099E
0000
0447
062C
0B7A
07E8
097E
0BB4
0EC5
0F7A
0DA5
0C4E
0AC1
0941
0929
0A1E
085B
0A3A
0AC0
0A25
0700
04F8
0702
08A7
090D
0C04
0A56
0A73
0DB5
0D54
07FB
0BB2
078C
0000
